user_id,post_id,action_type,timestamp,dwell_time
u0017,p00203,comment,2026-03-03 22:25:18,150
u0018,p00053,skip,2026-03-04 00:43:18,6
u0090,p00075,comment,2026-03-04 02:31:18,165
u0075,p00194,like,2026-03-04 02:35:18,128
u0018,p00244,skip,2026-03-04 04:04:18,3
u0048,p00040,skip,2026-03-04 04:11:18,3
u0108,p00299,comment,2026-03-04 05:35:18,213
u0064,p00271,like,2026-03-04 06:30:18,153
u0077,p00009,like,2026-03-04 07:19:18,110
u0082,p00265,skip,2026-03-04 07:25:18,2
u0105,p00297,view,2026-03-04 10:08:18,7
u0095,p00267,skip,2026-03-04 11:40:18,8
u0017,p00297,skip,2026-03-04 12:33:18,1
u0095,p00153,collect,2026-03-04 12:55:18,98
u0062,p00332,comment,2026-03-04 13:16:18,73
u0113,p00031,skip,2026-03-04 13:42:18,12
u0006,p00188,comment,2026-03-04 15:08:18,173
u0083,p00177,skip,2026-03-04 15:49:18,1
u0063,p00338,view,2026-03-04 16:01:18,29
u0083,p00013,comment,2026-03-04 16:04:18,191
u0003,p00242,skip,2026-03-04 16:05:18,6
u0020,p00291,like,2026-03-04 16:30:18,147
u0078,p00085,skip,2026-03-04 18:03:18,2
u0012,p00049,view,2026-03-04 18:25:18,9
u0054,p00051,collect,2026-03-04 20:42:18,243
u0034,p00061,view,2026-03-04 22:18:18,11
u0055,p00330,skip,2026-03-04 22:30:18,2
u0007,p00035,skip,2026-03-04 22:46:18,4
u0070,p00274,skip,2026-03-04 22:48:18,11
u0097,p00326,like,2026-03-04 23:58:18,97
u0026,p00215,skip,2026-03-05 00:16:18,12
u0106,p00271,view,2026-03-05 00:39:18,96
u0042,p00086,skip,2026-03-05 01:27:18,9
u0014,p00229,skip,2026-03-05 01:27:18,6
u0095,p00237,view,2026-03-05 01:53:18,26
u0109,p00056,skip,2026-03-05 01:57:18,4
u0113,p00065,skip,2026-03-05 01:59:18,5
u0109,p00290,skip,2026-03-05 02:03:18,5
u0104,p00266,skip,2026-03-05 02:27:18,7
u0074,p00281,collect,2026-03-05 03:28:18,281
u0022,p00133,view,2026-03-05 03:28:18,11
u0046,p00170,skip,2026-03-05 03:29:18,2
u0102,p00051,view,2026-03-05 03:33:18,53
u0091,p00241,skip,2026-03-05 04:12:18,6
u0068,p00191,comment,2026-03-05 04:32:18,85
u0060,p00115,comment,2026-03-05 05:56:18,258
u0025,p00057,skip,2026-03-05 06:49:18,10
u0066,p00188,collect,2026-03-05 08:27:18,262
u0054,p00221,skip,2026-03-05 08:40:18,3
u0044,p00096,skip,2026-03-05 08:50:18,11
u0061,p00035,skip,2026-03-05 09:41:18,5
u0061,p00280,skip,2026-03-05 11:31:18,1
u0013,p00212,skip,2026-03-05 11:56:18,9
u0013,p00290,comment,2026-03-05 12:45:18,109
u0110,p00289,skip,2026-03-05 13:13:18,8
u0071,p00074,skip,2026-03-05 14:12:18,6
u0021,p00219,skip,2026-03-05 15:04:18,7
u0078,p00246,view,2026-03-05 16:14:18,19
u0055,p00174,skip,2026-03-05 17:01:18,9
u0076,p00310,view,2026-03-05 18:33:18,64
u0048,p00126,skip,2026-03-05 19:19:18,5
u0038,p00203,view,2026-03-05 19:50:18,24
u0098,p00089,skip,2026-03-05 20:17:18,7
u0009,p00122,skip,2026-03-05 20:57:18,11
u0056,p00247,skip,2026-03-05 21:19:18,6
u0042,p00343,skip,2026-03-05 21:37:18,7
u0061,p00359,like,2026-03-05 23:31:18,134
u0030,p00319,view,2026-03-06 00:11:18,109
u0058,p00247,skip,2026-03-06 01:34:18,1
u0032,p00117,skip,2026-03-06 02:51:18,5
u0040,p00182,view,2026-03-06 03:18:18,64
u0045,p00333,skip,2026-03-06 03:23:18,3
u0012,p00177,skip,2026-03-06 04:45:18,10
u0107,p00162,skip,2026-03-06 05:20:18,4
u0011,p00035,skip,2026-03-06 05:36:18,4
u0088,p00093,skip,2026-03-06 06:08:18,12
u0002,p00291,view,2026-03-06 08:00:18,36
u0017,p00235,skip,2026-03-06 08:41:18,2
u0017,p00200,skip,2026-03-06 09:41:18,4
u0069,p00294,view,2026-03-06 09:44:18,26
u0109,p00056,skip,2026-03-06 09:57:18,4
u0047,p00170,collect,2026-03-06 10:22:18,214
u0032,p00278,view,2026-03-06 11:07:18,91
u0090,p00089,skip,2026-03-06 11:08:18,11
u0025,p00063,skip,2026-03-06 12:30:18,5
u0065,p00237,skip,2026-03-06 14:52:18,5
u0069,p00053,skip,2026-03-06 17:05:18,2
u0035,p00208,skip,2026-03-06 17:49:18,12
u0040,p00173,skip,2026-03-06 17:53:18,3
u0029,p00237,view,2026-03-06 18:20:18,23
u0057,p00285,view,2026-03-06 19:42:18,54
u0116,p00308,skip,2026-03-06 20:46:18,1
u0044,p00316,skip,2026-03-06 20:55:18,1
u0048,p00141,view,2026-03-06 21:17:18,15
u0053,p00319,comment,2026-03-06 22:04:18,107
u0009,p00169,skip,2026-03-07 00:19:18,11
u0014,p00095,skip,2026-03-07 01:21:18,3
u0022,p00276,skip,2026-03-07 02:26:18,11
u0115,p00263,view,2026-03-07 02:34:18,46
u0054,p00222,view,2026-03-07 02:34:18,77
u0006,p00217,skip,2026-03-07 02:56:18,10
u0077,p00169,skip,2026-03-07 03:17:18,7
u0039,p00342,skip,2026-03-07 04:10:18,11
u0034,p00166,skip,2026-03-07 05:09:18,7
u0040,p00353,view,2026-03-07 05:16:18,49
u0028,p00053,view,2026-03-07 05:47:18,35
u0088,p00221,skip,2026-03-07 06:23:18,4
u0018,p00259,view,2026-03-07 06:39:18,32
u0097,p00059,skip,2026-03-07 06:50:18,3
u0078,p00305,collect,2026-03-07 07:58:18,119
u0056,p00080,comment,2026-03-07 08:45:18,65
u0093,p00075,skip,2026-03-07 08:53:18,5
u0031,p00267,view,2026-03-07 08:58:18,120
u0055,p00174,skip,2026-03-07 09:19:18,4
u0022,p00208,view,2026-03-07 09:40:18,13
u0111,p00302,view,2026-03-07 10:58:18,79
u0036,p00076,skip,2026-03-07 11:22:18,6
u0100,p00040,like,2026-03-07 12:07:18,77
u0069,p00282,skip,2026-03-07 12:49:18,11
u0059,p00016,skip,2026-03-07 13:47:18,9
u0061,p00215,view,2026-03-07 16:18:18,53
u0036,p00272,skip,2026-03-07 20:21:18,2
u0048,p00165,skip,2026-03-07 20:23:18,5
u0098,p00161,skip,2026-03-07 22:07:18,5
u0099,p00156,like,2026-03-07 22:12:18,166
u0092,p00350,skip,2026-03-07 23:16:18,3
u0116,p00133,view,2026-03-07 23:27:18,14
u0038,p00326,collect,2026-03-08 00:53:18,305
u0064,p00081,view,2026-03-08 03:07:18,108
u0120,p00184,skip,2026-03-08 04:18:18,11
u0106,p00082,skip,2026-03-08 04:22:18,9
u0039,p00232,skip,2026-03-08 04:30:18,5
u0004,p00305,skip,2026-03-08 06:17:18,9
u0084,p00062,view,2026-03-08 07:00:18,17
u0018,p00170,skip,2026-03-08 09:27:18,8
u0032,p00205,skip,2026-03-08 09:43:18,8
u0096,p00284,skip,2026-03-08 10:01:18,3
u0116,p00330,skip,2026-03-08 10:06:18,5
u0003,p00073,view,2026-03-08 10:34:18,82
u0010,p00234,like,2026-03-08 11:46:18,85
u0095,p00304,view,2026-03-08 12:08:18,17
u0020,p00061,skip,2026-03-08 12:16:18,10
u0106,p00169,comment,2026-03-08 12:31:18,135
u0074,p00084,view,2026-03-08 12:48:18,19
u0049,p00147,skip,2026-03-08 13:18:18,12
u0060,p00155,skip,2026-03-08 13:31:18,10
u0088,p00087,skip,2026-03-08 14:42:18,2
u0027,p00191,skip,2026-03-08 15:49:18,7
u0108,p00111,skip,2026-03-08 16:57:18,6
u0047,p00316,view,2026-03-08 17:15:18,5
u0018,p00052,skip,2026-03-08 17:49:18,10
u0120,p00201,skip,2026-03-08 18:12:18,1
u0012,p00225,skip,2026-03-08 18:49:18,4
u0080,p00172,skip,2026-03-08 18:52:18,1
u0012,p00202,skip,2026-03-08 19:26:18,10
u0030,p00278,skip,2026-03-08 21:18:18,4
u0105,p00170,skip,2026-03-08 21:47:18,5
u0055,p00251,like,2026-03-08 22:25:18,160
u0003,p00241,comment,2026-03-08 22:38:18,137
u0084,p00265,skip,2026-03-08 22:59:18,8
u0056,p00343,view,2026-03-08 23:54:18,35
u0076,p00299,skip,2026-03-09 01:19:18,6
u0109,p00276,view,2026-03-09 01:43:18,17
u0006,p00317,skip,2026-03-09 02:56:18,1
u0095,p00001,skip,2026-03-09 03:24:18,4
u0112,p00026,skip,2026-03-09 04:27:18,5
u0103,p00226,skip,2026-03-09 04:45:18,1
u0085,p00182,skip,2026-03-09 04:58:18,2
u0119,p00194,skip,2026-03-09 05:52:18,8
u0112,p00158,skip,2026-03-09 10:01:18,11
u0071,p00276,view,2026-03-09 10:55:18,38
u0037,p00131,skip,2026-03-09 13:07:18,1
u0118,p00297,skip,2026-03-09 13:53:18,4
u0002,p00175,skip,2026-03-09 14:36:18,8
u0032,p00215,skip,2026-03-09 16:01:18,8
u0055,p00035,comment,2026-03-09 17:18:18,136
u0047,p00075,skip,2026-03-09 17:20:18,12
u0087,p00180,skip,2026-03-09 17:56:18,2
u0081,p00179,skip,2026-03-09 18:23:18,6
u0034,p00057,skip,2026-03-09 18:40:18,12
u0028,p00280,like,2026-03-09 18:51:18,55
u0038,p00297,view,2026-03-09 21:19:18,24
u0018,p00065,skip,2026-03-09 21:58:18,3
u0099,p00008,skip,2026-03-09 22:06:18,3
u0052,p00034,skip,2026-03-09 23:14:18,8
u0047,p00353,skip,2026-03-10 02:25:18,9
u0119,p00353,comment,2026-03-10 02:27:18,83
u0021,p00317,skip,2026-03-10 03:13:18,3
u0090,p00151,like,2026-03-10 03:58:18,62
u0051,p00095,skip,2026-03-10 04:23:18,10
u0057,p00275,skip,2026-03-10 04:33:18,5
u0012,p00350,skip,2026-03-10 04:47:18,7
u0090,p00226,skip,2026-03-10 05:19:18,12
u0086,p00244,view,2026-03-10 06:45:18,20
u0093,p00042,like,2026-03-10 10:26:18,96
u0034,p00271,skip,2026-03-10 11:41:18,4
u0089,p00153,collect,2026-03-10 11:51:18,141
u0096,p00131,view,2026-03-10 12:36:18,42
u0016,p00203,skip,2026-03-10 13:07:18,9
u0035,p00341,skip,2026-03-10 15:19:18,8
u0016,p00148,like,2026-03-10 15:32:18,53
u0080,p00061,skip,2026-03-10 15:52:18,11
u0109,p00333,skip,2026-03-10 17:05:18,12
u0035,p00054,skip,2026-03-10 17:25:18,6
u0002,p00147,like,2026-03-10 18:01:18,145
u0084,p00294,skip,2026-03-10 19:13:18,11
u0082,p00333,skip,2026-03-10 19:36:18,9
u0080,p00190,view,2026-03-10 19:53:18,28
u0100,p00256,like,2026-03-10 21:57:18,124
u0068,p00174,skip,2026-03-10 22:21:18,3
u0028,p00350,like,2026-03-11 00:19:18,123
u0033,p00280,skip,2026-03-11 00:46:18,1
u0108,p00276,like,2026-03-11 01:11:18,56
u0013,p00114,skip,2026-03-11 02:15:18,4
u0028,p00031,skip,2026-03-11 02:39:18,5
u0100,p00162,collect,2026-03-11 04:38:18,196
u0119,p00073,view,2026-03-11 05:13:18,119
u0014,p00315,skip,2026-03-11 06:35:18,6
u0060,p00250,view,2026-03-11 07:39:18,95
u0116,p00175,collect,2026-03-11 09:06:18,266
u0061,p00195,collect,2026-03-11 09:27:18,233
u0112,p00046,skip,2026-03-11 10:34:18,12
u0093,p00023,view,2026-03-11 10:35:18,43
u0082,p00175,skip,2026-03-11 11:07:18,2
u0013,p00308,skip,2026-03-11 12:16:18,7
u0081,p00171,like,2026-03-11 13:28:18,42
u0099,p00212,view,2026-03-11 13:43:18,31
u0029,p00347,skip,2026-03-11 15:40:18,2
u0034,p00016,skip,2026-03-11 16:07:18,2
u0103,p00179,skip,2026-03-11 16:46:18,10
u0038,p00136,skip,2026-03-11 17:59:18,12
u0045,p00215,skip,2026-03-11 19:04:18,5
u0013,p00258,skip,2026-03-11 19:20:18,9
u0055,p00151,view,2026-03-11 21:43:18,18
u0050,p00190,skip,2026-03-12 00:01:18,9
u0028,p00023,skip,2026-03-12 00:17:18,9
u0031,p00054,view,2026-03-12 00:27:18,8
u0094,p00046,skip,2026-03-12 01:18:18,8
u0065,p00149,skip,2026-03-12 01:33:18,3
u0079,p00020,skip,2026-03-12 02:10:18,5
u0049,p00252,skip,2026-03-12 02:14:18,9
u0079,p00052,skip,2026-03-12 02:31:18,5
u0112,p00298,skip,2026-03-12 02:46:18,1
u0114,p00052,skip,2026-03-12 04:17:18,10
u0011,p00031,skip,2026-03-12 05:04:18,4
u0095,p00182,like,2026-03-12 05:10:18,113
u0093,p00217,skip,2026-03-12 05:25:18,9
u0034,p00152,skip,2026-03-12 05:34:18,6
u0029,p00096,collect,2026-03-12 06:38:18,140
u0078,p00061,skip,2026-03-12 07:34:18,6
u0086,p00120,like,2026-03-12 09:04:18,38
u0010,p00181,skip,2026-03-12 09:10:18,11
u0034,p00056,skip,2026-03-12 09:41:18,10
u0010,p00359,skip,2026-03-12 09:44:18,10
u0025,p00058,view,2026-03-12 10:59:18,83
u0081,p00232,view,2026-03-12 11:48:18,17
u0050,p00009,skip,2026-03-12 12:00:18,5
u0049,p00195,skip,2026-03-12 12:46:18,6
u0025,p00198,skip,2026-03-12 12:47:18,4
u0084,p00274,view,2026-03-12 14:32:18,57
u0098,p00208,skip,2026-03-12 14:34:18,5
u0013,p00034,comment,2026-03-12 14:49:18,121
u0014,p00319,skip,2026-03-12 16:01:18,6
u0040,p00226,like,2026-03-12 16:39:18,93
u0040,p00145,skip,2026-03-12 17:11:18,4
u0063,p00205,view,2026-03-12 17:23:18,86
u0051,p00141,skip,2026-03-12 17:56:18,12
u0007,p00285,skip,2026-03-12 18:09:18,8
u0074,p00285,skip,2026-03-12 18:21:18,9
u0116,p00203,view,2026-03-12 18:51:18,58
u0015,p00272,skip,2026-03-12 20:28:18,12
u0047,p00088,comment,2026-03-12 21:01:18,132
u0113,p00359,skip,2026-03-12 22:15:18,10
u0115,p00292,like,2026-03-12 22:31:18,171
u0030,p00008,comment,2026-03-12 22:56:18,239
u0024,p00006,skip,2026-03-13 01:20:18,4
u0001,p00193,collect,2026-03-13 01:35:18,132
u0039,p00008,skip,2026-03-13 01:48:18,8
u0025,p00217,skip,2026-03-13 02:08:18,3
u0089,p00329,view,2026-03-13 02:27:18,95
u0120,p00289,skip,2026-03-13 03:28:18,9
u0008,p00267,like,2026-03-13 04:06:18,124
u0057,p00016,skip,2026-03-13 04:49:18,8
u0067,p00193,comment,2026-03-13 04:57:18,244
u0010,p00338,skip,2026-03-13 06:43:18,1
u0034,p00008,skip,2026-03-13 07:22:18,3
u0018,p00163,skip,2026-03-13 08:58:18,3
u0052,p00217,skip,2026-03-13 09:06:18,6
u0041,p00302,skip,2026-03-13 09:44:18,7
u0115,p00271,skip,2026-03-13 09:46:18,10
u0014,p00147,skip,2026-03-13 09:52:18,11
u0110,p00137,skip,2026-03-13 09:59:18,9
u0116,p00250,skip,2026-03-13 10:36:18,6
u0097,p00308,skip,2026-03-13 11:40:18,10
u0064,p00283,skip,2026-03-13 11:54:18,10
u0068,p00315,skip,2026-03-13 13:17:18,3
u0060,p00035,skip,2026-03-13 14:04:18,7
u0060,p00253,skip,2026-03-13 15:39:18,1
u0058,p00152,skip,2026-03-13 15:40:18,6
u0106,p00120,view,2026-03-13 17:19:18,12
u0085,p00148,view,2026-03-13 17:49:18,40
u0105,p00313,comment,2026-03-13 18:06:18,146
u0019,p00345,skip,2026-03-13 18:14:18,1
u0057,p00180,skip,2026-03-13 18:29:18,1
u0006,p00171,comment,2026-03-13 18:38:18,215
u0034,p00094,view,2026-03-13 19:41:18,97
u0090,p00221,comment,2026-03-13 20:08:18,235
u0013,p00149,view,2026-03-13 20:14:18,32
u0066,p00235,view,2026-03-13 22:37:18,34
u0114,p00244,skip,2026-03-13 22:46:18,5
u0111,p00058,skip,2026-03-13 22:52:18,9
u0039,p00195,skip,2026-03-13 23:12:18,5
u0106,p00250,skip,2026-03-13 23:15:18,5
u0032,p00018,skip,2026-03-13 23:19:18,6
u0084,p00152,like,2026-03-14 00:26:18,88
u0096,p00171,skip,2026-03-14 00:28:18,5
u0113,p00203,like,2026-03-14 01:51:18,132
u0068,p00342,view,2026-03-14 02:58:18,52
u0074,p00013,skip,2026-03-14 05:00:18,10
u0027,p00291,view,2026-03-14 05:08:18,99
u0110,p00020,skip,2026-03-14 05:50:18,3
u0117,p00227,skip,2026-03-14 06:12:18,10
u0073,p00117,comment,2026-03-14 06:24:18,169
u0008,p00143,view,2026-03-14 09:52:18,92
u0085,p00014,skip,2026-03-14 10:07:18,2
u0026,p00165,collect,2026-03-14 10:17:18,82
u0013,p00215,skip,2026-03-14 11:09:18,10
u0061,p00333,skip,2026-03-14 13:00:18,7
u0059,p00280,skip,2026-03-14 13:02:18,10
u0060,p00308,skip,2026-03-14 13:32:18,9
u0007,p00057,view,2026-03-14 13:40:18,14
u0107,p00145,skip,2026-03-14 14:21:18,1
u0043,p00173,skip,2026-03-14 15:16:18,12
u0030,p00215,skip,2026-03-14 16:08:18,7
u0037,p00215,skip,2026-03-14 17:27:18,5
u0028,p00290,skip,2026-03-14 18:20:18,6
u0012,p00187,skip,2026-03-14 19:46:18,10
u0073,p00146,view,2026-03-14 19:56:18,118
u0095,p00013,skip,2026-03-14 20:12:18,7
u0069,p00297,collect,2026-03-14 21:13:18,173
u0024,p00279,skip,2026-03-14 21:32:18,2
u0108,p00271,collect,2026-03-14 21:47:18,242
u0078,p00198,view,2026-03-14 21:58:18,19
u0113,p00285,like,2026-03-14 22:48:18,47
u0050,p00267,skip,2026-03-15 00:23:18,5
u0066,p00162,like,2026-03-15 01:32:18,83
u0066,p00008,skip,2026-03-15 02:26:18,8
u0077,p00350,skip,2026-03-15 03:11:18,7
u0097,p00316,skip,2026-03-15 03:52:18,3
u0049,p00234,skip,2026-03-15 05:34:18,4
u0118,p00200,view,2026-03-15 05:50:18,72
u0104,p00142,like,2026-03-15 07:00:18,103
u0052,p00322,view,2026-03-15 07:06:18,7
u0010,p00221,skip,2026-03-15 07:28:18,8
u0082,p00191,view,2026-03-15 07:51:18,107
u0002,p00014,skip,2026-03-15 08:00:18,11
u0059,p00190,skip,2026-03-15 08:06:18,9
u0078,p00237,view,2026-03-15 08:58:18,31
u0108,p00205,skip,2026-03-15 09:37:18,2
u0117,p00020,collect,2026-03-15 12:21:18,198
u0053,p00173,skip,2026-03-15 12:32:18,5
u0071,p00115,skip,2026-03-15 15:14:18,4
u0087,p00296,skip,2026-03-15 15:18:18,8
u0118,p00145,skip,2026-03-15 15:47:18,8
u0053,p00049,skip,2026-03-15 16:04:18,6
u0002,p00208,skip,2026-03-15 18:41:18,10
u0019,p00247,collect,2026-03-15 19:59:18,158
u0077,p00163,view,2026-03-15 20:17:18,12
u0053,p00151,skip,2026-03-15 21:52:18,5
u0051,p00183,view,2026-03-15 22:35:18,79
u0015,p00237,skip,2026-03-15 22:39:18,6
u0074,p00225,skip,2026-03-16 00:04:18,12
u0103,p00188,view,2026-03-16 00:37:18,20
u0066,p00037,skip,2026-03-16 01:50:18,8
u0107,p00162,skip,2026-03-16 05:25:18,5
u0028,p00148,view,2026-03-16 06:09:18,17
u0076,p00281,skip,2026-03-16 07:11:18,2
u0024,p00170,skip,2026-03-16 07:35:18,5
u0073,p00011,skip,2026-03-16 07:57:18,4
u0090,p00161,skip,2026-03-16 10:26:18,3
u0038,p00321,view,2026-03-16 11:48:18,100
u0018,p00165,collect,2026-03-16 13:45:18,263
u0005,p00271,view,2026-03-16 15:01:18,86
u0041,p00182,comment,2026-03-16 15:26:18,136
u0081,p00283,like,2026-03-16 18:24:18,144
u0040,p00302,comment,2026-03-16 18:37:18,138
u0097,p00071,skip,2026-03-16 19:29:18,2
u0019,p00262,skip,2026-03-16 20:17:18,1
u0090,p00334,skip,2026-03-16 20:20:18,12
u0081,p00167,view,2026-03-16 20:21:18,56
u0058,p00183,skip,2026-03-16 21:49:18,7
u0020,p00317,skip,2026-03-16 22:14:18,5
u0029,p00208,skip,2026-03-16 22:32:18,3
u0115,p00319,skip,2026-03-16 23:16:18,1
u0055,p00087,collect,2026-03-16 23:58:18,130
u0118,p00185,skip,2026-03-17 00:51:18,8
u0033,p00042,skip,2026-03-17 01:09:18,6
u0064,p00283,skip,2026-03-17 01:18:18,11
u0105,p00169,skip,2026-03-17 02:49:18,8
u0047,p00173,skip,2026-03-17 02:58:18,3
u0014,p00312,skip,2026-03-17 03:38:18,9
u0009,p00325,view,2026-03-17 03:48:18,74
u0039,p00037,skip,2026-03-17 04:00:18,9
u0081,p00278,view,2026-03-17 05:01:18,31
u0023,p00040,skip,2026-03-17 05:38:18,3
u0007,p00089,skip,2026-03-17 07:30:18,2
u0001,p00289,skip,2026-03-17 09:52:18,4
u0083,p00201,view,2026-03-17 10:41:18,15
u0036,p00195,skip,2026-03-17 11:04:18,9
u0031,p00180,skip,2026-03-17 11:07:18,2
u0033,p00167,skip,2026-03-17 11:08:18,5
u0049,p00146,skip,2026-03-17 12:05:18,5
u0020,p00296,skip,2026-03-17 12:12:18,4
u0117,p00035,view,2026-03-17 12:50:18,9
u0073,p00062,view,2026-03-17 13:20:18,43
u0040,p00075,view,2026-03-17 14:43:18,10
u0032,p00076,comment,2026-03-17 14:56:18,124
u0023,p00262,view,2026-03-17 15:03:18,13
u0106,p00276,like,2026-03-17 15:26:18,79
u0117,p00279,collect,2026-03-17 15:35:18,317
u0047,p00229,skip,2026-03-17 16:02:18,12
u0106,p00080,like,2026-03-17 18:51:18,39
u0116,p00265,view,2026-03-17 19:22:18,29
u0077,p00035,skip,2026-03-17 20:07:18,7
u0048,p00191,skip,2026-03-17 21:02:18,2
u0064,p00256,skip,2026-03-17 21:11:18,3
u0079,p00115,skip,2026-03-17 21:55:18,11
u0030,p00301,skip,2026-03-17 23:18:18,12
u0025,p00152,skip,2026-03-18 00:10:18,10
u0049,p00262,skip,2026-03-18 00:23:18,4
u0011,p00081,view,2026-03-18 00:35:18,67
u0023,p00175,skip,2026-03-18 01:09:18,4
u0115,p00276,view,2026-03-18 01:10:18,26
u0114,p00296,view,2026-03-18 02:55:18,34
u0106,p00020,view,2026-03-18 03:47:18,29
u0008,p00012,skip,2026-03-18 03:47:18,9
u0119,p00053,like,2026-03-18 04:15:18,99
u0073,p00359,skip,2026-03-18 05:38:18,7
u0006,p00094,view,2026-03-18 06:56:18,113
u0085,p00234,skip,2026-03-18 08:13:18,11
u0112,p00156,skip,2026-03-18 08:16:18,2
u0051,p00310,skip,2026-03-18 08:19:18,8
u0092,p00321,like,2026-03-18 11:22:18,59
u0096,p00343,skip,2026-03-18 11:43:18,1
u0038,p00190,skip,2026-03-18 12:53:18,3
u0117,p00162,skip,2026-03-18 15:58:18,9
u0012,p00032,skip,2026-03-18 16:00:18,8
u0064,p00120,skip,2026-03-18 16:03:18,10
u0065,p00088,skip,2026-03-18 16:56:18,2
u0100,p00195,skip,2026-03-18 16:58:18,7
u0093,p00211,skip,2026-03-18 17:00:18,1
u0061,p00263,like,2026-03-18 18:16:18,107
u0024,p00073,skip,2026-03-18 18:39:18,10
u0012,p00137,skip,2026-03-18 19:21:18,10
u0118,p00321,collect,2026-03-18 19:46:18,158
u0013,p00246,skip,2026-03-18 20:05:18,1
u0106,p00250,view,2026-03-18 20:07:18,112
u0056,p00257,skip,2026-03-18 20:38:18,11
u0066,p00332,skip,2026-03-18 20:43:18,12
u0119,p00105,skip,2026-03-18 21:12:18,3
u0046,p00076,skip,2026-03-18 22:38:18,1
u0058,p00198,like,2026-03-19 00:13:18,67
u0097,p00150,skip,2026-03-19 01:12:18,7
u0111,p00068,skip,2026-03-19 02:24:18,7
u0116,p00246,skip,2026-03-19 02:28:18,1
u0111,p00084,skip,2026-03-19 02:43:18,10
u0042,p00271,skip,2026-03-19 05:19:18,12
u0050,p00068,view,2026-03-19 05:30:18,119
u0001,p00203,collect,2026-03-19 05:37:18,201
u0050,p00041,collect,2026-03-19 05:45:18,232
u0120,p00133,like,2026-03-19 05:52:18,81
u0102,p00214,view,2026-03-19 05:58:18,40
u0022,p00146,skip,2026-03-19 06:46:18,4
u0101,p00065,view,2026-03-19 06:56:18,54
u0098,p00146,view,2026-03-19 07:03:18,19
u0079,p00283,skip,2026-03-19 08:22:18,8
u0115,p00250,skip,2026-03-19 08:39:18,12
u0073,p00037,skip,2026-03-19 08:43:18,12
u0105,p00357,skip,2026-03-19 09:34:18,12
u0064,p00051,view,2026-03-19 10:45:18,54
u0016,p00257,skip,2026-03-19 12:03:18,9
u0044,p00313,view,2026-03-19 14:07:18,35
u0034,p00046,like,2026-03-19 15:15:18,122
u0015,p00243,view,2026-03-19 15:24:18,22
u0107,p00274,skip,2026-03-19 15:29:18,2
u0002,p00294,skip,2026-03-19 16:49:18,3
u0057,p00063,skip,2026-03-19 17:03:18,9
u0073,p00194,skip,2026-03-19 17:51:18,2
u0018,p00012,skip,2026-03-19 17:51:18,4
u0027,p00020,skip,2026-03-19 18:01:18,11
u0007,p00137,skip,2026-03-19 18:57:18,11
u0035,p00145,like,2026-03-19 23:39:18,138
u0104,p00284,skip,2026-03-19 23:40:18,9
u0049,p00232,skip,2026-03-19 23:45:18,5
u0072,p00217,skip,2026-03-20 00:20:18,8
u0092,p00317,skip,2026-03-20 00:43:18,3
u0083,p00013,comment,2026-03-20 00:50:18,169
u0027,p00082,view,2026-03-20 01:11:18,41
u0013,p00317,skip,2026-03-20 01:56:18,2
u0061,p00251,skip,2026-03-20 03:41:18,6
u0065,p00151,skip,2026-03-20 04:21:18,7
u0092,p00023,view,2026-03-20 05:10:18,66
u0066,p00048,skip,2026-03-20 06:02:18,5
u0039,p00084,view,2026-03-20 06:33:18,29
u0081,p00329,like,2026-03-20 06:49:18,165
u0009,p00208,comment,2026-03-20 07:02:18,118
u0108,p00082,like,2026-03-20 07:16:18,147
u0086,p00161,collect,2026-03-20 07:38:18,313
u0032,p00020,comment,2026-03-20 08:30:18,139
u0051,p00181,skip,2026-03-20 08:51:18,10
u0082,p00016,skip,2026-03-20 09:17:18,11
u0107,p00086,collect,2026-03-20 09:53:18,293
u0067,p00305,skip,2026-03-20 11:06:18,10
u0104,p00348,skip,2026-03-20 13:30:18,9
u0082,p00163,skip,2026-03-20 14:25:18,9
u0036,p00305,skip,2026-03-20 14:32:18,1
u0099,p00181,skip,2026-03-20 15:26:18,9
u0030,p00267,collect,2026-03-20 15:46:18,192
u0040,p00172,skip,2026-03-20 17:19:18,6
u0053,p00122,collect,2026-03-20 17:26:18,185
u0007,p00057,skip,2026-03-20 18:55:18,11
u0085,p00081,view,2026-03-20 19:03:18,17
u0098,p00226,view,2026-03-20 21:31:18,75
u0015,p00073,skip,2026-03-20 23:02:18,7
u0070,p00034,skip,2026-03-20 23:28:18,9
u0106,p00343,skip,2026-03-21 01:08:18,12
u0060,p00162,like,2026-03-21 01:10:18,63
u0095,p00184,skip,2026-03-21 01:45:18,8
u0074,p00162,view,2026-03-21 02:28:18,110
u0055,p00148,comment,2026-03-21 02:37:18,172
u0014,p00001,skip,2026-03-21 04:50:18,9
u0006,p00046,skip,2026-03-21 04:51:18,10
u0104,p00272,skip,2026-03-21 05:04:18,10
u0052,p00008,skip,2026-03-21 05:38:18,3
u0065,p00052,skip,2026-03-21 06:22:18,12
u0041,p00170,skip,2026-03-21 06:22:18,3
u0094,p00200,view,2026-03-21 06:30:18,11
u0102,p00172,skip,2026-03-21 07:45:18,5
u0073,p00008,skip,2026-03-21 08:04:18,7
u0093,p00184,skip,2026-03-21 08:16:18,2
u0098,p00059,skip,2026-03-21 09:37:18,6
u0011,p00292,skip,2026-03-21 10:00:18,6
u0046,p00271,skip,2026-03-21 10:18:18,4
u0026,p00014,skip,2026-03-21 11:01:18,1
u0037,p00305,skip,2026-03-21 11:03:18,1
u0009,p00272,comment,2026-03-21 11:16:18,218
u0039,p00167,skip,2026-03-21 11:55:18,10
u0056,p00256,skip,2026-03-21 12:25:18,10
u0088,p00276,view,2026-03-21 12:37:18,94
u0109,p00171,view,2026-03-21 12:51:18,8
u0079,p00252,skip,2026-03-21 12:52:18,2
u0083,p00184,skip,2026-03-21 12:53:18,3
u0055,p00121,view,2026-03-21 13:01:18,75
u0044,p00237,skip,2026-03-21 13:02:18,7
u0032,p00082,comment,2026-03-21 13:47:18,69
u0053,p00042,like,2026-03-21 14:02:18,93
u0044,p00319,skip,2026-03-21 14:23:18,2
u0073,p00034,skip,2026-03-21 16:03:18,5
u0058,p00289,skip,2026-03-21 16:34:18,3
u0026,p00217,skip,2026-03-21 17:50:18,12
u0050,p00332,skip,2026-03-21 17:56:18,5
u0088,p00326,like,2026-03-21 18:43:18,68
u0008,p00208,skip,2026-03-21 19:02:18,3
u0022,p00111,view,2026-03-21 19:22:18,99
u0020,p00284,skip,2026-03-21 19:35:18,10
u0059,p00073,skip,2026-03-21 20:01:18,12
u0041,p00094,skip,2026-03-21 20:18:18,1
u0041,p00348,collect,2026-03-21 20:36:18,185
u0031,p00151,collect,2026-03-21 21:04:18,280
u0063,p00034,view,2026-03-21 21:06:18,58
u0007,p00222,skip,2026-03-21 21:28:18,4
u0071,p00305,skip,2026-03-21 21:36:18,11
u0097,p00331,skip,2026-03-21 21:42:18,5
u0118,p00310,skip,2026-03-21 21:42:18,10
u0093,p00341,like,2026-03-21 22:03:18,67
u0042,p00271,skip,2026-03-21 23:51:18,6
u0112,p00056,collect,2026-03-22 00:44:18,84
u0003,p00332,skip,2026-03-22 01:34:18,8
u0095,p00190,skip,2026-03-22 01:59:18,7
u0101,p00012,like,2026-03-22 02:45:18,98
u0032,p00060,view,2026-03-22 03:12:18,23
u0026,p00057,view,2026-03-22 03:23:18,107
u0026,p00012,view,2026-03-22 04:00:18,25
u0060,p00257,like,2026-03-22 04:56:18,116
u0084,p00035,skip,2026-03-22 05:26:18,4
u0026,p00244,skip,2026-03-22 05:31:18,5
u0060,p00276,view,2026-03-22 05:32:18,19
u0040,p00271,view,2026-03-22 05:36:18,44
u0072,p00343,skip,2026-03-22 05:50:18,1
u0066,p00290,skip,2026-03-22 05:58:18,12
u0101,p00332,skip,2026-03-22 06:25:18,5
u0064,p00056,like,2026-03-22 06:30:18,130
u0067,p00148,skip,2026-03-22 06:35:18,1
u0103,p00064,view,2026-03-22 07:05:18,24
u0090,p00226,skip,2026-03-22 07:08:18,12
u0009,p00065,view,2026-03-22 07:22:18,57
u0075,p00154,view,2026-03-22 10:02:18,20
u0024,p00008,skip,2026-03-22 10:06:18,11
u0019,p00171,skip,2026-03-22 14:53:18,11
u0098,p00180,skip,2026-03-22 16:47:18,2
u0078,p00068,view,2026-03-22 17:17:18,100
u0074,p00276,collect,2026-03-22 18:35:18,173
u0061,p00100,skip,2026-03-22 19:43:18,7
u0084,p00347,collect,2026-03-22 19:49:18,152
u0015,p00008,skip,2026-03-22 19:55:18,10
u0116,p00115,collect,2026-03-22 20:10:18,80
u0086,p00104,skip,2026-03-22 22:08:18,5
u0070,p00182,collect,2026-03-22 23:35:18,191
u0060,p00227,skip,2026-03-23 00:52:18,10
u0006,p00051,skip,2026-03-23 01:50:18,6
u0028,p00026,view,2026-03-23 02:09:18,10
u0055,p00035,skip,2026-03-23 02:37:18,5
u0058,p00156,skip,2026-03-23 03:55:18,2
u0094,p00246,skip,2026-03-23 04:21:18,5
u0087,p00187,view,2026-03-23 04:38:18,11
u0042,p00280,skip,2026-03-23 05:33:18,7
u0076,p00094,skip,2026-03-23 05:53:18,7
u0049,p00035,skip,2026-03-23 06:23:18,6
u0077,p00006,skip,2026-03-23 06:28:18,4
u0007,p00285,skip,2026-03-23 06:37:18,2
u0016,p00256,skip,2026-03-23 07:11:18,1
u0040,p00060,view,2026-03-23 08:57:18,59
u0004,p00187,skip,2026-03-23 12:01:18,7
u0117,p00147,view,2026-03-23 13:13:18,27
u0016,p00297,view,2026-03-23 13:42:18,26
u0039,p00095,comment,2026-03-23 14:08:18,97
u0100,p00058,skip,2026-03-23 16:24:18,7
u0057,p00169,view,2026-03-23 16:53:18,51
u0003,p00242,skip,2026-03-23 16:53:18,12
u0055,p00208,skip,2026-03-23 17:38:18,1
u0060,p00347,collect,2026-03-23 18:25:18,213
u0043,p00258,skip,2026-03-23 19:38:18,4
u0062,p00142,skip,2026-03-23 20:48:18,2
u0031,p00222,collect,2026-03-23 23:08:18,159
u0016,p00259,view,2026-03-24 01:32:18,86
u0085,p00246,skip,2026-03-24 01:42:18,1
u0098,p00124,skip,2026-03-24 01:58:18,12
u0012,p00013,skip,2026-03-24 02:38:18,2
u0008,p00074,like,2026-03-24 03:23:18,149
u0059,p00095,collect,2026-03-24 04:55:18,188
u0103,p00345,skip,2026-03-24 06:28:18,7
u0078,p00262,skip,2026-03-24 06:59:18,1
u0093,p00183,skip,2026-03-24 07:16:18,10
u0115,p00156,skip,2026-03-24 07:20:18,8
u0048,p00152,skip,2026-03-24 09:18:18,6
u0079,p00151,view,2026-03-24 09:26:18,13
u0101,p00055,like,2026-03-24 09:29:18,130
u0094,p00289,skip,2026-03-24 09:56:18,12
u0102,p00229,skip,2026-03-24 10:08:18,7
u0094,p00317,skip,2026-03-24 10:10:18,8
u0016,p00080,view,2026-03-24 11:28:18,60
u0055,p00052,view,2026-03-24 11:42:18,46
u0053,p00343,comment,2026-03-24 11:58:18,216
u0102,p00040,skip,2026-03-24 12:03:18,4
u0007,p00243,view,2026-03-24 12:13:18,26
u0094,p00177,skip,2026-03-24 12:28:18,10
u0005,p00049,comment,2026-03-24 13:34:18,252
u0020,p00301,skip,2026-03-24 14:49:18,12
u0053,p00269,collect,2026-03-24 14:49:18,254
u0111,p00014,skip,2026-03-24 15:19:18,11
u0074,p00317,skip,2026-03-24 16:42:18,5
u0043,p00051,view,2026-03-24 17:41:18,102
u0105,p00299,skip,2026-03-24 17:51:18,2
u0040,p00330,skip,2026-03-24 17:55:18,7
u0107,p00153,collect,2026-03-24 21:14:18,100
u0064,p00274,skip,2026-03-24 21:39:18,7
u0087,p00257,skip,2026-03-24 22:10:18,2
u0077,p00301,skip,2026-03-24 23:02:18,9
u0090,p00259,skip,2026-03-24 23:45:18,10
u0036,p00056,like,2026-03-24 23:46:18,179
u0049,p00195,skip,2026-03-24 23:56:18,6
u0034,p00009,skip,2026-03-25 00:00:18,6
u0117,p00075,skip,2026-03-25 01:32:18,11
u0040,p00167,view,2026-03-25 01:56:18,41
u0093,p00271,collect,2026-03-25 02:04:18,270
u0104,p00065,skip,2026-03-25 05:21:18,11
u0076,p00332,skip,2026-03-25 05:50:18,5
u0051,p00267,skip,2026-03-25 07:03:18,6
u0028,p00193,skip,2026-03-25 07:09:18,2
u0110,p00333,skip,2026-03-25 09:19:18,2
u0089,p00023,view,2026-03-25 09:34:18,34
u0120,p00065,view,2026-03-25 09:50:18,39
u0061,p00095,view,2026-03-25 10:23:18,26
u0015,p00123,skip,2026-03-25 12:30:18,5
u0103,p00175,skip,2026-03-25 13:20:18,6
u0114,p00285,skip,2026-03-25 13:49:18,1
u0101,p00117,skip,2026-03-25 14:26:18,1
u0107,p00153,like,2026-03-25 16:05:18,153
u0036,p00289,view,2026-03-25 17:51:18,115
u0079,p00046,skip,2026-03-25 18:22:18,10
u0059,p00237,skip,2026-03-25 19:00:18,11
u0058,p00075,collect,2026-03-25 20:29:18,241
u0097,p00141,skip,2026-03-25 23:24:18,8
u0049,p00087,like,2026-03-25 23:46:18,157
u0038,p00284,skip,2026-03-26 00:05:18,1
u0055,p00251,comment,2026-03-26 01:48:18,204
u0099,p00156,like,2026-03-26 02:08:18,41
u0004,p00177,skip,2026-03-26 02:32:18,9
u0024,p00319,skip,2026-03-26 03:02:18,12
u0046,p00297,like,2026-03-26 03:54:18,98
u0061,p00049,view,2026-03-26 04:11:18,91
u0056,p00046,skip,2026-03-26 04:36:18,5
u0053,p00180,view,2026-03-26 05:47:18,27
u0060,p00347,skip,2026-03-26 06:00:18,1
u0111,p00192,skip,2026-03-26 07:45:18,8
u0034,p00153,skip,2026-03-26 07:53:18,4
u0060,p00154,skip,2026-03-26 07:56:18,11
u0024,p00016,comment,2026-03-26 09:00:18,243
u0095,p00225,view,2026-03-26 09:44:18,31
u0058,p00006,like,2026-03-26 10:15:18,110
u0020,p00271,view,2026-03-26 10:28:18,117
u0030,p00056,skip,2026-03-26 13:01:18,2
u0058,p00085,skip,2026-03-26 14:13:18,3
u0006,p00183,skip,2026-03-26 15:13:18,3
u0112,p00162,skip,2026-03-26 15:39:18,6
u0095,p00035,skip,2026-03-26 16:11:18,2
u0021,p00251,skip,2026-03-26 16:13:18,1
u0060,p00167,skip,2026-03-26 16:47:18,3
u0097,p00008,view,2026-03-26 17:01:18,34
u0020,p00173,comment,2026-03-26 18:11:18,69
u0009,p00104,skip,2026-03-26 18:13:18,3
u0004,p00093,like,2026-03-26 18:19:18,66
u0005,p00171,skip,2026-03-26 18:54:18,2
u0102,p00100,skip,2026-03-26 19:02:18,4
u0011,p00250,view,2026-03-26 19:44:18,74
u0055,p00187,skip,2026-03-26 21:26:18,6
u0118,p00056,skip,2026-03-26 23:04:18,10
u0056,p00156,skip,2026-03-26 23:40:18,12
u0076,p00136,like,2026-03-27 01:05:18,107
u0031,p00321,view,2026-03-27 02:08:18,52
u0088,p00009,like,2026-03-27 02:13:18,125
u0047,p00148,skip,2026-03-27 02:39:18,10
u0108,p00221,like,2026-03-27 03:26:18,117
u0080,p00309,skip,2026-03-27 03:33:18,12
u0114,p00251,skip,2026-03-27 04:57:18,6
u0081,p00208,like,2026-03-27 05:12:18,142
u0024,p00292,skip,2026-03-27 06:42:18,2
u0104,p00054,like,2026-03-27 07:16:18,151
u0115,p00122,collect,2026-03-27 07:40:18,249
u0089,p00315,view,2026-03-27 08:16:18,33
u0005,p00203,skip,2026-03-27 08:44:18,10
u0078,p00350,skip,2026-03-27 08:52:18,5
u0107,p00034,view,2026-03-27 08:56:18,17
u0029,p00132,skip,2026-03-27 09:48:18,3
u0047,p00119,skip,2026-03-27 13:42:18,4
u0076,p00262,view,2026-03-27 13:43:18,105
u0019,p00345,like,2026-03-27 13:48:18,87
u0064,p00267,skip,2026-03-27 14:15:18,12
u0052,p00276,view,2026-03-27 14:28:18,16
u0078,p00182,skip,2026-03-27 14:51:18,11
u0063,p00034,skip,2026-03-27 15:01:18,8
u0063,p00023,view,2026-03-27 15:36:18,30
u0039,p00170,skip,2026-03-27 15:37:18,12
u0060,p00147,view,2026-03-27 15:47:18,32
u0023,p00006,view,2026-03-27 16:02:18,16
u0032,p00316,skip,2026-03-27 17:16:18,2
u0091,p00093,skip,2026-03-27 17:33:18,2
u0031,p00292,skip,2026-03-27 17:36:18,12
u0102,p00274,like,2026-03-27 18:29:18,125
u0081,p00203,view,2026-03-27 20:24:18,30
u0028,p00152,view,2026-03-27 21:13:18,44
u0082,p00188,skip,2026-03-27 22:55:18,3
u0039,p00187,skip,2026-03-28 03:06:18,9
u0040,p00131,skip,2026-03-28 03:20:18,1
u0113,p00246,skip,2026-03-28 03:27:18,11
u0092,p00316,skip,2026-03-28 03:50:18,6
u0021,p00175,skip,2026-03-28 05:15:18,6
u0057,p00315,collect,2026-03-28 06:30:18,208
u0024,p00292,skip,2026-03-28 07:27:18,3
u0014,p00338,view,2026-03-28 08:55:18,117
u0035,p00075,skip,2026-03-28 09:29:18,3
u0039,p00010,like,2026-03-28 09:32:18,165
u0026,p00153,view,2026-03-28 09:51:18,34
u0070,p00333,skip,2026-03-28 10:12:18,11
u0082,p00041,view,2026-03-28 10:43:18,9
u0072,p00020,skip,2026-03-28 11:01:18,11
u0041,p00014,skip,2026-03-28 11:50:18,12
u0048,p00263,comment,2026-03-28 12:15:18,228
u0049,p00214,comment,2026-03-28 12:56:18,260
u0053,p00120,view,2026-03-28 13:45:18,21
u0041,p00258,skip,2026-03-28 15:25:18,2
u0008,p00219,view,2026-03-28 17:07:18,66
u0037,p00215,view,2026-03-28 17:09:18,71
u0019,p00067,skip,2026-03-28 17:54:18,3
u0104,p00061,skip,2026-03-28 19:40:18,7
u0052,p00056,view,2026-03-28 20:28:18,69
u0068,p00150,view,2026-03-28 22:13:18,34
u0090,p00100,like,2026-03-29 01:06:18,166
u0100,p00018,skip,2026-03-29 01:30:18,8
u0097,p00234,skip,2026-03-29 01:34:18,2
u0044,p00271,skip,2026-03-29 02:16:18,4
u0069,p00302,like,2026-03-29 02:28:18,47
u0092,p00272,view,2026-03-29 02:36:18,73
u0057,p00163,skip,2026-03-29 02:41:18,8
u0110,p00297,comment,2026-03-29 02:42:18,153
u0115,p00143,view,2026-03-29 03:23:18,113
u0025,p00325,comment,2026-03-29 03:58:18,232
u0102,p00114,skip,2026-03-29 04:08:18,10
u0091,p00100,comment,2026-03-29 04:49:18,154
u0112,p00298,view,2026-03-29 04:53:18,33
u0027,p00274,skip,2026-03-29 06:06:18,12
u0052,p00076,skip,2026-03-29 07:36:18,9
u0044,p00291,skip,2026-03-29 08:44:18,10
u0021,p00281,skip,2026-03-29 10:04:18,4
u0097,p00153,skip,2026-03-29 10:54:18,10
u0039,p00056,skip,2026-03-29 11:15:18,6
u0070,p00298,view,2026-03-29 11:41:18,113
u0035,p00062,view,2026-03-29 12:21:18,76
u0070,p00241,skip,2026-03-29 13:22:18,5
u0082,p00205,skip,2026-03-29 13:47:18,7
u0081,p00133,skip,2026-03-29 14:42:18,10
u0039,p00114,skip,2026-03-29 15:59:18,12
u0058,p00187,collect,2026-03-29 16:18:18,282
u0063,p00180,skip,2026-03-29 16:47:18,3
u0081,p00026,like,2026-03-29 17:07:18,67
u0016,p00338,skip,2026-03-29 18:32:18,8
u0034,p00170,view,2026-03-29 18:46:18,9
u0041,p00258,skip,2026-03-29 20:12:18,10
u0011,p00051,comment,2026-03-29 20:47:18,177
u0069,p00247,skip,2026-03-29 21:10:18,11
u0024,p00226,skip,2026-03-29 21:26:18,12
u0005,p00040,skip,2026-03-29 21:40:18,6
u0061,p00315,skip,2026-03-30 01:33:18,3
u0067,p00033,like,2026-03-30 02:12:18,108
u0033,p00313,skip,2026-03-30 03:12:18,2
u0064,p00318,skip,2026-03-30 03:12:18,8
u0002,p00058,skip,2026-03-30 03:32:18,5
u0088,p00297,skip,2026-03-30 03:34:18,10
u0114,p00292,skip,2026-03-30 04:28:18,6
u0095,p00060,comment,2026-03-30 04:47:18,83
u0029,p00150,view,2026-03-30 05:51:18,104
u0060,p00266,view,2026-03-30 05:53:18,80
u0114,p00029,skip,2026-03-30 09:56:18,8
u0024,p00120,skip,2026-03-30 11:17:18,5
u0002,p00001,skip,2026-03-30 11:22:18,4
u0080,p00143,skip,2026-03-30 11:29:18,10
u0098,p00132,comment,2026-03-30 11:36:18,86
u0066,p00322,skip,2026-03-30 12:30:18,8
u0010,p00115,skip,2026-03-30 12:37:18,10
u0033,p00013,comment,2026-03-30 12:39:18,91
u0038,p00280,skip,2026-03-30 12:47:18,9
u0059,p00285,comment,2026-03-30 12:54:18,254
u0006,p00336,skip,2026-03-30 13:18:18,8
u0028,p00325,skip,2026-03-30 13:29:18,12
u0070,p00173,view,2026-03-30 16:55:18,20
u0048,p00326,comment,2026-03-30 18:02:18,171
u0021,p00060,skip,2026-03-30 18:22:18,3
u0017,p00046,view,2026-03-30 18:30:18,109
u0025,p00279,skip,2026-03-30 20:54:18,12
u0091,p00059,skip,2026-03-30 20:54:18,1
u0102,p00123,skip,2026-03-30 21:13:18,9
u0076,p00061,skip,2026-03-30 21:24:18,5
u0031,p00010,skip,2026-03-30 23:54:18,2
u0058,p00198,skip,2026-03-31 00:03:18,6
u0077,p00042,skip,2026-03-31 00:10:18,9
u0004,p00061,like,2026-03-31 00:32:18,62
u0102,p00117,like,2026-03-31 00:53:18,37
u0069,p00347,skip,2026-03-31 00:54:18,3
u0064,p00158,skip,2026-03-31 01:48:18,9
u0100,p00271,like,2026-03-31 02:28:18,153
u0050,p00247,skip,2026-03-31 05:33:18,6
u0085,p00184,like,2026-03-31 06:31:18,48
u0023,p00215,skip,2026-03-31 06:45:18,8
u0056,p00153,view,2026-03-31 07:00:18,6
u0090,p00345,like,2026-03-31 08:36:18,150
u0070,p00319,collect,2026-03-31 10:14:18,271
u0067,p00132,skip,2026-03-31 10:56:18,6
u0039,p00075,skip,2026-03-31 11:53:18,10
u0018,p00180,view,2026-03-31 12:20:18,119
u0043,p00062,view,2026-03-31 13:04:18,24
u0016,p00269,skip,2026-03-31 14:52:18,12
u0100,p00006,skip,2026-03-31 15:24:18,7
u0027,p00321,skip,2026-03-31 15:27:18,9
u0009,p00350,skip,2026-03-31 15:38:18,9
u0057,p00049,like,2026-03-31 16:22:18,143
u0111,p00060,skip,2026-03-31 16:24:18,7
u0096,p00167,collect,2026-03-31 17:56:18,141
u0013,p00096,skip,2026-03-31 19:51:18,5
u0057,p00272,skip,2026-03-31 20:45:18,1
u0059,p00338,view,2026-03-31 20:55:18,101
u0109,p00057,skip,2026-03-31 21:17:18,6
u0101,p00258,skip,2026-03-31 23:42:18,10
u0075,p00164,skip,2026-04-01 00:05:18,10
u0063,p00212,skip,2026-04-01 00:59:18,3
u0069,p00278,view,2026-04-01 01:22:18,54
u0023,p00035,skip,2026-04-01 02:11:18,9
u0110,p00281,skip,2026-04-01 02:18:18,1
u0117,p00243,skip,2026-04-01 03:32:18,4
u0102,p00124,skip,2026-04-01 08:06:18,4
u0007,p00221,view,2026-04-01 08:14:18,19
u0043,p00051,like,2026-04-01 09:25:18,159
u0060,p00305,view,2026-04-01 11:23:18,34
u0080,p00054,skip,2026-04-01 11:24:18,6
u0118,p00338,comment,2026-04-01 12:18:18,72
u0017,p00275,skip,2026-04-01 12:45:18,4
u0002,p00190,skip,2026-04-01 13:24:18,4
u0073,p00009,skip,2026-04-01 14:49:18,7
u0044,p00086,view,2026-04-01 15:12:18,31
u0085,p00278,collect,2026-04-01 15:12:18,295
u0005,p00243,skip,2026-04-01 16:02:18,3
u0006,p00222,skip,2026-04-01 16:33:18,8
u0006,p00202,view,2026-04-01 17:08:18,28
u0079,p00243,skip,2026-04-01 17:31:18,12
u0106,p00299,like,2026-04-01 18:45:18,135
u0089,p00325,comment,2026-04-01 19:51:18,100
u0117,p00023,skip,2026-04-01 20:30:18,7
u0040,p00052,skip,2026-04-01 21:42:18,3
u0019,p00226,skip,2026-04-01 21:43:18,7
u0110,p00034,like,2026-04-01 22:25:18,118
u0038,p00303,skip,2026-04-01 23:20:18,7
u0028,p00020,skip,2026-04-01 23:20:18,11
u0053,p00282,skip,2026-04-01 23:54:18,5
u0060,p00156,skip,2026-04-02 00:22:18,11
u0046,p00031,skip,2026-04-02 02:44:18,12
u0046,p00023,skip,2026-04-02 02:48:18,11
u0105,p00302,like,2026-04-02 03:05:18,70
u0104,p00011,skip,2026-04-02 03:07:18,7
u0095,p00235,view,2026-04-02 03:54:18,66
u0114,p00271,comment,2026-04-02 04:32:18,104
u0044,p00151,skip,2026-04-02 05:50:18,2
u0016,p00161,comment,2026-04-02 06:19:18,120
u0098,p00211,skip,2026-04-02 06:32:18,3
u0015,p00008,skip,2026-04-02 07:00:18,9
u0037,p00264,skip,2026-04-02 08:36:18,4
u0038,p00009,view,2026-04-02 09:43:18,14
u0027,p00137,skip,2026-04-02 09:57:18,11
u0034,p00131,skip,2026-04-02 10:31:18,12
u0085,p00215,skip,2026-04-02 11:27:18,12
u0070,p00227,skip,2026-04-02 12:31:18,9
u0044,p00321,skip,2026-04-02 12:44:18,7
u0063,p00156,skip,2026-04-02 12:56:18,9
u0119,p00205,view,2026-04-02 14:09:18,82
u0116,p00013,skip,2026-04-02 15:02:18,3
u0039,p00056,view,2026-04-02 15:50:18,46
u0088,p00169,like,2026-04-02 16:04:18,121
u0048,p00191,skip,2026-04-02 16:32:18,9
u0045,p00169,skip,2026-04-02 16:52:18,5
u0054,p00267,skip,2026-04-02 17:45:18,9
u0115,p00289,skip,2026-04-02 18:45:18,10
u0058,p00187,skip,2026-04-02 19:07:18,3
u0037,p00131,view,2026-04-02 19:39:18,115
u0090,p00158,skip,2026-04-02 21:03:18,5
u0058,p00177,skip,2026-04-02 21:11:18,1
u0061,p00334,skip,2026-04-02 21:45:18,3
u0004,p00165,skip,2026-04-02 22:32:18,2
u0048,p00059,skip,2026-04-03 00:39:18,2
u0092,p00031,skip,2026-04-03 01:05:18,11
u0033,p00031,skip,2026-04-03 02:22:18,1
u0013,p00297,skip,2026-04-03 04:42:18,12
u0058,p00146,skip,2026-04-03 04:56:18,7
u0077,p00169,skip,2026-04-03 05:28:18,9
u0096,p00219,skip,2026-04-03 08:16:18,5
u0096,p00284,skip,2026-04-03 08:16:18,4
u0103,p00310,skip,2026-04-03 09:03:18,11
u0005,p00154,collect,2026-04-03 09:14:18,259
u0015,p00202,skip,2026-04-03 09:37:18,3
u0080,p00221,skip,2026-04-03 11:17:18,8
u0067,p00289,view,2026-04-03 11:24:18,77
u0052,p00188,skip,2026-04-03 11:53:18,5
u0080,p00266,skip,2026-04-03 13:21:18,10
u0004,p00226,skip,2026-04-03 13:28:18,2
u0085,p00051,skip,2026-04-03 14:03:18,2
u0074,p00241,skip,2026-04-03 14:40:18,10
u0098,p00341,skip,2026-04-03 15:11:18,1
u0102,p00338,collect,2026-04-03 15:14:18,226
u0092,p00222,skip,2026-04-03 15:17:18,4
u0087,p00173,skip,2026-04-03 17:13:18,1
u0061,p00247,collect,2026-04-03 17:22:18,119
u0055,p00326,skip,2026-04-03 17:54:18,10
u0079,p00342,collect,2026-04-03 19:49:18,186
u0107,p00156,view,2026-04-03 20:02:18,34
u0073,p00329,skip,2026-04-03 21:33:18,2
u0071,p00250,skip,2026-04-03 23:32:18,10
u0088,p00009,skip,2026-04-04 00:07:18,5
u0107,p00136,skip,2026-04-04 02:09:18,3
u0003,p00252,view,2026-04-04 02:12:18,13
u0088,p00272,skip,2026-04-04 03:29:18,4
u0028,p00279,like,2026-04-04 04:07:18,128
u0009,p00115,view,2026-04-04 05:04:18,91
u0065,p00146,skip,2026-04-04 05:08:18,2
u0002,p00333,skip,2026-04-04 06:00:18,6
u0006,p00013,skip,2026-04-04 06:20:18,3
u0097,p00318,skip,2026-04-04 07:06:18,5
u0029,p00031,like,2026-04-04 08:08:18,156
u0062,p00056,skip,2026-04-04 09:02:18,5
u0046,p00326,comment,2026-04-04 11:08:18,247
u0004,p00173,comment,2026-04-04 13:18:18,106
u0111,p00167,skip,2026-04-04 14:33:18,5
u0055,p00105,collect,2026-04-04 15:04:18,219
u0042,p00071,skip,2026-04-04 15:37:18,12
u0064,p00122,skip,2026-04-04 16:05:18,9
u0093,p00145,view,2026-04-04 16:16:18,66
u0052,p00200,view,2026-04-04 17:36:18,41
u0060,p00292,collect,2026-04-04 19:55:18,318
u0006,p00212,comment,2026-04-04 22:00:18,171
u0120,p00251,skip,2026-04-04 22:17:18,10
u0004,p00317,view,2026-04-05 00:53:18,24
u0110,p00294,skip,2026-04-05 01:20:18,9
u0106,p00181,view,2026-04-05 02:34:18,21
u0105,p00162,skip,2026-04-05 02:46:18,4
u0033,p00316,skip,2026-04-05 04:06:18,3
u0093,p00251,skip,2026-04-05 06:18:18,2
u0003,p00142,view,2026-04-05 10:26:18,11
u0113,p00014,skip,2026-04-05 10:40:18,3
u0040,p00075,skip,2026-04-05 11:56:18,9
u0051,p00142,skip,2026-04-05 12:08:18,6
u0063,p00008,skip,2026-04-05 12:19:18,10
u0004,p00114,view,2026-04-05 13:53:18,38
u0008,p00191,skip,2026-04-05 14:01:18,5
u0117,p00056,view,2026-04-05 14:02:18,107
u0049,p00132,skip,2026-04-05 14:25:18,7
u0045,p00305,skip,2026-04-05 15:54:18,3
u0099,p00071,view,2026-04-05 15:55:18,48
u0042,p00318,collect,2026-04-05 15:56:18,150
u0104,p00061,skip,2026-04-05 16:06:18,5
u0091,p00163,view,2026-04-05 16:49:18,6
u0068,p00026,skip,2026-04-05 17:29:18,1
u0041,p00071,view,2026-04-05 18:02:18,33
u0104,p00200,skip,2026-04-05 18:26:18,6
u0047,p00151,like,2026-04-05 18:42:18,110
u0083,p00316,like,2026-04-05 18:55:18,93
u0083,p00246,skip,2026-04-05 19:23:18,10
u0081,p00205,like,2026-04-05 20:36:18,119
u0085,p00171,skip,2026-04-05 20:47:18,10
u0039,p00033,skip,2026-04-05 20:49:18,1
u0086,p00347,skip,2026-04-05 20:57:18,9
u0099,p00173,view,2026-04-05 21:20:18,36
u0103,p00171,skip,2026-04-05 22:02:18,2
u0041,p00080,skip,2026-04-06 03:36:18,1
u0079,p00126,skip,2026-04-06 06:46:18,11
u0027,p00166,skip,2026-04-06 07:38:18,8
u0071,p00061,skip,2026-04-06 08:27:18,5
u0054,p00087,collect,2026-04-06 10:04:18,316
u0058,p00012,skip,2026-04-06 10:32:18,4
u0091,p00133,skip,2026-04-06 10:47:18,10
u0097,p00213,skip,2026-04-06 11:08:18,9
u0076,p00274,like,2026-04-06 13:01:18,159
u0062,p00142,collect,2026-04-06 13:38:18,237
u0099,p00263,skip,2026-04-06 16:27:18,3
u0064,p00170,skip,2026-04-06 17:10:18,6
u0017,p00016,like,2026-04-06 17:16:18,43
u0002,p00184,comment,2026-04-06 17:20:18,256
u0071,p00053,skip,2026-04-06 17:44:18,5
u0072,p00081,view,2026-04-06 19:08:18,18
u0109,p00034,view,2026-04-06 20:55:18,40
u0042,p00156,view,2026-04-06 21:34:18,14
u0020,p00152,view,2026-04-06 22:16:18,106
u0109,p00095,view,2026-04-06 22:44:18,96
u0098,p00035,like,2026-04-06 22:53:18,129
u0029,p00321,skip,2026-04-06 23:04:18,4
u0061,p00247,skip,2026-04-06 23:16:18,4
u0064,p00333,view,2026-04-06 23:43:18,43
u0069,p00032,view,2026-04-06 23:54:18,22
u0059,p00325,view,2026-04-07 00:19:18,64
u0109,p00014,view,2026-04-07 00:33:18,23
u0091,p00096,skip,2026-04-07 01:03:18,5
u0107,p00115,view,2026-04-07 01:11:18,12
u0058,p00081,skip,2026-04-07 01:16:18,4
u0063,p00014,skip,2026-04-07 01:50:18,2
u0062,p00018,skip,2026-04-07 03:26:18,6
u0039,p00093,skip,2026-04-07 03:46:18,5
u0039,p00330,collect,2026-04-07 06:04:18,297
u0092,p00158,skip,2026-04-07 06:40:18,3
u0117,p00026,comment,2026-04-07 06:46:18,159
u0048,p00114,view,2026-04-07 07:24:18,78
u0040,p00145,skip,2026-04-07 08:01:18,3
u0046,p00243,skip,2026-04-07 08:22:18,2
u0076,p00049,skip,2026-04-07 08:27:18,4
u0059,p00058,skip,2026-04-07 08:31:18,2
u0099,p00331,view,2026-04-07 08:37:18,65
u0100,p00095,skip,2026-04-07 08:37:18,1
u0006,p00123,skip,2026-04-07 08:48:18,3
u0116,p00215,skip,2026-04-07 08:53:18,1
u0075,p00244,view,2026-04-07 09:08:18,26
u0032,p00250,collect,2026-04-07 09:59:18,209
u0032,p00225,skip,2026-04-07 10:11:18,3
u0088,p00195,skip,2026-04-07 10:19:18,10
u0011,p00243,skip,2026-04-07 10:25:18,7
u0044,p00225,collect,2026-04-07 11:35:18,317
u0020,p00251,like,2026-04-07 12:58:18,159
u0029,p00235,skip,2026-04-07 13:03:18,12
u0009,p00095,like,2026-04-07 13:29:18,127
u0039,p00058,collect,2026-04-07 13:31:18,138
u0002,p00060,comment,2026-04-07 14:12:18,160
u0004,p00132,skip,2026-04-07 14:19:18,2
u0020,p00291,like,2026-04-07 14:42:18,57
u0093,p00031,like,2026-04-07 16:44:18,67
u0030,p00035,skip,2026-04-07 17:15:18,8
u0060,p00035,like,2026-04-07 17:32:18,97
u0118,p00191,collect,2026-04-07 18:09:18,304
u0094,p00018,skip,2026-04-07 18:21:18,3
u0102,p00049,skip,2026-04-07 18:22:18,10
u0036,p00089,skip,2026-04-07 19:11:18,10
u0035,p00234,view,2026-04-07 19:55:18,19
u0079,p00013,skip,2026-04-07 20:48:18,7
u0009,p00226,view,2026-04-07 21:07:18,26
u0043,p00205,skip,2026-04-07 21:12:18,4
u0119,p00183,skip,2026-04-07 21:28:18,6
u0009,p00146,view,2026-04-07 21:37:18,113
u0004,p00242,skip,2026-04-07 21:53:18,2
u0003,p00041,like,2026-04-07 22:18:18,150
u0046,p00020,skip,2026-04-07 22:30:18,11
u0102,p00214,skip,2026-04-07 23:00:18,7
u0024,p00256,skip,2026-04-07 23:14:18,11
u0104,p00241,skip,2026-04-08 00:45:18,10
u0004,p00132,skip,2026-04-08 01:14:18,4
u0040,p00075,skip,2026-04-08 02:37:18,12
u0044,p00237,skip,2026-04-08 03:56:18,3
u0068,p00136,skip,2026-04-08 04:29:18,4
u0021,p00309,view,2026-04-08 05:11:18,37
u0064,p00069,skip,2026-04-08 05:31:18,10
u0091,p00145,skip,2026-04-08 05:37:18,8
u0017,p00105,collect,2026-04-08 06:12:18,245
u0075,p00153,skip,2026-04-08 07:26:18,2
u0009,p00143,comment,2026-04-08 07:36:18,187
u0048,p00243,skip,2026-04-08 07:40:18,6
u0107,p00012,skip,2026-04-08 08:05:18,1
u0077,p00250,skip,2026-04-08 08:07:18,2
u0067,p00161,skip,2026-04-08 08:27:18,4
u0036,p00281,skip,2026-04-08 08:31:18,10
u0026,p00237,collect,2026-04-08 08:36:18,136
u0087,p00020,skip,2026-04-08 08:45:18,6
u0100,p00084,view,2026-04-08 09:26:18,33
u0106,p00356,skip,2026-04-08 09:35:18,5
u0055,p00267,skip,2026-04-08 09:44:18,9
u0046,p00087,skip,2026-04-08 10:49:18,12
u0110,p00060,view,2026-04-08 10:53:18,108
u0090,p00076,view,2026-04-08 12:49:18,18
u0076,p00142,skip,2026-04-08 13:05:18,11
u0022,p00292,view,2026-04-08 13:59:18,52
u0044,p00222,skip,2026-04-08 14:48:18,9
u0011,p00065,skip,2026-04-08 15:37:18,7
u0079,p00177,skip,2026-04-08 16:10:18,12
u0028,p00065,skip,2026-04-08 16:34:18,9
u0029,p00292,view,2026-04-08 16:53:18,50
u0017,p00256,like,2026-04-08 17:51:18,71
u0097,p00012,skip,2026-04-08 18:11:18,7
u0044,p00267,skip,2026-04-08 19:03:18,9
u0001,p00234,view,2026-04-08 19:39:18,111
u0016,p00170,skip,2026-04-08 20:02:18,7
u0097,p00333,skip,2026-04-08 22:03:18,7
u0023,p00142,view,2026-04-08 22:33:18,25
u0105,p00331,comment,2026-04-08 23:36:18,108
u0072,p00279,like,2026-04-08 23:58:18,61
u0106,p00251,view,2026-04-09 00:20:18,24
u0037,p00282,skip,2026-04-09 00:30:18,1
u0030,p00244,skip,2026-04-09 01:59:18,9
u0009,p00006,skip,2026-04-09 02:11:18,2
u0081,p00026,skip,2026-04-09 03:19:18,1
u0069,p00303,skip,2026-04-09 03:29:18,10
u0116,p00308,view,2026-04-09 03:30:18,13
u0051,p00237,skip,2026-04-09 03:48:18,1
u0071,p00162,like,2026-04-09 04:02:18,61
u0073,p00326,skip,2026-04-09 04:26:18,3
u0050,p00266,comment,2026-04-09 04:54:18,239
u0010,p00060,skip,2026-04-09 06:38:18,1
u0108,p00357,skip,2026-04-09 06:46:18,9
u0052,p00206,skip,2026-04-09 07:50:18,12
u0006,p00158,skip,2026-04-09 08:27:18,5
u0026,p00084,skip,2026-04-09 09:26:18,5
u0018,p00075,view,2026-04-09 09:35:18,25
u0066,p00034,like,2026-04-09 10:01:18,112
u0100,p00040,like,2026-04-09 10:20:18,65
u0040,p00212,view,2026-04-09 11:13:18,17
u0047,p00278,skip,2026-04-09 11:19:18,5
u0118,p00086,skip,2026-04-09 12:10:18,7
u0096,p00154,skip,2026-04-09 13:13:18,8
u0079,p00052,skip,2026-04-09 14:23:18,12
u0061,p00150,skip,2026-04-09 15:24:18,5
u0102,p00114,skip,2026-04-09 15:45:18,7
u0026,p00080,skip,2026-04-09 16:02:18,9
u0023,p00191,skip,2026-04-09 17:05:18,11
u0080,p00009,collect,2026-04-09 17:46:18,162
u0058,p00041,skip,2026-04-09 18:19:18,12
u0034,p00217,skip,2026-04-09 19:48:18,5
u0102,p00244,skip,2026-04-09 20:31:18,6
u0003,p00088,view,2026-04-09 20:41:18,111
u0054,p00276,skip,2026-04-09 21:15:18,3
u0017,p00122,skip,2026-04-09 21:23:18,3
u0041,p00331,skip,2026-04-09 21:24:18,2
u0089,p00064,skip,2026-04-09 21:38:18,9
u0058,p00123,like,2026-04-09 22:30:18,54
u0044,p00029,view,2026-04-09 22:43:18,117
u0083,p00203,view,2026-04-09 23:22:18,92
u0075,p00084,skip,2026-04-09 23:28:18,4
u0022,p00094,skip,2026-04-10 00:11:18,4
u0114,p00257,comment,2026-04-10 00:14:18,225
u0113,p00151,skip,2026-04-10 01:04:18,6
u0041,p00297,collect,2026-04-10 01:10:18,282
u0098,p00088,skip,2026-04-10 05:59:18,3
u0026,p00256,skip,2026-04-10 06:27:18,2
u0106,p00181,skip,2026-04-10 06:30:18,2
u0023,p00016,view,2026-04-10 06:42:18,6
u0114,p00198,skip,2026-04-10 07:01:18,3
u0084,p00145,skip,2026-04-10 07:54:18,5
u0023,p00075,skip,2026-04-10 08:36:18,11
u0007,p00269,view,2026-04-10 08:57:18,19
u0002,p00175,skip,2026-04-10 09:33:18,6
u0103,p00056,skip,2026-04-10 10:02:18,9
u0006,p00289,like,2026-04-10 11:06:18,58
u0032,p00193,comment,2026-04-10 12:56:18,166
u0049,p00332,like,2026-04-10 13:31:18,97
u0039,p00154,skip,2026-04-10 14:42:18,6
u0118,p00171,skip,2026-04-10 14:51:18,3
u0097,p00322,skip,2026-04-10 17:32:18,1
u0040,p00217,skip,2026-04-10 17:47:18,1
u0091,p00094,skip,2026-04-10 17:50:18,6
u0106,p00018,skip,2026-04-10 18:27:18,6
u0096,p00191,skip,2026-04-10 20:13:18,9
u0005,p00111,view,2026-04-10 20:32:18,102
u0060,p00170,skip,2026-04-10 20:35:18,8
u0018,p00211,skip,2026-04-10 20:42:18,7
u0069,p00175,skip,2026-04-10 22:07:18,12
u0017,p00122,skip,2026-04-10 22:57:18,2
u0085,p00082,view,2026-04-10 23:14:18,110
u0047,p00321,skip,2026-04-10 23:41:18,7
u0106,p00201,skip,2026-04-11 00:58:18,1
u0016,p00353,comment,2026-04-11 01:34:18,209
u0077,p00115,like,2026-04-11 02:49:18,83
u0071,p00023,like,2026-04-11 05:28:18,51
u0096,p00326,view,2026-04-11 07:22:18,33
u0002,p00317,skip,2026-04-11 07:59:18,6
u0112,p00226,skip,2026-04-11 08:40:18,8
u0111,p00333,skip,2026-04-11 10:14:18,9
u0096,p00265,view,2026-04-11 10:57:18,28
u0014,p00200,like,2026-04-11 11:26:18,162
u0119,p00005,skip,2026-04-11 11:58:18,8
u0030,p00147,skip,2026-04-11 12:52:18,4
u0113,p00214,skip,2026-04-11 13:32:18,9
u0091,p00142,like,2026-04-11 14:09:18,115
u0097,p00121,skip,2026-04-11 15:25:18,9
u0058,p00215,view,2026-04-11 15:50:18,56
u0057,p00303,skip,2026-04-11 16:08:18,4
u0113,p00133,skip,2026-04-11 17:07:18,12
u0032,p00005,skip,2026-04-11 18:03:18,7
u0095,p00096,skip,2026-04-11 19:32:18,3
u0031,p00147,view,2026-04-11 20:27:18,115
u0014,p00172,skip,2026-04-11 20:50:18,10
u0060,p00093,collect,2026-04-11 21:59:18,189
u0050,p00117,view,2026-04-11 23:23:18,5
u0068,p00339,skip,2026-04-11 23:27:18,3
u0064,p00243,skip,2026-04-12 00:21:18,1
u0020,p00299,skip,2026-04-12 02:29:18,2
u0039,p00148,skip,2026-04-12 03:14:18,7
u0056,p00283,skip,2026-04-12 03:14:18,3
u0119,p00053,skip,2026-04-12 03:18:18,2
u0051,p00297,skip,2026-04-12 03:49:18,12
u0074,p00296,skip,2026-04-12 04:18:18,9
u0107,p00321,skip,2026-04-12 05:00:18,2
u0064,p00272,comment,2026-04-12 05:16:18,252
u0079,p00237,skip,2026-04-12 06:09:18,12
u0091,p00280,skip,2026-04-12 06:31:18,1
u0111,p00012,skip,2026-04-12 06:35:18,2
u0107,p00169,view,2026-04-12 06:36:18,22
u0012,p00120,view,2026-04-12 07:38:18,84
u0071,p00167,skip,2026-04-12 07:57:18,3
u0076,p00149,skip,2026-04-12 08:09:18,11
u0088,p00237,skip,2026-04-12 08:13:18,11
u0110,p00014,comment,2026-04-12 08:35:18,128
u0002,p00278,skip,2026-04-12 08:37:18,8
u0012,p00276,like,2026-04-12 09:26:18,73
u0072,p00207,skip,2026-04-12 10:13:18,12
u0017,p00155,skip,2026-04-12 11:29:18,3
u0097,p00201,skip,2026-04-12 11:53:18,2
u0049,p00084,skip,2026-04-12 13:47:18,2
u0012,p00313,skip,2026-04-12 13:53:18,11
u0074,p00276,collect,2026-04-12 14:03:18,241
u0052,p00217,skip,2026-04-12 14:26:18,11
u0036,p00291,collect,2026-04-12 14:51:18,121
u0089,p00265,view,2026-04-12 15:37:18,110
u0091,p00313,skip,2026-04-12 15:49:18,3
u0047,p00235,skip,2026-04-12 16:06:18,6
u0084,p00174,like,2026-04-12 16:24:18,83
u0024,p00053,skip,2026-04-12 17:14:18,7
u0082,p00322,like,2026-04-12 17:29:18,75
u0033,p00046,like,2026-04-12 19:43:18,105
u0042,p00243,skip,2026-04-12 20:00:18,10
u0035,p00181,view,2026-04-12 20:25:18,107
u0066,p00322,skip,2026-04-12 21:15:18,8
u0010,p00341,skip,2026-04-12 21:44:18,2
u0046,p00158,skip,2026-04-12 22:40:18,6
u0068,p00165,skip,2026-04-12 22:48:18,2
u0102,p00042,skip,2026-04-13 00:23:18,4
u0020,p00014,like,2026-04-13 02:00:18,164
u0102,p00183,skip,2026-04-13 03:56:18,6
u0113,p00147,like,2026-04-13 04:00:18,66
u0052,p00193,comment,2026-04-13 04:24:18,220
u0008,p00265,view,2026-04-13 06:19:18,31
u0118,p00158,like,2026-04-13 06:45:18,46
u0087,p00193,view,2026-04-13 08:02:18,38
u0021,p00203,skip,2026-04-13 08:16:18,5
u0113,p00145,skip,2026-04-13 08:19:18,1
u0003,p00310,skip,2026-04-13 09:39:18,12
u0009,p00093,like,2026-04-13 09:56:18,138
u0009,p00056,view,2026-04-13 10:11:18,60
u0111,p00192,view,2026-04-13 10:39:18,27
u0075,p00302,skip,2026-04-13 11:04:18,10
u0003,p00190,skip,2026-04-13 11:52:18,3
u0090,p00282,skip,2026-04-13 11:52:18,2
u0005,p00257,skip,2026-04-13 14:02:18,5
u0084,p00267,skip,2026-04-13 14:48:18,3
u0021,p00304,skip,2026-04-13 16:21:18,4
u0100,p00071,view,2026-04-13 16:25:18,46
u0026,p00120,skip,2026-04-13 16:42:18,8
u0062,p00071,skip,2026-04-13 17:20:18,8
u0098,p00151,skip,2026-04-13 17:32:18,4
u0080,p00214,skip,2026-04-13 17:37:18,1
u0082,p00010,view,2026-04-13 17:40:18,9
u0097,p00016,skip,2026-04-13 17:57:18,12
u0077,p00117,skip,2026-04-13 18:00:18,3
u0119,p00065,like,2026-04-13 18:25:18,106
u0010,p00170,skip,2026-04-13 18:31:18,4
u0055,p00171,skip,2026-04-13 19:04:18,8
u0044,p00267,skip,2026-04-13 19:29:18,7
u0117,p00347,skip,2026-04-13 21:39:18,12
u0078,p00069,view,2026-04-14 00:14:18,25
u0002,p00122,comment,2026-04-14 00:37:18,148
u0007,p00183,comment,2026-04-14 02:31:18,107
u0045,p00156,skip,2026-04-14 03:46:18,9
u0069,p00033,like,2026-04-14 04:13:18,165
u0085,p00221,view,2026-04-14 04:22:18,10
u0021,p00234,like,2026-04-14 05:58:18,169
u0001,p00145,view,2026-04-14 07:49:18,91
u0063,p00169,skip,2026-04-14 08:15:18,11
u0032,p00225,skip,2026-04-14 08:54:18,8
u0112,p00175,view,2026-04-14 09:01:18,28
u0112,p00198,skip,2026-04-14 09:06:18,6
u0035,p00253,skip,2026-04-14 09:16:18,6
u0052,p00040,skip,2026-04-14 09:39:18,3
u0040,p00037,skip,2026-04-14 10:35:18,4
u0036,p00184,skip,2026-04-14 10:42:18,3
u0120,p00278,skip,2026-04-14 12:24:18,2
u0089,p00013,like,2026-04-14 12:49:18,52
u0047,p00147,skip,2026-04-14 13:06:18,3
u0027,p00317,skip,2026-04-14 13:14:18,6
u0037,p00263,skip,2026-04-14 14:05:18,5
u0064,p00055,like,2026-04-14 14:40:18,65
u0088,p00146,view,2026-04-14 15:06:18,116
u0111,p00162,comment,2026-04-14 15:46:18,150
u0041,p00285,view,2026-04-14 16:02:18,79
u0045,p00041,skip,2026-04-14 16:10:18,5
u0018,p00258,collect,2026-04-14 16:26:18,283
u0112,p00177,skip,2026-04-14 16:40:18,11
u0005,p00053,like,2026-04-14 16:57:18,44
u0061,p00251,skip,2026-04-14 17:42:18,2
u0086,p00242,skip,2026-04-14 18:05:18,5
u0001,p00214,view,2026-04-14 19:59:18,65
u0086,p00180,view,2026-04-14 21:53:18,28
u0012,p00332,skip,2026-04-14 22:41:18,8
u0085,p00158,skip,2026-04-14 23:00:18,10
u0029,p00096,like,2026-04-14 23:01:18,71
u0039,p00023,skip,2026-04-14 23:31:18,6
u0075,p00023,view,2026-04-15 00:07:18,63
u0110,p00069,like,2026-04-15 00:42:18,80
u0071,p00075,view,2026-04-15 01:08:18,44
u0048,p00145,skip,2026-04-15 01:35:18,5
u0016,p00096,skip,2026-04-15 02:49:18,7
u0091,p00072,skip,2026-04-15 03:59:18,5
u0023,p00290,skip,2026-04-15 04:24:18,5
u0112,p00222,view,2026-04-15 05:01:18,55
u0117,p00297,collect,2026-04-15 06:38:18,305
u0066,p00141,view,2026-04-15 07:02:18,22
u0105,p00251,skip,2026-04-15 07:33:18,7
u0098,p00345,skip,2026-04-15 08:08:18,1
u0074,p00290,skip,2026-04-15 08:19:18,3
u0039,p00267,view,2026-04-15 08:56:18,38
u0004,p00206,skip,2026-04-15 09:02:18,11
u0011,p00011,skip,2026-04-15 09:13:18,10
u0078,p00258,like,2026-04-15 09:56:18,63
u0058,p00062,skip,2026-04-15 11:06:18,1
u0001,p00156,skip,2026-04-15 11:34:18,8
u0094,p00137,skip,2026-04-15 11:49:18,7
u0111,p00010,skip,2026-04-15 12:36:18,8
u0108,p00262,skip,2026-04-15 12:39:18,7
u0115,p00084,skip,2026-04-15 13:20:18,4
u0076,p00019,skip,2026-04-15 13:44:18,8
u0044,p00120,view,2026-04-15 13:46:18,7
u0097,p00142,skip,2026-04-15 13:55:18,1
u0064,p00267,view,2026-04-15 15:05:18,20
u0119,p00297,skip,2026-04-15 15:05:18,5
u0062,p00308,skip,2026-04-15 15:37:18,12
u0103,p00219,skip,2026-04-15 15:37:18,7
u0082,p00342,skip,2026-04-15 15:46:18,3
u0112,p00049,skip,2026-04-15 16:25:18,8
u0055,p00105,skip,2026-04-15 17:15:18,9
u0004,p00132,like,2026-04-15 17:22:18,150
u0041,p00198,skip,2026-04-15 18:50:18,6
u0017,p00087,skip,2026-04-15 18:54:18,5
u0106,p00225,skip,2026-04-15 19:11:18,6
u0002,p00149,skip,2026-04-15 19:53:18,5
u0049,p00310,skip,2026-04-15 20:34:18,4
u0080,p00343,skip,2026-04-15 21:15:18,10
u0108,p00046,skip,2026-04-15 21:18:18,4
u0112,p00137,skip,2026-04-15 21:39:18,10
u0064,p00034,view,2026-04-15 21:47:18,67
u0066,p00319,skip,2026-04-15 22:07:18,8
u0021,p00191,skip,2026-04-15 22:16:18,3
u0073,p00020,skip,2026-04-15 23:13:18,11
u0109,p00266,skip,2026-04-15 23:50:18,4
u0115,p00250,skip,2026-04-16 00:26:18,4
u0035,p00266,skip,2026-04-16 03:20:18,12
u0105,p00156,skip,2026-04-16 03:26:18,8
u0081,p00060,view,2026-04-16 03:38:18,56
u0050,p00031,skip,2026-04-16 03:52:18,11
u0012,p00350,like,2026-04-16 04:46:18,174
u0030,p00296,like,2026-04-16 06:02:18,49
u0093,p00242,skip,2026-04-16 06:41:18,9
u0112,p00298,skip,2026-04-16 07:23:18,4
u0048,p00302,skip,2026-04-16 07:25:18,2
u0056,p00227,view,2026-04-16 08:45:18,22
u0105,p00308,view,2026-04-16 08:48:18,80
u0004,p00294,view,2026-04-16 10:41:18,12
u0014,p00191,skip,2026-04-16 11:27:18,9
u0022,p00173,skip,2026-04-16 11:53:18,1
u0063,p00158,like,2026-04-16 12:44:18,170
u0079,p00226,skip,2026-04-16 13:24:18,1
u0072,p00093,skip,2026-04-16 13:37:18,1
u0036,p00067,skip,2026-04-16 13:46:18,6
u0051,p00280,view,2026-04-16 14:16:18,20
u0007,p00291,view,2026-04-16 14:50:18,12
u0052,p00274,view,2026-04-16 15:43:18,64
u0086,p00200,skip,2026-04-16 16:43:18,7
u0093,p00184,skip,2026-04-16 17:43:18,5
u0052,p00075,skip,2026-04-16 17:55:18,11
u0089,p00280,view,2026-04-16 18:48:18,102
u0065,p00147,comment,2026-04-16 18:59:18,129
u0028,p00244,skip,2026-04-16 19:12:18,12
u0048,p00040,skip,2026-04-16 20:10:18,4
u0001,p00081,skip,2026-04-16 20:18:18,4
u0003,p00071,skip,2026-04-16 20:53:18,6
u0006,p00114,skip,2026-04-16 20:54:18,1
u0027,p00201,view,2026-04-16 21:32:18,22
u0031,p00190,like,2026-04-16 21:32:18,173
u0028,p00073,skip,2026-04-16 22:08:18,1
u0061,p00256,skip,2026-04-16 23:45:18,5
u0007,p00062,collect,2026-04-17 00:19:18,154
u0106,p00056,like,2026-04-17 02:06:18,79
u0031,p00114,skip,2026-04-17 04:32:18,1
u0074,p00350,comment,2026-04-17 04:43:18,240
u0031,p00291,skip,2026-04-17 05:32:18,8
u0118,p00073,like,2026-04-17 05:39:18,51
u0030,p00023,skip,2026-04-17 05:45:18,5
u0072,p00250,skip,2026-04-17 07:13:18,1
u0105,p00142,skip,2026-04-17 07:23:18,7
u0110,p00219,view,2026-04-17 08:06:18,17
u0087,p00188,skip,2026-04-17 08:57:18,7
u0076,p00247,collect,2026-04-17 09:28:18,287
u0065,p00298,like,2026-04-17 11:26:18,132
u0115,p00061,skip,2026-04-17 11:30:18,8
u0035,p00055,skip,2026-04-17 12:03:18,3
u0014,p00276,skip,2026-04-17 14:07:18,10
u0041,p00046,skip,2026-04-17 14:10:18,1
u0110,p00177,skip,2026-04-17 16:52:18,8
u0062,p00328,skip,2026-04-17 17:57:18,3
u0048,p00272,skip,2026-04-17 18:12:18,9
u0061,p00234,view,2026-04-17 18:20:18,93
u0015,p00234,view,2026-04-17 21:01:18,23
u0088,p00237,skip,2026-04-17 21:39:18,2
u0114,p00292,view,2026-04-17 22:29:18,115
u0059,p00060,skip,2026-04-17 23:03:18,6
u0096,p00263,skip,2026-04-18 00:17:18,3
u0032,p00350,view,2026-04-18 00:19:18,93
u0013,p00075,view,2026-04-18 01:08:18,8
u0105,p00222,skip,2026-04-18 02:28:18,6
u0022,p00237,view,2026-04-18 02:59:18,27
u0072,p00227,view,2026-04-18 03:14:18,34
u0098,p00241,like,2026-04-18 03:31:18,65
u0064,p00322,view,2026-04-18 03:53:18,34
u0114,p00115,skip,2026-04-18 04:18:18,1
u0093,p00244,like,2026-04-18 04:58:18,120
u0019,p00040,skip,2026-04-18 05:24:18,2
u0115,p00244,skip,2026-04-18 05:50:18,7
u0080,p00082,view,2026-04-18 06:14:18,58
u0009,p00084,skip,2026-04-18 06:37:18,11
u0079,p00285,comment,2026-04-18 07:04:18,249
u0018,p00265,view,2026-04-18 07:40:18,102
u0070,p00256,view,2026-04-18 08:38:18,82
u0049,p00161,skip,2026-04-18 10:43:18,2
u0050,p00009,comment,2026-04-18 11:16:18,142
u0101,p00285,collect,2026-04-18 11:38:18,118
u0021,p00087,comment,2026-04-18 11:57:18,152
u0063,p00308,like,2026-04-18 12:02:18,38
u0118,p00145,collect,2026-04-18 14:11:18,318
u0109,p00147,skip,2026-04-18 14:45:18,6
u0083,p00166,skip,2026-04-18 15:02:18,1
u0038,p00082,view,2026-04-18 15:09:18,29
u0015,p00303,skip,2026-04-18 15:41:18,6
u0019,p00158,skip,2026-04-18 16:03:18,5
u0013,p00256,skip,2026-04-18 16:18:18,7
u0086,p00338,comment,2026-04-18 16:38:18,83
u0006,p00149,skip,2026-04-18 17:21:18,1
u0005,p00350,view,2026-04-18 18:25:18,34
u0004,p00142,view,2026-04-18 19:44:18,24
u0024,p00005,skip,2026-04-18 21:27:18,2
u0091,p00165,skip,2026-04-18 21:42:18,6
u0079,p00131,skip,2026-04-18 22:51:18,1
u0037,p00029,like,2026-04-18 22:59:18,161
u0066,p00174,view,2026-04-18 23:12:18,64
u0095,p00184,skip,2026-04-18 23:25:18,7
u0004,p00259,view,2026-04-18 23:40:18,35
u0069,p00167,skip,2026-04-19 00:31:18,10
u0094,p00060,like,2026-04-19 00:44:18,176
u0077,p00169,skip,2026-04-19 01:41:18,7
u0035,p00200,skip,2026-04-19 04:42:18,10
u0097,p00201,comment,2026-04-19 05:16:18,236
u0056,p00292,skip,2026-04-19 05:17:18,12
u0034,p00242,skip,2026-04-19 06:29:18,11
u0094,p00200,skip,2026-04-19 07:18:18,5
u0030,p00234,skip,2026-04-19 08:03:18,2
u0025,p00338,skip,2026-04-19 08:42:18,10
u0054,p00120,skip,2026-04-19 10:34:18,9
u0009,p00284,collect,2026-04-19 10:38:18,226
u0042,p00198,skip,2026-04-19 10:42:18,5
u0085,p00034,view,2026-04-19 11:52:18,47
u0072,p00290,skip,2026-04-19 12:36:18,7
u0119,p00341,view,2026-04-19 12:50:18,39
u0007,p00262,skip,2026-04-19 14:03:18,10
u0104,p00074,skip,2026-04-19 14:11:18,6
u0023,p00006,skip,2026-04-19 18:41:18,9
u0032,p00208,skip,2026-04-19 18:58:18,1
u0075,p00225,like,2026-04-19 21:14:18,81
u0043,p00296,skip,2026-04-19 21:19:18,1
u0098,p00257,view,2026-04-19 21:27:18,9
u0049,p00321,skip,2026-04-19 23:44:18,7
u0064,p00283,view,2026-04-20 00:52:18,65
u0034,p00104,skip,2026-04-20 01:10:18,4
u0033,p00217,skip,2026-04-20 01:27:18,12
u0039,p00042,skip,2026-04-20 02:23:18,11
u0031,p00060,view,2026-04-20 03:24:18,120
u0080,p00153,view,2026-04-20 05:00:18,65
u0097,p00318,view,2026-04-20 05:04:18,6
u0116,p00084,skip,2026-04-20 07:03:18,10
u0065,p00281,skip,2026-04-20 07:12:18,9
u0023,p00208,skip,2026-04-20 07:17:18,10
u0047,p00246,skip,2026-04-20 07:32:18,1
u0008,p00080,skip,2026-04-20 08:56:18,11
u0039,p00121,like,2026-04-20 09:17:18,76
u0041,p00309,skip,2026-04-20 09:37:18,12
u0111,p00326,skip,2026-04-20 10:18:18,4
u0113,p00291,skip,2026-04-20 12:01:18,9
u0058,p00033,skip,2026-04-20 12:16:18,10
u0080,p00009,view,2026-04-20 12:28:18,108
u0102,p00053,skip,2026-04-20 13:49:18,9
u0085,p00257,comment,2026-04-20 14:06:18,113
u0059,p00158,like,2026-04-20 14:07:18,119
u0003,p00347,skip,2026-04-20 14:26:18,8
u0002,p00035,view,2026-04-20 14:41:18,19
u0111,p00136,skip,2026-04-20 14:46:18,9
u0037,p00085,skip,2026-04-20 14:49:18,6
u0062,p00086,skip,2026-04-20 15:00:18,8
u0026,p00244,skip,2026-04-20 15:20:18,2
u0060,p00347,view,2026-04-20 15:37:18,95
u0052,p00081,skip,2026-04-20 15:39:18,10
u0107,p00174,skip,2026-04-20 15:43:18,2
u0018,p00198,skip,2026-04-20 18:23:18,12
u0034,p00013,skip,2026-04-20 18:50:18,9
u0018,p00005,view,2026-04-20 20:25:18,31
u0095,p00179,skip,2026-04-20 22:00:18,5
u0083,p00137,comment,2026-04-20 22:59:18,237
u0109,p00120,skip,2026-04-21 01:20:18,9
u0103,p00183,skip,2026-04-21 01:58:18,10
u0009,p00229,skip,2026-04-21 03:06:18,9
u0003,p00023,skip,2026-04-21 03:22:18,3
u0084,p00297,collect,2026-04-21 03:50:18,212
u0060,p00132,skip,2026-04-21 04:07:18,4
u0001,p00019,comment,2026-04-21 04:40:18,95
u0026,p00012,view,2026-04-21 05:58:18,27
u0119,p00161,skip,2026-04-21 07:21:18,9
u0018,p00005,view,2026-04-21 07:41:18,26
u0111,p00145,skip,2026-04-21 08:49:18,6
u0037,p00243,skip,2026-04-21 10:04:18,9
u0046,p00058,skip,2026-04-21 10:08:18,11
u0104,p00350,view,2026-04-21 11:22:18,15
u0078,p00035,skip,2026-04-21 11:36:18,5
u0094,p00226,collect,2026-04-21 11:56:18,319
u0075,p00073,skip,2026-04-21 12:07:18,5
u0016,p00292,comment,2026-04-21 12:27:18,188
u0084,p00329,collect,2026-04-21 12:37:18,107
u0065,p00283,skip,2026-04-21 12:57:18,10
u0104,p00096,skip,2026-04-21 13:07:18,10
u0087,p00330,view,2026-04-21 13:18:18,25
u0071,p00145,skip,2026-04-21 13:53:18,6
u0037,p00229,view,2026-04-21 14:30:18,51
u0015,p00347,skip,2026-04-21 16:28:18,9
u0083,p00353,skip,2026-04-21 17:45:18,8
u0119,p00243,skip,2026-04-21 18:12:18,5
u0009,p00006,skip,2026-04-21 19:42:18,1
u0039,p00054,skip,2026-04-21 20:34:18,6
u0024,p00271,collect,2026-04-21 23:13:18,85
u0055,p00051,skip,2026-04-21 23:24:18,4
u0053,p00133,skip,2026-04-21 23:26:18,1
u0068,p00283,view,2026-04-21 23:35:18,29
u0005,p00054,skip,2026-04-22 00:15:18,3
u0105,p00276,skip,2026-04-22 00:34:18,1
u0041,p00174,skip,2026-04-22 00:49:18,7
u0074,p00266,view,2026-04-22 01:26:18,9
u0117,p00211,skip,2026-04-22 01:39:18,7
u0099,p00032,skip,2026-04-22 03:37:18,3
u0036,p00065,view,2026-04-22 03:38:18,91
u0112,p00156,collect,2026-04-22 05:35:18,253
u0027,p00034,view,2026-04-22 06:24:18,23
u0045,p00057,skip,2026-04-22 07:46:18,2
u0085,p00151,skip,2026-04-22 08:12:18,1
u0019,p00298,comment,2026-04-22 08:38:18,154
u0022,p00163,skip,2026-04-22 09:33:18,8
u0100,p00115,view,2026-04-22 10:10:18,5
u0005,p00353,skip,2026-04-22 10:23:18,2
u0006,p00205,view,2026-04-22 11:03:18,23
u0105,p00182,skip,2026-04-22 11:56:18,8
u0058,p00308,view,2026-04-22 12:39:18,94
u0018,p00006,skip,2026-04-22 12:47:18,10
u0008,p00056,view,2026-04-22 13:38:18,67
u0092,p00294,skip,2026-04-22 14:10:18,7
u0029,p00182,view,2026-04-22 14:20:18,72
u0113,p00120,skip,2026-04-22 14:34:18,2
u0078,p00241,view,2026-04-22 14:45:18,11
u0082,p00143,skip,2026-04-22 14:58:18,12
u0079,p00321,skip,2026-04-22 14:59:18,3
u0115,p00026,collect,2026-04-22 15:44:18,249
u0103,p00284,view,2026-04-22 16:30:18,7
u0018,p00332,skip,2026-04-22 17:23:18,1
u0064,p00088,view,2026-04-22 17:25:18,119
u0068,p00046,skip,2026-04-22 17:33:18,12
u0045,p00289,skip,2026-04-22 18:18:18,9
u0098,p00161,view,2026-04-22 19:11:18,28
u0090,p00100,skip,2026-04-22 20:50:18,11
u0080,p00265,view,2026-04-22 22:06:18,91
u0107,p00252,skip,2026-04-22 22:45:18,2
u0064,p00014,skip,2026-04-23 00:29:18,9
u0026,p00331,skip,2026-04-23 00:58:18,3
u0011,p00345,skip,2026-04-23 05:05:18,11
u0036,p00200,view,2026-04-23 06:23:18,86
u0050,p00086,skip,2026-04-23 06:39:18,11
u0003,p00084,skip,2026-04-23 06:49:18,10
u0083,p00229,skip,2026-04-23 08:38:18,3
u0117,p00316,skip,2026-04-23 09:23:18,7
u0080,p00042,skip,2026-04-23 09:44:18,9
u0018,p00031,skip,2026-04-23 10:05:18,12
u0062,p00315,skip,2026-04-23 12:36:18,4
u0106,p00020,skip,2026-04-23 13:07:18,7
u0055,p00201,skip,2026-04-23 13:38:18,8
u0045,p00032,skip,2026-04-23 13:54:18,7
u0101,p00256,skip,2026-04-23 15:58:18,10
u0103,p00037,skip,2026-04-23 16:03:18,8
u0029,p00008,skip,2026-04-23 17:10:18,8
u0063,p00202,view,2026-04-23 18:15:18,35
u0094,p00208,view,2026-04-23 18:40:18,93
u0054,p00267,skip,2026-04-23 18:41:18,2
u0106,p00312,view,2026-04-23 19:49:18,15
u0069,p00013,skip,2026-04-23 20:39:18,5
u0014,p00064,collect,2026-04-23 21:38:18,247
u0093,p00111,view,2026-04-23 21:53:18,120
u0117,p00278,collect,2026-04-23 22:10:18,149
u0026,p00018,view,2026-04-23 23:22:18,82
u0113,p00201,skip,2026-04-23 23:48:18,9
u0095,p00184,view,2026-04-23 23:57:18,12
u0082,p00059,skip,2026-04-24 00:21:18,4
u0091,p00166,skip,2026-04-24 00:42:18,4
u0003,p00353,skip,2026-04-24 02:20:18,11
u0059,p00347,collect,2026-04-24 02:46:18,188
u0079,p00055,skip,2026-04-24 02:58:18,2
u0043,p00154,collect,2026-04-24 03:23:18,208
u0081,p00041,skip,2026-04-24 04:07:18,3
u0104,p00331,skip,2026-04-24 04:10:18,4
u0028,p00034,like,2026-04-24 04:14:18,105
u0001,p00243,view,2026-04-24 04:20:18,54
u0104,p00319,skip,2026-04-24 04:35:18,3
u0009,p00181,comment,2026-04-24 05:00:18,60
u0002,p00175,collect,2026-04-24 05:10:18,309
u0012,p00229,comment,2026-04-24 05:35:18,89
u0051,p00156,skip,2026-04-24 05:42:18,6
u0024,p00059,skip,2026-04-24 05:43:18,4
u0099,p00008,view,2026-04-24 06:46:18,116
u0101,p00147,like,2026-04-24 08:19:18,102
u0043,p00313,skip,2026-04-24 08:26:18,8
u0022,p00272,skip,2026-04-24 08:43:18,12
u0099,p00342,skip,2026-04-24 09:16:18,5
u0114,p00040,skip,2026-04-24 09:20:18,5
u0119,p00062,collect,2026-04-24 09:22:18,132
u0044,p00171,skip,2026-04-24 12:00:18,1
u0068,p00290,skip,2026-04-24 12:14:18,7
u0089,p00244,skip,2026-04-24 12:21:18,9
u0074,p00205,like,2026-04-24 13:36:18,177
u0021,p00054,like,2026-04-24 15:27:18,37
u0043,p00190,skip,2026-04-24 16:00:18,5
u0063,p00068,skip,2026-04-24 16:06:18,1
u0082,p00156,skip,2026-04-24 17:55:18,3
u0031,p00292,like,2026-04-24 18:21:18,178
u0002,p00008,skip,2026-04-24 18:28:18,6
u0120,p00074,skip,2026-04-24 19:39:18,4
u0027,p00291,view,2026-04-24 20:28:18,99
u0116,p00283,skip,2026-04-24 20:38:18,3
u0064,p00302,view,2026-04-24 21:16:18,91
u0017,p00040,skip,2026-04-24 22:27:18,10
u0037,p00016,skip,2026-04-24 22:59:18,12
u0063,p00195,collect,2026-04-24 23:41:18,170
u0119,p00244,view,2026-04-25 01:08:18,48
u0074,p00158,skip,2026-04-25 03:44:18,1
u0106,p00206,skip,2026-04-25 04:54:18,5
u0054,p00081,skip,2026-04-25 05:42:18,7
u0069,p00076,skip,2026-04-25 05:56:18,11
u0007,p00359,skip,2026-04-25 07:38:18,1
u0083,p00031,skip,2026-04-25 09:50:18,1
u0110,p00114,skip,2026-04-25 09:58:18,11
u0096,p00294,skip,2026-04-25 10:33:18,10
u0088,p00290,skip,2026-04-25 11:25:18,9
u0016,p00227,view,2026-04-25 11:54:18,95
u0015,p00330,like,2026-04-25 12:01:18,36
u0099,p00080,skip,2026-04-25 12:57:18,4
u0111,p00041,view,2026-04-25 13:10:18,96
u0102,p00284,skip,2026-04-25 13:49:18,1
u0103,p00308,skip,2026-04-25 14:27:18,11
u0085,p00087,comment,2026-04-25 15:54:18,96
u0005,p00133,like,2026-04-25 17:22:18,163
u0056,p00012,skip,2026-04-25 17:25:18,12
u0017,p00009,skip,2026-04-25 18:23:18,1
u0036,p00276,like,2026-04-25 18:36:18,164
u0037,p00272,skip,2026-04-25 19:23:18,4
u0052,p00010,skip,2026-04-25 20:21:18,5
u0065,p00184,comment,2026-04-25 21:48:18,132
u0085,p00153,skip,2026-04-25 22:48:18,5
u0042,p00185,view,2026-04-25 23:57:18,13
u0041,p00051,view,2026-04-25 23:57:18,73
u0074,p00250,like,2026-04-26 00:01:18,170
u0085,p00330,view,2026-04-26 00:31:18,44
u0095,p00096,skip,2026-04-26 00:56:18,5
u0058,p00208,skip,2026-04-26 00:59:18,3
u0116,p00290,view,2026-04-26 01:21:18,26
u0114,p00235,like,2026-04-26 02:10:18,139
u0094,p00343,skip,2026-04-26 03:28:18,7
u0008,p00296,like,2026-04-26 03:32:18,59
u0061,p00096,view,2026-04-26 03:35:18,80
u0052,p00198,collect,2026-04-26 04:24:18,182
u0079,p00213,skip,2026-04-26 05:19:18,3
u0085,p00272,view,2026-04-26 07:11:18,19
u0073,p00188,skip,2026-04-26 08:34:18,11
u0055,p00114,comment,2026-04-26 09:05:18,162
u0094,p00315,collect,2026-04-26 09:13:18,183
u0038,p00011,skip,2026-04-26 10:36:18,3
u0007,p00057,skip,2026-04-26 10:59:18,2
u0071,p00062,view,2026-04-26 11:59:18,93
u0022,p00181,skip,2026-04-26 12:09:18,11
u0095,p00237,skip,2026-04-26 12:43:18,4
u0101,p00094,view,2026-04-26 14:00:18,66
u0081,p00271,like,2026-04-26 14:29:18,159
u0049,p00177,collect,2026-04-26 14:38:18,315
u0099,p00172,skip,2026-04-26 15:06:18,3
u0025,p00333,skip,2026-04-26 15:19:18,12
u0120,p00167,collect,2026-04-26 16:50:18,132
u0085,p00076,skip,2026-04-26 17:08:18,9
u0023,p00215,skip,2026-04-26 17:10:18,6
u0006,p00267,skip,2026-04-26 17:24:18,4
u0010,p00016,skip,2026-04-26 17:29:18,12
u0084,p00059,skip,2026-04-26 17:49:18,8
u0099,p00212,skip,2026-04-26 18:09:18,12
u0117,p00331,skip,2026-04-26 19:38:18,2
u0045,p00162,skip,2026-04-26 20:24:18,7
u0003,p00114,skip,2026-04-26 20:26:18,3
u0079,p00082,skip,2026-04-26 22:31:18,2
u0078,p00046,skip,2026-04-26 23:35:18,7
u0091,p00180,skip,2026-04-27 00:09:18,7
u0063,p00243,comment,2026-04-27 01:06:18,83
u0015,p00164,skip,2026-04-27 01:46:18,12
u0018,p00060,skip,2026-04-27 04:23:18,8
u0101,p00326,skip,2026-04-27 04:32:18,3
u0025,p00105,collect,2026-04-27 04:48:18,123
u0085,p00019,like,2026-04-27 05:20:18,124
u0072,p00262,like,2026-04-27 05:29:18,112
u0051,p00165,skip,2026-04-27 07:52:18,8
u0029,p00008,skip,2026-04-27 08:25:18,5
u0094,p00093,like,2026-04-27 09:12:18,66
u0018,p00214,skip,2026-04-27 09:36:18,6
u0025,p00229,skip,2026-04-27 10:08:18,1
u0008,p00322,view,2026-04-27 11:12:18,15
u0045,p00247,view,2026-04-27 11:37:18,33
u0088,p00105,skip,2026-04-27 12:25:18,10
u0045,p00272,skip,2026-04-27 13:47:18,10
u0108,p00250,view,2026-04-27 15:35:18,96
u0102,p00298,skip,2026-04-27 16:30:18,10
u0076,p00266,comment,2026-04-27 17:58:18,216
u0104,p00222,skip,2026-04-27 18:28:18,10
u0066,p00299,comment,2026-04-27 20:47:18,130
u0085,p00285,collect,2026-04-27 21:05:18,289
u0020,p00115,view,2026-04-27 21:12:18,7
u0037,p00302,view,2026-04-27 23:24:18,22
u0019,p00265,skip,2026-04-27 23:30:18,4
u0060,p00347,like,2026-04-28 00:45:18,38
u0013,p00031,skip,2026-04-28 01:28:18,3
u0020,p00049,skip,2026-04-28 01:49:18,8
u0118,p00115,like,2026-04-28 02:30:18,172
u0022,p00292,collect,2026-04-28 04:23:18,104
u0030,p00339,view,2026-04-28 04:41:18,75
u0081,p00088,collect,2026-04-28 04:52:18,256
u0120,p00319,skip,2026-04-28 05:20:18,3
u0107,p00256,skip,2026-04-28 05:21:18,2
u0024,p00076,skip,2026-04-28 06:42:18,9
u0038,p00171,skip,2026-04-28 08:13:18,6
u0085,p00008,view,2026-04-28 12:35:18,24
u0116,p00205,view,2026-04-28 13:46:18,37
u0051,p00330,skip,2026-04-28 14:50:18,9
u0057,p00047,skip,2026-04-28 15:17:18,8
u0095,p00281,skip,2026-04-28 15:51:18,11
u0018,p00283,skip,2026-04-28 16:11:18,4
u0083,p00317,skip,2026-04-28 16:33:18,10
u0081,p00310,skip,2026-04-28 16:46:18,12
u0085,p00151,skip,2026-04-28 18:09:18,11
u0083,p00034,like,2026-04-28 18:10:18,160
u0101,p00200,view,2026-04-28 18:26:18,118
u0098,p00020,comment,2026-04-28 18:27:18,77
u0012,p00203,view,2026-04-28 19:11:18,99
u0070,p00326,skip,2026-04-28 19:24:18,3
u0047,p00225,like,2026-04-28 20:52:18,161
u0043,p00161,skip,2026-04-28 22:13:18,12
u0004,p00191,view,2026-04-28 22:19:18,37
u0111,p00154,skip,2026-04-29 00:48:18,11
u0021,p00006,view,2026-04-29 01:57:18,91
u0068,p00296,skip,2026-04-29 02:56:18,9
u0040,p00167,view,2026-04-29 03:50:18,117
u0020,p00316,skip,2026-04-29 04:39:18,5
u0031,p00279,view,2026-04-29 04:40:18,111
u0038,p00121,skip,2026-04-29 05:42:18,11
u0072,p00141,skip,2026-04-29 06:02:18,10
u0111,p00124,skip,2026-04-29 08:18:18,11
u0034,p00174,view,2026-04-29 08:46:18,88
u0086,p00182,collect,2026-04-29 10:07:18,264
u0077,p00316,skip,2026-04-29 11:53:18,3
u0103,p00035,skip,2026-04-29 12:03:18,4
u0030,p00117,view,2026-04-29 14:03:18,18
u0001,p00227,view,2026-04-29 14:13:18,98
u0063,p00035,skip,2026-04-29 14:48:18,10
u0026,p00111,skip,2026-04-29 16:32:18,7
u0070,p00153,skip,2026-04-29 17:05:18,3
u0055,p00153,collect,2026-04-29 17:18:18,238
u0105,p00244,skip,2026-04-29 18:31:18,11
u0060,p00227,view,2026-04-29 19:21:18,105
u0044,p00282,skip,2026-04-29 19:30:18,12
u0011,p00237,skip,2026-04-29 19:34:18,12
u0081,p00182,collect,2026-04-29 19:58:18,264
u0064,p00215,view,2026-04-29 20:42:18,29
u0094,p00274,like,2026-04-29 21:23:18,144
u0073,p00258,view,2026-04-29 21:26:18,69
u0067,p00272,skip,2026-04-29 23:12:18,7
u0025,p00115,like,2026-04-29 23:34:18,110
u0067,p00229,view,2026-04-29 23:34:18,27
u0087,p00117,skip,2026-04-30 01:14:18,2
u0050,p00156,comment,2026-04-30 01:28:18,230
u0037,p00152,view,2026-04-30 02:35:18,46
u0023,p00096,skip,2026-04-30 03:08:18,3
u0038,p00150,skip,2026-04-30 03:45:18,12
u0098,p00009,skip,2026-04-30 03:49:18,6
u0028,p00317,skip,2026-04-30 03:59:18,5
u0106,p00095,comment,2026-04-30 05:03:18,109
u0065,p00232,like,2026-04-30 05:04:18,42
u0052,p00247,skip,2026-04-30 07:04:18,11
u0081,p00316,skip,2026-04-30 08:59:18,4
u0078,p00058,like,2026-04-30 09:06:18,129
u0065,p00040,skip,2026-04-30 09:32:18,3
u0087,p00181,view,2026-04-30 12:24:18,27
u0117,p00241,skip,2026-04-30 12:41:18,10
u0079,p00194,skip,2026-04-30 15:02:18,5
u0099,p00119,skip,2026-04-30 16:02:18,5
u0112,p00190,skip,2026-04-30 16:09:18,11
u0069,p00244,skip,2026-04-30 16:38:18,9
u0058,p00133,view,2026-04-30 16:49:18,96
u0059,p00052,comment,2026-04-30 16:57:18,132
u0087,p00219,skip,2026-04-30 16:57:18,5
u0074,p00184,skip,2026-04-30 17:18:18,9
u0117,p00284,skip,2026-04-30 18:23:18,3
u0085,p00137,skip,2026-04-30 18:41:18,4
u0071,p00084,collect,2026-04-30 19:01:18,295
u0104,p00183,skip,2026-04-30 19:22:18,12
u0018,p00284,skip,2026-04-30 21:13:18,9
u0008,p00229,skip,2026-04-30 21:30:18,5
u0001,p00162,skip,2026-04-30 23:54:18,12
u0119,p00167,skip,2026-05-01 00:32:18,4
u0019,p00212,skip,2026-05-01 00:55:18,12
u0111,p00317,skip,2026-05-01 01:30:18,5
u0073,p00243,skip,2026-05-01 03:55:18,1
u0095,p00242,skip,2026-05-01 04:47:18,12
u0051,p00059,skip,2026-05-01 04:49:18,2
u0035,p00348,like,2026-05-01 05:55:18,135
u0027,p00272,view,2026-05-01 06:33:18,92
u0061,p00334,comment,2026-05-01 06:39:18,107
u0076,p00234,skip,2026-05-01 08:24:18,1
u0086,p00329,like,2026-05-01 10:11:18,118
u0116,p00246,view,2026-05-01 10:29:18,22
u0066,p00308,view,2026-05-01 11:50:18,24
u0050,p00294,skip,2026-05-01 11:58:18,4
u0097,p00104,like,2026-05-01 12:21:18,144
u0116,p00149,like,2026-05-01 16:25:18,172
u0041,p00012,skip,2026-05-01 16:40:18,6
u0071,p00297,like,2026-05-01 17:32:18,98
u0067,p00018,skip,2026-05-01 18:02:18,7
u0055,p00359,view,2026-05-01 18:51:18,18
u0109,p00094,comment,2026-05-01 19:33:18,259
u0077,p00234,skip,2026-05-01 20:16:18,8
u0029,p00081,view,2026-05-01 21:04:18,19
u0024,p00060,skip,2026-05-01 22:24:18,3
u0100,p00271,skip,2026-05-01 22:59:18,6
u0073,p00222,skip,2026-05-01 23:08:18,10
u0036,p00326,view,2026-05-02 00:10:18,104
u0113,p00020,skip,2026-05-02 01:18:18,10
u0024,p00053,skip,2026-05-02 02:17:18,5
u0035,p00235,view,2026-05-02 02:20:18,61
u0022,p00056,view,2026-05-02 04:08:18,101
u0082,p00093,skip,2026-05-02 04:35:18,3
u0016,p00285,view,2026-05-02 05:39:18,78
u0110,p00256,skip,2026-05-02 05:50:18,8
u0029,p00347,skip,2026-05-02 05:54:18,11
u0050,p00353,skip,2026-05-02 06:31:18,11
u0024,p00059,skip,2026-05-02 07:46:18,4
u0088,p00208,view,2026-05-02 07:57:18,8
u0023,p00278,skip,2026-05-02 08:14:18,6
u0061,p00278,like,2026-05-02 08:50:18,40
u0044,p00359,skip,2026-05-02 09:32:18,6
u0090,p00338,skip,2026-05-02 09:54:18,1
u0096,p00330,skip,2026-05-02 12:53:18,1
u0059,p00237,view,2026-05-02 13:20:18,120
u0083,p00279,skip,2026-05-02 13:41:18,8
u0047,p00174,skip,2026-05-02 13:50:18,4
u0019,p00208,skip,2026-05-02 15:10:18,7
u0107,p00302,skip,2026-05-02 15:43:18,1
u0058,p00185,skip,2026-05-02 15:52:18,4
u0074,p00243,skip,2026-05-02 17:17:18,11
u0030,p00326,skip,2026-05-02 18:08:18,9
u0084,p00162,like,2026-05-02 19:08:18,157
u0002,p00246,skip,2026-05-02 19:45:18,3
u0015,p00073,skip,2026-05-02 19:51:18,2
u0049,p00143,skip,2026-05-02 20:14:18,11
u0057,p00123,skip,2026-05-02 20:28:18,3
u0008,p00031,skip,2026-05-02 20:46:18,7
u0001,p00308,skip,2026-05-02 20:55:18,1
u0113,p00202,skip,2026-05-02 22:53:18,3
u0069,p00250,like,2026-05-03 00:51:18,69
u0110,p00147,comment,2026-05-03 00:52:18,237
u0058,p00269,like,2026-05-03 01:24:18,117
u0011,p00222,view,2026-05-03 02:24:18,116
u0017,p00014,skip,2026-05-03 02:55:18,1
u0099,p00177,skip,2026-05-03 03:00:18,5
u0113,p00206,comment,2026-05-03 03:57:18,110
u0119,p00170,skip,2026-05-03 04:46:18,3
u0021,p00062,like,2026-05-03 05:20:18,143
u0033,p00042,skip,2026-05-03 05:46:18,1
u0116,p00137,skip,2026-05-03 08:39:18,6
u0103,p00072,skip,2026-05-03 09:11:18,1
u0068,p00137,skip,2026-05-03 10:02:18,8
u0055,p00325,skip,2026-05-03 10:20:18,6
u0102,p00054,skip,2026-05-03 10:25:18,2
u0047,p00100,skip,2026-05-03 11:28:18,6
u0052,p00246,skip,2026-05-03 12:46:18,2
u0057,p00297,view,2026-05-03 14:25:18,61
u0009,p00155,view,2026-05-03 14:34:18,19
u0082,p00093,skip,2026-05-03 16:30:18,11
u0026,p00008,view,2026-05-03 16:37:18,6
u0106,p00222,skip,2026-05-03 17:18:18,9
u0042,p00292,skip,2026-05-03 18:05:18,12
u0075,p00111,skip,2026-05-03 21:49:18,3
u0028,p00058,like,2026-05-03 23:23:18,148
u0100,p00298,comment,2026-05-04 00:03:18,250
u0074,p00347,skip,2026-05-04 00:17:18,3
u0040,p00298,skip,2026-05-04 00:34:18,8
u0023,p00124,skip,2026-05-04 05:24:18,12
u0065,p00011,skip,2026-05-04 06:19:18,3
u0099,p00131,like,2026-05-04 07:39:18,154
u0117,p00093,skip,2026-05-04 07:42:18,6
u0042,p00291,view,2026-05-04 07:57:18,30
u0019,p00114,skip,2026-05-04 08:43:18,3
u0076,p00310,skip,2026-05-04 08:47:18,7
u0041,p00115,like,2026-05-04 09:24:18,109
u0070,p00064,view,2026-05-04 11:08:18,33
u0117,p00173,collect,2026-05-04 11:10:18,278
u0043,p00094,collect,2026-05-04 11:16:18,235
u0016,p00068,skip,2026-05-04 11:39:18,9
u0036,p00073,skip,2026-05-04 12:15:18,9
u0060,p00122,skip,2026-05-04 12:22:18,9
u0023,p00172,skip,2026-05-04 12:31:18,2
u0061,p00187,skip,2026-05-04 15:37:18,4
u0092,p00001,skip,2026-05-04 15:59:18,11
u0023,p00175,skip,2026-05-04 17:20:18,11
u0004,p00280,skip,2026-05-04 18:34:18,9
u0108,p00226,skip,2026-05-04 18:55:18,5
u0028,p00201,skip,2026-05-04 19:11:18,8
u0069,p00005,skip,2026-05-04 19:46:18,4
u0065,p00219,view,2026-05-04 20:17:18,22
u0058,p00312,skip,2026-05-04 21:44:18,3
u0025,p00276,skip,2026-05-04 23:24:18,4
u0043,p00267,view,2026-05-04 23:35:18,109
u0054,p00330,skip,2026-05-04 23:57:18,12
u0067,p00331,skip,2026-05-05 00:22:18,3
u0006,p00242,skip,2026-05-05 00:51:18,7
u0088,p00302,collect,2026-05-05 00:53:18,185
u0088,p00080,like,2026-05-05 02:05:18,115
u0070,p00308,view,2026-05-05 02:35:18,91
u0026,p00267,skip,2026-05-05 03:36:18,12
u0012,p00100,skip,2026-05-05 05:34:18,11
u0012,p00331,skip,2026-05-05 05:45:18,12
u0053,p00330,skip,2026-05-05 07:33:18,3
u0002,p00294,skip,2026-05-05 08:35:18,6
u0014,p00061,skip,2026-05-05 09:07:18,2
u0072,p00012,skip,2026-05-05 09:51:18,2
u0112,p00111,collect,2026-05-05 09:56:18,176
u0020,p00279,skip,2026-05-05 10:05:18,12
u0072,p00347,skip,2026-05-05 10:57:18,4
u0055,p00073,view,2026-05-05 10:58:18,116
u0032,p00321,view,2026-05-05 11:19:18,54
u0044,p00310,skip,2026-05-05 11:44:18,4
u0113,p00246,like,2026-05-05 11:49:18,132
u0056,p00280,skip,2026-05-05 11:58:18,3
u0033,p00217,comment,2026-05-05 12:44:18,97
u0115,p00292,skip,2026-05-05 12:49:18,6
u0048,p00049,skip,2026-05-05 13:02:18,12
u0118,p00073,comment,2026-05-05 13:23:18,238
u0053,p00173,skip,2026-05-05 13:56:18,3
u0118,p00122,like,2026-05-05 14:31:18,112
u0094,p00319,skip,2026-05-05 14:45:18,4
u0072,p00146,skip,2026-05-05 14:53:18,1
u0069,p00318,view,2026-05-05 15:28:18,17
u0036,p00294,skip,2026-05-05 16:05:18,10
u0108,p00013,skip,2026-05-05 16:11:18,6
u0037,p00163,view,2026-05-05 16:44:18,71
u0114,p00051,view,2026-05-05 18:44:18,29
u0073,p00272,like,2026-05-05 19:01:18,176
u0059,p00329,view,2026-05-05 19:09:18,106
u0078,p00222,skip,2026-05-05 21:01:18,10
u0002,p00052,like,2026-05-05 21:25:18,165
u0014,p00308,skip,2026-05-05 21:48:18,1
u0043,p00170,skip,2026-05-05 23:15:18,8
u0097,p00076,view,2026-05-05 23:53:18,35
u0090,p00247,view,2026-05-06 00:21:18,23
u0063,p00310,skip,2026-05-06 00:34:18,7
u0042,p00084,view,2026-05-06 00:39:18,24
u0001,p00169,skip,2026-05-06 00:53:18,4
u0094,p00073,like,2026-05-06 01:50:18,129
u0120,p00250,skip,2026-05-06 03:42:18,10
u0104,p00309,skip,2026-05-06 03:51:18,1
u0007,p00080,skip,2026-05-06 06:01:18,5
u0038,p00029,skip,2026-05-06 06:36:18,12
u0010,p00026,view,2026-05-06 07:10:18,26
u0058,p00302,skip,2026-05-06 07:35:18,10
u0072,p00294,skip,2026-05-06 07:38:18,3
u0033,p00328,skip,2026-05-06 08:08:18,4
u0073,p00180,skip,2026-05-06 08:40:18,10
u0039,p00243,skip,2026-05-06 09:29:18,2
u0117,p00008,skip,2026-05-06 09:39:18,11
u0042,p00080,like,2026-05-06 13:05:18,79
u0054,p00281,skip,2026-05-06 13:12:18,3
u0085,p00271,comment,2026-05-06 13:51:18,247
u0057,p00016,skip,2026-05-06 14:13:18,7
u0052,p00143,collect,2026-05-06 14:13:18,122
u0021,p00172,view,2026-05-06 14:20:18,45
u0059,p00073,like,2026-05-06 16:22:18,37
u0111,p00033,skip,2026-05-06 16:53:18,9
u0034,p00212,like,2026-05-06 17:37:18,145
u0008,p00120,skip,2026-05-06 18:19:18,6
u0003,p00040,like,2026-05-06 18:25:18,53
u0011,p00117,skip,2026-05-06 18:52:18,6
u0037,p00174,skip,2026-05-06 20:53:18,7
u0113,p00353,skip,2026-05-06 21:35:18,12
u0089,p00018,collect,2026-05-06 22:20:18,285
u0001,p00308,skip,2026-05-06 22:23:18,5
u0067,p00146,skip,2026-05-06 23:56:18,9
u0046,p00087,skip,2026-05-06 23:58:18,12
u0057,p00290,skip,2026-05-07 00:00:18,9
u0075,p00322,skip,2026-05-07 00:05:18,2
u0043,p00173,skip,2026-05-07 03:51:18,3
u0041,p00174,like,2026-05-07 04:18:18,162
u0014,p00274,like,2026-05-07 05:30:18,42
u0040,p00321,like,2026-05-07 06:16:18,120
u0014,p00056,like,2026-05-07 07:36:18,46
u0083,p00265,like,2026-05-07 07:52:18,57
u0092,p00014,skip,2026-05-07 07:53:18,6
u0015,p00086,skip,2026-05-07 08:43:18,11
u0114,p00283,skip,2026-05-07 08:55:18,5
u0104,p00040,skip,2026-05-07 09:54:18,4
u0064,p00169,skip,2026-05-07 10:53:18,10
u0061,p00244,skip,2026-05-07 11:18:18,4
u0075,p00169,collect,2026-05-07 12:44:18,199
u0039,p00053,skip,2026-05-07 12:59:18,5
u0095,p00016,skip,2026-05-07 13:28:18,2
u0075,p00318,skip,2026-05-07 14:05:18,1
u0056,p00188,skip,2026-05-07 14:14:18,4
u0071,p00263,skip,2026-05-07 14:36:18,7
u0106,p00023,skip,2026-05-07 15:54:18,4
u0105,p00008,collect,2026-05-07 16:10:18,110
u0029,p00331,skip,2026-05-07 16:12:18,8
u0064,p00333,like,2026-05-07 16:29:18,180
u0078,p00257,skip,2026-05-07 16:55:18,7
u0112,p00111,collect,2026-05-07 17:57:18,116
u0055,p00289,like,2026-05-07 18:27:18,42
u0065,p00276,skip,2026-05-07 18:31:18,3
u0076,p00149,skip,2026-05-07 19:41:18,8
u0069,p00318,like,2026-05-07 20:05:18,143
u0092,p00064,comment,2026-05-07 22:16:18,102
u0106,p00057,view,2026-05-07 22:59:18,98
u0095,p00148,skip,2026-05-08 00:23:18,6
u0087,p00058,comment,2026-05-08 01:42:18,231
u0044,p00296,skip,2026-05-08 02:15:18,4
u0119,p00250,skip,2026-05-08 03:14:18,9
u0006,p00051,skip,2026-05-08 03:15:18,4
u0068,p00229,skip,2026-05-08 03:36:18,8
u0085,p00299,view,2026-05-08 04:41:18,43
u0061,p00005,like,2026-05-08 05:36:18,86
u0077,p00059,skip,2026-05-08 06:31:18,2
u0056,p00184,view,2026-05-08 06:51:18,9
u0036,p00117,view,2026-05-08 07:51:18,28
u0051,p00225,skip,2026-05-08 08:13:18,10
u0099,p00057,skip,2026-05-08 08:25:18,3
u0101,p00290,skip,2026-05-08 10:00:18,3
u0034,p00115,skip,2026-05-08 11:34:18,8
u0080,p00194,skip,2026-05-08 12:11:18,8
u0090,p00244,skip,2026-05-08 12:42:18,11
u0018,p00333,skip,2026-05-08 13:32:18,11
u0002,p00163,view,2026-05-08 13:35:18,10
u0044,p00284,skip,2026-05-08 15:54:18,3
u0114,p00037,skip,2026-05-08 17:29:18,8
u0024,p00156,skip,2026-05-08 17:40:18,7
u0086,p00222,view,2026-05-08 17:48:18,88
u0096,p00164,skip,2026-05-08 18:50:18,12
u0029,p00094,like,2026-05-08 19:40:18,158
u0048,p00180,view,2026-05-08 19:55:18,33
u0029,p00247,skip,2026-05-08 20:38:18,9
u0111,p00020,skip,2026-05-08 21:00:18,3
u0013,p00234,view,2026-05-08 21:31:18,15
u0069,p00031,skip,2026-05-08 21:45:18,1
u0063,p00094,collect,2026-05-08 21:53:18,303
u0039,p00291,skip,2026-05-08 23:24:18,5
u0014,p00241,skip,2026-05-09 00:02:18,12
u0059,p00082,skip,2026-05-09 00:05:18,7
u0097,p00161,skip,2026-05-09 00:16:18,1
u0012,p00016,skip,2026-05-09 00:20:18,6
u0100,p00173,like,2026-05-09 00:26:18,88
u0042,p00198,skip,2026-05-09 01:07:18,6
u0090,p00247,view,2026-05-09 02:56:18,31
u0061,p00298,view,2026-05-09 03:44:18,49
u0014,p00222,skip,2026-05-09 03:54:18,10
u0089,p00198,skip,2026-05-09 04:17:18,9
u0078,p00153,view,2026-05-09 04:39:18,22
u0002,p00280,skip,2026-05-09 05:10:18,6
u0058,p00123,skip,2026-05-09 05:11:18,4
u0018,p00005,skip,2026-05-09 05:16:18,3
u0104,p00274,skip,2026-05-09 05:42:18,3
u0031,p00115,skip,2026-05-09 05:44:18,7
u0076,p00094,view,2026-05-09 05:45:18,47
u0019,p00234,skip,2026-05-09 06:03:18,9
u0053,p00198,skip,2026-05-09 06:27:18,10
u0086,p00200,like,2026-05-09 09:39:18,178
u0050,p00290,like,2026-05-09 10:38:18,110
u0032,p00013,skip,2026-05-09 11:13:18,6
u0051,p00201,skip,2026-05-09 11:25:18,7
u0039,p00005,skip,2026-05-09 11:43:18,8
u0079,p00152,skip,2026-05-09 12:13:18,4
u0073,p00147,skip,2026-05-09 12:45:18,8
u0074,p00343,skip,2026-05-09 13:37:18,5
u0049,p00343,view,2026-05-09 13:56:18,69
u0039,p00126,skip,2026-05-09 14:25:18,12
u0088,p00225,skip,2026-05-09 15:15:18,7
u0057,p00018,skip,2026-05-09 15:16:18,9
u0096,p00031,skip,2026-05-09 15:17:18,11
u0092,p00094,skip,2026-05-09 15:28:18,3
u0051,p00258,skip,2026-05-09 15:50:18,2
u0095,p00339,skip,2026-05-09 15:57:18,7
u0011,p00192,skip,2026-05-09 17:09:18,9
u0002,p00146,skip,2026-05-09 17:49:18,5
u0030,p00284,skip,2026-05-09 19:11:18,6
u0057,p00250,view,2026-05-09 20:18:18,80
u0088,p00232,skip,2026-05-09 21:22:18,11
u0037,p00046,view,2026-05-09 22:20:18,13
u0027,p00151,view,2026-05-09 22:36:18,33
u0073,p00095,skip,2026-05-09 23:03:18,12
u0006,p00060,skip,2026-05-09 23:23:18,7
u0116,p00208,skip,2026-05-09 23:26:18,11
u0073,p00008,comment,2026-05-10 00:37:18,128
u0113,p00059,skip,2026-05-10 01:26:18,2
u0110,p00353,like,2026-05-10 03:00:18,109
u0040,p00012,skip,2026-05-10 03:05:18,5
u0020,p00179,skip,2026-05-10 04:04:18,1
u0088,p00274,view,2026-05-10 04:04:18,33
u0029,p00222,view,2026-05-10 04:11:18,69
u0113,p00232,skip,2026-05-10 07:04:18,5
u0023,p00334,like,2026-05-10 07:05:18,69
u0072,p00158,skip,2026-05-10 07:14:18,6
u0097,p00152,skip,2026-05-10 09:12:18,1
u0067,p00281,skip,2026-05-10 10:06:18,11
u0115,p00152,skip,2026-05-10 10:11:18,7
u0061,p00061,skip,2026-05-10 10:32:18,3
u0050,p00088,skip,2026-05-10 10:40:18,10
u0051,p00131,view,2026-05-10 11:11:18,78
u0062,p00281,comment,2026-05-10 12:08:18,136
u0058,p00212,skip,2026-05-10 12:27:18,1
u0030,p00150,view,2026-05-10 12:50:18,102
u0075,p00074,skip,2026-05-10 13:04:18,8
u0029,p00225,view,2026-05-10 14:00:18,68
u0019,p00089,view,2026-05-10 14:08:18,25
u0094,p00188,skip,2026-05-10 14:21:18,6
u0027,p00272,skip,2026-05-10 14:22:18,6
u0065,p00175,skip,2026-05-10 15:59:18,4
u0056,p00252,skip,2026-05-10 17:12:18,1
u0071,p00147,collect,2026-05-10 18:16:18,129
u0014,p00152,view,2026-05-10 18:39:18,32
u0032,p00237,view,2026-05-10 18:54:18,24
u0086,p00186,skip,2026-05-10 19:56:18,10
u0053,p00023,skip,2026-05-10 21:17:18,6
u0053,p00279,like,2026-05-10 21:21:18,80
u0094,p00009,skip,2026-05-10 21:39:18,7
u0032,p00169,view,2026-05-10 22:19:18,78
u0105,p00292,skip,2026-05-10 22:40:18,3
u0102,p00205,skip,2026-05-10 22:55:18,7
u0076,p00191,skip,2026-05-10 22:58:18,9
u0032,p00275,like,2026-05-10 23:15:18,102
u0071,p00173,skip,2026-05-11 01:42:18,11
u0060,p00332,like,2026-05-11 02:16:18,139
u0100,p00062,view,2026-05-11 03:52:18,66
u0059,p00350,like,2026-05-11 04:06:18,93
u0101,p00094,comment,2026-05-11 06:14:18,178
u0106,p00145,skip,2026-05-11 06:16:18,1
u0001,p00008,skip,2026-05-11 08:27:18,11
u0064,p00008,skip,2026-05-11 09:21:18,5
u0081,p00342,skip,2026-05-11 09:33:18,7
u0007,p00244,skip,2026-05-11 10:40:18,1
u0033,p00217,skip,2026-05-11 10:57:18,3
u0026,p00064,view,2026-05-11 11:08:18,48
u0059,p00194,collect,2026-05-11 11:46:18,224
u0112,p00162,skip,2026-05-11 13:47:18,6
u0023,p00215,view,2026-05-11 14:15:18,7
u0087,p00145,view,2026-05-11 14:46:18,69
u0050,p00296,skip,2026-05-11 15:22:18,2
u0116,p00234,view,2026-05-11 15:26:18,10
u0111,p00082,skip,2026-05-11 15:46:18,2
u0038,p00177,skip,2026-05-11 16:03:18,7
u0077,p00274,comment,2026-05-11 16:08:18,168
u0048,p00272,view,2026-05-11 17:57:18,28
u0115,p00075,comment,2026-05-11 20:10:18,201
u0120,p00171,skip,2026-05-11 20:18:18,4
u0084,p00085,skip,2026-05-11 20:24:18,8
u0032,p00338,comment,2026-05-11 20:46:18,260
u0108,p00031,like,2026-05-11 20:55:18,156
u0118,p00014,skip,2026-05-11 21:55:18,8
u0016,p00056,collect,2026-05-11 22:01:18,138
u0009,p00325,comment,2026-05-11 22:52:18,230
u0086,p00280,view,2026-05-12 00:01:18,26
u0004,p00171,collect,2026-05-12 00:22:18,234
u0094,p00031,view,2026-05-12 00:31:18,34
u0003,p00343,skip,2026-05-12 00:44:18,5
u0070,p00272,skip,2026-05-12 01:44:18,5
u0094,p00009,skip,2026-05-12 03:22:18,4
u0105,p00312,skip,2026-05-12 03:35:18,6
u0068,p00071,collect,2026-05-12 04:29:18,316
u0027,p00348,skip,2026-05-12 05:17:18,3
u0050,p00246,skip,2026-05-12 06:32:18,10
u0027,p00158,skip,2026-05-12 07:02:18,1
u0056,p00227,skip,2026-05-12 07:07:18,6
u0086,p00250,skip,2026-05-12 08:28:18,2
u0083,p00111,view,2026-05-12 09:09:18,96
u0003,p00170,skip,2026-05-12 09:14:18,10
u0045,p00271,skip,2026-05-12 09:49:18,9
u0109,p00234,skip,2026-05-12 10:36:18,2
u0089,p00065,view,2026-05-12 11:00:18,15
u0028,p00115,view,2026-05-12 11:52:18,93
u0010,p00051,view,2026-05-12 13:17:18,104
u0116,p00353,comment,2026-05-12 13:57:18,163
u0057,p00175,like,2026-05-12 14:45:18,162
u0110,p00317,skip,2026-05-12 15:00:18,2
u0007,p00174,skip,2026-05-12 15:40:18,5
u0087,p00059,view,2026-05-12 16:23:18,17
u0098,p00065,skip,2026-05-12 16:47:18,2
u0088,p00188,skip,2026-05-12 17:03:18,6
u0097,p00088,view,2026-05-12 18:21:18,27
u0028,p00244,skip,2026-05-12 18:57:18,9
u0119,p00342,skip,2026-05-12 20:50:18,8
u0118,p00051,like,2026-05-12 21:49:18,40
u0001,p00338,skip,2026-05-13 01:36:18,4
u0077,p00094,comment,2026-05-13 02:54:18,135
u0048,p00272,skip,2026-05-13 03:22:18,12
u0036,p00137,skip,2026-05-13 03:45:18,8
u0050,p00151,view,2026-05-13 03:49:18,5
u0106,p00279,skip,2026-05-13 04:23:18,9
u0084,p00076,skip,2026-05-13 04:37:18,4
u0098,p00056,collect,2026-05-13 04:57:18,227
u0045,p00289,skip,2026-05-13 05:15:18,1
u0079,p00278,skip,2026-05-13 05:18:18,11
u0027,p00250,like,2026-05-13 05:47:18,150
u0100,p00256,view,2026-05-13 05:52:18,18
u0005,p00052,skip,2026-05-13 06:00:18,10
u0100,p00276,skip,2026-05-13 08:13:18,8
u0024,p00345,view,2026-05-13 09:03:18,12
u0010,p00162,skip,2026-05-13 09:22:18,4
u0084,p00302,skip,2026-05-13 09:37:18,5
u0091,p00203,skip,2026-05-13 09:50:18,6
u0105,p00035,like,2026-05-13 10:12:18,134
u0012,p00235,skip,2026-05-13 10:20:18,9
u0086,p00065,skip,2026-05-13 10:56:18,4
u0035,p00234,skip,2026-05-13 12:54:18,3
u0022,p00095,skip,2026-05-13 14:16:18,12
u0017,p00172,like,2026-05-13 14:17:18,123
u0102,p00172,skip,2026-05-13 14:24:18,11
u0005,p00052,skip,2026-05-13 15:14:18,10
u0097,p00072,view,2026-05-13 15:24:18,28
u0069,p00315,skip,2026-05-13 16:10:18,1
u0054,p00149,skip,2026-05-13 16:43:18,8
u0092,p00082,view,2026-05-13 17:24:18,37
u0078,p00267,view,2026-05-13 17:25:18,107
u0035,p00167,skip,2026-05-13 17:40:18,8
u0041,p00060,view,2026-05-13 19:27:18,98
u0025,p00013,skip,2026-05-13 19:56:18,3
u0036,p00149,collect,2026-05-13 20:12:18,198
u0090,p00122,skip,2026-05-13 20:44:18,5
u0033,p00076,collect,2026-05-13 20:46:18,96
u0096,p00131,skip,2026-05-13 21:39:18,3
u0007,p00205,like,2026-05-13 21:59:18,157
u0060,p00302,skip,2026-05-13 22:38:18,8
u0113,p00060,skip,2026-05-13 22:58:18,3
u0116,p00059,skip,2026-05-14 00:46:18,1
u0011,p00345,skip,2026-05-14 04:16:18,9
u0082,p00342,skip,2026-05-14 04:23:18,12
u0110,p00256,skip,2026-05-14 05:04:18,10
u0040,p00061,skip,2026-05-14 05:27:18,1
u0110,p00162,view,2026-05-14 05:56:18,98
u0004,p00164,view,2026-05-14 08:05:18,96
u0086,p00095,skip,2026-05-14 08:08:18,1
u0105,p00080,skip,2026-05-14 08:18:18,9
u0038,p00053,skip,2026-05-14 08:28:18,9
u0073,p00246,skip,2026-05-14 08:42:18,4
u0018,p00234,skip,2026-05-14 08:42:18,8
u0028,p00281,comment,2026-05-14 09:14:18,245
u0112,p00158,skip,2026-05-14 09:39:18,11
u0011,p00183,skip,2026-05-14 09:49:18,4
u0031,p00190,comment,2026-05-14 10:09:18,66
u0060,p00276,collect,2026-05-14 12:30:18,177
u0004,p00006,skip,2026-05-14 12:39:18,1
u0117,p00162,view,2026-05-14 12:56:18,90
u0008,p00299,skip,2026-05-14 14:12:18,12
u0079,p00321,skip,2026-05-14 14:55:18,11
u0006,p00121,skip,2026-05-14 15:30:18,5
u0087,p00005,skip,2026-05-14 15:37:18,8
u0062,p00100,skip,2026-05-14 16:02:18,4
u0032,p00284,skip,2026-05-14 16:32:18,7
u0023,p00075,skip,2026-05-14 16:36:18,3
u0024,p00170,skip,2026-05-14 17:31:18,12
u0115,p00061,like,2026-05-14 17:47:18,155
u0092,p00034,skip,2026-05-14 18:29:18,3
u0039,p00205,skip,2026-05-14 19:06:18,8
u0039,p00325,view,2026-05-14 20:36:18,38
u0045,p00040,skip,2026-05-14 20:53:18,11
u0093,p00347,collect,2026-05-14 22:07:18,87
u0025,p00276,like,2026-05-14 22:17:18,60
u0086,p00029,like,2026-05-14 22:45:18,163
u0036,p00147,skip,2026-05-14 23:19:18,12
u0012,p00290,skip,2026-05-14 23:41:18,1
u0092,p00151,skip,2026-05-14 23:52:18,11
u0054,p00221,skip,2026-05-15 00:59:18,2
u0111,p00188,like,2026-05-15 02:36:18,156
u0114,p00235,skip,2026-05-15 02:42:18,7
u0016,p00251,view,2026-05-15 03:27:18,20
u0015,p00319,view,2026-05-15 04:53:18,12
u0077,p00026,skip,2026-05-15 06:10:18,3
u0115,p00188,like,2026-05-15 06:38:18,79
u0027,p00151,view,2026-05-15 06:56:18,25
u0103,p00302,skip,2026-05-15 08:57:18,10
u0072,p00283,skip,2026-05-15 09:23:18,2
u0120,p00296,skip,2026-05-15 09:34:18,6
u0093,p00326,skip,2026-05-15 09:44:18,1
u0088,p00035,skip,2026-05-15 09:59:18,2
u0050,p00299,skip,2026-05-15 10:08:18,12
u0022,p00302,view,2026-05-15 10:54:18,18
u0105,p00182,skip,2026-05-15 12:37:18,9
u0002,p00120,skip,2026-05-15 12:52:18,11
u0012,p00303,skip,2026-05-15 13:15:18,6
u0073,p00020,like,2026-05-15 13:23:18,83
u0092,p00321,view,2026-05-15 13:24:18,58
u0062,p00211,like,2026-05-15 13:28:18,71
u0098,p00262,view,2026-05-15 14:31:18,79
u0084,p00124,skip,2026-05-15 17:32:18,9
u0115,p00192,skip,2026-05-15 19:18:18,8
u0072,p00198,skip,2026-05-15 19:19:18,12
u0102,p00319,collect,2026-05-15 19:20:18,218
u0110,p00339,comment,2026-05-15 19:21:18,152
u0023,p00263,skip,2026-05-15 19:35:18,2
u0100,p00013,skip,2026-05-15 19:59:18,2
u0112,p00203,skip,2026-05-15 20:16:18,11
u0021,p00008,view,2026-05-15 20:33:18,53
u0069,p00149,like,2026-05-15 22:27:18,66
u0037,p00052,skip,2026-05-15 22:37:18,8
u0067,p00334,skip,2026-05-15 22:43:18,6
u0102,p00278,skip,2026-05-15 22:48:18,4
u0027,p00246,collect,2026-05-16 01:03:18,257
u0110,p00269,skip,2026-05-16 01:07:18,5
u0019,p00262,skip,2026-05-16 01:12:18,12
u0044,p00332,view,2026-05-16 02:43:18,37
u0089,p00201,skip,2026-05-16 03:33:18,3
u0019,p00008,view,2026-05-16 05:11:18,21
u0072,p00229,skip,2026-05-16 06:41:18,10
u0107,p00136,skip,2026-05-16 06:55:18,8
u0098,p00062,view,2026-05-16 10:26:18,68
u0078,p00033,comment,2026-05-16 11:11:18,122
u0088,p00194,view,2026-05-16 11:51:18,75
u0007,p00269,skip,2026-05-16 12:29:18,5
u0069,p00274,skip,2026-05-16 12:29:18,2
u0018,p00026,skip,2026-05-16 12:33:18,6
u0069,p00018,skip,2026-05-16 13:07:18,5
u0036,p00034,collect,2026-05-16 15:36:18,83
u0025,p00095,skip,2026-05-16 15:43:18,5
u0032,p00087,skip,2026-05-16 16:43:18,3
u0106,p00267,like,2026-05-16 17:50:18,97
u0043,p00087,skip,2026-05-16 19:26:18,7
u0021,p00151,skip,2026-05-16 19:44:18,2
u0059,p00117,skip,2026-05-16 19:44:18,9
u0113,p00237,view,2026-05-16 19:56:18,21
u0042,p00133,skip,2026-05-16 20:42:18,10
u0038,p00276,skip,2026-05-16 20:55:18,10
u0090,p00163,skip,2026-05-16 20:55:18,11
u0010,p00142,skip,2026-05-16 20:56:18,9
u0050,p00297,skip,2026-05-16 21:21:18,9
u0067,p00237,skip,2026-05-16 21:54:18,1
u0115,p00283,like,2026-05-16 23:46:18,167
u0082,p00146,comment,2026-05-17 01:06:18,120
u0041,p00147,like,2026-05-17 01:06:18,139
u0053,p00215,skip,2026-05-17 01:40:18,7
u0021,p00234,skip,2026-05-17 02:42:18,12
u0022,p00180,skip,2026-05-17 04:36:18,2
u0035,p00353,skip,2026-05-17 04:44:18,1
u0005,p00011,skip,2026-05-17 05:07:18,2
u0120,p00198,skip,2026-05-17 06:23:18,4
u0019,p00184,view,2026-05-17 07:16:18,17
u0114,p00195,skip,2026-05-17 09:10:18,5
u0096,p00136,skip,2026-05-17 09:24:18,9
u0061,p00315,collect,2026-05-17 10:14:18,136
u0076,p00082,view,2026-05-17 10:18:18,92
u0017,p00147,skip,2026-05-17 10:26:18,12
u0027,p00020,skip,2026-05-17 12:15:18,10
u0031,p00308,skip,2026-05-17 12:58:18,6
u0057,p00180,skip,2026-05-17 14:22:18,8
u0061,p00131,skip,2026-05-17 14:35:18,4
u0036,p00161,skip,2026-05-17 14:35:18,4
u0020,p00082,skip,2026-05-17 15:22:18,5
u0105,p00071,like,2026-05-17 15:24:18,51
u0062,p00155,skip,2026-05-17 15:43:18,4
u0033,p00217,skip,2026-05-17 15:43:18,6
u0007,p00180,skip,2026-05-17 16:46:18,6
u0115,p00350,skip,2026-05-17 17:08:18,3
u0034,p00190,skip,2026-05-17 17:38:18,11
u0074,p00137,skip,2026-05-17 19:35:18,10
u0082,p00322,skip,2026-05-17 19:59:18,3
u0053,p00177,skip,2026-05-17 20:47:18,3
u0042,p00059,skip,2026-05-17 21:09:18,7
u0032,p00163,skip,2026-05-17 21:30:18,9
u0019,p00217,skip,2026-05-17 23:14:18,12
u0082,p00096,like,2026-05-18 00:03:18,75
u0054,p00058,collect,2026-05-18 03:38:18,197
u0026,p00005,view,2026-05-18 05:56:18,33
u0056,p00263,skip,2026-05-18 06:29:18,10
u0112,p00031,skip,2026-05-18 06:33:18,1
u0116,p00013,skip,2026-05-18 07:11:18,7
u0018,p00061,view,2026-05-18 07:23:18,20
u0021,p00056,skip,2026-05-18 08:31:18,4
u0083,p00281,skip,2026-05-18 08:38:18,11
u0106,p00272,skip,2026-05-18 08:53:18,10
u0069,p00347,skip,2026-05-18 09:10:18,2
u0081,p00093,collect,2026-05-18 09:21:18,271
u0010,p00353,skip,2026-05-18 10:10:18,11
u0059,p00058,like,2026-05-18 10:12:18,155
u0040,p00046,collect,2026-05-18 13:04:18,84
u0007,p00244,view,2026-05-18 13:05:18,106
u0036,p00205,skip,2026-05-18 13:51:18,10
u0057,p00276,view,2026-05-18 14:27:18,79
u0080,p00201,skip,2026-05-18 14:49:18,7
u0015,p00147,skip,2026-05-18 16:26:18,6
u0049,p00009,view,2026-05-18 16:50:18,28
u0007,p00278,skip,2026-05-18 16:53:18,3
u0112,p00272,like,2026-05-18 17:47:18,49
u0089,p00152,skip,2026-05-18 18:20:18,2
u0092,p00242,skip,2026-05-18 18:53:18,7
u0057,p00151,skip,2026-05-18 19:51:18,10
u0068,p00282,skip,2026-05-18 20:44:18,9
u0015,p00040,skip,2026-05-18 20:49:18,9
u0066,p00330,collect,2026-05-18 20:52:18,123
u0006,p00285,view,2026-05-18 20:56:18,107
u0021,p00262,view,2026-05-18 21:43:18,62
u0065,p00341,skip,2026-05-18 21:52:18,3
u0059,p00329,view,2026-05-18 23:47:18,59
u0115,p00062,view,2026-05-19 00:36:18,55
u0090,p00264,skip,2026-05-19 00:53:18,4
u0020,p00214,skip,2026-05-19 01:12:18,3
u0040,p00309,skip,2026-05-19 04:38:18,1
u0099,p00131,view,2026-05-19 05:20:18,19
u0077,p00056,comment,2026-05-19 05:58:18,173
u0044,p00221,skip,2026-05-19 06:54:18,5
u0112,p00294,view,2026-05-19 06:55:18,18
u0010,p00205,skip,2026-05-19 07:04:18,7
u0100,p00289,skip,2026-05-19 07:41:18,3
u0060,p00034,view,2026-05-19 08:56:18,74
u0081,p00326,skip,2026-05-19 08:58:18,10
u0003,p00123,skip,2026-05-19 10:16:18,10
u0055,p00221,skip,2026-05-19 10:18:18,11
u0075,p00318,skip,2026-05-19 12:13:18,7
u0039,p00271,skip,2026-05-19 12:40:18,1
u0029,p00208,skip,2026-05-19 13:16:18,3
u0062,p00147,like,2026-05-19 13:18:18,58
u0074,p00062,skip,2026-05-19 15:01:18,2
u0033,p00262,skip,2026-05-19 16:05:18,12
u0113,p00359,skip,2026-05-19 16:11:18,1
u0046,p00169,skip,2026-05-19 16:33:18,6
u0044,p00359,skip,2026-05-19 17:59:18,5
u0044,p00191,skip,2026-05-19 18:23:18,1
u0066,p00214,skip,2026-05-19 19:32:18,12
u0094,p00312,skip,2026-05-19 19:36:18,12
u0009,p00145,skip,2026-05-19 20:04:18,7
u0045,p00147,skip,2026-05-19 20:59:18,7
u0003,p00222,view,2026-05-19 22:06:18,8
u0092,p00237,view,2026-05-19 22:10:18,64
u0003,p00313,skip,2026-05-19 22:15:18,10
u0039,p00183,skip,2026-05-19 23:31:18,4
u0015,p00008,skip,2026-05-20 00:57:18,8
u0009,p00262,skip,2026-05-20 02:18:18,1
u0058,p00152,skip,2026-05-20 02:38:18,10
u0048,p00062,skip,2026-05-20 02:49:18,1
u0110,p00190,skip,2026-05-20 02:57:18,1
u0078,p00272,view,2026-05-20 03:09:18,92
u0054,p00181,view,2026-05-20 03:55:18,16
u0019,p00227,collect,2026-05-20 04:15:18,82
u0031,p00317,skip,2026-05-20 04:40:18,12
u0089,p00289,comment,2026-05-20 04:44:18,71
u0006,p00330,like,2026-05-20 08:35:18,164
u0089,p00359,view,2026-05-20 08:57:18,27
u0087,p00269,skip,2026-05-20 09:21:18,1
u0101,p00201,skip,2026-05-20 11:58:18,1
u0086,p00278,skip,2026-05-20 13:04:18,6
u0041,p00278,like,2026-05-20 13:09:18,157
u0021,p00329,view,2026-05-20 14:49:18,18
u0102,p00072,skip,2026-05-20 16:09:18,4
u0043,p00056,collect,2026-05-20 16:40:18,179
u0031,p00114,skip,2026-05-20 17:22:18,2
u0002,p00343,skip,2026-05-20 17:25:18,8
u0046,p00169,view,2026-05-20 17:51:18,56
u0075,p00057,skip,2026-05-20 18:26:18,3
u0027,p00338,skip,2026-05-20 19:24:18,11
u0030,p00297,view,2026-05-20 21:31:18,95
u0060,p00019,view,2026-05-20 21:33:18,71
u0059,p00146,view,2026-05-20 21:43:18,98
u0119,p00312,skip,2026-05-20 21:54:18,2
u0014,p00200,view,2026-05-20 21:58:18,114
u0023,p00143,skip,2026-05-20 22:35:18,3
u0095,p00085,skip,2026-05-20 22:57:18,5
u0070,p00046,view,2026-05-20 23:06:18,76
u0101,p00122,skip,2026-05-20 23:28:18,3
u0066,p00060,like,2026-05-20 23:37:18,56
u0116,p00292,skip,2026-05-20 23:57:18,3
u0080,p00200,like,2026-05-21 00:04:18,123
u0030,p00296,view,2026-05-21 00:52:18,10
u0014,p00035,skip,2026-05-21 01:07:18,12
u0043,p00053,skip,2026-05-21 01:46:18,9
u0079,p00020,skip,2026-05-21 03:21:18,5
u0089,p00301,skip,2026-05-21 03:49:18,5
u0074,p00184,skip,2026-05-21 03:51:18,12
u0054,p00119,skip,2026-05-21 07:50:18,4
u0081,p00276,view,2026-05-21 09:32:18,60
u0033,p00294,skip,2026-05-21 09:35:18,1
u0037,p00227,skip,2026-05-21 09:40:18,4
u0022,p00162,comment,2026-05-21 09:55:18,140
u0110,p00305,skip,2026-05-21 11:28:18,2
u0093,p00056,view,2026-05-21 11:35:18,118
u0087,p00269,skip,2026-05-21 14:03:18,6
u0079,p00105,skip,2026-05-21 14:08:18,2
u0028,p00183,skip,2026-05-21 14:11:18,9
u0013,p00258,comment,2026-05-21 14:12:18,133
u0114,p00267,skip,2026-05-21 14:14:18,11
u0037,p00175,collect,2026-05-21 14:17:18,144
u0045,p00343,skip,2026-05-21 14:33:18,1
u0090,p00071,skip,2026-05-21 15:04:18,10
u0058,p00243,view,2026-05-21 16:09:18,109
u0054,p00225,skip,2026-05-21 17:07:18,8
u0078,p00133,like,2026-05-21 17:49:18,132
u0114,p00302,view,2026-05-21 18:28:18,68
u0107,p00247,like,2026-05-21 18:43:18,72
u0042,p00056,view,2026-05-21 18:44:18,28
u0032,p00297,view,2026-05-21 20:22:18,22
u0111,p00188,comment,2026-05-21 20:27:18,73
u0034,p00009,view,2026-05-21 20:51:18,27
u0052,p00034,skip,2026-05-21 21:33:18,6
u0058,p00146,skip,2026-05-21 22:24:18,1
u0110,p00162,view,2026-05-22 01:57:18,55
u0116,p00037,skip,2026-05-22 02:01:18,2
u0047,p00117,like,2026-05-22 02:18:18,75
u0082,p00093,skip,2026-05-22 02:38:18,4
u0061,p00005,skip,2026-05-22 02:53:18,4
u0058,p00221,view,2026-05-22 03:00:18,19
u0106,p00301,skip,2026-05-22 03:15:18,3
u0066,p00172,skip,2026-05-22 03:55:18,9
u0026,p00171,skip,2026-05-22 04:01:18,4
u0086,p00279,skip,2026-05-22 04:06:18,12
u0046,p00057,view,2026-05-22 04:38:18,49
u0077,p00259,skip,2026-05-22 05:44:18,8
u0118,p00008,skip,2026-05-22 06:05:18,11
u0001,p00063,skip,2026-05-22 06:06:18,7
u0059,p00280,skip,2026-05-22 07:17:18,1
u0118,p00203,comment,2026-05-22 07:28:18,195
u0003,p00263,skip,2026-05-22 08:46:18,7
u0083,p00167,like,2026-05-22 09:08:18,111
u0114,p00333,skip,2026-05-22 09:16:18,3
u0033,p00013,collect,2026-05-22 09:26:18,299
u0014,p00111,skip,2026-05-22 10:04:18,2
u0018,p00035,view,2026-05-22 11:38:18,70
u0108,p00343,skip,2026-05-22 11:51:18,9
u0018,p00131,skip,2026-05-22 12:12:18,1
u0109,p00058,view,2026-05-22 12:53:18,30
u0001,p00225,skip,2026-05-22 12:57:18,11
u0073,p00185,comment,2026-05-22 13:02:18,140
u0042,p00276,skip,2026-05-22 15:16:18,3
u0089,p00152,skip,2026-05-22 15:19:18,2
u0016,p00319,like,2026-05-22 16:06:18,104
u0120,p00200,collect,2026-05-22 16:23:18,155
u0049,p00256,view,2026-05-22 17:35:18,5
u0070,p00064,view,2026-05-22 17:43:18,29
u0024,p00271,view,2026-05-22 18:56:18,47
u0032,p00094,view,2026-05-22 19:46:18,56
u0038,p00115,skip,2026-05-22 19:51:18,6
u0104,p00100,skip,2026-05-22 19:52:18,10
u0111,p00056,view,2026-05-22 20:13:18,113
u0115,p00251,view,2026-05-22 21:47:18,19
u0011,p00133,skip,2026-05-22 21:57:18,8
u0084,p00250,skip,2026-05-22 23:06:18,6
u0029,p00246,view,2026-05-22 23:28:18,29
u0070,p00188,skip,2026-05-22 23:49:18,11
u0075,p00298,skip,2026-05-23 00:26:18,10
u0115,p00229,skip,2026-05-23 01:21:18,9
u0110,p00074,like,2026-05-23 01:57:18,153
u0006,p00321,collect,2026-05-23 02:14:18,99
u0025,p00325,like,2026-05-23 02:26:18,163
u0069,p00234,skip,2026-05-23 03:17:18,7
u0092,p00042,comment,2026-05-23 03:48:18,254
u0056,p00302,skip,2026-05-23 03:48:18,11
u0012,p00208,view,2026-05-23 05:04:18,90
u0052,p00057,view,2026-05-23 05:30:18,40
u0087,p00345,skip,2026-05-23 07:14:18,4
u0098,p00187,skip,2026-05-23 07:34:18,10
u0111,p00234,like,2026-05-23 07:45:18,104
u0022,p00177,like,2026-05-23 08:02:18,174
u0070,p00250,skip,2026-05-23 08:02:18,8
u0024,p00095,skip,2026-05-23 08:55:18,12
u0060,p00289,collect,2026-05-23 09:03:18,135
u0119,p00162,skip,2026-05-23 10:19:18,12
u0019,p00031,skip,2026-05-23 10:33:18,7
u0014,p00217,skip,2026-05-23 11:52:18,4
u0095,p00242,skip,2026-05-23 12:40:18,11
u0085,p00055,skip,2026-05-23 14:39:18,9
u0062,p00316,view,2026-05-23 16:26:18,32
u0104,p00082,skip,2026-05-23 16:41:18,3
u0069,p00338,skip,2026-05-23 16:49:18,2
u0016,p00062,view,2026-05-23 16:57:18,28
u0094,p00326,skip,2026-05-23 17:05:18,9
u0003,p00319,view,2026-05-23 17:11:18,84
u0051,p00146,like,2026-05-23 17:16:18,104
u0042,p00219,skip,2026-05-23 17:54:18,10
u0023,p00202,skip,2026-05-23 18:02:18,11
u0013,p00133,skip,2026-05-23 18:37:18,9
u0077,p00222,skip,2026-05-23 19:12:18,2
u0011,p00353,skip,2026-05-23 19:18:18,10
u0025,p00184,skip,2026-05-23 19:48:18,4
u0027,p00137,skip,2026-05-23 20:25:18,1
u0035,p00198,skip,2026-05-23 20:34:18,9
u0096,p00052,skip,2026-05-23 21:47:18,10
u0043,p00281,skip,2026-05-23 23:18:18,11
u0032,p00059,view,2026-05-23 23:47:18,21
u0059,p00334,view,2026-05-23 23:49:18,15
u0006,p00120,skip,2026-05-24 00:37:18,12
u0009,p00145,skip,2026-05-24 00:49:18,6
u0033,p00359,view,2026-05-24 01:16:18,11
u0065,p00233,skip,2026-05-24 01:48:18,7
u0065,p00053,skip,2026-05-24 02:39:18,4
u0045,p00174,skip,2026-05-24 02:44:18,7
u0057,p00008,skip,2026-05-24 05:20:18,3
u0014,p00156,skip,2026-05-24 05:21:18,12
u0034,p00060,view,2026-05-24 05:39:18,67
u0096,p00326,like,2026-05-24 07:04:18,174
u0096,p00202,view,2026-05-24 08:06:18,90
u0088,p00265,skip,2026-05-24 08:46:18,7
u0034,p00026,view,2026-05-24 08:59:18,11
u0023,p00041,skip,2026-05-24 10:15:18,3
u0038,p00074,comment,2026-05-24 11:20:18,156
u0114,p00048,like,2026-05-24 13:41:18,112
u0054,p00084,view,2026-05-24 14:45:18,16
u0102,p00049,skip,2026-05-24 15:19:18,11
u0013,p00342,comment,2026-05-24 15:32:18,222
u0102,p00161,skip,2026-05-24 16:03:18,10
u0086,p00161,collect,2026-05-24 16:19:18,147
u0002,p00142,skip,2026-05-24 17:25:18,10
u0088,p00096,skip,2026-05-24 17:26:18,10
u0088,p00272,view,2026-05-24 17:38:18,34
u0015,p00290,skip,2026-05-24 19:20:18,4
u0052,p00332,skip,2026-05-24 19:30:18,2
u0021,p00122,skip,2026-05-24 20:23:18,11
u0064,p00120,skip,2026-05-24 21:07:18,12
u0048,p00219,skip,2026-05-24 21:16:18,2
u0108,p00147,skip,2026-05-24 21:32:18,7
u0042,p00267,skip,2026-05-24 21:54:18,5
u0084,p00087,skip,2026-05-24 23:26:18,9
u0103,p00026,view,2026-05-25 00:55:18,12
u0010,p00073,like,2026-05-25 01:22:18,114
u0069,p00084,skip,2026-05-25 01:57:18,3
u0086,p00269,skip,2026-05-25 02:32:18,11
u0072,p00297,skip,2026-05-25 05:09:18,8
u0055,p00174,view,2026-05-25 07:52:18,95
u0115,p00182,skip,2026-05-25 08:19:18,3
u0003,p00094,skip,2026-05-25 08:23:18,1
u0008,p00244,skip,2026-05-25 09:29:18,5
u0061,p00076,skip,2026-05-25 10:01:18,10
u0087,p00285,like,2026-05-25 10:20:18,176
u0013,p00173,skip,2026-05-25 10:35:18,5
u0046,p00208,skip,2026-05-25 10:41:18,8
u0032,p00251,skip,2026-05-25 11:03:18,11
u0023,p00151,skip,2026-05-25 11:28:18,5
u0085,p00184,view,2026-05-25 12:15:18,24
u0057,p00162,view,2026-05-25 12:25:18,86
u0020,p00359,view,2026-05-25 12:51:18,9
u0023,p00217,skip,2026-05-25 13:17:18,11
u0007,p00213,skip,2026-05-25 14:01:18,10
u0070,p00215,like,2026-05-25 15:45:18,106
u0094,p00191,skip,2026-05-25 16:30:18,10
u0038,p00094,skip,2026-05-25 16:44:18,6
u0101,p00297,comment,2026-05-25 16:53:18,189
u0035,p00049,skip,2026-05-25 17:29:18,12
u0013,p00170,skip,2026-05-25 18:59:18,1
u0006,p00317,skip,2026-05-25 19:28:18,5
u0113,p00271,skip,2026-05-25 20:23:18,7
u0065,p00153,skip,2026-05-25 20:41:18,8
u0087,p00009,skip,2026-05-25 21:02:18,11
u0046,p00308,skip,2026-05-25 21:03:18,9
u0037,p00326,comment,2026-05-25 22:17:18,190
u0096,p00357,view,2026-05-25 22:55:18,15
u0015,p00328,skip,2026-05-26 01:19:18,4
u0109,p00294,skip,2026-05-26 01:56:18,7
u0058,p00200,skip,2026-05-26 04:59:18,10
u0050,p00156,skip,2026-05-26 05:09:18,12
u0053,p00029,view,2026-05-26 05:36:18,84
u0003,p00082,skip,2026-05-26 06:18:18,7
u0108,p00303,skip,2026-05-26 06:46:18,4
u0004,p00047,skip,2026-05-26 07:57:18,12
u0044,p00215,skip,2026-05-26 08:31:18,1
u0051,p00005,skip,2026-05-26 08:40:18,7
u0028,p00018,skip,2026-05-26 10:12:18,7
u0007,p00162,view,2026-05-26 10:17:18,26
u0115,p00202,skip,2026-05-26 11:02:18,8
u0107,p00152,skip,2026-05-26 11:53:18,7
u0109,p00341,comment,2026-05-26 12:23:18,173
u0078,p00191,like,2026-05-26 12:52:18,77
u0036,p00169,skip,2026-05-26 13:08:18,2
u0074,p00303,like,2026-05-26 13:21:18,151
u0005,p00269,like,2026-05-26 13:47:18,107
u0035,p00153,skip,2026-05-26 14:23:18,12
u0071,p00136,skip,2026-05-26 14:31:18,11
u0026,p00026,skip,2026-05-26 14:36:18,6
u0092,p00329,skip,2026-05-26 15:52:18,1
u0069,p00126,skip,2026-05-26 15:52:18,5
u0005,p00285,skip,2026-05-26 16:06:18,5
u0084,p00308,skip,2026-05-26 17:09:18,7
u0060,p00019,like,2026-05-26 17:48:18,116
u0004,p00203,view,2026-05-26 17:49:18,15
u0010,p00357,view,2026-05-26 19:15:18,23
u0042,p00332,skip,2026-05-26 19:31:18,1
u0093,p00267,view,2026-05-26 19:37:18,38
u0003,p00282,view,2026-05-26 21:40:18,5
u0089,p00026,like,2026-05-26 23:49:18,165
u0020,p00014,skip,2026-05-27 00:09:18,4
u0014,p00124,like,2026-05-27 01:04:18,158
u0067,p00011,skip,2026-05-27 01:47:18,3
u0085,p00155,skip,2026-05-27 03:02:18,8
u0022,p00094,skip,2026-05-27 03:21:18,10
u0031,p00182,like,2026-05-27 03:35:18,135
u0118,p00200,view,2026-05-27 04:49:18,69
u0013,p00180,skip,2026-05-27 04:50:18,12
u0086,p00299,skip,2026-05-27 05:39:18,10
u0117,p00283,skip,2026-05-27 05:51:18,3
u0083,p00250,view,2026-05-27 05:59:18,117
u0026,p00180,skip,2026-05-27 07:17:18,4
u0087,p00084,skip,2026-05-27 08:40:18,9
u0114,p00060,collect,2026-05-27 08:55:18,203
u0023,p00247,skip,2026-05-27 09:29:18,1
u0050,p00041,view,2026-05-27 09:47:18,119
u0021,p00253,skip,2026-05-27 10:59:18,5
u0033,p00246,view,2026-05-27 11:29:18,15
u0081,p00042,skip,2026-05-27 12:08:18,9
u0093,p00020,like,2026-05-27 12:23:18,137
u0110,p00308,skip,2026-05-27 12:39:18,4
u0081,p00053,comment,2026-05-27 13:03:18,113
u0097,p00174,skip,2026-05-27 14:45:18,2
u0028,p00214,view,2026-05-27 16:00:18,79
u0026,p00012,comment,2026-05-27 16:30:18,109
u0119,p00080,skip,2026-05-27 18:30:18,9
u0025,p00137,skip,2026-05-27 19:38:18,1
u0042,p00322,view,2026-05-27 22:06:18,9
u0016,p00205,view,2026-05-27 22:48:18,81
u0017,p00151,skip,2026-05-27 23:13:18,7
u0035,p00095,skip,2026-05-27 23:17:18,7
u0022,p00052,skip,2026-05-27 23:59:18,9
u0055,p00225,skip,2026-05-28 00:31:18,10
u0048,p00088,skip,2026-05-28 00:53:18,6
u0060,p00122,skip,2026-05-28 01:18:18,11
u0046,p00147,like,2026-05-28 02:53:18,56
u0040,p00014,skip,2026-05-28 03:02:18,2
u0025,p00246,skip,2026-05-28 03:09:18,11
u0070,p00008,skip,2026-05-28 03:55:18,10
u0114,p00333,skip,2026-05-28 04:38:18,7
u0070,p00272,collect,2026-05-28 05:05:18,156
u0106,p00057,skip,2026-05-28 05:56:18,9
u0017,p00072,like,2026-05-28 06:42:18,157
u0079,p00147,view,2026-05-28 06:48:18,19
u0105,p00206,skip,2026-05-28 07:15:18,11
u0034,p00212,view,2026-05-28 08:31:18,10
u0087,p00258,skip,2026-05-28 10:21:18,7
u0004,p00035,view,2026-05-28 10:37:18,65
u0041,p00297,skip,2026-05-28 10:40:18,5
u0105,p00152,skip,2026-05-28 10:55:18,5
u0039,p00252,skip,2026-05-28 12:04:18,7
u0032,p00318,skip,2026-05-28 12:51:18,7
u0010,p00012,skip,2026-05-28 12:52:18,2
u0090,p00282,skip,2026-05-28 13:15:18,6
u0029,p00096,skip,2026-05-28 13:18:18,10
u0027,p00084,skip,2026-05-28 13:26:18,1
u0061,p00005,view,2026-05-28 13:42:18,46
u0119,p00182,skip,2026-05-28 14:17:18,1
u0068,p00193,skip,2026-05-28 15:56:18,12
u0118,p00147,view,2026-05-28 16:05:18,26
u0108,p00246,skip,2026-05-28 16:15:18,5
u0119,p00333,skip,2026-05-28 16:51:18,10
u0075,p00074,skip,2026-05-28 16:55:18,3
u0061,p00074,skip,2026-05-28 17:50:18,3
u0050,p00151,skip,2026-05-28 17:53:18,7
u0104,p00006,skip,2026-05-28 17:56:18,4
u0027,p00313,skip,2026-05-28 18:47:18,12
u0117,p00014,skip,2026-05-28 19:37:18,2
u0023,p00158,view,2026-05-28 19:38:18,24
u0096,p00304,skip,2026-05-28 21:07:18,10
u0106,p00315,collect,2026-05-28 21:12:18,123
u0100,p00032,skip,2026-05-28 23:27:18,11
u0035,p00133,view,2026-05-29 00:28:18,27
u0017,p00214,skip,2026-05-29 01:08:18,9
u0050,p00051,skip,2026-05-29 03:28:18,11
u0029,p00060,comment,2026-05-29 04:00:18,248
u0117,p00151,collect,2026-05-29 05:07:18,191
u0076,p00299,skip,2026-05-29 07:44:18,6
u0009,p00219,view,2026-05-29 08:18:18,10
u0101,p00232,skip,2026-05-29 09:10:18,9
u0010,p00213,skip,2026-05-29 10:58:18,12
u0026,p00341,skip,2026-05-29 11:48:18,4
u0030,p00201,skip,2026-05-29 12:30:18,9
u0069,p00308,skip,2026-05-29 13:41:18,2
u0116,p00096,view,2026-05-29 13:57:18,5
u0071,p00162,skip,2026-05-29 14:18:18,3
u0115,p00008,view,2026-05-29 15:35:18,31
u0101,p00187,skip,2026-05-29 15:43:18,5
u0104,p00051,skip,2026-05-29 15:55:18,3
u0023,p00040,view,2026-05-29 16:19:18,25
u0037,p00208,view,2026-05-29 16:20:18,57
u0098,p00241,comment,2026-05-29 17:07:18,201
u0002,p00252,skip,2026-05-29 18:41:18,10
u0067,p00137,skip,2026-05-29 19:09:18,5
u0089,p00026,skip,2026-05-29 20:24:18,3
u0120,p00276,skip,2026-05-29 21:04:18,1
u0058,p00333,view,2026-05-29 21:15:18,47
u0078,p00019,comment,2026-05-29 21:49:18,130
u0111,p00126,skip,2026-05-29 21:50:18,2
u0004,p00175,like,2026-05-29 22:33:18,140
u0098,p00009,skip,2026-05-29 23:01:18,12
u0046,p00308,view,2026-05-29 23:24:18,13
u0067,p00100,skip,2026-05-29 23:24:18,8
u0064,p00072,skip,2026-05-29 23:29:18,11
u0072,p00195,skip,2026-05-30 00:14:18,3
u0053,p00060,skip,2026-05-30 01:11:18,11
u0020,p00056,view,2026-05-30 01:34:18,68
u0112,p00308,skip,2026-05-30 02:55:18,3
u0038,p00169,skip,2026-05-30 03:54:18,6
u0029,p00272,like,2026-05-30 04:21:18,39
u0032,p00156,skip,2026-05-30 05:12:18,11
u0106,p00302,like,2026-05-30 06:48:18,105
u0015,p00075,like,2026-05-30 07:31:18,179
u0027,p00190,skip,2026-05-30 07:42:18,7
u0055,p00193,view,2026-05-30 08:57:18,86
u0067,p00343,comment,2026-05-30 08:58:18,213
u0051,p00225,skip,2026-05-30 09:22:18,8
u0070,p00084,collect,2026-05-30 10:49:18,293
u0066,p00267,skip,2026-05-30 11:48:18,7
u0028,p00251,skip,2026-05-30 11:51:18,3
u0098,p00310,view,2026-05-30 11:54:18,42
u0048,p00100,skip,2026-05-30 12:01:18,1
u0010,p00315,skip,2026-05-30 12:42:18,1
u0010,p00221,like,2026-05-30 13:42:18,65
u0021,p00244,view,2026-05-30 13:47:18,35
u0047,p00343,skip,2026-05-30 13:58:18,4
u0077,p00073,like,2026-05-30 14:06:18,108
u0014,p00225,skip,2026-05-30 14:44:18,6
u0113,p00056,view,2026-05-30 15:03:18,20
u0078,p00167,view,2026-05-30 15:25:18,44
u0062,p00158,collect,2026-05-30 15:28:18,94
u0097,p00267,like,2026-05-30 16:03:18,146
u0086,p00174,view,2026-05-30 18:20:18,98
u0068,p00212,skip,2026-05-30 18:22:18,1
u0058,p00122,skip,2026-05-30 19:22:18,8
u0035,p00040,comment,2026-05-30 19:34:18,199
u0015,p00075,skip,2026-05-30 20:05:18,3
u0075,p00237,skip,2026-05-30 20:08:18,2
u0116,p00056,comment,2026-05-30 22:09:18,173
u0091,p00055,view,2026-05-30 22:30:18,37
u0081,p00126,skip,2026-05-30 22:33:18,9
u0031,p00234,skip,2026-05-30 23:58:18,9
u0079,p00054,skip,2026-05-31 01:52:18,11
u0073,p00316,skip,2026-05-31 01:55:18,12
u0038,p00319,like,2026-05-31 02:05:18,161
u0078,p00211,skip,2026-05-31 02:13:18,6
u0113,p00167,collect,2026-05-31 04:29:18,85
u0072,p00023,skip,2026-05-31 04:32:18,12
u0064,p00041,skip,2026-05-31 04:34:18,3
u0051,p00326,skip,2026-05-31 04:37:18,3
u0033,p00072,skip,2026-05-31 05:30:18,9
u0101,p00073,skip,2026-05-31 05:30:18,9
u0116,p00062,skip,2026-05-31 05:45:18,11
u0071,p00356,collect,2026-05-31 05:56:18,296
u0117,p00060,view,2026-05-31 07:11:18,38
u0098,p00181,view,2026-05-31 07:50:18,31
u0036,p00296,skip,2026-05-31 08:32:18,4
u0089,p00095,skip,2026-05-31 08:47:18,1
u0046,p00093,skip,2026-05-31 09:20:18,3
u0068,p00302,skip,2026-05-31 09:37:18,9
u0069,p00182,skip,2026-05-31 11:35:18,8
u0080,p00162,view,2026-05-31 12:27:18,112
u0048,p00173,collect,2026-05-31 13:19:18,270
u0016,p00018,view,2026-05-31 14:10:18,57
u0072,p00232,skip,2026-05-31 16:39:18,12
u0056,p00281,skip,2026-05-31 16:54:18,9
u0077,p00203,collect,2026-05-31 17:02:18,198
u0043,p00305,skip,2026-05-31 17:55:18,10
u0097,p00229,like,2026-05-31 18:10:18,133
u0029,p00186,skip,2026-05-31 18:32:18,12
u0078,p00071,skip,2026-05-31 18:59:18,6
u0060,p00121,skip,2026-05-31 20:17:18,2
u0067,p00059,skip,2026-05-31 20:50:18,7
u0080,p00170,like,2026-05-31 22:19:18,149
u0053,p00010,like,2026-06-01 00:17:18,174
u0088,p00033,skip,2026-06-01 01:28:18,6
u0001,p00250,skip,2026-06-01 01:33:18,3
u0072,p00359,skip,2026-06-01 03:20:18,6
u0110,p00042,skip,2026-06-01 03:34:18,2
u0074,p00165,skip,2026-06-01 04:32:18,4
u0113,p00214,view,2026-06-01 06:12:18,69
u0084,p00153,collect,2026-06-01 07:01:18,177
u0039,p00068,like,2026-06-01 07:07:18,96
u0024,p00221,skip,2026-06-01 09:36:18,3
u0098,p00183,like,2026-06-01 10:05:18,60
u0026,p00056,skip,2026-06-01 10:59:18,7
u0077,p00225,view,2026-06-01 11:41:18,86
u0005,p00263,skip,2026-06-01 12:24:18,6
u0053,p00298,skip,2026-06-01 12:42:18,3
u0091,p00271,like,2026-06-01 12:55:18,146
u0064,p00301,view,2026-06-01 13:09:18,14
u0077,p00147,view,2026-06-01 13:34:18,115
u0056,p00087,skip,2026-06-01 14:36:18,10
u0066,p00087,skip,2026-06-01 15:01:18,12
u0043,p00054,view,2026-06-01 15:01:18,33
u0051,p00271,skip,2026-06-01 15:18:18,5
u0041,p00338,skip,2026-06-01 16:07:18,1
u0053,p00275,skip,2026-06-01 16:49:18,1
u0113,p00338,like,2026-06-01 16:55:18,151
u0083,p00175,skip,2026-06-01 17:08:18,9
u0048,p00046,collect,2026-06-01 17:56:18,92
u0033,p00291,skip,2026-06-01 18:13:18,3
u0043,p00137,skip,2026-06-01 18:17:18,2
u0049,p00147,skip,2026-06-01 18:33:18,12
u0028,p00341,skip,2026-06-01 19:04:18,4
u0003,p00100,skip,2026-06-01 19:39:18,11
u0025,p00029,skip,2026-06-01 20:44:18,11
u0060,p00180,skip,2026-06-01 21:32:18,11
u0088,p00082,collect,2026-06-01 21:42:18,215
u0118,p00089,skip,2026-06-01 23:00:18,2
u0006,p00290,skip,2026-06-01 23:24:18,1
u0016,p00258,view,2026-06-01 23:35:18,31
u0073,p00326,skip,2026-06-01 23:59:18,8
u0098,p00034,view,2026-06-02 00:25:18,35
u0018,p00111,skip,2026-06-02 01:49:18,10
u0061,p00037,skip,2026-06-02 01:56:18,4
u0080,p00222,view,2026-06-02 05:08:18,72
u0042,p00100,skip,2026-06-02 06:09:18,6
u0087,p00093,view,2026-06-02 08:21:18,73
u0037,p00052,comment,2026-06-02 08:40:18,138
u0006,p00082,skip,2026-06-02 08:49:18,5
u0102,p00041,view,2026-06-02 09:24:18,30
u0090,p00151,skip,2026-06-02 09:31:18,1
u0007,p00172,skip,2026-06-02 09:50:18,6
u0081,p00041,like,2026-06-02 10:13:18,70
u0086,p00250,view,2026-06-02 11:07:18,110
u0115,p00061,skip,2026-06-02 12:32:18,11
u0040,p00174,view,2026-06-02 13:31:18,92
u0010,p00329,view,2026-06-02 14:58:18,34
u0017,p00302,skip,2026-06-02 15:04:18,8
u0110,p00345,skip,2026-06-02 16:15:18,6
u0021,p00087,like,2026-06-02 16:47:18,79
u0026,p00285,skip,2026-06-02 17:34:18,4
u0027,p00225,skip,2026-06-02 18:51:18,5
u0010,p00174,skip,2026-06-02 19:50:18,7
u0083,p00301,skip,2026-06-02 19:51:18,8
u0015,p00019,skip,2026-06-02 20:44:18,8
u0101,p00225,view,2026-06-02 21:22:18,28
u0072,p00151,like,2026-06-02 21:23:18,62
