comment_id,post_id,user_id,root_comment_id,reply_comment_id,content,like_count,dislike_count,publish_time,user_level_title,is_author,is_hide,status
2101636053,2101629901,comment_user_6be081400ee2,,,什么时候拍呀,0,0,2026-06-03 12:51:57,普通用户,0,0,normal
2101636637,2101629901,comment_user_5bf2bac2a10e,2101636053,2101636053,今天明天都行，因为我衣服要还了,0,0,2026-06-03 12:51:57,普通用户,0,0,normal
2101629608,2101623364,comment_user_5346682d948c,,,可以看看小红书，不知道法签好不好过，我之前办理英签莫名其妙被拒了，前前后后投诉了几个月然后又给我过了,0,0,2026-06-03 12:51:57,普通用户,0,0,normal
2101636706,2101623364,comment_user_3b6a23c5e25a,,,为什么不问AI,0,0,2026-06-03 12:51:57,普通用户,0,0,normal
2101634309,2101621570,comment_user_207332a3678c,,,订不了,0,0,2026-06-03 12:51:57,普通用户,0,0,normal
2101621174,2101614176,comment_user_887a78a359e5,,,淘宝闪购可以，其他的不行,0,0,2026-06-03 12:51:57,普通用户,0,0,normal
2101617990,2101613371,comment_user_8994a0581c12,,,qq  1564585479,0,0,2026-06-03 12:51:57,普通用户,0,0,normal
2101615044,2101612909,comment_user_bb527c646115,,,找个共同的兴趣爱好马上就聊起来了，男生很贪玩的，at least for me,0,0,2026-06-03 12:51:57,普通用户,0,0,normal
2101623072,2101612909,comment_user_dc86c41c8aa9,,,怎样都不自然的，大学里最自然的是谁也不找谁，然后毕业的时候都认不完同学😂,0,0,2026-06-03 12:51:57,普通用户,0,0,normal
2101624866,2101612909,comment_user_0bccfba69326,,,首先要看对方多不多女性聊天朋友，还要看聊天时机吧。话不投机半句多，看个人吧，聊聊天而已，想聊什么就聊什么,0,0,2026-06-03 12:51:57,普通用户,0,0,normal
2101625791,2101612909,comment_user_0bccfba69326,2101624866,2101624866,反正大部分男生不会太在意细节的,0,0,2026-06-03 12:51:57,普通用户,0,0,normal
2101625186,2101612909,comment_user_7e1a0249be06,,,只要不是有一搭没一搭地没事找事得聊就不会突兀,0,0,2026-06-03 12:51:57,普通用户,0,0,normal
2101633321,2101612909,comment_user_3247b4f79432,,,如果经历比较多的男生可能会很明显地感觉到（）不过想尽量自然的话就是从同一门课或者作业啥的偏公事的事情开始聊吧。其实对方对你也有感觉的话不自然也没关系，对你没感觉自然也没用，放手去聊吧！,0,0,2026-06-03 12:51:57,普通用户,0,0,normal
2101634302,2101612909,comment_user_3b73ce5ba119,,,球球你直接找他聊吧，或者从pyq评论互动开始，然后小窗聊pyq的事,0,0,2026-06-03 12:51:57,普通用户,0,0,normal
2101620997,2101606621,comment_user_e93f042ad7d5,,,松涛三楼,0,0,2026-06-03 12:51:57,普通用户,0,0,normal
2101629390,2101606621,comment_user_0bccfba69326,2101620997,2101620997,第二个窗口的五花肉没吃腻的时候还可以，石锅饭同理,0,0,2026-06-03 12:51:57,普通用户,0,0,normal
2101633669,2101606621,comment_user_d9b44fbefc06,,,学五,0,0,2026-06-03 12:51:57,普通用户,0,0,normal
2101609761,2101604866,comment_user_a59115e346e3,,,没必要，复习几天轻轻松松过,0,0,2026-06-03 12:51:57,普通用户,0,0,normal
2101611102,2101604866,comment_user_e6c198621cbb,2101609761,2101609761,但如果我是上册突击及格线飘过而下册也是一点没学呢...,0,0,2026-06-03 12:51:57,普通用户,0,0,normal
2101615516,2101604866,comment_user_00ffa0df4f5f,2101609761,2101609761,也是轻轻松松过，不要有心理负担,0,0,2026-06-03 12:51:57,普通用户,0,0,normal
2101620102,2101604866,comment_user_7da921e69fb3,,,缓考会更难，非必要不要缓考🥹,0,0,2026-06-03 12:51:57,普通用户,0,0,normal
2101629886,2101604866,comment_user_6e74dfbfe803,,,这还有一个月，还有好久啊，都上🦆大了相信自己的学习能力,0,0,2026-06-03 12:51:57,普通用户,0,0,normal
2101611038,2101602365,comment_user_b0171951051c,,,企微工作台统一门户可以看,0,0,2026-06-03 12:51:57,普通用户,0,0,normal
2101614467,2101602365,comment_user_726fe01e7d96,2101611038,2101611038,他是说26-27学年的吧，还没有发出来，以前都是提前一年就能看,0,0,2026-06-03 12:51:57,普通用户,0,0,normal
2101609812,2101600478,comment_user_6e838a0eb320,,,靠谱，听说官网好像能查到？,0,0,2026-06-03 12:51:57,普通用户,0,0,normal
2101614648,2101600478,comment_user_ebfe53e6de20,,,买过电脑 靠谱的,0,0,2026-06-03 12:51:57,普通用户,0,0,normal
2101609208,2101597153,comment_user_660cbc569b3e,,,联系方式？,0,0,2026-06-03 12:51:57,普通用户,0,0,normal
2101614040,2101597153,comment_user_c0b2eefcdedc,2101609208,2101609208,有写呀 QQ 609931512,0,0,2026-06-03 12:51:57,普通用户,0,0,normal
2101614955,2101589825,comment_user_5f5f4fc7ba33,,,我我我,0,0,2026-06-03 12:51:57,普通用户,0,0,normal
2101637083,2101589825,comment_user_aa54cf9e1479,2101614955,2101614955,加一下微信：yyaanning22,0,0,2026-06-03 12:51:57,普通用户,0,0,normal
2101592809,2101589433,comment_user_0bccfba69326,,,自由泳吧,0,0,2026-06-03 12:51:57,普通用户,0,0,normal
2101593148,2101589433,comment_user_0bccfba69326,2101592809,2101592809,万一真的溺水了怎么办😨,0,0,2026-06-03 12:51:57,普通用户,0,0,normal
2101594127,2101589433,comment_user_1c1243ef7364,2101592809,2101592809,谢谢，我会小心的,0,0,2026-06-03 12:51:57,普通用户,0,0,normal
2101611024,2101589433,comment_user_cf3b7c833991,,,那我晚上也来，看看能不能救到你,0,0,2026-06-03 12:51:57,普通用户,0,0,normal
2101617242,2101589433,comment_user_1c1243ef7364,2101611024,2101611024,好有压力,0,0,2026-06-03 12:51:57,普通用户,0,0,normal
2101603221,2101587925,comment_user_fa1b12b4be44,,,"什么是法律诊所捏
",0,0,2026-06-03 12:51:57,普通用户,0,0,normal
2101609162,2101587925,comment_user_d18e45cb9089,2101603221,2101603221,一个实践课程 然后也会有一些法律咨询之类的志愿服务？不过好像这几年已经没有这个项目了🥲,0,0,2026-06-03 12:51:57,普通用户,0,0,normal
2101589641,2101587306,comment_user_e1f7913be5bf,,,自己写大纲ai写，写完再自己改,0,0,2026-06-03 12:51:57,普通用户,0,0,normal
2101627187,2101587306,comment_user_36e8a242f4d8,2101589641,2101589641,这样得分一般怎么样呀,0,0,2026-06-03 12:51:57,普通用户,0,0,normal
2101589813,2101587306,comment_user_0fd78f761bc5,,,全篇生成然后通篇修改,0,0,2026-06-03 12:51:57,普通用户,0,0,normal
2101590536,2101587306,comment_user_de745193b16a,,,全篇生成，再自己通读一遍修改那些AI味比较重的语句,0,0,2026-06-03 12:51:57,普通用户,0,0,normal
2101627305,2101587306,comment_user_36e8a242f4d8,2101590536,2101590536,这样得分怎么样呀,0,0,2026-06-03 12:51:57,普通用户,0,0,normal
2101632489,2101587306,comment_user_de745193b16a,2101590536,2101590536,不错反正,0,0,2026-06-03 12:51:57,普通用户,0,0,normal
2101592899,2101587306,comment_user_23a8a7ce0654,,,我一般给出十分之一字数左右的大纲，然后让ai写出来，然后让ai反复修改😅,0,0,2026-06-03 12:51:57,普通用户,0,0,normal
2101600659,2101587306,comment_user_8dd1bae8da2e,,,打大纲，提供方向，找材料，然后自己写,0,0,2026-06-03 12:51:57,普通用户,0,0,normal
2101601195,2101587306,comment_user_e06ed5d553fa,,,从头到尾都是ai,0,0,2026-06-03 12:51:57,普通用户,0,0,normal
2101630270,2101587306,comment_user_d8ca1580fb13,,,伯分之伯ai,0,0,2026-06-03 12:51:57,普通用户,0,0,normal
2101592641,2101586135,comment_user_992fe8c63384,,,有的，跟本科一样，一年是500元。,0,0,2026-06-03 12:51:57,普通用户,0,0,normal
2101593403,2101584314,comment_user_f26160264110,,,好像六月底才拍毕业照，应该是拍完之后就走？,0,0,2026-06-03 12:51:57,普通用户,0,0,normal
2101596326,2101584314,comment_user_986b6898fe29,,,毕业典礼后几天吧,0,0,2026-06-03 12:51:57,普通用户,0,0,normal
2101598215,2101584314,comment_user_94d371470b5a,,,蹲蹲,0,0,2026-06-03 12:51:57,普通用户,0,0,normal
2101609443,2101584314,comment_user_3639fb05d862,,,管院通知的是630滚蛋,0,0,2026-06-03 12:51:57,普通用户,0,0,normal
2101588765,2101581383,comment_user_0fd78f761bc5,,,感觉理院的人好命苦，连人都找不到几个,0,0,2026-06-03 12:51:57,普通用户,0,0,normal
2101595789,2101581383,comment_user_a4f7ef69e730,2101588765,2101588765,对，，再🈚结果我得企微一个一个私信去问了，，（但是感觉这样好打扰啊，，而且群里是不是还有转专业的，，）,0,0,2026-06-03 12:51:57,普通用户,0,0,normal
2101600046,2101581383,comment_user_0fd78f761bc5,2101588765,2101588765,数学的据我了解好像没有女生转出去诶,0,0,2026-06-03 12:51:57,普通用户,0,0,normal
2101610733,2101581383,comment_user_a4f7ef69e730,2101588765,2101588765,靴靴呀💞💞我问了学姐大二宿舍的事情，说是同学院就可以同宿舍，所以我之后数学物理大概都会问一圈（）,0,0,2026-06-03 12:51:57,普通用户,0,0,normal
2101598254,2101580916,comment_user_bd8172991dd7,,,这个都能弄丢啊😦,0,0,2026-06-03 12:51:57,普通用户,0,0,normal
2101600491,2101580916,comment_user_242a5af47fe9,,,我高中带上来的团员档案那些东西包括团员证，和一些其他的全被弄丢了，然后我还要联系高中那边开证明,0,0,2026-06-03 12:51:57,普通用户,0,0,normal
2101583143,2101580742,comment_user_7b2eb7567b07,,,那就花!,0,0,2026-06-03 12:51:57,普通用户,0,0,normal
2101601399,2101580742,comment_user_2fa854fe4b2d,,,是真的,0,0,2026-06-03 12:51:57,普通用户,0,0,normal
2101593654,2101580743,comment_user_0bccfba69326,,,不用担心，就是有好多😂,0,0,2026-06-03 12:51:57,普通用户,0,0,normal
2101580234,2101576983,comment_user_f79a58b23810,,,适合可以买来送人当礼物呀～,0,0,2026-06-03 12:51:57,普通用户,0,0,normal
2101590309,2101576983,comment_user_9b64318cd0ca,,,"大概多少r呀
",0,0,2026-06-03 12:51:57,普通用户,0,0,normal
2101590600,2101576983,comment_user_f79a58b23810,2101590309,2101590309,你的价位大概多少嘞,0,0,2026-06-03 12:51:57,普通用户,0,0,normal
2101590942,2101576983,comment_user_f79a58b23810,2101590309,2101590309,可以+我详聊,0,0,2026-06-03 12:51:57,普通用户,0,0,normal
2101591016,2101576983,comment_user_f79a58b23810,2101590309,2101590309,价格可以商量,0,0,2026-06-03 12:51:57,普通用户,0,0,normal
2101614324,2101576190,comment_user_08a36a1a2319,,,饱饱我这里都有的～马原有【复习资料】和【真题（带答案）】。真题近几年每年两次考试的题目都有（22.01-26.01，八份，上学期的【选择题】也整理好了），且有自己整理的答案（非常详细）。复习资料有两份，一份是简版（速通），一份是详细版（全书所有知识点总结，背书&amp;复习选择题，附赠思维导图）。所有资料都是自己整理的，欢迎有需要联系喔，v:Ttxd030,0,0,2026-06-03 12:51:57,普通用户,0,0,normal
2101616893,2101576190,comment_user_08a36a1a2319,2101614324,2101614324,思政类的资料我是专门在整理，所以才能很详细的收集好往年的真题、整理好答案，并标注好重点～如果不方便加v也可以加q：3613702470,0,0,2026-06-03 12:51:57,普通用户,0,0,normal
2101628772,2101576190,comment_user_f006e411976d,,,3844884046，QQ，2元出,0,0,2026-06-03 12:51:57,普通用户,0,0,normal
2101591792,2101575959,comment_user_ce302232cac3,,,蹲蹲,0,0,2026-06-03 12:51:57,普通用户,0,0,normal
2101575036,2101572727,comment_user_922a7b274590,,,西海岸,0,0,2026-06-03 12:51:57,普通用户,0,0,normal
2101575643,2101572727,comment_user_61e54666eeaa,,,衬衫,0,0,2026-06-03 12:51:57,普通用户,0,0,normal
2101581525,2101572645,comment_user_6cd482f8ad71,,,OMG6.9吗 是出希吗(just好奇,0,0,2026-06-03 12:51:57,普通用户,0,0,normal
2101596872,2101572645,comment_user_37ad14f3b2cf,2101581525,2101581525,并非（,0,0,2026-06-03 12:51:57,普通用户,0,0,normal
2101576640,2101570789,comment_user_936ae6db1edc,,,我用过，但是也没啥变化，还有虾青素小桔灯，效果很有限,0,0,2026-06-03 12:51:57,普通用户,0,0,normal
2101576965,2101570789,comment_user_936ae6db1edc,,,多吃西红柿蓝莓才是真的美白,0,0,2026-06-03 12:51:57,普通用户,0,0,normal
2101577496,2101570789,comment_user_4418d0fad70b,2101576965,2101576965,蓝莓吃不起但是西红柿我可以😋i西红柿来的🥰,0,0,2026-06-03 12:51:57,普通用户,0,0,normal
2101573804,2101569969,comment_user_922a7b274590,,,借个ew,0,0,2026-06-03 12:51:57,普通用户,0,0,normal
2101578808,2101569969,comment_user_9bbe161fcd4d,,,？袜是罕见的小萌新（当场打开舟,0,0,2026-06-03 12:51:57,普通用户,0,0,normal
2101580086,2101569969,comment_user_4418d0fad70b,2101578808,2101578808,入坑的理由非常机缘巧合，只能说明日方舟七周年的地广做得过分好了😈,0,0,2026-06-03 12:51:57,普通用户,0,0,normal
2101580896,2101569969,comment_user_9bbe161fcd4d,,,把重装放在加防御力的地板上，吸引boss攻击重装，然后在远处放能输出的干员。只要医疗和重装练度够高就一定能挡住,0,0,2026-06-03 12:51:57,普通用户,0,0,normal
2101581694,2101569969,comment_user_4418d0fad70b,2101580896,2101580896,行🥺,0,0,2026-06-03 12:51:57,普通用户,0,0,normal
2101581745,2101569969,comment_user_9bbe161fcd4d,2101580896,2101580896,如果愿意的话借用一个荒芜拉普兰德，她三技能是全图攻击，所以可以放在角落不容易挨打,0,0,2026-06-03 12:51:57,普通用户,0,0,normal
2101581789,2101569969,comment_user_4418d0fad70b,2101580896,2101580896,感谢指导,0,0,2026-06-03 12:51:57,普通用户,0,0,normal
2101582339,2101569969,comment_user_9bbe161fcd4d,2101580896,2101580896,呃呃说实话你敢信任集市上加的陌生人吗（）我想帮你打,0,0,2026-06-03 12:51:57,普通用户,0,0,normal
2101583610,2101569969,comment_user_4418d0fad70b,2101580896,2101580896,好耶好耶，我可以加你QQ吗，或者你加我也行，1735643794,0,0,2026-06-03 12:51:57,普通用户,0,0,normal
2101583700,2101569969,comment_user_4418d0fad70b,2101580896,2101580896,感谢你好心人,0,0,2026-06-03 12:51:57,普通用户,0,0,normal
2101585106,2101569969,comment_user_9bbe161fcd4d,2101580896,2101580896,加你啦,0,0,2026-06-03 12:51:57,普通用户,0,0,normal
2101591577,2101569969,comment_user_4418d0fad70b,2101580896,2101580896,对不起我老是记不住自己的新QQ号🥲再来一次，1735643194,0,0,2026-06-03 12:51:57,普通用户,0,0,normal
2101593068,2101569969,comment_user_9bbe161fcd4d,2101580896,2101580896,昵称有个秋的是吧，这次应该没问题了,0,0,2026-06-03 12:51:57,普通用户,0,0,normal
2101586842,2101569969,comment_user_5493a31a5f8d,,,借个ew或者荒芜,0,0,2026-06-03 12:51:57,普通用户,0,0,normal
2101589167,2101569969,comment_user_6ffb84dd2c71,,,借维什戴尔或者望大哥,0,0,2026-06-03 12:51:57,普通用户,0,0,normal
2101611542,2101569969,comment_user_586946b5d1c7,,,加我好友借我的ew,0,0,2026-06-03 12:51:57,普通用户,0,0,normal
2101611927,2101569969,comment_user_93e16e03441a,,,id779697515，专三满模组望借给你嘻嘻,0,0,2026-06-03 12:51:57,普通用户,0,0,normal
2101569749,2101569317,comment_user_22b39d4e9250,,,微信号是w1933378904,0,0,2026-06-03 12:51:57,普通用户,0,0,normal
2101570032,2101569317,comment_user_22b39d4e9250,,,坐标南校,0,0,2026-06-03 12:51:57,普通用户,0,0,normal
2101625625,2101569317,comment_user_22b39d4e9250,,,已加,0,0,2026-06-03 12:51:57,普通用户,0,0,normal
2101570501,2101567503,comment_user_f74c1f76579b,,,蝾螈一直向里面走，往博雅苑华夏门那条路上。,0,0,2026-06-03 12:51:57,普通用户,0,0,normal
2101566290,2101562016,comment_user_21885786f750,,,哪个校区呀,0,0,2026-06-03 12:51:57,普通用户,0,0,normal
2101571865,2101562016,comment_user_60483585c67f,2101566290,2101566290,东南都可以,0,0,2026-06-03 12:51:57,普通用户,0,0,normal
2101571718,2101562016,comment_user_60483585c67f,,,我在南校，南校东校都可送,0,0,2026-06-03 12:51:57,普通用户,0,0,normal
2101608734,2101562016,comment_user_660cbc569b3e,,,还在吗？,0,0,2026-06-03 12:51:57,普通用户,0,0,normal
2101609037,2101562016,comment_user_60483585c67f,2101608734,2101608734,在的,0,0,2026-06-03 12:51:57,普通用户,0,0,normal
2101611160,2101562016,comment_user_660cbc569b3e,2101608734,2101608734,联系方式？,0,0,2026-06-03 12:51:57,普通用户,0,0,normal
2101611642,2101562016,comment_user_60483585c67f,2101608734,2101608734,q：1907538058,0,0,2026-06-03 12:51:57,普通用户,0,0,normal
2101614735,2101562016,comment_user_660cbc569b3e,2101608734,2101608734,wx 有吗,0,0,2026-06-03 12:51:57,普通用户,0,0,normal
2101619587,2101562016,comment_user_60483585c67f,2101608734,2101608734,Brave-Love-0216,0,0,2026-06-03 12:51:57,普通用户,0,0,normal
2101624313,2101562016,comment_user_60483585c67f,,,出了会关帖☝️没关就还在,0,0,2026-06-03 12:51:57,普通用户,0,0,normal
2101562733,2101560280,comment_user_22275dda029e,,,后者,0,0,2026-06-03 12:51:57,普通用户,0,0,normal
2101563537,2101560280,comment_user_68c75007b57f,,,都一学年的下学期了还不知道吗，看你课表最后一门课和考试安排第一门，不会统一复习周，应该也可能上完课第二天就考试,0,0,2026-06-03 12:51:57,普通用户,0,0,normal
2101564195,2101560280,comment_user_68c75007b57f,2101563537,2101563537,若间隔长也可能一周,0,0,2026-06-03 12:51:57,普通用户,0,0,normal
2101568318,2101560280,comment_user_de745193b16a,2101563537,2101563537,我也很疑惑，上个学期不是考过一次期末了吗😂,0,0,2026-06-03 12:51:57,普通用户,0,0,normal
2101568934,2101559269,comment_user_983d019a02de,,,高数一3416368281,0,0,2026-06-03 12:51:57,普通用户,0,0,normal
2101568929,2101557408,comment_user_e45020ad1234,,,lz是女孩吗！,0,0,2026-06-03 12:51:57,普通用户,0,0,normal
2101574734,2101557408,comment_user_8a7ab20ec0ab,2101568929,2101568929,Yesyes,0,0,2026-06-03 12:51:57,普通用户,0,0,normal
2101634065,2101557408,comment_user_8a7ab20ec0ab,,,已找到,0,0,2026-06-03 12:51:57,普通用户,0,0,normal
2101561451,2101556932,comment_user_68c75007b57f,,,网球场前面的，健身房上面二楼,0,0,2026-06-03 12:51:57,普通用户,0,0,normal
2101562431,2101556378,comment_user_abc6e935afa4,,,看书加ppt喂给ai讲解，我上学期三天速通拿了B（）,0,0,2026-06-03 12:51:57,普通用户,0,0,normal
2101567126,2101556378,comment_user_27b49fd80775,2101562431,2101562431,天哪这也太牛逼了…可惜我没有ppt😭,0,0,2026-06-03 12:51:57,普通用户,0,0,normal
2101570693,2101556378,comment_user_27b49fd80775,2101562431,2101562431,请问是哪个ai（）,0,0,2026-06-03 12:51:57,普通用户,0,0,normal
2101573001,2101556378,comment_user_abc6e935afa4,2101562431,2101562431,我用的元宝，然后跟它说请根据这个ppt详细给我讲解这节课的内容。遇到不懂的直接问就好了,0,0,2026-06-03 12:51:57,普通用户,0,0,normal
2101583474,2101556378,comment_user_27b49fd80775,2101562431,2101562431,okok谢谢🥹,0,0,2026-06-03 12:51:57,普通用户,0,0,normal
2101593980,2101556378,comment_user_1fa172b896cc,,,我有试卷你做不,0,0,2026-06-03 12:51:57,普通用户,0,0,normal
2101596857,2101556378,comment_user_27b49fd80775,2101593980,2101593980,是真题吗，真题我有了,0,0,2026-06-03 12:51:57,普通用户,0,0,normal
2101598171,2101556378,comment_user_1fa172b896cc,2101593980,2101593980,不是真题,0,0,2026-06-03 12:51:57,普通用户,0,0,normal
2101564088,2101552196,comment_user_586946b5d1c7,,,有群，去群里dd,0,0,2026-06-03 12:51:57,普通用户,0,0,normal
2101564457,2101552196,comment_user_9ed453beb4d6,2101564088,2101564088,蹲群,0,0,2026-06-03 12:51:57,普通用户,0,0,normal
2101566896,2101552196,comment_user_586946b5d1c7,2101564088,2101564088,538155594,0,0,2026-06-03 12:51:57,普通用户,0,0,normal
2101565816,2101552196,comment_user_4e5a560b0ed8,,,蹲群,0,0,2026-06-03 12:51:57,普通用户,0,0,normal
2101569223,2101552196,comment_user_a6fa183f703a,,,医学生没时间打。,0,0,2026-06-03 12:51:57,普通用户,0,0,normal
2101570374,2101552196,comment_user_aea67108b691,,,蹲,0,0,2026-06-03 12:51:57,普通用户,0,0,normal
2101554679,2101545311,comment_user_59799ca85a1f,,,都是85%,0,0,2026-06-03 12:51:57,普通用户,0,0,normal
2101545999,2101544463,comment_user_3ce7b51aa393,,,还有就是集市上大家普遍反映的在图书馆吃饭和大声拖椅子的行为 希望有些同学也可以适当规范一下（跪了）,0,0,2026-06-03 12:51:57,普通用户,0,0,normal
2101557598,2101544463,comment_user_a2f4de15013b,,,希望大家可以换一个静音鼠标 这件事情已经困扰我自己还有我身边很多很多人很久了 大家都是默默忍受那个鼠标的声音,0,0,2026-06-03 12:51:57,普通用户,0,0,normal
2101577589,2101544463,comment_user_3ce7b51aa393,2101557598,2101557598,真的 我听见高频率的点击会暴躁,0,0,2026-06-03 12:51:57,普通用户,0,0,normal
2101544618,2101543105,comment_user_16b192b2d192,,,同问,0,0,2026-06-03 12:51:57,普通用户,0,0,normal
2101553259,2101543105,comment_user_90eb20991ef9,,,还有共享厨房😳我之前住162好像还没有,0,0,2026-06-03 12:51:57,普通用户,0,0,normal
2101588324,2101543105,comment_user_581f059814c4,2101553259,2101553259,这学期才建起来的，在一楼,0,0,2026-06-03 12:51:57,普通用户,0,0,normal
2101597970,2101543105,comment_user_23a8a7ce0654,,,羡慕了😭,0,0,2026-06-03 12:51:57,普通用户,0,0,normal
2101541529,2101540770,comment_user_b50f98e9a0db,,,我只是想在课前吃上早餐的无辜男士,0,0,2026-06-03 12:51:57,普通用户,0,0,normal
2101557471,2101540770,comment_user_9822effab0d6,,,欺负学生好欺负，我22年曾经投诉gogo边上很多车辆在马路上违停，严重影响大家出行安全，他们回复我：gogo停车场不够，交警队人手不够，实在没办法……,0,0,2026-06-03 12:51:57,普通用户,0,0,normal
2101562021,2101540770,comment_user_b50f98e9a0db,2101557471,2101557471,俺投降了，交警不够还天天抓我们,0,0,2026-06-03 12:51:57,普通用户,0,0,normal
2101591544,2101540770,comment_user_599f7d849b2c,,,8点半出门到gogo门口遇到交警概率挺高的。层主被逼越了几次红灯,0,0,2026-06-03 12:51:57,普通用户,0,0,normal
2101559902,2101540021,comment_user_af2c894cb024,,,爱玛 48V 有广州牌有校园牌 不过户 可以直接用 650,0,0,2026-06-03 12:51:57,普通用户,0,0,normal
2101587567,2101540021,comment_user_31193f067212,2101559902,2101559902,好的，加个QQ好友看看车1582591999,0,0,2026-06-03 12:51:57,普通用户,0,0,normal
2101547449,2101539189,comment_user_73d1b060b803,,,在H架的尽头，从H架垂直书架向前走到靠墙位置。书架顺序是蛇形排布。或者可以找学助问问,0,0,2026-06-03 12:51:57,普通用户,0,0,normal
2101550606,2101539189,comment_user_c56a043dfa90,,,问一下那里的学助或者老师？,0,0,2026-06-03 12:51:57,普通用户,0,0,normal
2101541407,2101538067,comment_user_779fdaef94cf,,,刚刚去打水，没水🙃,0,0,2026-06-03 12:51:57,普通用户,0,0,normal
2101541697,2101538067,comment_user_f006e411976d,2101541407,2101541407,厕所也没有吗…,0,0,2026-06-03 12:51:57,普通用户,0,0,normal
2101561282,2101538067,comment_user_8fe350e85644,2101541407,2101541407,厕所有,0,0,2026-06-03 12:51:57,普通用户,0,0,normal
2101574971,2101538067,comment_user_779fdaef94cf,2101541407,2101541407,看见这条瞬间被救赎了/,0,0,2026-06-03 12:51:57,普通用户,0,0,normal
2101548991,2101538067,comment_user_3eb99ac97d88,,,阿姨说两个多小时之后才有水。,0,0,2026-06-03 12:51:57,普通用户,0,0,normal
2101195568,2101110140,comment_user_c4b1f13ac7b8,,,本人土木工程学院本科毕业的，现在是在水运工程行业施工单位，已经转正了，每月到手5k左右，闲的时候天天玩手机，忙的时候24h随叫随到，学不到什么东西，很心累，已经准备盘算着跑路了,0,0,2026-06-03 12:51:57,普通用户,0,0,normal
2101203560,2101110140,comment_user_a59115e346e3,2101195568,2101195568,感谢解答，看来真是这样，祝你跑路成功,0,0,2026-06-03 12:51:57,普通用户,0,0,normal
2101205266,2101110140,comment_user_e104a0d59975,2101195568,2101195568,真的吗？学长别吓我呀，我也是土木,0,0,2026-06-03 12:51:57,普通用户,0,0,normal
2101205557,2101110140,comment_user_e104a0d59975,2101195568,2101195568,听导员说，土木就业还是不错的,0,0,2026-06-03 12:51:57,普通用户,0,0,normal
2101206269,2101110140,comment_user_c4b1f13ac7b8,2101195568,2101195568,我们公司这两年基层待遇比十年前还少一半🤡，其他公司倒是不知道,0,0,2026-06-03 12:51:57,普通用户,0,0,normal
2101206896,2101110140,comment_user_e104a0d59975,2101195568,2101195568,具体多少啊，方便说一下吗,0,0,2026-06-03 12:51:57,普通用户,0,0,normal
2101206904,2101110140,comment_user_c4b1f13ac7b8,2101195568,2101195568,好就业，工作环境和待遇不咋地😂,0,0,2026-06-03 12:51:57,普通用户,0,0,normal
2101208234,2101110140,comment_user_c4b1f13ac7b8,2101195568,2101195568,我这就是到手5k左右，年终奖和其他福利稍多一些，一年总包也9w左右吧,0,0,2026-06-03 12:51:57,普通用户,0,0,normal
2101208313,2101110140,comment_user_e104a0d59975,2101195568,2101195568,是不是要天天打灰,0,0,2026-06-03 12:51:57,普通用户,0,0,normal
2101208607,2101110140,comment_user_c4b1f13ac7b8,2101195568,2101195568,中建中铁那种会高不少，但是更累,0,0,2026-06-03 12:51:57,普通用户,0,0,normal
2101216219,2101110140,comment_user_c4b1f13ac7b8,2101195568,2101195568,也感谢您的祝福😃,0,0,2026-06-03 12:51:57,普通用户,0,0,normal
2101592461,2101110140,comment_user_2f84fa33a43b,2101195568,2101195568,研究生的师兄师姐会不会好点,0,0,2026-06-03 12:51:57,普通用户,0,0,normal
2101259131,2101110140,comment_user_1a22909ff2fa,,,听说你校的土木院学生都跑的差不多了,0,0,2026-06-03 12:51:57,普通用户,0,0,normal
2101263945,2101110140,comment_user_a59115e346e3,2101259131,2101259131,是这样的，但是我一直觉得工科就业还是没那么夸张，所以比较好奇，现在看来是真不行了,0,0,2026-06-03 12:51:57,普通用户,0,0,normal
2101312307,2101110140,comment_user_ea300d29d22d,2101259131,2101259131,有转来我们化工的🤓😢,0,0,2026-06-03 12:51:57,普通用户,0,0,normal
2101294811,2101110140,comment_user_2f84fa33a43b,,,"会不会研究生好点
",0,0,2026-06-03 12:51:57,普通用户,0,0,normal
2101295538,2101110140,comment_user_a59115e346e3,2101294811,2101294811,问那个学长,0,0,2026-06-03 12:51:57,普通用户,0,0,normal
2101429303,2101110140,comment_user_7bc2eb74a584,,,我发小她哥，河北一本土木（比我们大一届就24年毕业）毕业之后进了中建然后跟着工地跑，嗯基本上就是大西北的荒郊野外，一个月1w基本上钱是一分花不出去，累是真的累工资也真还行能吃苦的前提下,0,0,2026-06-03 12:51:57,普通用户,0,0,normal
2101429569,2101110140,comment_user_7bc2eb74a584,2101429303,2101429303,我同学，浙大土木不想吃苦就在设计院一个月六七千吧在杭州,0,0,2026-06-03 12:51:57,普通用户,0,0,normal
2101431897,2101110140,comment_user_a59115e346e3,2101429303,2101429303,也就是看能不能吃苦意思是,0,0,2026-06-03 12:51:57,普通用户,0,0,normal
2101537248,2101110140,comment_user_a59115e346e3,2101429303,2101429303,所以说是不是说，土木找到工资高的基本不看学校，一本肯定够用了，主要看愿不愿意吃苦，是这样吗,0,0,2026-06-03 12:51:57,普通用户,0,0,normal
2101512975,2101110140,comment_user_9e1ffef3e071,,,土木已转码，身边的朋友去中建等大概月8k吧，就业不难就是要去工地,0,0,2026-06-03 12:51:57,普通用户,0,0,normal
2101520437,2101110140,comment_user_a59115e346e3,2101512975,2101512975,感谢分享,0,0,2026-06-03 12:51:57,普通用户,0,0,normal
2101524098,2101110140,comment_user_a59115e346e3,2101512975,2101512975,请问工资有提升空间吗？这个问题我也比较好奇，就比如五年十年，成了资深工程师,0,0,2026-06-03 12:51:57,普通用户,0,0,normal
2101524512,2101110140,comment_user_9e1ffef3e071,2101512975,2101512975,晋升空间肯定不如以前的三总五项了，但是还是有的。其实我个人感觉性价比没那么高,0,0,2026-06-03 12:51:57,普通用户,0,0,normal
2101526130,2101524138,comment_user_11284b1c009f,,,说明发力对了🌚,0,0,2026-06-03 12:51:57,普通用户,0,0,normal
2101528584,2101524138,comment_user_bf8edd1e8e03,2101526130,2101526130,💪🧐😃🥹我相信你（）,0,0,2026-06-03 12:51:57,普通用户,0,0,normal
2101527959,2101524138,comment_user_6aa08e4d5419,,,剧烈运动后屁股痛是正常的吗，我以为只有我这样,0,0,2026-06-03 12:51:57,普通用户,0,0,normal
2101529278,2101524138,comment_user_bf8edd1e8e03,2101527959,2101527959,我感觉不正常！😭一动就痛😭,0,0,2026-06-03 12:51:57,普通用户,0,0,normal
2101533013,2101524138,comment_user_51e5dd949a86,,,哈哈哈太真实了,0,0,2026-06-03 12:51:57,普通用户,0,0,normal
2101533359,2101524138,comment_user_22917f71241d,,,我上次练步法跑完那个下午屁股就痛，不知道是抽经还是运动过度。不过当时练步法强度稍微有点大所以会酸痛应该正常,0,0,2026-06-03 12:51:57,普通用户,0,0,normal
2101540490,2101524138,comment_user_bf8edd1e8e03,2101533359,2101533359,😭谢谢你我知道了😭,0,0,2026-06-03 12:51:57,普通用户,0,0,normal
2101539574,2101524138,comment_user_d00d52ad3dd5,,,疼是在长肌肉,0,0,2026-06-03 12:51:57,普通用户,0,0,normal
2101540422,2101524138,comment_user_bf8edd1e8e03,2101539574,2101539574,？,0,0,2026-06-03 12:51:57,普通用户,0,0,normal
2101548984,2101524138,comment_user_f6facea5907d,,,运动完要拉伸，把左脚搭到右腿上然后抱住右腿往胸部靠可以拉伸一边，另外一边也是,0,0,2026-06-03 12:51:57,普通用户,0,0,normal
2101554012,2101524138,comment_user_bf8edd1e8e03,2101548984,2101548984,哦哦！😲好的👌！,0,0,2026-06-03 12:51:57,普通用户,0,0,normal
2101538719,2101535657,comment_user_207332a3678c,,,用B站学，然后刷题,0,0,2026-06-03 12:51:57,普通用户,0,0,normal
2101543428,2101535657,comment_user_88c0e7f88dc9,2101538719,2101538719,b站没有北大版最后几章的课,0,0,2026-06-03 12:51:57,普通用户,0,0,normal
2101544634,2101535657,comment_user_207332a3678c,2101538719,2101538719,课程不重要 讲的内容大同小异的,0,0,2026-06-03 12:51:57,普通用户,0,0,normal
2101556909,2101535657,comment_user_f8106a6bf426,2101538719,2101538719,有什么推荐的题目吗,0,0,2026-06-03 12:51:57,普通用户,0,0,normal
2101546201,2101532187,comment_user_967b4373b652,,,二楼有失物招领！去看看,0,0,2026-06-03 12:51:57,普通用户,0,0,normal
2101612690,2101532187,comment_user_b5c68daecb18,2101546201,2101546201,谢谢，可惜没找到😢😢,0,0,2026-06-03 12:51:57,普通用户,0,0,normal
2101529691,2101527263,comment_user_9b47de58138f,,,卡哇伊！,0,0,2026-06-03 12:51:57,普通用户,0,0,normal
2101526863,2101524050,comment_user_f016441d00c1,,,什么都能打包只要有打包盒,0,0,2026-06-03 12:51:57,普通用户,0,0,normal
2101535220,2101524050,comment_user_850917138882,2101526863,2101526863,好的谢谢！,0,0,2026-06-03 12:51:57,普通用户,0,0,normal
2101523579,2101523410,comment_user_e0c2303a87ed,,,想请路过的同学帮忙顶一下QWQ好人一生平安,0,0,2026-06-03 12:51:57,普通用户,0,0,normal
2101527519,2101523410,comment_user_efcd82bae4cf,,,钥匙回家,0,0,2026-06-03 12:51:57,普通用户,0,0,normal
2101553309,2101519891,comment_user_887a78a359e5,,,"tu

南校图书馆一楼有",0,0,2026-06-03 12:51:57,普通用户,0,0,normal
2101519968,2101519846,comment_user_f2fe6177d1cc,,,出去走走,0,0,2026-06-03 12:51:57,普通用户,0,0,normal
2101519982,2101519846,comment_user_9fd2a9a45b2e,2101519968,2101519968,深夜学校真的蛮吓人的。,0,0,2026-06-03 12:51:57,普通用户,0,0,normal
2101520926,2101519846,comment_user_f2fe6177d1cc,2101519968,2101519968,现在就不吓人了,0,0,2026-06-03 12:51:57,普通用户,0,0,normal
2101520032,2101519846,comment_user_4343a5854aac,,,ohno我也睡不着(ಥ﹏ಥ)还要面对早八,0,0,2026-06-03 12:51:57,普通用户,0,0,normal
2101520079,2101519846,comment_user_9fd2a9a45b2e,2101520032,2101520032,翘掉（不）,0,0,2026-06-03 12:51:57,普通用户,0,0,normal
2101541482,2101519846,comment_user_4ff038ac4502,,,我高中睡不着也觉得是学校风水克我，我妈还给我请了道士，做了符咒,0,0,2026-06-03 12:51:57,普通用户,0,0,normal
2101543447,2101519846,comment_user_18d128adca07,,,会不会是身体缺什么微量元素，我自己是有在补镁,0,0,2026-06-03 12:51:57,普通用户,0,0,normal
2101543551,2101519045,comment_user_a70a3f05d3d5,,,如何判断对方是否真诚,0,0,2026-06-03 12:51:57,普通用户,0,0,normal
2101518699,2101518525,comment_user_d4a626329459,,,我还没,0,0,2026-06-03 12:51:57,普通用户,0,0,normal
2101519910,2101518525,comment_user_5a9181daa331,,,在书桌一抬头发现天亮了,0,0,2026-06-03 12:51:57,普通用户,0,0,normal
2101517735,2101517403,comment_user_a17441b8a4c3,,,试试找点可以喊你出门玩的朋友,0,0,2026-06-03 12:51:57,普通用户,0,0,normal
2101530235,2101517403,comment_user_27f9a2ad6dc2,,,参加一下心理社团的活动试试,0,0,2026-06-03 12:51:57,普通用户,0,0,normal
2101517452,2101515525,comment_user_5c946824b0d3,,,睡不着，翻出了很久很久没登过的游戏账号，发现好友列表里有个很熟悉的和我的名字有关的昵称，可我们已经分开六年了，他也六年没再上过线。有些恍惚，其实释怀从来不是某一天突然放下，而是在很久很久以后，你偶然想起那个人，眼眶还是会酸一下，但不会再为此停下脚步,0,0,2026-06-03 12:51:57,普通用户,0,0,normal
2101534701,2101515525,comment_user_7941da94db2a,,,原神玩少了，凌华还在等你那，别想他了,0,0,2026-06-03 12:51:57,普通用户,0,0,normal
2101555569,2101515525,comment_user_c489ffa1bfcb,2101534701,2101534701,哈哈哈,0,0,2026-06-03 12:51:57,普通用户,0,0,normal
2101516737,2101514503,comment_user_b7c8b1b283ed,,,一般不会自动推送请假单给任课老师 不用管 不放心的话可以跟任课老师和辅导员说一声,0,0,2026-06-03 12:51:57,普通用户,0,0,normal
2101552416,2101514503,comment_user_20c9ad400499,2101516737,2101516737,好的好的谢谢,0,0,2026-06-03 12:51:57,普通用户,0,0,normal
2101516034,2101513711,comment_user_c4e4d0a676e6,,,什么样的才华,0,0,2026-06-03 12:51:57,普通用户,0,0,normal
2101516340,2101513711,comment_user_8cd64424ddf2,,,智性恋 我也是,0,0,2026-06-03 12:51:57,普通用户,0,0,normal
2101509412,2101508313,comment_user_3004c74e3cf5,,,还有汉尼拔,0,0,2026-06-03 12:51:57,普通用户,0,0,normal
2101510042,2101508313,comment_user_fa771774cec9,,,我高中也很喜欢对着别人的衣服猛吸一口，谁懂😍,0,0,2026-06-03 12:51:57,普通用户,0,0,normal
2101512041,2101508313,comment_user_fa771774cec9,2101510042,2101510042,我懂你lz，我也想咬一口别人,0,0,2026-06-03 12:51:57,普通用户,0,0,normal
2101512139,2101508313,comment_user_0e689d27b6a5,2101510042,2101510042,呜呜呜别人都说我是汉尼拔只有宝子你懂我😭😭😭,0,0,2026-06-03 12:51:57,普通用户,0,0,normal
2101512482,2101508313,comment_user_fa771774cec9,2101510042,2101510042,可以咬一咬自己，说不定会很舒服😃,0,0,2026-06-03 12:51:57,普通用户,0,0,normal
2101512633,2101508313,comment_user_0e689d27b6a5,2101510042,2101510042,我现在就在小心翼翼地咬舌头（）,0,0,2026-06-03 12:51:57,普通用户,0,0,normal
2101513133,2101508313,comment_user_fa771774cec9,2101510042,2101510042,但是好像不能用两只虎牙同时咬舌头诶）,0,0,2026-06-03 12:51:57,普通用户,0,0,normal
2101511494,2101508313,comment_user_c1d3282532a4,,,ABO来了,0,0,2026-06-03 12:51:57,普通用户,0,0,normal
2101511800,2101508313,comment_user_52c33639b17d,,,食人族来了🤓,0,0,2026-06-03 12:51:57,普通用户,0,0,normal
2101512707,2101508313,comment_user_006c9daac286,,,你最好不是在串,0,0,2026-06-03 12:51:57,普通用户,0,0,normal
2101513276,2101508313,comment_user_0e689d27b6a5,2101512707,2101512707,你好👋我咬一口,0,0,2026-06-03 12:51:57,普通用户,0,0,normal
2101514398,2101508313,comment_user_a0255cd38de7,,,懂你意思,0,0,2026-06-03 12:51:57,普通用户,0,0,normal
2101516171,2101508313,comment_user_c07b14ac6512,,,咬人者人恒咬之…,0,0,2026-06-03 12:51:57,普通用户,0,0,normal
2101516764,2101508313,comment_user_d3a19f9c0812,,,和我妹妹呆在一起就很想咬她的脸颊一口，太可爱了😍,0,0,2026-06-03 12:51:57,普通用户,0,0,normal
2101528293,2101508313,comment_user_6aa08e4d5419,,,其实烤熟了口感更好,0,0,2026-06-03 12:51:57,普通用户,0,0,normal
2101541756,2101508313,comment_user_4ff038ac4502,,,可以互咬吗,0,0,2026-06-03 12:51:57,普通用户,0,0,normal
2101554728,2101508313,comment_user_aab2ec3e7fff,,,🙌🙌,0,0,2026-06-03 12:51:57,普通用户,0,0,normal
2101572471,2101508313,comment_user_922a7b274590,,,拒绝河坝玩法,0,0,2026-06-03 12:51:57,普通用户,0,0,normal
2101637539,2101508313,comment_user_379fbec92fb8,,,这个好玩，怎么说服女朋友咬我,0,0,2026-06-03 12:51:57,普通用户,0,0,normal
2101510605,2101506544,comment_user_5eeedd31d421,,,害 习惯了,0,0,2026-06-03 12:51:57,普通用户,0,0,normal
2101514912,2101506544,comment_user_66a5ea2372f9,,,我也，莫名其妙的失眠,0,0,2026-06-03 12:51:57,普通用户,0,0,normal
2101506884,2101506146,comment_user_1d7d1627ca65,,,同学你好我是阿姨你是哪个宿舍的我来找你聊聊天,0,0,2026-06-03 12:51:57,普通用户,0,0,normal
2101509554,2101506146,comment_user_a17441b8a4c3,2101506884,2101506884,真的，我们宿舍楼阿姨专门在门口，通知同学，也贴了通知,0,0,2026-06-03 12:51:57,普通用户,0,0,normal
2101519152,2101506146,comment_user_afdcfff92684,2101506884,2101506884,。哦哦哦,0,0,2026-06-03 12:51:57,普通用户,0,0,normal
c_ext_00000244,p_ext_000106,dFkybnBuL2RzNm1XdDY2eGpJdk9nb2FTZUlpY25wMnZoNjVyckkyUHJiaTRmSnVqbHF2RWFvQzNyckdIaXJPc2dzMTRoSVdIZDY2SmlXSjI=,,,可以自提吗,7,3,2026-03-11 08:24:57,初中生,0,0,normal
c_ext_00000245,p_ext_000857,u_ext_00373,,,多少钱,18,1,2026-02-22 19:58:57,普通用户,0,0,normal
c_ext_00000246,p_ext_000491,u_ext_00417,,,这个窗口确实不错,16,0,2026-03-31 18:41:57,资深坛友,0,0,normal
c_ext_00000247,2101532187,u_ext_00409,,,多少钱,7,1,2026-02-07 19:59:57,普通用户,0,0,normal
c_ext_00000248,p_ext_000369,u_ext_00149,,,多少钱,8,1,2026-05-16 08:54:57,普通用户,0,0,normal
c_ext_00000249,p_ext_000265,u_ext_00358,,,这个窗口确实不错,7,3,2026-03-14 12:33:57,活跃同学,0,0,normal
c_ext_00000250,p_ext_001767,u_ext_00119,,,还在吗,8,3,2026-04-15 17:08:57,普通用户,0,0,normal
c_ext_00000251,p_ext_001435,u_ext_00268,,,这个窗口确实不错,5,1,2026-04-27 05:21:57,资深坛友,0,0,normal
c_ext_00000252,p_ext_000527,eEpDYnE0UFB5WjZMemN6SmxxSzBkNVBNbWJHS2g0Ujhqbmltc0lTenlwaTNzb1ZyZ05HanFvT3FwZHQvWnJ5RWt0eDRwSXFlb3FDR2lXSjI=,,,在哪个校区交易,2,3,2026-04-05 05:22:57,硕士生,0,0,normal
c_ext_00000253,2101581383,u_ext_00197,,,多少钱,18,0,2026-04-13 15:31:57,普通用户,0,0,normal
c_ext_00000254,p_ext_000355,u_ext_00237,,,在哪个校区交易,25,3,2026-02-20 06:25:57,资深坛友,0,0,normal
c_ext_00000255,p_ext_000149,u_ext_00163,,,这个窗口确实不错,29,0,2026-05-26 08:46:57,校园达人,0,0,normal
c_ext_00000256,p_ext_000809,u_ext_00375,,,多少钱,8,1,2026-05-09 06:24:57,校园达人,0,0,normal
c_ext_00000257,p_ext_001916,u_ext_00150,,,这个窗口确实不错,4,0,2026-05-30 16:01:57,普通用户,0,0,normal
c_ext_00000258,p_ext_001508,u_ext_00336,,,还在吗,28,3,2026-02-03 10:44:57,校园达人,0,0,normal
c_ext_00000259,2101539504,u_ext_00104,,,这个窗口确实不错,18,0,2026-02-08 03:23:57,普通用户,0,0,normal
c_ext_00000260,p_ext_000154,dG8yWGtaYlFyNCtHMExLUmxYcldhWlRRZUg2Wm0zaWxpSDJEc0kybXg4NjdwbjJPbGRDU3FJZW11czZYZWNaNmY3aUlmb3VmZUlLTGlXSjI=,,,这个窗口确实不错,17,1,2026-03-14 12:12:57,初中生,0,0,normal
c_ext_00000261,p_ext_001875,eEg2ZmtJYVd0Nm1WdHFxN2dYdTBkNE9VZ0tTT2VZZHRnWWltaUppT3ZOM0VqNFdOaGMzRm5vYXExTXFDZmNaOWhxWjRycENHWjIyRGVXSjI=,,,这个窗口确实不错,23,0,2026-05-17 13:11:57,本科生,0,0,normal
c_ext_00000262,p_ext_001671,u_ext_00434,,,在哪个校区交易,29,1,2026-05-25 04:56:57,活跃同学,0,0,normal
c_ext_00000263,p_ext_000198,dEk5a2duK3JxcStJcVpYUWhtYThqWVdwbGE2TmRtdU9pSDJhcEllUnBkRzdmWUN4ZjVXcWFaS3F6OWlJZkphdGZaT2FiSnBpakxLR2lXSjI=,,,在哪个校区交易,29,2,2026-02-06 06:07:57,高中生,0,0,normal
c_ext_00000264,p_ext_000145,u_ext_00373,,,活动还有名额吗,0,1,2026-05-21 00:57:57,普通用户,0,0,normal
c_ext_00000265,p_ext_001740,u_ext_00366,,,这个窗口确实不错,26,1,2026-03-11 16:16:57,普通用户,0,0,normal
c_ext_00000266,p_ext_000177,dzVCMXI0WFB5WTJGbExYWGpZcTRub3FUb29LRllhNnRtWXVFaDRlTW01bXVzbml2aEpXU2tJak50ZGlNakxSNGtxZG5hSVI0ZkpLS2lXSjI=,,,可以自提吗,7,1,2026-04-01 05:57:57,博士生,0,0,normal
c_ext_00000267,p_ext_001906,u_ext_00371,,,可以自提吗,24,2,2026-02-17 00:32:57,资深坛友,0,0,normal
c_ext_00000268,p_ext_001373,dG4yZnBJaXJzcTUrcXE2b2wyZXNhSlc2aDIyTWlhR3dpcDkzYllPTnh0eTFwV051ZjdxU3BIN2N0ckdCZWJoNmhyZDhwWkNkZklXV3IySjI=,,,这个窗口确实不错,29,0,2026-03-05 20:01:57,高中生,0,0,normal
c_ext_00000269,p_ext_001951,u_ext_00245,,,在哪个校区交易,21,3,2026-05-23 11:01:57,资深坛友,0,0,normal
c_ext_00000270,2101623364,u_ext_00210,,,还在吗,1,3,2026-05-19 12:46:57,校园达人,0,0,normal
c_ext_00000271,p_ext_000259,u_ext_00181,,,可以自提吗,23,2,2026-02-12 19:20:57,校园达人,0,0,normal
c_ext_00000272,p_ext_000213,cjMrZWFZV1dxNHAva3REYmhhK25hSU8yaDYrS2RLcUxqbnFpcEpxQnJhNjJpNmV3aExtemlJcVR1cVNZamJTZWxybW1qWnVhYjRtRmlXSjI=,,,蹲一个复习整理,4,0,2026-02-19 14:01:57,高中生,0,0,normal
c_ext_00000273,p_ext_001502,c3FLZnFaZTQxWitTekxLdGlYck9oSVdVWXJHUmhaNkNqcUpqZjVlaW5OWERhSjl1Z0x1em40VE9wcE9Kbjg2Z2dyaWVib2FJYjZXSWlXSjI=,,,在哪个校区交易,0,0,2026-05-03 21:06:57,初中生,0,0,normal
c_ext_00000274,p_ext_001276,u_ext_00161,,,多少钱,21,0,2026-04-25 02:23:57,资深坛友,0,0,normal
c_ext_00000275,p_ext_001922,dUkyTmk0RGRzNnVHek5DbmlIeTRxSUtUb1cySlk1QnNsMldFa29la3ROaTFqblN4bHM2WlpvV1MxTnFHZkxTQmlMbUVnNDJkZUl1SGlXSjI=,,,可以自提吗,9,3,2026-03-10 02:02:57,本科生,0,0,normal
c_ext_00000276,p_ext_001006,u_ext_00164,,,需要什么技术栈,27,0,2026-02-09 05:03:57,资深坛友,0,0,normal
c_ext_00000277,p_ext_000186,eFgyamdvR28xR2lTdWRqTmg2KzhuNFROcG9HYm5KQ0ppcCthZTVDUDB0MnZqNk9JaHMyamVvak12cWFYaXBPbWY4MmVrSW1lYjRPSWlXSjI=,,,多少钱,22,3,2026-05-12 04:10:57,初中生,0,0,normal
c_ext_00000278,p_ext_001152,u_ext_00206,,,这个窗口确实不错,25,2,2026-04-27 11:26:57,普通用户,0,0,normal
c_ext_00000279,p_ext_001665,u_ext_00283,,,在哪个校区交易,8,1,2026-03-29 15:18:57,普通用户,0,0,normal
c_ext_00000280,p_ext_000823,u_ext_00392,,,可以自提吗,5,2,2026-03-23 05:35:57,普通用户,0,0,normal
c_ext_00000281,p_ext_000534,cjQycmtJeTN0NGQrejh6Q2xuelNlSCszbm1pRWQ2Si9nbjEzcjRGcHNiYkNqYWVCbGMvTmdINlYxTXlCbzdkbWs2WjhyNWxoZkkyWHIySjI=,,,可以自提吗,2,2,2026-05-15 07:54:57,高中生,0,0,normal
c_ext_00000282,p_ext_001906,u_ext_00326,,,可以自提吗,7,3,2026-02-07 11:36:57,普通用户,0,0,normal
c_ext_00000283,p_ext_000660,dDQxa2k1T3JvNnlHcWEzWW1JcXZyWWFTaElDTWhacUxqWjkwaDVDenFhaTBmMmV2aUpTamdZU1Z2dG1VWlp1VmY3aUVhWnRqYjZxQ2VXSjI=,,,在哪个校区交易,8,3,2026-05-24 17:21:57,本科生,0,0,normal
c_ext_00000284,p_ext_000286,cmJLYnM0UE96WCtWM0xxMGxLSFNmWWZOb251RW5YaU5ocU9Fb1ltQngrRERvNXQvaGFxM2VJUzR1dEtYaXBKb2ZKS2FxSVNGZklTS2lXSjI=,,,需要什么技术栈,5,3,2026-03-30 15:55:57,初中生,0,0,normal
c_ext_00000285,p_ext_000473,u_ext_00470,,,蹲一个搭子,0,2,2026-04-28 15:09:57,活跃同学,0,0,normal
c_ext_00000286,p_ext_000805,u_ext_00243,,,可以自提吗,30,1,2026-03-22 17:04:57,活跃同学,0,0,normal
c_ext_00000287,2101610652,u_ext_00269,,,这个窗口确实不错,4,0,2026-04-06 03:23:57,普通用户,0,0,normal
c_ext_00000288,p_ext_000205,u_ext_00317,,,在哪个校区交易,8,3,2026-05-28 04:51:57,资深坛友,0,0,normal
c_ext_00000289,p_ext_001586,u_ext_00435,,,在哪个校区交易,15,0,2026-03-14 02:22:57,资深坛友,0,0,normal
c_ext_00000290,p_ext_000373,u_ext_00194,,,在哪个校区交易,23,0,2026-03-15 17:14:57,资深坛友,0,0,normal
c_ext_00000291,p_ext_001833,u_ext_00169,,,这个窗口确实不错,14,2,2026-02-12 00:05:57,活跃同学,0,0,normal
c_ext_00000292,p_ext_001207,u_ext_00378,,,我也想参加,7,1,2026-03-24 16:14:57,校园达人,0,0,normal
c_ext_00000293,p_ext_000321,cm55WHBYKzZ4WVdWbGJxcmpLS3dkbituWjdLRnEzeUNoMlY4ZjVpbXo5Q3pvbld4aHJ1cnI0V1QxSzJXamNhT2xybUloSVdhcW5xWHIySjI=,,,可以自提吗,18,1,2026-05-10 23:13:57,本科生,0,0,normal
c_ext_00000294,p_ext_001817,u_ext_00471,,,还在吗,24,3,2026-04-21 03:46:57,资深坛友,0,0,normal
c_ext_00000295,p_ext_001505,u_ext_00229,,,可以自提吗,4,2,2026-04-11 23:10:57,校园达人,0,0,normal
c_ext_00000296,p_ext_001845,u_ext_00425,,,多少钱,20,2,2026-04-24 14:06:57,资深坛友,0,0,normal
c_ext_00000297,p_ext_000366,cjdLWGpuK1V5R2VTcWNpdWwzcXduWWVTcG95T2hwNXJpWXQ0Zkl5Tng3aTJmbzF1aExpYWJJUzUxNWFXWjgxcGxiZUloSnVGZjJ1SmlXSjI=,,,这个窗口确实不错,25,1,2026-04-28 17:51:57,初中生,0,0,normal
c_ext_00000298,p_ext_001660,u_ext_00414,,,求资料,4,2,2026-05-06 12:04:57,资深坛友,0,0,normal
c_ext_00000299,p_ext_001435,ckdsMWFvdlJyMzErdWJhdWlXYXNab0s2b29TUm5YaXRqYUJyc0lSOXRadkNhNXVRZnQzTlpvQ25zdEtOWjdDcmhiVnJrb1ZraUhxQmVXSjI=,,,可以自提吗,16,2,2026-05-17 09:46:57,本科生,0,0,normal
c_ext_00000300,p_ext_000314,u_ext_00225,,,还在吗,9,0,2026-05-03 05:17:57,普通用户,0,0,normal
c_ext_00000301,p_ext_000851,u_ext_00310,,,多少钱,26,3,2026-03-12 12:47:57,普通用户,0,0,normal
c_ext_00000302,p_ext_000258,u_ext_00163,,,可以自提吗,6,2,2026-02-21 17:36:57,校园达人,0,0,normal
c_ext_00000303,2101536968,u_ext_00300,,,还在吗,24,0,2026-05-10 00:03:57,校园达人,0,0,normal
c_ext_00000304,p_ext_001974,u_ext_00403,,,多少钱,6,1,2026-03-18 21:44:57,资深坛友,0,0,normal
c_ext_00000305,p_ext_001902,dTRDRmFwWFJwNDJVejc3WWdHYk5aNFRRbldpY2lIeVNpV2VJaW9kcHZKYXRhS3VSbGJqVWFaU3BuZEtVYU1xbWs2aVdmb1NKcHFtRGVXSjI=,,,可以自提吗,1,2,2026-05-08 04:50:57,本科生,0,0,normal
c_ext_00000306,p_ext_001199,dHBCMW81U254WDZEemEyVmhhRGFkbjdPZ0lDUllwbHBsNHFtb1l0OXJiVERzb0J0ZjVhM2lwYTYwOU9WZkp0NWxLaUFqWkYwYjRlSWlXSjI=,,,期末重点有吗,14,1,2026-02-14 12:11:57,硕士生,0,0,normal
c_ext_00000307,p_ext_000521,u_ext_00324,,,可以自提吗,2,0,2026-05-20 17:53:57,校园达人,0,0,normal
c_ext_00000308,p_ext_001064,dTQ2TmZJemRxbWw5azY2MWpYcThnNHFTbnEySm5ZeHRnWitNcElxa3ZiQ3ZqWDJ4ZjlDU2U1SzZwcldVZmJpRmhhbXFwWXVHbnF1SGlXSjI=,,,这个窗口确实不错,7,1,2026-03-31 02:02:57,本科生,0,0,normal
c_ext_00000309,p_ext_001975,dzZXQmdJTzZsckNGdDVXcWZtaWtxSk81aUt1RmlZK3dpcUdhanBxbHZiKzBwWDE5bHFqSXJJS1VxdEdZbjdoN2c5dHJzbzJjaEltS2lXSjI=,,,多少钱,22,0,2026-05-21 06:46:57,本科生,0,0,normal
c_ext_00000310,p_ext_000640,u_ext_00181,,,还在吗,9,3,2026-03-06 18:27:57,校园达人,0,0,normal
c_ext_00000311,p_ext_000157,u_ext_00181,,,在哪个校区交易,17,3,2026-04-10 17:03:57,校园达人,0,0,normal
c_ext_00000312,p_ext_001437,u_ext_00187,,,可以自提吗,26,1,2026-04-04 09:57:57,校园达人,0,0,normal
c_ext_00000313,p_ext_001609,dzVCMXI0WFB5WTJGbExYWGpZcTRub3FUb29LRllhNnRtWXVFaDRlUnk3ckZqNDJCaTlHM3JJdXB1dGFHZTZScGZxZUFhSm1Gbm02R2lXSjI=,,,可以自提吗,25,2,2026-05-13 17:10:57,博士生,0,0,normal
c_ext_00000314,p_ext_000770,u_ext_00263,,,时间合适的话可以,27,3,2026-05-29 09:59:57,普通用户,0,0,normal
c_ext_00000315,p_ext_000975,u_ext_00192,,,时间合适的话可以,16,1,2026-05-16 21:13:57,校园达人,0,0,normal
c_ext_00000316,p_ext_000872,dTRDRmFwWFJwNDJVejc3WWdHYk5aNFRRbldpY2lIeVNpV2VJaW9kcHZKYXRhS3VSbGJqVWFaU3BuZEtVYU1xbWs2aVdmb1NKcHFtRGVXSjI=,,,可以自提吗,26,1,2026-02-12 04:23:57,本科生,0,0,normal
c_ext_00000317,p_ext_001024,u_ext_00213,,,可以自提吗,6,0,2026-05-30 06:16:57,资深坛友,0,0,normal
c_ext_00000318,p_ext_001976,u_ext_00124,,,可以内推吗,26,1,2026-04-09 03:59:57,普通用户,0,0,normal
c_ext_00000319,p_ext_001363,u_ext_00269,,,多少钱,9,0,2026-03-18 04:42:57,普通用户,0,0,normal
c_ext_00000320,p_ext_001594,u_ext_00424,,,我也想参加,16,3,2026-04-27 18:15:57,活跃同学,0,0,normal
c_ext_00000321,p_ext_001263,u_ext_00338,,,这个窗口确实不错,15,3,2026-02-19 01:48:57,资深坛友,0,0,normal
c_ext_00000322,p_ext_001661,u_ext_00143,,,这个岗位适合大三吗,23,2,2026-05-09 07:04:57,活跃同学,0,0,normal
c_ext_00000323,p_ext_000737,u_ext_00235,,,蹲一个复习整理,18,2,2026-06-02 05:55:57,校园达人,0,0,normal
c_ext_00000324,p_ext_001216,dElDZmU0VzYwV2VHemRpcmxxSFNwSVdTcXFpYVlaNTltSHBqcTRGc3FjNnZnSVdPZ0xpbmVvdXBxcnVXZmJCbWdLcWhiSnAzZkh1SGlXSjI=,,,蹲一个复习整理,7,2,2026-04-13 01:13:57,高中生,0,0,normal
c_ext_00000325,p_ext_001674,u_ext_00101,,,时间合适的话可以,27,2,2026-03-21 06:58:57,资深坛友,0,0,normal
c_ext_00000326,p_ext_001259,u_ext_00127,,,这个窗口确实不错,7,3,2026-05-04 10:23:57,校园达人,0,0,normal
c_ext_00000327,p_ext_000404,u_ext_00493,,,可以自提吗,18,3,2026-05-07 05:05:57,资深坛友,0,0,normal
c_ext_00000328,p_ext_000921,u_ext_00256,,,可以自提吗,10,3,2026-02-18 21:05:57,校园达人,0,0,normal
c_ext_00000329,p_ext_001993,cjJpcWJJblFyNE9UdHJLdWlHYTRqcFBPZEcyY25JQ3BpWHFlYnBlUXJiK3Zhb1dLaEpiUnJwV21wdHFGZTlLR2hhbDRxSnRrZUtHQ2VXSjI=,,,还在吗,14,0,2026-04-04 08:01:57,副教授,0,0,normal
c_ext_00000330,p_ext_000415,dzQ5OWFZU1Rsb0NBdU5DMGlxR3dpSVMzYXJHR2VZZHBsNHVoYllWK3RjNnprSDJ4aWMzSWE1S21ycmlHaTd1bWZKS0FqNFoyb29lSWlXSjI=,,,蹲一个搭子,2,2,2026-03-23 01:58:57,小学生,0,0,normal
c_ext_00000331,p_ext_000362,u_ext_00364,,,这个窗口确实不错,5,3,2026-03-20 17:58:57,普通用户,0,0,normal
c_ext_00000332,p_ext_001576,u_ext_00147,,,在哪个校区交易,10,3,2026-02-21 06:00:57,校园达人,0,0,normal
c_ext_00000333,p_ext_001323,u_ext_00217,,,简历要怎么投,23,0,2026-02-06 05:07:57,普通用户,0,0,normal
c_ext_00000334,p_ext_001130,u_ext_00495,,,多少钱,10,2,2026-04-30 21:18:57,普通用户,0,0,normal
c_ext_00000335,p_ext_000855,u_ext_00324,,,多少钱,14,0,2026-04-01 11:11:57,校园达人,0,0,normal
c_ext_00000336,p_ext_001958,u_ext_00278,,,还在吗,19,1,2026-05-08 02:19:57,普通用户,0,0,normal
c_ext_00000337,p_ext_000446,u_ext_00170,,,在哪个校区交易,2,2,2026-02-16 05:01:57,普通用户,0,0,normal
c_ext_00000338,p_ext_000974,u_ext_00148,,,在哪个校区交易,15,1,2026-05-18 11:14:57,资深坛友,0,0,normal
c_ext_00000339,p_ext_001921,c294NW9veTdwNWVUenJIVGlveTBlNVRQWW1pWW0zaWhpbnVhaEl5a25NQzNqNmRxaTdtdnJJdTV1cW1FaXBlVmdzMTNhb21yZkg2WXIySjI=,,,可以自提吗,18,0,2026-02-07 19:52:57,高中生,0,0,normal
c_ext_00000340,p_ext_000372,u_ext_00460,,,可以自提吗,27,3,2026-05-13 13:48:57,校园达人,0,0,normal
c_ext_00000341,2101581383,eEdxWGlwU1dzbXFTdXNqV2xIckdmNFROaUt5YWlJaW9sNGwwYkltTnVkQ3lqSVZwbEtpV2ZKT1VsYzZZamFpTGhLZG5oNHliZ0llSGlXSjI=,,,多少钱,29,3,2026-03-02 08:16:57,高中生,0,0,normal
c_ext_00000342,p_ext_001582,u_ext_00344,,,多少钱,29,3,2026-05-07 00:02:57,活跃同学,0,0,normal
c_ext_00000343,p_ext_001393,cjJpcWJJblFyNE9UdHJLdWlHYTRqcFBPZEcyY25JQ3BpWHFlYnBlUXJiK3Zhb1dLaEpiUnJwV21wdHFGZTlLR2hhbDRxSnRrZUtHQ2VXSjI=,,,这个岗位适合大三吗,22,0,2026-02-06 19:46:57,副教授,0,0,normal
c_ext_00000344,p_ext_001481,u_ext_00482,,,在哪个校区交易,21,1,2026-04-29 01:12:57,活跃同学,0,0,normal
c_ext_00000345,p_ext_000762,u_ext_00110,,,还在吗,15,3,2026-05-24 03:59:57,校园达人,0,0,normal
c_ext_00000346,p_ext_001598,u_ext_00370,,,多少钱,21,1,2026-03-12 07:09:57,普通用户,0,0,normal
c_ext_00000347,p_ext_001795,u_ext_00451,,,多少钱,17,0,2026-02-18 01:05:57,活跃同学,0,0,normal
c_ext_00000348,p_ext_001423,u_ext_00380,,,多少钱,23,2,2026-05-19 14:02:57,校园达人,0,0,normal
c_ext_00000349,p_ext_001646,u_ext_00215,,,可以自提吗,19,0,2026-03-17 16:15:57,普通用户,0,0,normal
c_ext_00000350,p_ext_000856,u_ext_00131,,,在哪个校区交易,20,1,2026-05-17 07:32:57,普通用户,0,0,normal
c_ext_00000351,p_ext_000609,u_ext_00373,,,多少钱,8,3,2026-02-15 15:34:57,普通用户,0,0,normal
c_ext_00000352,p_ext_001613,cnFSOW81YVRsckNXdXFiTGhHak5ySWpPbm9tR2lJTnJqb3Q3cjRTUHNOeTRwSFd4ZjdpdnJwUFB0cTJOWjdSbmlzK2VwSkY0b211V3IySjI=,,,在哪个校区交易,13,0,2026-04-23 23:35:57,高中生,0,0,normal
c_ext_00000353,p_ext_000598,u_ext_00230,,,这个窗口确实不错,13,2,2026-03-31 10:06:57,活跃同学,0,0,normal
c_ext_00000354,p_ext_000531,dUkyTmk0RGRzNnVHek5DbmlIeTRxSUtUb1cySlk1QnNsMldFa29la3ROaTFqblN4bHM2WlpvV1MxTnFHZkxTQmlMbUVnNDJkZUl1SGlXSjI=,,,活动还有名额吗,2,0,2026-05-28 10:44:57,本科生,0,0,normal
c_ext_00000355,p_ext_001153,dFk2aWE0UzVyNmVMdUw3UmxwK3dkNVc2aUgrTGRvaWlqcUtXczVxa3VhN0VqV05zaGFpdmczNlUwTHVGaXBPRWhzK2RycHFlakl1SmlXSjI=,,,这个窗口确实不错,15,3,2026-03-18 01:43:57,小学生,0,0,normal
c_ext_00000356,p_ext_001498,u_ext_00183,,,感谢分享,5,0,2026-03-16 11:17:57,活跃同学,0,0,normal
c_ext_00000357,p_ext_001390,dzJxanFaZXB4WWVWdWEzVGphRzBvWDNjZElxUW5xNTZtS0dlYklTQXg4ZkVwWDJRaHRDVmEzNnAxSk9JZWJDS2hxbVdyNXFjb29PRGVXSjI=,,,还在吗,7,2,2026-05-16 10:06:57,初中生,0,0,normal
c_ext_00000358,p_ext_000595,u_ext_00323,,,蹲一个复习整理,5,0,2026-05-17 19:44:57,活跃同学,0,0,normal
c_ext_00000359,p_ext_001947,u_ext_00287,,,在哪个校区交易,23,3,2026-05-04 07:35:57,活跃同学,0,0,normal
c_ext_00000360,p_ext_000536,u_ext_00174,,,这个窗口确实不错,1,1,2026-04-25 01:13:57,校园达人,0,0,normal
c_ext_00000361,p_ext_001467,cm55WHBYKzZ4WVdWbGJxcmpLS3dkbituWjdLRnEzeUNoMlY4ZjVpbXo5Q3pvbld4aHJ1cnI0V1QxSzJXamNhT2xybUloSVdhcW5xWHIySjI=,,,多少钱,12,3,2026-05-29 23:51:57,本科生,0,0,normal
c_ext_00000362,p_ext_001481,u_ext_00136,,,多少钱,20,2,2026-03-27 01:57:57,校园达人,0,0,normal
c_ext_00000363,p_ext_001381,u_ext_00431,,,多少钱,14,2,2026-03-10 11:38:57,普通用户,0,0,normal
c_ext_00000364,p_ext_001308,u_ext_00379,,,可以自提吗,0,1,2026-03-02 00:55:57,活跃同学,0,0,normal
c_ext_00000365,p_ext_001933,ckdsMWFvdlJyMzErdWJhdWlXYXNab0s2b29TUm5YaXRqYUJyc0lSOXRadkNhNXVRZnQzTlpvQ25zdEtOWjdDcmhiVnJrb1ZraUhxQmVXSjI=,,,可以自提吗,17,0,2026-03-11 17:25:57,本科生,0,0,normal
c_ext_00000366,p_ext_001654,u_ext_00433,,,我也想参加,19,0,2026-05-29 07:13:57,资深坛友,0,0,normal
c_ext_00000367,p_ext_000339,u_ext_00151,,,还在吗,14,0,2026-04-15 05:50:57,活跃同学,0,0,normal
c_ext_00000368,p_ext_001594,u_ext_00382,,,活动还有名额吗,10,2,2026-02-10 23:40:57,活跃同学,0,0,normal
c_ext_00000369,p_ext_001948,u_ext_00196,,,时间合适的话可以,7,2,2026-03-14 16:45:57,普通用户,0,0,normal
c_ext_00000370,p_ext_001198,u_ext_00342,,,蹲一个复习整理,28,0,2026-05-26 12:15:57,资深坛友,0,0,normal
c_ext_00000371,p_ext_001864,eEpDYnE0UFB5WjZMemN6SmxxSzBkNVBNbWJHS2g0Ujhqbmltc0lTenlwaTNzb1ZyZ05HanFvT3FwZHQvWnJ5RWt0eDRwSXFlb3FDR2lXSjI=,,,还在吗,14,1,2026-04-10 10:24:57,硕士生,0,0,normal
c_ext_00000372,p_ext_001092,u_ext_00227,,,这个窗口确实不错,19,2,2026-03-18 13:54:57,活跃同学,0,0,normal
c_ext_00000373,p_ext_000460,cnFSOW81YVRsckNXdXFiTGhHak5ySWpPbm9tR2lJTnJqb3Q3cjRTUHNOeTRwSFd4ZjdpdnJwUFB0cTJOWjdSbmlzK2VwSkY0b211V3IySjI=,,,可以自提吗,28,0,2026-02-24 16:11:57,高中生,0,0,normal
c_ext_00000374,p_ext_001937,u_ext_00289,,,在哪个校区交易,19,3,2026-04-19 15:00:57,普通用户,0,0,normal
c_ext_00000375,p_ext_001442,u_ext_00353,,,蹲一个搭子,0,2,2026-03-20 07:52:57,资深坛友,0,0,normal
c_ext_00000376,p_ext_000381,u_ext_00463,,,还在吗,10,0,2026-05-04 09:15:57,资深坛友,0,0,normal
c_ext_00000377,2101559269,dDJsMWtaYTZ5WG1IdDZxbGdHWEdaWlNvbm1pRWVJU25ocU56YkptT3VkRzdwSFd6aTlDYWg1T3FxcXlXcjhaNWs1S1dxNHAxajJpTGlXSjI=,,,还在吗,28,3,2026-03-23 03:45:57,本科生,0,0,normal
c_ext_00000378,p_ext_000537,u_ext_00196,,,还在吗,15,0,2026-04-07 15:27:57,普通用户,0,0,normal
c_ext_00000379,p_ext_000103,u_ext_00123,,,这个窗口确实不错,5,2,2026-04-23 00:03:57,资深坛友,0,0,normal
c_ext_00000380,p_ext_000299,u_ext_00409,,,可以自提吗,23,2,2026-05-06 23:38:57,普通用户,0,0,normal
c_ext_00000381,p_ext_001662,u_ext_00153,,,还在吗,19,1,2026-05-08 08:57:57,普通用户,0,0,normal
c_ext_00000382,p_ext_001982,u_ext_00291,,,多少钱,13,1,2026-02-10 14:47:57,活跃同学,0,0,normal
c_ext_00000383,p_ext_000993,u_ext_00132,,,时间合适的话可以,2,1,2026-02-25 11:18:57,校园达人,0,0,normal
c_ext_00000384,p_ext_001276,u_ext_00383,,,这个窗口确实不错,3,2,2026-04-08 17:57:57,普通用户,0,0,normal
c_ext_00000385,2101519846,u_ext_00456,,,我也想参加,29,3,2026-04-05 08:41:57,资深坛友,0,0,normal
c_ext_00000386,p_ext_001213,u_ext_00222,,,在哪个校区交易,28,3,2026-05-03 22:16:57,活跃同学,0,0,normal
c_ext_00000387,p_ext_001136,u_ext_00222,,,在哪个校区交易,7,0,2026-03-17 21:20:57,活跃同学,0,0,normal
c_ext_00000388,p_ext_001503,dTJtZmdwZTIxYStUcUxYVGxHV1RvNGUzZUtLWmQ0ZHRpR2lJcVpsL3g3UERvb2l3bGRHcnE0UzRwcm1BZXErdWxaT0lzWVNFYjJpSmlXSjI=,,,可以自提吗,3,0,2026-03-15 06:31:57,硕士生,0,0,normal
c_ext_00000389,p_ext_001599,u_ext_00239,,,还在吗,24,2,2026-05-27 07:44:57,普通用户,0,0,normal
c_ext_00000390,p_ext_001301,u_ext_00349,,,在哪个校区交易,19,0,2026-05-19 01:05:57,资深坛友,0,0,normal
c_ext_00000391,p_ext_000625,dDMxb2E0ZmMxYU9XcWR5MGxJMjhwSDdRZElhTXFxcVpnbnlJaW9lbno3RzFmb21uZmQzTmlZUFF1ZGlJb05Hc2lwS2FpSU5qbldxWHIySjI=,,,感谢分享,15,3,2026-04-16 03:41:57,初中生,0,0,normal
c_ext_00000392,p_ext_000860,u_ext_00387,,,可以自提吗,1,1,2026-02-14 15:18:57,活跃同学,0,0,normal
c_ext_00000393,p_ext_000104,czQrTmdYK3FyNFdVcDh6S2xvcXdoNVRNZUdpUmQ1MXFsbWVIc1lPbHZidTFhNStSbHFtbmk0dTFuWldYb05LRmZOeUlpWnA1ZkllVnIySjI=,,,期末重点有吗,3,1,2026-03-06 07:25:57,本科生,0,0,normal
c_ext_00000394,p_ext_001006,u_ext_00385,,,需要什么技术栈,19,0,2026-02-22 06:57:57,普通用户,0,0,normal
c_ext_00000395,p_ext_001095,u_ext_00144,,,我也想参加,25,1,2026-02-28 15:18:57,校园达人,0,0,normal
c_ext_00000396,p_ext_000931,dG8yWGtaYlFyNCtHMExLUmxYcldhWlRRZUg2Wm0zaWxpSDJEc0kybXg4NjdwbjJPbGRDU3FJZW11czZYZWNaNmY3aUlmb3VmZUlLTGlXSjI=,,,简历要怎么投,13,3,2026-03-30 04:24:57,初中生,0,0,normal
c_ext_00000397,p_ext_001654,u_ext_00456,,,活动还有名额吗,1,2,2026-02-13 04:48:57,资深坛友,0,0,normal
c_ext_00000398,p_ext_000433,dXFLSmlwYW5zNnlVa3FxM2xtVzRycGE0ZDIyT2VZeG9sMmlBb1psOG05N0RrSWh1Z2Flam9aV1UwTmlVcjZPdGk2aWhzSnQ1Z0hxRmlXSjI=,,,时间合适的话可以,13,3,2026-02-20 17:25:57,小学生,0,0,normal
c_ext_00000399,p_ext_001117,u_ext_00394,,,可以自提吗,2,3,2026-04-15 02:39:57,校园达人,0,0,normal
c_ext_00000400,p_ext_000217,u_ext_00104,,,可以自提吗,26,3,2026-05-17 01:49:57,普通用户,0,0,normal
c_ext_00000401,p_ext_001202,u_ext_00485,,,还在吗,1,3,2026-03-02 08:29:57,活跃同学,0,0,normal
c_ext_00000402,2101614176,u_ext_00345,,,多少钱,1,1,2026-03-13 12:00:57,活跃同学,0,0,normal
c_ext_00000403,p_ext_000197,dFd0MWZJbXFxNnVFcDZuWGdhQ3ZxNU9uZUlxUnE0eCtobjJFZ1p1bnZhNnlhSG1xbDZpV25vZTJ6NUtJWjZlc2tyZUFib2hobm4rSWlXSjI=,,,在哪个校区交易,19,1,2026-03-04 23:54:57,高中生,0,0,normal
c_ext_00000404,2101519891,u_ext_00177,,,可以自提吗,16,3,2026-02-06 12:58:57,校园达人,0,0,normal
c_ext_00000405,p_ext_000177,u_ext_00470,,,在哪个校区交易,6,3,2026-05-01 14:29:57,活跃同学,0,0,normal
c_ext_00000406,p_ext_000488,u_ext_00354,,,感谢分享,5,2,2026-05-21 14:41:57,资深坛友,0,0,normal
c_ext_00000407,p_ext_001626,dGFONWhJUE5xNkdEdWI2NWZtalNaWXFVZUxHTmg2S0FqV2RqZ0p1bng5bTBqNWVTbExtN2FYMlVsYkdJak01cGhhbUVlNXA1aEsyQ2VXSjI=,,,可以自提吗,14,1,2026-04-15 10:32:57,幼儿园,0,0,normal
c_ext_00000408,p_ext_000676,u_ext_00449,,,在哪个校区交易,19,2,2026-05-09 03:49:57,资深坛友,1,0,normal
c_ext_00000409,p_ext_001226,u_ext_00282,,,期末重点有吗,13,1,2026-04-23 06:48:57,资深坛友,0,0,normal
c_ext_00000410,p_ext_001865,c0h4NWlJelF0bXAvdHNlVmYyZkdqSlMzZ0lHWXE2S25pWHFXcklWKzI3akZmSmVBbHFtN3FaU25zcGFXbjZTTGhxbVphNFZob3FtSGlXSjI=,,,这个窗口确实不错,11,0,2026-06-01 10:23:57,高中生,0,0,normal
c_ext_00000411,p_ext_000667,u_ext_00399,,,多少钱,1,1,2026-04-05 06:29:57,普通用户,0,0,normal
c_ext_00000412,p_ext_000507,u_ext_00277,,,多少钱,12,1,2026-02-16 16:19:57,资深坛友,0,0,normal
c_ext_00000413,p_ext_001544,u_ext_00221,,,蹲一个搭子,10,3,2026-04-09 08:37:57,资深坛友,0,0,normal
c_ext_00000414,p_ext_000893,dG4yZnBJaXJzcTUrcXE2b2wyZXNhSlc2aDIyTWlhR3dpcDkzYllPTnh0eTFwV051ZjdxU3BIN2N0ckdCZWJoNmhyZDhwWkNkZklXV3IySjI=,,,多少钱,29,3,2026-03-12 00:37:57,高中生,0,0,normal
c_ext_00000415,p_ext_001467,u_ext_00499,,,多少钱,27,2,2026-05-07 14:19:57,资深坛友,0,0,normal
c_ext_00000416,p_ext_000502,u_ext_00311,,,时间合适的话可以,21,2,2026-03-27 20:08:57,普通用户,0,0,normal
c_ext_00000417,p_ext_000201,u_ext_00288,,,这个窗口确实不错,22,2,2026-03-16 05:14:57,活跃同学,0,0,normal
c_ext_00000418,p_ext_000338,u_ext_00322,,,多少钱,23,2,2026-02-24 20:55:57,资深坛友,0,0,normal
c_ext_00000419,p_ext_000169,u_ext_00467,,,简历要怎么投,1,3,2026-03-14 19:07:57,活跃同学,0,0,normal
c_ext_00000420,p_ext_001321,dG9DanFaZlJ0bWFMcHJLV2dHZXdqSk9tZ0tpTFpJQ0VtR2VxcElTTno3N0RnSDJ0aGFxVnFIN1Fxc3lWZXM2R2hicUlySXVyaUkrSGlXSjI=,,,时间合适的话可以,29,2,2026-05-16 11:09:57,博士生,0,0,normal
c_ext_00000421,p_ext_000357,c21pZm9ZeXFsbytVemRDemxXZmFxNUtWaEs2TW5hYW1oWitWYklxUXo4ZXZhb0duaHFyRmhZcVVxWlNWZk5acWxxaWVyNWgybnJDV3IySjI=,,,在哪个校区交易,4,1,2026-05-10 22:42:57,小学生,0,0,normal
c_ext_00000422,p_ext_001802,u_ext_00371,,,多少钱,15,0,2026-05-11 14:01:57,资深坛友,0,0,normal
c_ext_00000423,p_ext_001778,u_ext_00213,,,蹲一个搭子,23,3,2026-04-10 21:39:57,资深坛友,0,0,normal
c_ext_00000424,p_ext_001243,u_ext_00206,,,多少钱,10,3,2026-02-17 18:38:57,普通用户,0,0,normal
c_ext_00000425,p_ext_000868,dFpDSWJaTzVwMzE4M016U2g0MmpaWlNUZTIyRlk0ZHRqWXVFb1krbnFONjRmSit5aTlDVnJvdVMzSmVVaTZldWk2aU1wbzE0a0lDQmVXSjI=,,,多少钱,16,0,2026-05-13 10:59:57,讲师,0,0,normal
c_ext_00000426,p_ext_000589,u_ext_00241,,,这个窗口确实不错,0,2,2026-04-12 12:51:57,资深坛友,0,0,normal
c_ext_00000427,p_ext_001494,dzR5RnNJVFFybWFHM0xhNWdudThvNHVuZzdDSmRZU3JnWXA0a28rano5M0ZqM21EbGMzRm5vaXBzWmFVWjVPRGlybU1tWkdJZ0c2WXIySjI=,,,这个岗位适合大三吗,5,1,2026-02-03 19:31:57,本科生,0,0,normal
c_ext_00000428,p_ext_000736,u_ext_00493,,,活动还有名额吗,27,3,2026-05-25 10:05:57,资深坛友,0,0,normal
c_ext_00000429,p_ext_001981,u_ext_00203,,,这个窗口确实不错,19,3,2026-02-28 02:11:57,活跃同学,0,0,normal
c_ext_00000430,p_ext_001157,u_ext_00491,,,在哪个校区交易,12,0,2026-02-09 02:17:57,活跃同学,0,0,normal
c_ext_00000431,p_ext_000418,c0h4NWlJelF0bXAvdHNlVmYyZkdqSlMzZ0lHWXE2S25pWHFXckpwcDE3ZTJpMnlLbGN5YWpJdmJuY0tCbzgxa2dMZWloWTZJcHBHSGlXSjI=,,,这个岗位适合大三吗,15,3,2026-04-03 00:02:57,高中生,0,0,normal
c_ext_00000432,p_ext_000438,u_ext_00497,,,可以自提吗,12,3,2026-02-24 13:19:57,普通用户,0,0,normal
c_ext_00000433,p_ext_001668,u_ext_00486,,,还在吗,14,0,2026-02-23 07:41:57,普通用户,0,0,normal
c_ext_00000434,p_ext_001965,u_ext_00476,,,简历要怎么投,2,3,2026-03-24 14:15:57,活跃同学,0,0,normal
c_ext_00000435,p_ext_000260,u_ext_00472,,,多少钱,23,3,2026-03-27 12:23:57,普通用户,0,0,normal
c_ext_00000436,p_ext_001165,cm55Qm1uNlRrcTZJemJhVWYyV3JwcFNWaUtlWW5xNm1sb3VBaEpocjBwYTZwSTE5aTdxcmdaS3Fzc3lZZk1xQWs1UmpwNDFrbm15R2lXSjI=,,,还在吗,14,3,2026-05-04 00:02:57,初中生,0,0,normal
c_ext_00000437,p_ext_001666,u_ext_00473,,,这个窗口确实不错,18,0,2026-04-16 16:27:57,活跃同学,0,0,normal
c_ext_00000438,p_ext_000902,u_ext_00221,,,蹲一个复习整理,2,2,2026-02-28 03:58:57,资深坛友,0,0,normal
c_ext_00000439,2101608154,u_ext_00133,,,我也想参加,6,0,2026-05-13 20:10:57,校园达人,0,0,normal
c_ext_00000440,p_ext_001931,u_ext_00283,,,多少钱,19,3,2026-04-13 03:23:57,普通用户,0,0,normal
c_ext_00000441,p_ext_000966,u_ext_00436,,,可以自提吗,21,2,2026-02-23 08:10:57,活跃同学,0,0,normal
c_ext_00000442,p_ext_000434,u_ext_00105,,,这个窗口确实不错,15,2,2026-03-01 02:52:57,普通用户,0,0,normal
c_ext_00000443,p_ext_001455,u_ext_00419,,,在哪个校区交易,11,2,2026-03-29 03:56:57,资深坛友,0,0,normal
c_ext_00000444,p_ext_001991,u_ext_00133,,,在哪个校区交易,1,0,2026-02-04 11:03:57,校园达人,0,0,normal
c_ext_00000445,p_ext_001099,u_ext_00283,,,还在吗,30,1,2026-05-26 10:31:57,普通用户,0,0,normal
c_ext_00000446,p_ext_001257,u_ext_00418,,,活动还有名额吗,25,0,2026-02-02 17:07:57,普通用户,0,0,normal
c_ext_00000447,p_ext_001012,u_ext_00424,,,在哪个校区交易,3,3,2026-04-22 15:37:57,活跃同学,0,0,normal
c_ext_00000448,p_ext_000765,u_ext_00240,,,求资料,23,3,2026-02-09 12:24:57,活跃同学,0,0,normal
c_ext_00000449,p_ext_000442,u_ext_00277,,,还在吗,13,2,2026-05-11 23:27:57,资深坛友,0,0,normal
c_ext_00000450,p_ext_000681,u_ext_00193,,,可以自提吗,22,2,2026-05-14 06:32:57,资深坛友,0,0,normal
c_ext_00000451,p_ext_001007,u_ext_00116,,,可以自提吗,8,2,2026-02-10 02:33:57,普通用户,0,0,normal
c_ext_00000452,p_ext_000481,u_ext_00149,,,多少钱,12,0,2026-04-12 23:56:57,普通用户,0,0,normal
c_ext_00000453,2101506544,u_ext_00159,,,多少钱,3,2,2026-04-13 11:17:57,普通用户,0,0,normal
c_ext_00000454,p_ext_000214,u_ext_00173,,,还在吗,27,2,2026-03-08 22:33:57,校园达人,0,0,normal
c_ext_00000455,p_ext_000546,u_ext_00470,,,在哪个校区交易,20,0,2026-02-13 06:46:57,活跃同学,0,0,normal
c_ext_00000456,p_ext_000109,u_ext_00272,,,在哪个校区交易,3,2,2026-02-02 23:09:57,普通用户,0,0,normal
c_ext_00000457,p_ext_001364,u_ext_00107,,,蹲一个搭子,23,2,2026-02-15 01:25:57,普通用户,0,0,normal
c_ext_00000458,p_ext_001876,c0h4NWlJelF0bXAvdHNlVmYyZkdqSlMzZ0lHWXE2S25pWHFXcklWKzI3akZmSmVBbHFtN3FaU25zcGFXbjZTTGhxbVphNFZob3FtSGlXSjI=,,,蹲一个复习整理,4,2,2026-05-08 14:00:57,高中生,0,0,normal
c_ext_00000459,p_ext_001932,u_ext_00267,,,可以自提吗,16,2,2026-04-27 03:49:57,普通用户,0,0,normal
c_ext_00000460,p_ext_001358,u_ext_00253,,,多少钱,16,3,2026-04-28 16:36:57,校园达人,0,0,normal
c_ext_00000461,p_ext_000650,u_ext_00102,,,还在吗,8,0,2026-03-11 06:51:57,校园达人,0,0,normal
c_ext_00000462,p_ext_000267,dzQ5b2JJYTYwWXVLdHN5cGwzeXNacGFwaEdxT201cDhpNG1Nam94cnNlQ3ZhbXhwaTlETlpwV1MyS21ZakxTT2tyZDNzSVdlYjRHWHIySjI=,,,蹲一个搭子,5,1,2026-03-21 21:06:57,本科生,0,0,normal
c_ext_00000463,p_ext_001442,dHFWNWU0ZVV5YTZFdHJuWGhxL09xNGVub1dxSWhxRm9pV2Q0am9sc3o4REdwbjJrZ2F2Tmg0U290ckdVWjd5Qmk4eUVqcHA0Zkd1SmlXSjI=,,,蹲一个搭子,1,0,2026-03-26 05:27:57,初中生,0,0,normal
c_ext_00000464,p_ext_000819,u_ext_00328,,,可以自提吗,27,0,2026-04-09 08:35:57,校园达人,0,0,normal
c_ext_00000465,p_ext_000370,eHFPRWJaV25xMnFUemE2bmxtYW5aSmFxZktXWllZaUJtWitJZll0K25OU3Zmbld3aDgydmlZWGNwWkdLbjhhaGg1S2VpSnRqZklHT3IySjI=,,,多少钱,18,2,2026-04-19 23:42:57,幼儿园,0,0,normal
c_ext_00000466,p_ext_001933,cm1pYmlZU3BycTJDemFtV2xHZk9wSXVWZ0txTmQ0T3FpNHlpaUppa3k2dTBmNTlzaTVhdmpaTzEyTk9LbzdTbWt0eDhvcGwzakgrWXIySjI=,,,这个窗口确实不错,7,2,2026-03-16 01:54:57,本科生,0,0,normal
c_ext_00000467,p_ext_001085,u_ext_00358,,,可以自提吗,13,3,2026-02-02 18:02:57,活跃同学,0,0,normal
c_ext_00000468,p_ext_000895,u_ext_00457,,,蹲一个搭子,27,3,2026-04-01 03:02:57,普通用户,0,0,normal
c_ext_00000469,p_ext_001920,eFkxNWo0ZTdxNHVMazZxdGw0dTRkMzY2ZktxT2hZU3NsMmVWYklXTnJkMnZmNStEZjVUTmVZT1RzcWFZaXF5Vms3bWxhNXRocldpTGlXSjI=,,,还在吗,7,0,2026-02-20 19:33:57,高中生,0,0,normal
c_ext_00000470,p_ext_001044,u_ext_00120,,,在哪个校区交易,1,0,2026-02-14 22:10:57,普通用户,0,0,normal
c_ext_00000471,p_ext_001826,u_ext_00269,,,这个窗口确实不错,22,2,2026-04-03 01:59:57,普通用户,0,0,normal
c_ext_00000472,2101600478,u_ext_00292,,,可以自提吗,13,3,2026-02-05 23:28:57,资深坛友,0,0,normal
c_ext_00000473,p_ext_001592,u_ext_00418,,,在哪个校区交易,4,2,2026-04-02 03:33:57,普通用户,0,0,normal
c_ext_00000474,p_ext_000629,u_ext_00387,,,在哪个校区交易,9,2,2026-05-10 02:38:57,活跃同学,0,0,normal
c_ext_00000475,p_ext_000974,u_ext_00364,,,在哪个校区交易,7,2,2026-04-11 00:45:57,普通用户,0,0,normal
c_ext_00000476,2101576190,u_ext_00145,,,多少钱,1,1,2026-05-08 20:29:57,活跃同学,0,0,normal
c_ext_00000477,p_ext_000247,u_ext_00456,,,这个窗口确实不错,18,1,2026-03-21 18:18:57,资深坛友,0,0,normal
c_ext_00000478,p_ext_000390,u_ext_00441,,,多少钱,30,0,2026-03-15 11:21:57,普通用户,0,0,normal
c_ext_00000479,p_ext_000900,dEthZmJaT29zMmlHcXNpWGpZdWpxNVROWTdDUmVLMnVtS0dXa0l5bXFicTFwbmx0aGJpdmpwUzRxWlNFWmJ5RGk4Mk1ocGgybW5xSGlXSjI=,,,蹲一个搭子,2,1,2026-05-18 18:09:57,高中生,0,0,normal
c_ext_00000480,p_ext_000838,u_ext_00325,,,简历要怎么投,0,1,2026-03-01 13:15:57,资深坛友,0,0,normal
c_ext_00000481,p_ext_000973,u_ext_00375,,,活动还有名额吗,15,0,2026-04-04 15:36:57,校园达人,0,0,normal
c_ext_00000482,p_ext_001476,u_ext_00200,,,还在吗,6,1,2026-02-20 22:56:57,校园达人,0,0,normal
c_ext_00000483,p_ext_001983,u_ext_00402,,,可以自提吗,12,0,2026-05-24 11:53:57,校园达人,0,0,normal
c_ext_00000484,p_ext_001935,dzJxanFaZXB4WWVWdWEzVGphRzBvWDNjZElxUW5xNTZtS0dlYklTQXg4ZkVwWDJRaHRDVmEzNnAxSk9JZWJDS2hxbVdyNXFjb29PRGVXSjI=,,,这个岗位适合大三吗,10,2,2026-05-17 12:51:57,初中生,0,0,normal
c_ext_00000485,p_ext_001136,u_ext_00333,,,可以自提吗,26,2,2026-05-22 08:00:57,活跃同学,0,0,normal
c_ext_00000486,p_ext_000923,u_ext_00378,,,可以自提吗,17,0,2026-03-23 22:22:57,校园达人,0,0,normal
c_ext_00000487,p_ext_000300,u_ext_00142,,,在哪个校区交易,13,2,2026-02-28 05:01:57,资深坛友,0,0,normal
c_ext_00000488,p_ext_000799,u_ext_00290,,,多少钱,28,3,2026-03-09 12:32:57,普通用户,0,0,normal
c_ext_00000489,p_ext_001119,dGFKNGFZQ1QxWWFIMExiUWwyYTRoMzY0bW9lUmVLMXBsNkdMYVkyaTE5T3dmWmVFaGFpV3JwUE4zTGlJcjhxTWk2cWlzcG1Jakh1WHIySjI=,,,蹲一个复习整理,12,2,2026-05-08 21:17:57,硕士生,0,0,normal
c_ext_00000490,p_ext_001474,u_ext_00476,,,在哪个校区交易,26,3,2026-02-06 09:37:57,活跃同学,0,0,normal
c_ext_00000491,2101600478,u_ext_00460,,,这个窗口确实不错,2,1,2026-04-20 13:46:57,校园达人,0,0,normal
c_ext_00000492,p_ext_000958,u_ext_00171,,,我也想参加,16,1,2026-03-07 20:28:57,资深坛友,0,0,normal
c_ext_00000493,p_ext_000195,u_ext_00431,,,多少钱,23,3,2026-05-21 07:59:57,普通用户,0,0,normal
c_ext_00000494,p_ext_001469,u_ext_00441,,,时间合适的话可以,25,2,2026-03-27 19:43:57,普通用户,0,0,normal
c_ext_00000495,p_ext_001013,u_ext_00397,,,蹲一个复习整理,30,2,2026-02-12 07:40:57,普通用户,0,0,normal
c_ext_00000496,p_ext_000221,u_ext_00287,,,这个窗口确实不错,8,0,2026-03-08 11:22:57,活跃同学,0,0,normal
c_ext_00000497,2101635776,c21pZm9ZeXFsbytVemRDemxXZmFxNUtWaEs2TW5hYW1oWitWYklxUXo4ZXZhb0duaHFyRmhZcVVxWlNWZk5acWxxaWVyNWgybnJDV3IySjI=,,,这个窗口确实不错,20,0,2026-05-11 15:41:57,小学生,0,0,normal
c_ext_00000498,p_ext_000842,d21xQmg0aVRrbytHcXFxNm1JbkdwMzY2b2JDY25KbXdpNHllZzVtT201aXZhNStsbHMydXFJV25sSkdZb3Bkb2xaS0hycGlFYjRlSWlXSjI=,,,多少钱,10,0,2026-04-02 00:00:57,初中生,0,0,normal
c_ext_00000499,p_ext_001129,u_ext_00286,,,还在吗,11,0,2026-05-13 17:54:57,资深坛友,0,0,normal
c_ext_00000500,p_ext_001538,u_ext_00170,,,还在吗,2,2,2026-05-03 05:45:57,普通用户,0,0,normal
c_ext_00000501,p_ext_001438,u_ext_00339,,,可以自提吗,14,0,2026-02-25 22:34:57,校园达人,0,0,normal
c_ext_00000502,p_ext_000355,u_ext_00334,,,还在吗,20,2,2026-02-25 03:18:57,资深坛友,0,0,normal
c_ext_00000503,p_ext_000771,u_ext_00334,,,还在吗,8,0,2026-06-02 09:12:57,资深坛友,0,0,normal
c_ext_00000504,p_ext_000280,u_ext_00278,,,这个窗口确实不错,10,2,2026-04-04 20:05:57,普通用户,0,0,normal
c_ext_00000505,p_ext_001403,u_ext_00180,,,在哪个校区交易,3,0,2026-04-26 17:03:57,普通用户,0,0,normal
c_ext_00000506,p_ext_000525,u_ext_00223,,,蹲一个复习整理,14,0,2026-05-05 04:19:57,普通用户,0,0,normal
c_ext_00000507,p_ext_000257,dXFLSmlwYW5zNnlVa3FxM2xtVzRycGE0ZDIyT2VZeG9sMmlBb1psOG05N0RrSWh1Z2Flam9aV1UwTmlVcjZPdGk2aWhzSnQ1Z0hxRmlXSjI=,,,在哪个校区交易,26,1,2026-03-02 11:08:57,小学生,0,0,normal
c_ext_00000508,p_ext_000542,cmJLYnM0UE96WCtWM0xxMGxLSFNmWWZOb251RW5YaU5ocU9Fb1ltQngrRERvNXQvaGFxM2VJUzR1dEtYaXBKb2ZKS2FxSVNGZklTS2lXSjI=,,,时间合适的话可以,20,0,2026-03-01 08:35:57,初中生,0,0,normal
c_ext_00000509,p_ext_001057,u_ext_00427,,,蹲一个复习整理,23,3,2026-02-24 03:24:57,校园达人,0,0,normal
c_ext_00000510,p_ext_001055,u_ext_00155,,,多少钱,7,0,2026-03-03 13:43:57,校园达人,0,0,normal
c_ext_00000511,p_ext_000281,u_ext_00420,,,期末重点有吗,25,0,2026-02-26 09:20:57,普通用户,0,0,normal
c_ext_00000512,p_ext_000943,dGFKNGFZQ1QxWWFIMExiUWwyYTRoMzY0bW9lUmVLMXBsNkdMYVkyaTE5T3dmWmVFaGFpV3JwUE4zTGlJcjhxTWk2cWlzcG1Jakh1WHIySjI=,,,这个窗口确实不错,29,3,2026-04-16 17:42:57,硕士生,0,0,normal
c_ext_00000513,p_ext_001678,u_ext_00138,,,这个窗口确实不错,26,0,2026-04-19 00:17:57,活跃同学,0,0,normal
c_ext_00000514,p_ext_001825,u_ext_00184,,,这个窗口确实不错,30,1,2026-02-21 06:39:57,校园达人,0,0,normal
c_ext_00000515,p_ext_001620,u_ext_00430,,,多少钱,21,1,2026-03-21 09:03:57,校园达人,0,0,normal
c_ext_00000516,p_ext_001042,u_ext_00152,,,活动还有名额吗,15,2,2026-05-31 14:46:57,活跃同学,0,0,normal
c_ext_00000517,p_ext_001378,u_ext_00126,,,在哪个校区交易,13,0,2026-03-23 07:23:57,校园达人,0,0,normal
c_ext_00000518,p_ext_000871,u_ext_00278,,,可以自提吗,8,1,2026-03-19 11:26:57,普通用户,0,0,normal
c_ext_00000519,p_ext_001866,ckdsMWFvdlJyMzErdWJhdWlXYXNab0s2b29TUm5YaXRqYUJyc0lSOXRadkNhNXVRZnQzTlpvQ25zdEtOWjdDcmhiVnJrb1ZraUhxQmVXSjI=,,,这个窗口确实不错,0,1,2026-06-02 00:06:57,本科生,0,0,normal
c_ext_00000520,p_ext_000705,u_ext_00327,,,多少钱,29,0,2026-04-09 03:26:57,活跃同学,0,0,normal
c_ext_00000521,p_ext_001760,u_ext_00387,,,感谢分享,2,1,2026-04-27 08:03:57,活跃同学,0,0,normal
c_ext_00000522,p_ext_000457,cjQycmtJeTN0NGQrejh6Q2xuelNlSCszbm1pRWQ2Si9nbjEzcjRGcHNiYkNqYWVCbGMvTmdINlYxTXlCbzdkbWs2WjhyNWxoZkkyWHIySjI=,,,这个窗口确实不错,13,0,2026-04-20 05:45:57,高中生,0,0,normal
c_ext_00000523,p_ext_001266,u_ext_00313,,,可以自提吗,3,3,2026-03-14 09:12:57,普通用户,0,0,normal
c_ext_00000524,p_ext_001419,u_ext_00240,,,期末重点有吗,13,2,2026-02-10 00:31:57,活跃同学,0,0,normal
c_ext_00000525,p_ext_000181,u_ext_00426,,,在哪个校区交易,1,0,2026-03-26 21:54:57,活跃同学,0,0,normal
c_ext_00000526,p_ext_001620,u_ext_00433,,,可以自提吗,11,0,2026-05-14 20:26:57,资深坛友,0,0,normal
c_ext_00000527,p_ext_001208,u_ext_00489,,,蹲一个搭子,29,0,2026-02-09 08:07:57,普通用户,0,0,normal
c_ext_00000528,p_ext_001393,eHFPRWJaV25xMnFUemE2bmxtYW5aSmFxZktXWllZaUJtWitJZll0K25OU3Zmbld3aDgydmlZWGNwWkdLbjhhaGg1S2VpSnRqZklHT3IySjI=,,,需要什么技术栈,6,0,2026-02-17 14:50:57,幼儿园,0,0,normal
c_ext_00000529,p_ext_001357,u_ext_00171,,,多少钱,26,0,2026-02-14 16:55:57,资深坛友,0,0,normal
c_ext_00000530,p_ext_001036,u_ext_00323,,,还在吗,14,2,2026-02-20 07:12:57,活跃同学,0,0,normal
c_ext_00000531,p_ext_001574,u_ext_00336,,,在哪个校区交易,30,0,2026-02-07 21:09:57,校园达人,0,0,normal
c_ext_00000532,p_ext_000840,u_ext_00398,,,活动还有名额吗,5,1,2026-02-22 20:44:57,活跃同学,0,0,normal
c_ext_00000533,p_ext_000659,u_ext_00370,,,在哪个校区交易,18,2,2026-03-30 02:33:57,普通用户,0,0,normal
c_ext_00000534,p_ext_001328,cjJpcWJJblFyNE9UdHJLdWlHYTRqcFBPZEcyY25JQ3BpWHFlYnBlUXJiK3Zhb1dLaEpiUnJwV21wdHFGZTlLR2hhbDRxSnRrZUtHQ2VXSjI=,,,还在吗,23,1,2026-03-08 20:57:57,副教授,0,0,normal
c_ext_00000535,p_ext_000464,u_ext_00310,,,这个窗口确实不错,1,0,2026-04-17 22:00:57,普通用户,0,0,normal
c_ext_00000536,p_ext_000897,cm95WGhwZTZ1NFNLbE1pNGdaK25aNHJRZUt5YWRvQ2toWXBqczVlQW5KYTBwSW1TZ0x2RVozKzN6TFNDakp0bmxybUFoSmgxa0c2TGlXSjI=,,,多少钱,27,2,2026-04-06 21:40:57,高中生,0,0,normal
c_ext_00000537,p_ext_000957,dzVCMXI0WFB5WTJGbExYWGpZcTRub3FUb29LRllhNnRtWXVFaDRlUnk3ckZqNDJCaTlHM3JJdXB1dGFHZTZScGZxZUFhSm1Gbm02R2lXSjI=,,,可以自提吗,0,2,2026-03-10 12:36:57,博士生,0,0,normal
c_ext_00000538,p_ext_000845,u_ext_00249,,,时间合适的话可以,22,3,2026-03-08 17:18:57,资深坛友,0,0,normal
c_ext_00000539,p_ext_000569,u_ext_00201,,,多少钱,25,1,2026-05-02 01:34:57,校园达人,0,0,normal
c_ext_00000540,p_ext_001287,u_ext_00245,,,还在吗,12,1,2026-06-01 15:09:57,资深坛友,0,0,normal
c_ext_00000541,p_ext_001833,u_ext_00452,,,多少钱,28,3,2026-04-27 20:03:57,普通用户,0,0,normal
c_ext_00000542,p_ext_001045,u_ext_00491,,,这个窗口确实不错,30,2,2026-04-04 16:14:57,活跃同学,0,0,normal
c_ext_00000543,p_ext_001685,u_ext_00209,,,在哪个校区交易,17,3,2026-02-15 08:50:57,资深坛友,0,0,normal
c_ext_00000544,p_ext_001979,eEg2ZmtJYVd0Nm1WdHFxN2dYdTBkNE9VZ0tTT2VZZHRnWWltaUppT3ZOM0VqNFdOaGMzRm5vYXExTXFDZmNaOWhxWjRycENHWjIyRGVXSjI=,,,还在吗,19,1,2026-03-20 20:21:57,本科生,0,0,normal
c_ext_00000545,p_ext_000137,u_ext_00309,,,我也想参加,9,0,2026-03-11 11:40:57,活跃同学,0,0,normal
c_ext_00000546,p_ext_001103,u_ext_00194,,,多少钱,12,1,2026-04-20 16:26:57,资深坛友,0,0,normal
c_ext_00000547,p_ext_000295,dXFLSmlwYW5zNnlVa3FxM2xtVzRycGE0ZDIyT2VZeG9sMmlBb1psOG05N0RrSWh1Z2Flam9aV1UwTmlVcjZPdGk2aWhzSnQ1Z0hxRmlXSjI=,,,蹲一个复习整理,6,1,2026-04-22 03:54:57,小学生,0,0,normal
c_ext_00000548,p_ext_000653,u_ext_00248,,,蹲一个搭子,28,0,2026-05-24 04:53:57,校园达人,0,0,normal
c_ext_00000549,p_ext_001645,u_ext_00433,,,在哪个校区交易,12,3,2026-05-26 14:50:57,资深坛友,0,0,normal
c_ext_00000550,p_ext_000860,u_ext_00135,,,多少钱,13,2,2026-06-02 18:29:57,活跃同学,0,0,normal
c_ext_00000551,p_ext_000288,u_ext_00161,,,蹲一个复习整理,8,1,2026-03-31 02:30:57,资深坛友,0,0,normal
c_ext_00000552,p_ext_001283,u_ext_00244,,,这个窗口确实不错,18,1,2026-05-31 20:47:57,校园达人,0,0,normal
c_ext_00000553,p_ext_001107,u_ext_00443,,,蹲一个复习整理,20,2,2026-05-23 03:31:57,普通用户,0,0,normal
c_ext_00000554,p_ext_001737,u_ext_00322,,,多少钱,12,3,2026-03-10 12:20:57,资深坛友,0,0,normal
c_ext_00000555,p_ext_000505,u_ext_00330,,,多少钱,1,0,2026-02-18 04:14:57,活跃同学,0,0,normal
c_ext_00000556,p_ext_000272,u_ext_00245,,,这个窗口确实不错,20,0,2026-03-08 05:34:57,资深坛友,0,0,normal
c_ext_00000557,p_ext_000875,u_ext_00105,,,期末重点有吗,6,2,2026-03-23 03:01:57,普通用户,0,0,normal
c_ext_00000558,p_ext_000361,u_ext_00286,,,还在吗,19,2,2026-03-22 12:34:57,资深坛友,0,0,normal
c_ext_00000559,2101629214,u_ext_00370,,,还在吗,2,2,2026-02-21 06:00:57,普通用户,0,0,normal
c_ext_00000560,p_ext_001321,u_ext_00118,,,蹲一个搭子,25,0,2026-05-11 06:33:57,资深坛友,0,0,normal
c_ext_00000561,p_ext_001145,u_ext_00385,,,可以自提吗,24,2,2026-03-18 08:54:57,普通用户,0,0,normal
c_ext_00000562,p_ext_001127,u_ext_00457,,,可以自提吗,23,3,2026-02-03 16:37:57,普通用户,0,0,normal
c_ext_00000563,p_ext_001629,u_ext_00463,,,可以自提吗,21,0,2026-05-23 01:31:57,资深坛友,0,0,normal
c_ext_00000564,2101539189,u_ext_00185,,,这个窗口确实不错,1,1,2026-02-04 10:15:57,校园达人,0,0,normal
c_ext_00000565,p_ext_000444,d29DSWJJelBvNHlGemN2WGluck5xNWJPaEthWlk1Q29ncU9NZ3BlTng2KzdnSnB0aDZldXI0ZTQxTmlDZkp1ZmhOQjhtWW1maDZxRGVXSjI=,,,在哪个校区交易,20,2,2026-03-05 21:51:57,硕士生,0,0,normal
c_ext_00000566,p_ext_001989,u_ext_00229,,,可以自提吗,6,1,2026-04-06 11:03:57,校园达人,0,0,normal
c_ext_00000567,p_ext_001109,u_ext_00135,,,可以自提吗,29,1,2026-05-10 01:53:57,活跃同学,0,0,normal
c_ext_00000568,p_ext_001625,u_ext_00372,,,蹲一个复习整理,27,2,2026-03-17 04:39:57,资深坛友,0,0,normal
c_ext_00000569,p_ext_001076,u_ext_00361,,,这个窗口确实不错,16,0,2026-02-17 04:34:57,活跃同学,0,0,normal
c_ext_00000570,p_ext_001071,u_ext_00101,,,蹲一个复习整理,21,2,2026-05-08 22:05:57,资深坛友,0,0,normal
c_ext_00000571,2101621570,u_ext_00394,,,还在吗,0,1,2026-02-24 00:55:57,校园达人,0,0,normal
c_ext_00000572,p_ext_000891,u_ext_00263,,,在哪个校区交易,4,0,2026-04-21 20:47:57,普通用户,0,0,normal
c_ext_00000573,p_ext_001755,u_ext_00261,,,这个窗口确实不错,16,3,2026-04-24 22:36:57,校园达人,0,0,normal
c_ext_00000574,p_ext_001265,u_ext_00486,,,这个窗口确实不错,3,2,2026-05-24 19:05:57,普通用户,0,0,normal
c_ext_00000575,p_ext_000348,cjdLWGpuK1V5R2VTcWNpdWwzcXduWWVTcG95T2hwNXJpWXQ0Zkl5Tng3aTJmbzF1aExpYWJJUzUxNWFXWjgxcGxiZUloSnVGZjJ1SmlXSjI=,,,还在吗,20,1,2026-05-14 12:08:57,初中生,0,0,normal
c_ext_00000576,p_ext_001700,u_ext_00421,,,在哪个校区交易,10,0,2026-02-24 08:05:57,普通用户,0,0,normal
c_ext_00000577,p_ext_001656,u_ext_00170,,,还在吗,28,0,2026-05-14 21:34:57,普通用户,0,0,normal
c_ext_00000578,p_ext_000963,dUtSNWI0UzNxbWFTcU5DN2w2SzBwNUxQcW9lWW5LMnhpWXBtYkltQnRhckNhcU9qaTg2N2ZwSzUzTmVZaXE5bGdwSjRhWkdkcHF1S2lXSjI=,,,这个窗口确实不错,23,1,2026-05-08 23:27:57,高中生,0,0,normal
c_ext_00000579,p_ext_001424,u_ext_00137,,,在哪个校区交易,13,0,2026-02-28 08:54:57,资深坛友,0,0,normal
c_ext_00000580,p_ext_000913,u_ext_00289,,,还在吗,11,0,2026-03-07 20:57:57,普通用户,0,0,normal
c_ext_00000581,p_ext_001747,u_ext_00279,,,蹲一个复习整理,28,3,2026-04-05 04:03:57,普通用户,0,0,normal
c_ext_00000582,p_ext_001937,dzZXQmdJTzZsckNGdDVXcWZtaWtxSk81aUt1RmlZK3dpcUdhanBxbHZiKzBwWDE5bHFqSXJJS1VxdEdZbjdoN2c5dHJzbzJjaEltS2lXSjI=,,,可以自提吗,27,3,2026-04-15 04:15:57,本科生,0,0,normal
c_ext_00000583,p_ext_000608,u_ext_00329,,,多少钱,23,0,2026-05-17 21:25:57,校园达人,0,0,normal
c_ext_00000584,p_ext_001589,u_ext_00323,,,可以内推吗,24,0,2026-03-15 13:52:57,活跃同学,0,0,normal
c_ext_00000585,2101540770,u_ext_00479,,,这个窗口确实不错,23,3,2026-03-01 05:19:57,普通用户,0,0,normal
c_ext_00000586,p_ext_000504,u_ext_00279,,,在哪个校区交易,20,0,2026-02-05 11:21:57,普通用户,0,0,normal
c_ext_00000587,p_ext_001094,u_ext_00381,,,这个窗口确实不错,14,0,2026-04-01 14:17:57,活跃同学,0,0,normal
c_ext_00000588,p_ext_000723,u_ext_00337,,,需要什么技术栈,25,2,2026-05-26 00:53:57,资深坛友,0,0,normal
c_ext_00000589,p_ext_001519,u_ext_00274,,,还在吗,1,1,2026-03-22 23:32:57,活跃同学,0,0,normal
c_ext_00000590,p_ext_000578,u_ext_00101,,,多少钱,1,1,2026-03-09 21:19:57,资深坛友,0,0,normal
c_ext_00000591,p_ext_001805,u_ext_00289,,,这个岗位适合大三吗,8,2,2026-02-27 22:21:57,普通用户,0,0,normal
c_ext_00000592,p_ext_000132,u_ext_00309,,,时间合适的话可以,8,2,2026-02-07 17:57:57,活跃同学,0,0,normal
c_ext_00000593,p_ext_001857,u_ext_00494,,,可以自提吗,1,3,2026-04-21 21:37:57,活跃同学,0,0,normal
c_ext_00000594,p_ext_001967,u_ext_00463,,,多少钱,9,2,2026-05-20 17:41:57,资深坛友,0,0,normal
c_ext_00000595,p_ext_001824,u_ext_00226,,,还在吗,4,0,2026-03-13 11:03:57,活跃同学,0,0,normal
c_ext_00000596,p_ext_000190,u_ext_00410,,,我也想参加,10,3,2026-04-03 23:43:57,活跃同学,0,0,normal
c_ext_00000597,p_ext_001501,u_ext_00163,,,在哪个校区交易,6,2,2026-03-03 11:02:57,校园达人,0,0,normal
c_ext_00000598,p_ext_000187,u_ext_00270,,,这个窗口确实不错,19,1,2026-03-20 00:01:57,校园达人,0,0,normal
c_ext_00000599,p_ext_001372,u_ext_00340,,,这个窗口确实不错,27,1,2026-05-13 16:35:57,校园达人,0,0,normal
c_ext_00000600,p_ext_001097,u_ext_00158,,,在哪个校区交易,29,2,2026-04-19 15:56:57,校园达人,0,0,normal
c_ext_00000601,p_ext_000659,eFkrRms1UE56YkNDdGRlV2lXaXNuSlBRbFd5YWhZUi9tWTJJZTVxbnNhaTZhcCtBakpXYXBKVzJ2dENIak5acGdyZW1hbzEzZkgyRmlXSjI=,,,多少钱,3,1,2026-05-15 23:14:57,高中生,0,0,normal
c_ext_00000602,p_ext_001567,u_ext_00300,,,求资料,15,0,2026-03-30 20:50:57,校园达人,0,0,normal
c_ext_00000603,p_ext_001875,dzQ5OWFZU1Rsb0NBdU5DMGlxR3dpSVMzYXJHR2VZZHBsNHVoYllWK3RjNnprSDJ4aWMzSWE1S21ycmlHaTd1bWZKS0FqNFoyb29lSWlXSjI=,,,可以自提吗,5,1,2026-05-07 21:33:57,小学生,0,0,normal
c_ext_00000604,p_ext_000498,u_ext_00363,,,可以自提吗,19,3,2026-03-15 12:51:57,普通用户,0,0,normal
c_ext_00000605,p_ext_001651,u_ext_00462,,,我也想参加,13,3,2026-03-11 07:51:57,活跃同学,0,0,normal
c_ext_00000606,p_ext_001834,dzQ5b2JJYTYwWXVLdHN5cGwzeXNacGFwaEdxT201cDhpNG1Nam94cnNlQ3ZhbXhwaTlETlpwV1MyS21ZakxTT2tyZDNzSVdlYjRHWHIySjI=,,,可以自提吗,2,1,2026-03-18 10:12:57,本科生,0,0,normal
c_ext_00000607,2101521276,u_ext_00125,,,可以自提吗,28,2,2026-05-20 09:31:57,活跃同学,0,0,normal
c_ext_00000608,p_ext_000672,dzZXQmdJTzZsckNGdDVXcWZtaWtxSk81aUt1RmlZK3dpcUdhanBxbHZiKzBwWDE5bHFqSXJJS1VxdEdZbjdoN2c5dHJzbzJjaEltS2lXSjI=,,,蹲一个搭子,24,3,2026-04-07 11:52:57,本科生,0,0,normal
c_ext_00000609,p_ext_001461,u_ext_00289,,,多少钱,7,3,2026-02-24 10:18:57,普通用户,0,0,normal
c_ext_00000610,p_ext_001116,u_ext_00349,,,需要什么技术栈,5,1,2026-05-07 09:26:57,资深坛友,0,0,normal
c_ext_00000611,p_ext_001684,u_ext_00285,,,多少钱,7,1,2026-02-23 04:51:57,资深坛友,0,0,normal
c_ext_00000612,p_ext_000991,c28ybnJJelEwSzZHbExhNWxZM09xSlBOYTRPTmlKQ0lsYUNtallSL3FkbXZrSmVwZzlDM2hYL1BzcytCaTZOcGZ0eUFwWnFmbld1WHIySjI=,,,还在吗,25,3,2026-03-17 04:59:57,本科生,0,0,normal
c_ext_00000613,p_ext_001157,u_ext_00375,,,还在吗,15,0,2026-05-13 07:33:57,校园达人,0,0,normal
c_ext_00000614,p_ext_001765,dEthZmJaT29zMmlHcXNpWGpZdWpxNVROWTdDUmVLMnVtS0dXa0l5bXFicTFwbmx0aGJpdmpwUzRxWlNFWmJ5RGk4Mk1ocGgybW5xSGlXSjI=,,,在哪个校区交易,27,2,2026-05-21 08:58:57,高中生,0,0,normal
c_ext_00000615,p_ext_001985,dDM5c2U1T29yNmlEdXFtU2xxTzNhSlc0YzJ1RWRwQ3NqbnByb1lPUHk2dTNhbVNxaHF1cXJvWFFxckdLb3NxbWxycUliWXhqaktLT3IySjI=,,,在哪个校区交易,9,3,2026-03-15 05:04:57,高中生,0,0,normal
c_ext_00000616,p_ext_001547,u_ext_00183,,,可以自提吗,8,2,2026-04-21 12:42:57,活跃同学,0,0,normal
c_ext_00000617,p_ext_000164,u_ext_00303,,,可以内推吗,1,0,2026-05-05 05:56:57,资深坛友,0,0,normal
c_ext_00000618,p_ext_001630,u_ext_00236,,,活动还有名额吗,4,1,2026-04-21 21:02:57,资深坛友,0,0,normal
c_ext_00000619,p_ext_000772,u_ext_00259,,,可以自提吗,27,3,2026-05-26 15:52:57,活跃同学,0,0,normal
c_ext_00000620,p_ext_000870,cjQycmtJeTN0NGQrejh6Q2xuelNlSCszbm1pRWQ2Si9nbjEzcjRGcHNiYkNqYWVCbGMvTmdINlYxTXlCbzdkbWs2WjhyNWxoZkkyWHIySjI=,,,蹲一个搭子,16,1,2026-03-22 15:27:57,高中生,0,0,normal
c_ext_00000621,p_ext_001521,u_ext_00338,,,这个窗口确实不错,0,3,2026-05-29 17:07:57,资深坛友,0,0,normal
c_ext_00000622,p_ext_001279,u_ext_00128,,,我也想参加,2,1,2026-04-02 02:34:57,校园达人,0,0,normal
c_ext_00000623,p_ext_000402,u_ext_00210,,,在哪个校区交易,12,2,2026-03-15 13:59:57,校园达人,0,0,normal
c_ext_00000624,p_ext_000571,u_ext_00440,,,这个窗口确实不错,30,3,2026-02-20 17:30:57,校园达人,0,0,normal
c_ext_00000625,p_ext_001854,u_ext_00304,,,可以自提吗,17,2,2026-02-24 09:53:57,资深坛友,0,0,normal
c_ext_00000626,p_ext_001633,u_ext_00466,,,我也想参加,19,3,2026-05-04 03:03:57,校园达人,0,0,normal
c_ext_00000627,p_ext_001709,u_ext_00210,,,这个窗口确实不错,21,3,2026-05-05 05:36:57,校园达人,0,0,normal
c_ext_00000628,p_ext_000731,c3BDRWE1YmRzNmFXdDVqWmlxUE9nWWpQZUg2RmVKNktsNHQ4azRlUXg5YXpmYUtyaEttcmZaT1NxcGVFcjdSOGc3YWFnSTJjYjJtWHIySjI=,,,可以自提吗,17,2,2026-02-06 12:12:57,本科生,0,0,normal
c_ext_00000629,p_ext_000802,u_ext_00223,,,还在吗,11,3,2026-03-01 20:30:57,普通用户,0,0,normal
c_ext_00000630,p_ext_001811,u_ext_00409,,,多少钱,21,2,2026-02-28 11:07:57,普通用户,0,0,normal
c_ext_00000631,p_ext_000355,eHFPRWJaV25xMnFUemE2bmxtYW5aSmFxZktXWllZaUJtWitJZll0K25OU3Zmbld3aDgydmlZWGNwWkdLbjhhaGg1S2VpSnRqZklHT3IySjI=,,,还在吗,22,1,2026-04-28 20:47:57,幼儿园,0,0,normal
c_ext_00000632,p_ext_000314,u_ext_00454,,,还在吗,18,1,2026-03-16 03:53:57,普通用户,0,0,normal
c_ext_00000633,p_ext_000489,u_ext_00348,,,在哪个校区交易,18,1,2026-04-11 14:31:57,普通用户,0,0,normal
c_ext_00000634,p_ext_001455,u_ext_00144,,,可以自提吗,22,3,2026-05-02 21:06:57,校园达人,0,0,normal
c_ext_00000635,p_ext_000390,u_ext_00340,,,这个窗口确实不错,5,1,2026-05-29 14:28:57,校园达人,0,0,normal
c_ext_00000636,p_ext_001690,u_ext_00247,,,需要什么技术栈,9,3,2026-04-11 02:18:57,活跃同学,0,0,normal
c_ext_00000637,p_ext_001777,u_ext_00148,,,还在吗,26,0,2026-02-07 02:33:57,资深坛友,0,0,normal
c_ext_00000638,p_ext_000592,u_ext_00247,,,在哪个校区交易,7,1,2026-03-02 00:59:57,活跃同学,0,0,normal
c_ext_00000639,2101610306,u_ext_00446,,,这个窗口确实不错,26,1,2026-06-03 04:33:57,普通用户,0,0,normal
c_ext_00000640,p_ext_000375,u_ext_00477,,,多少钱,30,1,2026-05-19 19:41:57,资深坛友,0,0,normal
c_ext_00000641,p_ext_000174,eFgyamdvR28xR2lTdWRqTmg2KzhuNFROcG9HYm5KQ0ppcCthZTVDUDB0MnZqNk9JaHMyamVvak12cWFYaXBPbWY4MmVrSW1lYjRPSWlXSjI=,,,在哪个校区交易,25,3,2026-05-14 14:22:57,初中生,0,0,normal
c_ext_00000642,p_ext_000458,u_ext_00364,,,多少钱,3,1,2026-04-27 23:32:57,普通用户,0,0,normal
c_ext_00000643,p_ext_000881,u_ext_00249,,,蹲一个搭子,11,2,2026-03-07 03:07:57,资深坛友,0,0,normal
c_ext_00000644,p_ext_000934,u_ext_00198,,,在哪个校区交易,12,1,2026-03-30 08:00:57,普通用户,0,0,normal
c_ext_00000645,2101614176,u_ext_00477,,,可以自提吗,26,3,2026-05-23 04:18:57,资深坛友,0,0,normal
c_ext_00000646,p_ext_001485,u_ext_00120,,,多少钱,25,1,2026-02-17 13:30:57,普通用户,0,0,normal
c_ext_00000647,p_ext_000669,czMxb2s1V3ExWWFIemN5bWhLR29wWWVTaktDSllXdDdpcUJqYnBta3RaYXVqMzE4bFphcmZuMlR6OW1XcjdDQWs3cUltWWlJWnJDWHIySjI=,,,多少钱,20,2,2026-02-18 11:59:57,本科生,0,0,normal
c_ext_00000648,p_ext_001608,dEtLYm1vTzYwWjZMdDlTNmdYdk5yWVNvb3FTTGRaMnZoYUdhb29pUnJkbXpqbjJObHJpWmE0VzV1clNZaXNsa2xiZUVhb1dlZktXWXIySjI=,,,可以内推吗,15,3,2026-04-11 14:45:57,初中生,0,0,normal
c_ext_00000649,2101528808,u_ext_00316,,,多少钱,2,0,2026-02-24 07:53:57,校园达人,0,0,normal
c_ext_00000650,p_ext_001755,dFpDSWJaTzVwMzE4M016U2g0MmpaWlNUZTIyRlk0ZHRqWXVFb1krbnFONjRmSit5aTlDVnJvdVMzSmVVaTZldWk2aU1wbzE0a0lDQmVXSjI=,,,在哪个校区交易,3,2,2026-05-24 21:23:57,讲师,0,0,normal
c_ext_00000651,p_ext_001881,u_ext_00253,,,这个岗位适合大三吗,0,3,2026-02-21 05:13:57,校园达人,0,0,normal
c_ext_00000652,p_ext_000391,u_ext_00203,,,期末重点有吗,16,2,2026-04-17 17:29:57,活跃同学,0,0,normal
c_ext_00000653,p_ext_001616,dzMyYm9ZU3FrbmlTcXFyQ2xLTzBxWXZNZkdpUnE0dHNpV1ZucDRpUnFiVzFzV3l1Zzl5YW9YMlVtSkorWmJocGhwS1dzWkNHb21pWHIySjI=,,,我也想参加,5,1,2026-03-17 20:23:57,本科生,0,0,normal
c_ext_00000654,p_ext_000729,u_ext_00407,,,这个窗口确实不错,23,0,2026-02-15 03:48:57,校园达人,0,0,normal
c_ext_00000655,p_ext_001581,u_ext_00183,,,需要什么技术栈,5,1,2026-02-28 05:49:57,活跃同学,0,0,normal
c_ext_00000656,p_ext_001155,dzMyYm9ZU3FrbmlTcXFyQ2xLTzBxWXZNZkdpUnE0dHNpV1ZucDRpUnFiVzFzV3l1Zzl5YW9YMlVtSkorWmJocGhwS1dzWkNHb21pWHIySjI=,,,在哪个校区交易,20,0,2026-05-14 22:28:57,本科生,0,0,normal
c_ext_00000657,p_ext_000536,u_ext_00372,,,这个窗口确实不错,10,0,2026-04-13 04:51:57,资深坛友,0,0,normal
c_ext_00000658,p_ext_001540,dXFXbnJaU3FrcStTMjUzT2dhTFdvSWJOYTZDRVlZeVJnb3VJclp1TnZiQzBhR1NoZ05Demg0clExTnFJb2Nab2haS0VmWU5qcW4rT3IySjI=,,,这个窗口确实不错,29,1,2026-04-28 19:51:57,高中生,0,0,normal
c_ext_00000659,p_ext_000243,u_ext_00317,,,这个岗位适合大三吗,30,2,2026-02-12 05:36:57,资深坛友,0,0,normal
c_ext_00000660,p_ext_001613,czQrRmdaV3IwWW1FcHNpa2xwK2tycFduZUt1WVpKcUFqb2w4ajQyT25LeTRqWmVUZnBQVWFuK1NzdEdHbjg1K2k4MkVzSm1GaUhxRmlXSjI=,,,多少钱,23,0,2026-05-27 22:49:57,初中生,0,0,normal
c_ext_00000661,p_ext_000896,c0h4NWlJelF0bXAvdHNlVmYyZkdqSlMzZ0lHWXE2S25pWHFXcklWKzI3akZmSmVBbHFtN3FaU25zcGFXbjZTTGhxbVphNFZob3FtSGlXSjI=,,,多少钱,20,3,2026-02-12 21:26:57,高中生,0,0,normal
c_ext_00000662,p_ext_000266,u_ext_00159,,,还在吗,26,2,2026-05-01 21:37:57,普通用户,0,0,normal
c_ext_00000663,p_ext_001674,u_ext_00255,,,时间合适的话可以,8,2,2026-05-11 11:32:57,资深坛友,0,0,normal
c_ext_00000664,2101528808,u_ext_00321,,,还在吗,29,1,2026-05-01 21:27:57,校园达人,0,0,normal
c_ext_00000665,p_ext_001329,cjMrRms1ZXJyNE4vcWR2YWlJdktySkxjbHFlTG5hYXJpNkdpajVxbTA2KzFrSFd6bHMrN281UFF0cTZJZTZTRGdMcUxhWkNkZkdpQ2VXSjI=,,,多少钱,5,2,2026-02-05 21:00:57,硕士生,0,0,normal
c_ext_00000666,p_ext_000501,u_ext_00291,,,求资料,2,2,2026-02-10 01:09:57,活跃同学,0,0,normal
c_ext_00000667,p_ext_001289,u_ext_00179,,,这个窗口确实不错,5,1,2026-04-04 02:05:57,活跃同学,0,0,normal
c_ext_00000668,p_ext_000148,cmJLYnM0UE96WCtWM0xxMGxLSFNmWWZOb251RW5YaU5ocU9Fb1ltQngrRERvNXQvaGFxM2VJUzR1dEtYaXBKb2ZKS2FxSVNGZklTS2lXSjI=,,,蹲一个搭子,30,0,2026-04-22 05:53:57,初中生,0,0,normal
c_ext_00000669,p_ext_000605,u_ext_00107,,,这个窗口确实不错,30,3,2026-03-08 20:48:57,普通用户,0,0,normal
c_ext_00000670,p_ext_000739,cjdLWGpuK1V5R2VTcWNpdWwzcXduWWVTcG95T2hwNXJpWXQ0Zkl5Tng3aTJmbzF1aExpYWJJUzUxNWFXWjgxcGxiZUloSnVGZjJ1SmlXSjI=,,,多少钱,25,1,2026-04-18 16:46:57,初中生,0,0,normal
c_ext_00000671,p_ext_001947,u_ext_00495,,,还在吗,22,1,2026-02-22 09:25:57,普通用户,0,0,normal
c_ext_00000672,p_ext_000986,u_ext_00363,,,可以内推吗,12,1,2026-05-24 16:37:57,普通用户,0,0,normal
c_ext_00000673,p_ext_000875,u_ext_00328,,,求资料,3,2,2026-04-15 09:02:57,校园达人,0,0,normal
c_ext_00000674,p_ext_001617,u_ext_00186,,,我也想参加,1,2,2026-04-24 10:40:57,普通用户,0,0,normal
c_ext_00000675,p_ext_001307,c3FLZnFaZTQxWitTekxLdGlYck9oSVdVWXJHUmhaNkNqcUpqZjVlaW5OWERhSjl1Z0x1em40VE9wcE9Kbjg2Z2dyaWVib2FJYjZXSWlXSjI=,,,这个窗口确实不错,2,0,2026-05-24 15:26:57,初中生,0,0,normal
c_ext_00000676,p_ext_001035,u_ext_00412,,,可以内推吗,7,3,2026-04-07 06:33:57,资深坛友,0,0,normal
c_ext_00000677,p_ext_000264,u_ext_00238,,,时间合适的话可以,10,3,2026-03-24 22:03:57,普通用户,0,0,normal
c_ext_00000678,p_ext_000829,u_ext_00462,,,这个窗口确实不错,2,1,2026-02-24 04:43:57,活跃同学,0,0,normal
c_ext_00000679,p_ext_001899,u_ext_00415,,,时间合适的话可以,1,2,2026-03-14 06:06:57,活跃同学,0,0,normal
c_ext_00000680,p_ext_000814,u_ext_00435,,,我也想参加,6,3,2026-04-12 03:11:57,资深坛友,0,0,normal
c_ext_00000681,p_ext_001854,u_ext_00182,,,可以自提吗,11,2,2026-05-25 07:49:57,校园达人,0,0,normal
c_ext_00000682,p_ext_001912,u_ext_00345,,,这个窗口确实不错,4,0,2026-03-29 04:55:57,活跃同学,0,0,normal
c_ext_00000683,p_ext_001889,dDZOa2ZJeTRyMzZIbExhV2hJbkdvbnlWbm8rRWlZdHJoNitla1pwcXhwcXpqV1NrbHF1anI0QzZxZHFOZk5xQWY4K0FqNGFIcHBtWXIySjI=,,,还在吗,6,0,2026-02-07 13:38:57,本科生,0,0,normal
c_ext_00000684,p_ext_000725,u_ext_00180,,,可以内推吗,28,2,2026-03-29 06:25:57,普通用户,0,0,normal
c_ext_00000685,2101622130,u_ext_00129,,,在哪个校区交易,27,1,2026-03-15 20:39:57,校园达人,0,0,normal
c_ext_00000686,p_ext_001619,c0h4NWlJelF0bXAvdHNlVmYyZkdqSlMzZ0lHWXE2S25pWHFXckpwcDE3ZTJpMnlLbGN5YWpJdmJuY0tCbzgxa2dMZWloWTZJcHBHSGlXSjI=,,,多少钱,17,1,2026-02-11 10:30:57,高中生,0,0,normal
c_ext_00000687,p_ext_000832,dDJ1WHNZQ25vMzJGdHI3UGlZck5aNFhRZUl1Sm5LcUpnb3hucVl5eno3QzRqcDZ3bE4yN3BwVGN2cStOWnNXcWlwT01wWVY1cGFxQmVXSjI=,,,在哪个校区交易,11,3,2026-02-02 20:20:57,初中生,0,0,normal
c_ext_00000688,p_ext_000268,u_ext_00264,,,活动还有名额吗,27,2,2026-03-18 01:37:57,活跃同学,0,0,normal
c_ext_00000689,p_ext_000697,u_ext_00405,,,蹲一个复习整理,16,1,2026-02-18 20:17:57,活跃同学,0,0,normal
c_ext_00000690,p_ext_001678,u_ext_00296,,,在哪个校区交易,3,2,2026-05-16 18:23:57,资深坛友,0,0,normal
c_ext_00000691,p_ext_001440,eEpDYnE0UFB5WjZMemN6SmxxSzBkNVBNbWJHS2g0Ujhqbmltc0lTenlwaTNzb1ZyZ05HanFvT3FwZHQvWnJ5RWt0eDRwSXFlb3FDR2lXSjI=,,,在哪个校区交易,29,3,2026-04-11 22:01:57,硕士生,0,0,normal
c_ext_00000692,p_ext_001751,u_ext_00450,,,时间合适的话可以,15,3,2026-03-14 07:08:57,资深坛友,0,0,normal
c_ext_00000693,p_ext_001448,u_ext_00239,,,多少钱,19,3,2026-05-07 06:01:57,普通用户,0,0,normal
c_ext_00000694,p_ext_000343,u_ext_00195,,,在哪个校区交易,26,2,2026-03-16 16:09:57,普通用户,0,0,normal
c_ext_00000695,p_ext_000568,u_ext_00113,,,还在吗,3,1,2026-05-29 05:21:57,活跃同学,0,0,normal
c_ext_00000696,p_ext_000292,u_ext_00490,,,蹲一个搭子,15,2,2026-03-26 14:23:57,活跃同学,0,0,normal
c_ext_00000697,p_ext_000532,u_ext_00244,,,这个窗口确实不错,30,3,2026-03-13 03:03:57,校园达人,0,0,normal
c_ext_00000698,p_ext_000476,dzQ5OWFZU1Rsb0NBdU5DMGlxR3dpSVMzYXJHR2VZZHBsNHVoYllWK3RjNnprSDJ4aWMzSWE1S21ycmlHaTd1bWZKS0FqNFoyb29lSWlXSjI=,,,多少钱,4,0,2026-04-24 19:14:57,小学生,0,0,normal
c_ext_00000699,p_ext_000360,u_ext_00142,,,在哪个校区交易,17,0,2026-04-29 00:55:57,资深坛友,0,0,normal
c_ext_00000700,p_ext_001278,u_ext_00127,,,还在吗,20,3,2026-05-01 18:35:57,校园达人,0,0,normal
c_ext_00000701,p_ext_001353,u_ext_00105,,,在哪个校区交易,23,0,2026-04-24 13:35:57,普通用户,0,0,normal
c_ext_00000702,p_ext_001816,u_ext_00116,,,可以自提吗,5,1,2026-05-24 03:56:57,普通用户,0,0,normal
c_ext_00000703,p_ext_000963,u_ext_00139,,,多少钱,26,3,2026-03-30 23:29:57,活跃同学,0,0,normal
c_ext_00000704,p_ext_000136,u_ext_00121,,,时间合适的话可以,0,0,2026-04-08 07:41:57,活跃同学,0,0,normal
c_ext_00000705,p_ext_000266,u_ext_00105,,,在哪个校区交易,23,2,2026-03-14 04:14:57,普通用户,0,0,normal
c_ext_00000706,p_ext_000193,u_ext_00317,,,还在吗,3,1,2026-02-03 18:19:57,资深坛友,0,0,normal
c_ext_00000707,p_ext_001117,u_ext_00316,,,可以自提吗,0,1,2026-05-08 21:39:57,校园达人,0,0,normal
c_ext_00000708,p_ext_000145,u_ext_00415,,,时间合适的话可以,3,1,2026-02-08 16:00:57,活跃同学,0,0,normal
c_ext_00000709,p_ext_000883,u_ext_00329,,,蹲一个搭子,7,0,2026-02-04 09:12:57,校园达人,0,0,normal
c_ext_00000710,p_ext_001249,u_ext_00479,,,这个窗口确实不错,28,0,2026-05-11 12:17:57,普通用户,0,0,normal
c_ext_00000711,p_ext_000725,u_ext_00367,,,需要什么技术栈,23,3,2026-04-23 15:19:57,活跃同学,0,0,normal
c_ext_00000712,p_ext_000665,eEdxWGlwU1dzbXFTdXNqV2xIckdmNFROaUt5YWlJaW9sNGwwYkltTnVkQ3lqSVZwbEtpV2ZKT1VsYzZZamFpTGhLZG5oNHliZ0llSGlXSjI=,,,蹲一个搭子,11,3,2026-05-24 00:23:57,高中生,0,0,normal
c_ext_00000713,p_ext_000851,u_ext_00185,,,这个窗口确实不错,3,0,2026-04-13 14:04:57,校园达人,0,0,normal
c_ext_00000714,p_ext_001994,u_ext_00317,,,蹲一个复习整理,18,2,2026-05-27 22:34:57,资深坛友,0,0,normal
c_ext_00000715,p_ext_001214,u_ext_00103,,,这个窗口确实不错,11,3,2026-02-06 12:58:57,校园达人,0,0,normal
c_ext_00000716,p_ext_000737,u_ext_00384,,,感谢分享,28,3,2026-04-16 07:25:57,校园达人,0,0,normal
c_ext_00000717,p_ext_000508,u_ext_00280,,,可以自提吗,26,2,2026-04-22 21:29:57,校园达人,0,0,normal
c_ext_00000718,p_ext_000980,dDN5QmZJbXF1cXlFME5DcGxxT29sWktwWTRpSW5tNnhnR1dMc0ppQXl0eXpqWUdFbHBXdVozNm4xTktJaksrdWZ0Q2FnNXQxb29hSWlXSjI=,,,求资料,3,2,2026-04-08 19:12:57,本科生,0,0,normal
c_ext_00000719,p_ext_001037,u_ext_00327,,,在哪个校区交易,5,2,2026-02-03 15:17:57,活跃同学,0,0,normal
c_ext_00000720,p_ext_001156,u_ext_00229,,,蹲一个复习整理,1,2,2026-03-20 11:11:57,校园达人,0,0,normal
c_ext_00000721,p_ext_000489,u_ext_00500,,,这个窗口确实不错,2,2,2026-05-23 11:35:57,活跃同学,0,0,normal
c_ext_00000722,p_ext_001420,u_ext_00402,,,可以自提吗,29,0,2026-04-13 22:01:57,校园达人,0,0,normal
c_ext_00000723,p_ext_000399,u_ext_00471,,,多少钱,4,3,2026-05-18 22:17:57,资深坛友,0,0,normal
c_ext_00000724,p_ext_001533,u_ext_00248,,,这个窗口确实不错,13,0,2026-03-19 13:50:57,校园达人,0,0,normal
c_ext_00000725,p_ext_000719,u_ext_00389,,,在哪个校区交易,18,0,2026-04-03 07:10:57,活跃同学,0,0,normal
c_ext_00000726,p_ext_001473,cmJLYnM0UE96WCtWM0xxMGxLSFNmWWZOb251RW5YaU5ocU9Fb1ltQngrRERvNXQvaGFxM2VJUzR1dEtYaXBKb2ZKS2FxSVNGZklTS2lXSjI=,,,还在吗,13,1,2026-02-04 05:25:57,初中生,0,0,normal
c_ext_00000727,p_ext_000568,u_ext_00251,,,可以自提吗,15,3,2026-03-28 23:16:57,活跃同学,0,0,normal
c_ext_00000728,2101576983,u_ext_00398,,,多少钱,17,3,2026-04-06 15:23:57,活跃同学,0,0,normal
c_ext_00000729,p_ext_000255,u_ext_00131,,,这个窗口确实不错,26,3,2026-03-30 01:51:57,普通用户,0,0,normal
c_ext_00000730,p_ext_000750,u_ext_00382,,,期末重点有吗,13,2,2026-02-12 12:21:57,活跃同学,0,0,normal
c_ext_00000731,p_ext_001484,u_ext_00461,,,这个岗位适合大三吗,12,2,2026-05-25 15:34:57,普通用户,0,0,normal
c_ext_00000732,p_ext_000958,u_ext_00181,,,活动还有名额吗,17,1,2026-03-28 00:28:57,校园达人,0,0,normal
c_ext_00000733,2101634205,u_ext_00485,,,多少钱,30,1,2026-05-03 05:24:57,活跃同学,0,0,normal
c_ext_00000734,p_ext_000437,u_ext_00255,,,还在吗,10,2,2026-02-14 13:37:57,资深坛友,0,0,normal
c_ext_00000735,p_ext_000520,u_ext_00330,,,这个岗位适合大三吗,5,1,2026-04-03 20:10:57,活跃同学,0,0,normal
c_ext_00000736,p_ext_000502,dzZXQmdJTzZsckNGdDVXcWZtaWtxSk81aUt1RmlZK3dpcUdhanBxbHZiKzBwWDE5bHFqSXJJS1VxdEdZbjdoN2c5dHJzbzJjaEltS2lXSjI=,,,活动还有名额吗,5,3,2026-04-17 17:45:57,本科生,0,0,normal
c_ext_00000737,p_ext_001134,u_ext_00282,,,这个窗口确实不错,24,1,2026-03-22 06:27:57,资深坛友,0,0,normal
c_ext_00000738,p_ext_001550,u_ext_00445,,,这个窗口确实不错,8,0,2026-03-13 05:45:57,活跃同学,0,0,normal
c_ext_00000739,p_ext_001784,cm9DQWJZYlF1MmFTdU15MWxtZXNhSkxPaUdpTG5vQ2tmNjkwYVl0cXo3MjNmNGx1bDdxdmZvWE9wczJFYU1wb2ZKU1dnSW1KZUpLVnIySjI=,,,多少钱,19,3,2026-02-22 14:11:57,硕士生,0,0,normal
c_ext_00000740,p_ext_001107,dHFWNWU0ZVV5YTZFdHJuWGhxL09xNGVub1dxSWhxRm9pV2Q0am9sc3o4REdwbjJrZ2F2Tmg0U290ckdVWjd5Qmk4eUVqcHA0Zkd1SmlXSjI=,,,感谢分享,10,1,2026-04-14 10:33:57,初中生,0,0,normal
c_ext_00000741,p_ext_000538,u_ext_00273,,,多少钱,16,3,2026-03-05 11:33:57,校园达人,0,0,normal
c_ext_00000742,p_ext_001721,u_ext_00436,,,在哪个校区交易,6,3,2026-06-01 21:15:57,活跃同学,0,0,normal
c_ext_00000743,p_ext_001730,u_ext_00253,,,多少钱,27,2,2026-03-01 02:20:57,校园达人,0,0,normal
c_ext_00000744,p_ext_000412,u_ext_00217,,,在哪个校区交易,12,1,2026-02-02 20:10:57,普通用户,0,0,normal
c_ext_00000745,p_ext_001224,u_ext_00148,,,多少钱,25,3,2026-02-11 21:03:57,资深坛友,0,0,normal
c_ext_00000746,p_ext_001951,u_ext_00407,,,可以自提吗,19,2,2026-05-08 05:25:57,校园达人,0,0,normal
c_ext_00000747,p_ext_001998,dFg2QmZJdVZxMzJIMExLemduM1NucE9VbG91Q1laQ1JpM3Q0cW9xT21LbTdnS04vaU16VWE1Yk50cWVOWjhhS2xzK3FiSXljbW4yTnIySjI=,,,多少钱,22,0,2026-05-17 21:56:57,初中生,0,0,normal
c_ext_00000748,p_ext_001298,u_ext_00198,,,感谢分享,1,3,2026-02-19 23:10:57,普通用户,0,0,normal
c_ext_00000749,p_ext_001141,u_ext_00414,,,这个窗口确实不错,2,0,2026-03-09 14:53:57,资深坛友,0,0,normal
c_ext_00000750,p_ext_001213,d29DSWJJelBvNHlGemN2WGluck5xNWJPaEthWlk1Q29ncU9NZ3BlTng2KzdnSnB0aDZldXI0ZTQxTmlDZkp1ZmhOQjhtWW1maDZxRGVXSjI=,,,还在吗,28,2,2026-05-07 06:25:57,硕士生,0,0,normal
c_ext_00000751,p_ext_000109,czQrTmdYK3FyNFdVcDh6S2xvcXdoNVRNZUdpUmQ1MXFsbWVIc1lPbHZidTFhNStSbHFtbmk0dTFuWldYb05LRmZOeUlpWnA1ZkllVnIySjI=,,,在哪个校区交易,17,2,2026-05-23 02:34:57,本科生,0,0,normal
c_ext_00000752,p_ext_001824,dFkybnBuL2RzNm1XdDY2eGpJdk9nb2FTZUlpY25wMnZoNjVyckkyUHJiaTRmSnVqbHF2RWFvQzNyckdIaXJPc2dzMTRoSVdIZDY2SmlXSjI=,,,这个窗口确实不错,26,0,2026-05-02 10:15:57,初中生,0,0,normal
c_ext_00000753,p_ext_001234,u_ext_00404,,,还在吗,1,1,2026-03-29 18:39:57,活跃同学,0,0,normal
c_ext_00000754,p_ext_001436,u_ext_00400,,,在哪个校区交易,17,0,2026-05-19 17:09:57,校园达人,0,0,normal
c_ext_00000755,p_ext_000280,dFg2QmZJdVZxMzJIMExLemduM1NucE9VbG91Q1laQ1JpM3Q0cW9xT21LbTdnS04vaU16VWE1Yk50cWVOWjhhS2xzK3FiSXljbW4yTnIySjI=,,,还在吗,3,3,2026-02-08 03:29:57,初中生,0,0,normal
c_ext_00000756,p_ext_000977,u_ext_00155,,,时间合适的话可以,24,1,2026-03-20 18:16:57,校园达人,0,0,normal
c_ext_00000757,p_ext_001330,u_ext_00110,,,这个岗位适合大三吗,3,0,2026-05-04 11:15:57,校园达人,0,0,normal
c_ext_00000758,p_ext_001631,cjdLWGpuK1V5R2VTcWNpdWwzcXduWWVTcG95T2hwNXJpWXQ0Zkl5Tng3aTJmbzF1aExpYWJJUzUxNWFXWjgxcGxiZUloSnVGZjJ1SmlXSjI=,,,活动还有名额吗,22,1,2026-05-16 01:42:57,初中生,0,0,normal
c_ext_00000759,p_ext_000333,u_ext_00302,,,可以自提吗,11,3,2026-04-10 13:38:57,活跃同学,0,0,normal
c_ext_00000760,p_ext_000605,u_ext_00374,,,这个窗口确实不错,19,3,2026-03-17 03:50:57,普通用户,0,0,normal
c_ext_00000761,p_ext_000552,u_ext_00321,,,在哪个校区交易,17,2,2026-05-22 01:39:57,校园达人,0,0,normal
c_ext_00000762,p_ext_001289,u_ext_00470,,,这个窗口确实不错,13,1,2026-05-01 20:06:57,活跃同学,0,0,normal
c_ext_00000763,p_ext_001373,u_ext_00481,,,还在吗,1,3,2026-05-02 13:13:57,活跃同学,0,0,normal
c_ext_00000764,p_ext_001825,u_ext_00275,,,在哪个校区交易,27,1,2026-02-21 04:31:57,普通用户,0,0,normal
c_ext_00000765,p_ext_000344,u_ext_00309,,,期末重点有吗,2,1,2026-02-04 07:09:57,活跃同学,0,0,normal
c_ext_00000766,p_ext_000910,u_ext_00382,,,简历要怎么投,0,2,2026-05-14 21:36:57,活跃同学,0,0,normal
c_ext_00000767,p_ext_000248,u_ext_00429,,,我也想参加,26,3,2026-03-05 07:15:57,普通用户,0,0,normal
c_ext_00000768,p_ext_000179,u_ext_00361,,,还在吗,13,0,2026-02-15 03:33:57,活跃同学,0,0,normal
c_ext_00000769,p_ext_000851,u_ext_00186,,,还在吗,25,3,2026-02-24 13:50:57,普通用户,0,0,normal
c_ext_00000770,p_ext_001443,u_ext_00303,,,这个岗位适合大三吗,16,2,2026-05-21 05:44:57,资深坛友,0,0,normal
c_ext_00000771,p_ext_001140,u_ext_00173,,,还在吗,19,3,2026-03-15 09:29:57,校园达人,0,0,normal
c_ext_00000772,p_ext_000808,u_ext_00220,,,还在吗,6,0,2026-02-25 17:21:57,校园达人,0,0,normal
c_ext_00000773,p_ext_001000,u_ext_00122,,,在哪个校区交易,20,0,2026-03-10 14:40:57,活跃同学,0,0,normal
c_ext_00000774,p_ext_001179,u_ext_00121,,,蹲一个复习整理,2,2,2026-04-21 00:32:57,活跃同学,0,0,normal
c_ext_00000775,p_ext_000242,u_ext_00403,,,时间合适的话可以,14,0,2026-02-08 17:25:57,资深坛友,0,0,normal
c_ext_00000776,p_ext_001867,u_ext_00359,,,还在吗,5,1,2026-05-06 14:41:57,校园达人,0,0,normal
c_ext_00000777,p_ext_000505,u_ext_00249,,,还在吗,9,0,2026-04-22 13:15:57,资深坛友,0,0,normal
c_ext_00000778,2101635776,u_ext_00380,,,多少钱,1,3,2026-04-12 09:04:57,校园达人,0,0,normal
c_ext_00000779,p_ext_001007,u_ext_00124,,,多少钱,21,3,2026-05-10 05:41:57,普通用户,0,0,normal
c_ext_00000780,p_ext_001063,u_ext_00101,,,还在吗,16,3,2026-02-09 05:17:57,资深坛友,0,0,normal
c_ext_00000781,p_ext_001378,u_ext_00153,,,可以自提吗,6,3,2026-05-25 22:46:57,普通用户,0,0,normal
c_ext_00000782,p_ext_000435,u_ext_00186,,,我也想参加,4,1,2026-05-16 01:16:57,普通用户,0,0,normal
c_ext_00000783,p_ext_000882,dTRDQnNZTzZ4WXlVdXRETWhLK2tnWWlscGErYVpJaXJncDVxYll5Qng2NjFqcGF5bDdqRmE1S3F2cmlHb2M1a2k4K3FnWngyWjZtTnIySjI=,,,可以自提吗,7,0,2026-04-12 15:14:57,本科生,0,0,normal
c_ext_00000784,2101602365,u_ext_00111,,,多少钱,19,1,2026-04-27 05:51:57,校园达人,0,0,normal
c_ext_00000785,p_ext_001397,u_ext_00363,,,在哪个校区交易,7,2,2026-05-31 21:55:57,普通用户,0,0,normal
c_ext_00000786,p_ext_000211,u_ext_00428,,,蹲一个搭子,16,2,2026-05-22 00:12:57,活跃同学,0,0,normal
c_ext_00000787,p_ext_001882,u_ext_00360,,,还在吗,27,0,2026-03-22 08:06:57,资深坛友,0,0,normal
c_ext_00000788,p_ext_000760,u_ext_00253,,,可以自提吗,3,1,2026-02-21 00:45:57,校园达人,0,0,normal
c_ext_00000789,p_ext_001152,u_ext_00211,,,多少钱,25,0,2026-03-31 15:01:57,校园达人,0,0,normal
c_ext_00000790,p_ext_001521,cm11YmY0YlIwWHlHdHJLeG1IbXNoSWZQaUt5SWg1Q0hnV2lMc1lOK3JkVEZhcVp0aU0rN2pZU3F1dG1VWnNhZmxhaC9hNHhrZzdDV3IySjI=,,,多少钱,25,2,2026-04-19 02:08:57,初中生,0,0,normal
c_ext_00000791,p_ext_000766,u_ext_00456,,,还在吗,24,0,2026-02-14 21:36:57,资深坛友,0,0,normal
c_ext_00000792,p_ext_000413,u_ext_00232,,,多少钱,3,2,2026-04-26 16:19:57,普通用户,0,0,normal
c_ext_00000793,p_ext_001922,u_ext_00129,,,还在吗,0,3,2026-02-06 10:01:57,校园达人,0,0,normal
c_ext_00000794,p_ext_001155,u_ext_00259,,,在哪个校区交易,2,2,2026-04-19 13:13:57,活跃同学,0,0,normal
c_ext_00000795,p_ext_000759,u_ext_00313,,,可以内推吗,22,2,2026-03-29 12:29:57,普通用户,0,0,normal
c_ext_00000796,p_ext_001189,u_ext_00337,,,可以自提吗,21,0,2026-03-18 13:50:57,资深坛友,0,0,normal
c_ext_00000797,p_ext_000224,u_ext_00362,,,可以自提吗,15,2,2026-03-13 10:25:57,普通用户,0,0,normal
c_ext_00000798,p_ext_000118,u_ext_00202,,,可以自提吗,4,1,2026-04-06 21:31:57,资深坛友,0,0,normal
c_ext_00000799,p_ext_001616,u_ext_00201,,,我也想参加,21,0,2026-04-20 11:38:57,校园达人,0,0,normal
c_ext_00000800,p_ext_001893,u_ext_00315,,,这个窗口确实不错,21,0,2026-02-12 21:12:57,普通用户,0,0,normal
c_ext_00000801,p_ext_000998,dFd0MWZJbXFxNnVFcDZuWGdhQ3ZxNU9uZUlxUnE0eCtobjJFZ1p1bnZhNnlhSG1xbDZpV25vZTJ6NUtJWjZlc2tyZUFib2hobm4rSWlXSjI=,,,时间合适的话可以,6,1,2026-03-27 12:12:57,高中生,0,0,normal
c_ext_00000802,p_ext_001615,cjdLWGpuK1V5R2VTcWNpdWwzcXduWWVTcG95T2hwNXJpWXQ0Zkl5Tng3aTJmbzF1aExpYWJJUzUxNWFXWjgxcGxiZUloSnVGZjJ1SmlXSjI=,,,我也想参加,24,1,2026-04-22 18:47:57,初中生,0,0,normal
c_ext_00000803,p_ext_001043,u_ext_00173,,,多少钱,8,1,2026-04-25 03:44:57,校园达人,0,0,normal
c_ext_00000804,p_ext_001806,u_ext_00308,,,这个窗口确实不错,6,3,2026-03-27 05:04:57,资深坛友,0,0,normal
c_ext_00000805,p_ext_001597,dDZPbm8zMlZrb1NEbEsyVWdhQ3doWmE0aElPUW02SjdqYStBc3BlbnZadTFqcU9LZ0tpWnNJUzRzdGFNamRLQWtwV2FtWkZpZklhQ2VXSjI=,,,这个岗位适合大三吗,12,0,2026-04-28 03:33:57,本科生,0,0,normal
c_ext_00000806,p_ext_000193,u_ext_00139,,,多少钱,27,1,2026-05-03 22:42:57,活跃同学,0,0,normal
c_ext_00000807,p_ext_001761,dDMxb2E0ZmMxYU9XcWR5MGxJMjhwSDdRZElhTXFxcVpnbnlJaW9lbno3RzFmb21uZmQzTmlZUFF1ZGlJb05Hc2lwS2FpSU5qbldxWHIySjI=,,,还在吗,15,1,2026-05-17 14:12:57,初中生,0,0,normal
c_ext_00000808,p_ext_000899,u_ext_00375,,,这个窗口确实不错,17,3,2026-04-17 23:28:57,校园达人,0,0,normal
c_ext_00000809,p_ext_000958,u_ext_00165,,,我也想参加,18,2,2026-05-20 10:36:57,活跃同学,0,0,normal
c_ext_00000810,p_ext_000888,u_ext_00109,,,在哪个校区交易,9,3,2026-05-19 18:38:57,校园达人,0,0,normal
c_ext_00000811,p_ext_001286,u_ext_00178,,,可以自提吗,1,3,2026-03-19 05:33:57,活跃同学,0,0,normal
c_ext_00000812,p_ext_001493,u_ext_00488,,,在哪个校区交易,27,1,2026-02-19 14:45:57,活跃同学,0,0,normal
c_ext_00000813,p_ext_001672,cjQycmtJeTN0NGQrejh6Q2xuelNlSCszbm1pRWQ2Si9nbjEzcjRGcHNiYkNqYWVCbGMvTmdINlYxTXlCbzdkbWs2WjhyNWxoZkkyWHIySjI=,,,在哪个校区交易,4,1,2026-05-31 13:19:57,高中生,0,0,normal
c_ext_00000814,p_ext_000191,u_ext_00279,,,这个窗口确实不错,12,3,2026-03-06 14:38:57,普通用户,0,0,normal
c_ext_00000815,p_ext_001594,u_ext_00418,,,时间合适的话可以,3,0,2026-05-26 05:10:57,普通用户,0,0,normal
c_ext_00000816,p_ext_001647,dG1tSmZJZXJ1NEdEM01pMmpZcTBhcFMybm9pSW01MXRsWHlJcDRwK3FiMjRqNFJyaHBXbWFaU3F2czZHakxPdGc4OWpzb3FjZTJtSmlXSjI=,,,可以自提吗,22,2,2026-03-19 22:45:57,高中生,0,0,normal
c_ext_00000817,p_ext_001920,eEg2ZmtJYVd0Nm1WdHFxN2dYdTBkNE9VZ0tTT2VZZHRnWWltaUppT3ZOM0VqNFdOaGMzRm5vYXExTXFDZmNaOWhxWjRycENHWjIyRGVXSjI=,,,在哪个校区交易,25,1,2026-02-17 09:52:57,本科生,0,0,normal
c_ext_00000818,p_ext_001067,u_ext_00200,,,多少钱,29,1,2026-05-04 04:33:57,校园达人,0,0,normal
c_ext_00000819,p_ext_001007,eEtTZWJaYlExWHFJemFxWGhZdW9yb3ZNZjJtUW5vU0VpbzJXaEltbHVkQ3pvbzJ5bGRISmc1YTZ0c3VNak5LR2xMZVdyb1ZrbnBtSGlXSjI=,,,这个窗口确实不错,29,3,2026-02-16 17:42:57,硕士生,0,0,normal
c_ext_00000820,p_ext_000206,u_ext_00475,,,时间合适的话可以,4,3,2026-02-14 17:42:57,活跃同学,0,0,normal
c_ext_00000821,p_ext_000981,dG42TnEzL091NHVTMEw3T2w2RzRaNVducHFtRlluOXJnNHg0aTRoOXk5M0RwbldEaEpXNmFKVzV0cldIWjlxS2lNNmVvSVdybXFxQmVXSjI=,,,多少钱,6,3,2026-03-29 03:40:57,本科生,0,0,normal
c_ext_00000822,p_ext_000498,u_ext_00353,,,在哪个校区交易,8,0,2026-02-06 04:49:57,资深坛友,0,0,normal
c_ext_00000823,p_ext_000726,dHBCMW81U254WDZEemEyVmhhRGFkbjdPZ0lDUllwbHBsNHFtb1l0OXJiVERzb0J0ZjVhM2lwYTYwOU9WZkp0NWxLaUFqWkYwYjRlSWlXSjI=,,,多少钱,19,1,2026-03-01 19:26:57,硕士生,0,0,normal
c_ext_00000824,p_ext_001579,cjZGc2lJdTZwNCtGcWFxMWhwL0daWCtUaEtPYm5tYXZncTkwcDRGc3JKdkRvb2h0bEpXV29vVFFydGlKbjZpTmhKT2llcHRqbm51QmVXSjI=,,,时间合适的话可以,9,3,2026-03-19 12:24:57,讲师,0,0,normal
c_ext_00000825,p_ext_001765,u_ext_00488,,,这个窗口确实不错,0,0,2026-04-04 12:45:57,活跃同学,0,0,normal
c_ext_00000826,p_ext_000263,eFkrRms1UE56YkNDdGRlV2lXaXNuSlBRbFd5YWhZUi9tWTJJZTVxbnNhaTZhcCtBakpXYXBKVzJ2dENIak5acGdyZW1hbzEzZkgyRmlXSjI=,,,这个窗口确实不错,4,1,2026-04-30 17:09:57,高中生,0,0,normal
c_ext_00000827,2101587925,u_ext_00384,,,这个窗口确实不错,6,1,2026-02-19 17:12:57,校园达人,0,0,normal
c_ext_00000828,p_ext_000529,cjdLWGpuK1V5R2VTcWNpdWwzcXduWWVTcG95T2hwNXJpWXQ0Zkl5Tng3aTJmbzF1aExpYWJJUzUxNWFXWjgxcGxiZUloSnVGZjJ1SmlXSjI=,,,还在吗,14,3,2026-03-23 16:35:57,初中生,0,0,normal
c_ext_00000829,p_ext_001146,u_ext_00292,,,求资料,14,3,2026-03-11 14:02:57,资深坛友,0,0,normal
c_ext_00000830,p_ext_001854,u_ext_00134,,,这个窗口确实不错,17,2,2026-02-05 21:01:57,活跃同学,0,0,normal
c_ext_00000831,p_ext_000857,u_ext_00496,,,多少钱,20,3,2026-02-23 11:49:57,校园达人,0,0,normal
c_ext_00000832,p_ext_000981,u_ext_00365,,,多少钱,19,3,2026-05-01 04:17:57,普通用户,0,0,normal
c_ext_00000833,p_ext_001717,u_ext_00309,,,需要什么技术栈,4,0,2026-03-23 12:44:57,活跃同学,0,0,normal
c_ext_00000834,p_ext_000697,u_ext_00391,,,求资料,22,1,2026-05-07 09:25:57,普通用户,0,0,normal
c_ext_00000835,p_ext_001428,u_ext_00413,,,感谢分享,4,0,2026-05-24 10:52:57,普通用户,0,0,normal
c_ext_00000836,p_ext_000251,cm11YmY0YlIwWHlHdHJLeG1IbXNoSWZQaUt5SWg1Q0hnV2lMc1lOK3JkVEZhcVp0aU0rN2pZU3F1dG1VWnNhZmxhaC9hNHhrZzdDV3IySjI=,,,蹲一个搭子,6,3,2026-02-25 17:13:57,初中生,0,0,normal
c_ext_00000837,p_ext_000812,u_ext_00218,,,多少钱,1,2,2026-03-02 14:52:57,资深坛友,0,0,normal
c_ext_00000838,p_ext_001797,dFkybnBuL2RzNm1XdDY2eGpJdk9nb2FTZUlpY25wMnZoNjVyckkyUHJiaTRmSnVqbHF2RWFvQzNyckdIaXJPc2dzMTRoSVdIZDY2SmlXSjI=,,,在哪个校区交易,11,2,2026-05-26 01:57:57,初中生,0,0,normal
c_ext_00000839,p_ext_000144,u_ext_00372,,,简历要怎么投,3,3,2026-04-17 04:43:57,资深坛友,0,0,normal
c_ext_00000840,p_ext_001421,u_ext_00345,,,还在吗,7,3,2026-03-25 00:57:57,活跃同学,0,0,normal
c_ext_00000841,p_ext_000374,u_ext_00269,,,在哪个校区交易,11,1,2026-06-01 22:57:57,普通用户,0,0,normal
c_ext_00000842,p_ext_000571,u_ext_00453,,,可以自提吗,28,2,2026-05-27 07:57:57,资深坛友,0,0,normal
c_ext_00000843,p_ext_001010,u_ext_00445,,,期末重点有吗,14,0,2026-05-31 23:06:57,活跃同学,0,0,normal
c_ext_00000844,p_ext_000403,c3BDRWE1YmRzNmFXdDVqWmlxUE9nWWpQZUg2RmVKNktsNHQ4azRlUXg5YXpmYUtyaEttcmZaT1NxcGVFcjdSOGc3YWFnSTJjYjJtWHIySjI=,,,可以自提吗,1,1,2026-05-18 10:05:57,本科生,0,0,normal
c_ext_00000845,p_ext_001395,u_ext_00491,,,多少钱,0,0,2026-05-25 07:37:57,活跃同学,0,0,normal
c_ext_00000846,p_ext_000352,u_ext_00262,,,多少钱,17,0,2026-03-25 17:55:57,普通用户,0,0,normal
c_ext_00000847,p_ext_000995,dzZXQmdJTzZsckNGdDVXcWZtaWtxSk81aUt1RmlZK3dpcUdhanBxbHZiKzBwWDE5bHFqSXJJS1VxdEdZbjdoN2c5dHJzbzJjaEltS2lXSjI=,,,蹲一个复习整理,19,3,2026-04-21 14:40:57,本科生,0,0,normal
c_ext_00000848,p_ext_001562,u_ext_00366,,,这个窗口确实不错,23,0,2026-04-29 00:08:57,普通用户,0,0,normal
c_ext_00000849,p_ext_001817,u_ext_00494,,,这个窗口确实不错,9,0,2026-05-30 03:37:57,活跃同学,0,0,normal
c_ext_00000850,p_ext_000233,u_ext_00347,,,还在吗,16,0,2026-03-02 11:35:57,资深坛友,0,0,normal
c_ext_00000851,p_ext_000515,u_ext_00121,,,还在吗,29,3,2026-05-01 15:21:57,活跃同学,0,0,normal
c_ext_00000852,2101622130,u_ext_00437,,,可以自提吗,6,1,2026-05-21 17:43:57,普通用户,0,0,normal
c_ext_00000853,p_ext_000366,u_ext_00347,,,还在吗,20,0,2026-03-06 10:07:57,资深坛友,0,0,normal
c_ext_00000854,p_ext_001861,dEtLYm1vTzYwWjZMdDlTNmdYdk5yWVNvb3FTTGRaMnZoYUdhb29pUnJkbXpqbjJObHJpWmE0VzV1clNZaXNsa2xiZUVhb1dlZktXWXIySjI=,,,多少钱,13,2,2026-05-27 09:41:57,初中生,0,0,normal
c_ext_00000855,p_ext_000411,u_ext_00412,,,还在吗,0,0,2026-02-05 05:47:57,资深坛友,0,0,normal
c_ext_00000856,p_ext_000867,eFkrRms1UE56YkNDdGRlV2lXaXNuSlBRbFd5YWhZUi9tWTJJZTVxbnNhaTZhcCtBakpXYXBKVzJ2dENIak5acGdyZW1hbzEzZkgyRmlXSjI=,,,可以自提吗,28,3,2026-05-04 15:51:57,高中生,0,0,normal
c_ext_00000857,p_ext_001936,u_ext_00215,,,还在吗,1,1,2026-05-23 08:24:57,普通用户,0,0,normal
c_ext_00000858,p_ext_000369,u_ext_00347,,,还在吗,24,1,2026-03-28 01:33:57,资深坛友,0,0,normal
c_ext_00000859,p_ext_001943,u_ext_00290,,,这个岗位适合大三吗,3,2,2026-05-16 02:02:57,普通用户,0,0,normal
c_ext_00000860,p_ext_001423,u_ext_00445,,,多少钱,9,2,2026-02-11 00:57:57,活跃同学,0,0,normal
c_ext_00000861,p_ext_000535,u_ext_00428,,,多少钱,25,0,2026-02-07 23:42:57,活跃同学,0,0,normal
c_ext_00000862,p_ext_000529,dzVCMXI0WFB5WTJGbExYWGpZcTRub3FUb29LRllhNnRtWXVFaDRlTW01bXVzbml2aEpXU2tJak50ZGlNakxSNGtxZG5hSVI0ZkpLS2lXSjI=,,,还在吗,11,3,2026-04-17 14:04:57,博士生,0,0,normal
c_ext_00000863,p_ext_000823,u_ext_00296,,,多少钱,29,2,2026-02-23 03:31:57,资深坛友,0,0,normal
c_ext_00000864,p_ext_001953,u_ext_00435,,,需要什么技术栈,4,0,2026-02-03 06:58:57,资深坛友,0,0,normal
c_ext_00000865,p_ext_001080,u_ext_00361,,,这个窗口确实不错,12,1,2026-04-27 05:03:57,活跃同学,0,0,normal
c_ext_00000866,p_ext_001912,u_ext_00402,,,可以自提吗,14,1,2026-05-24 10:00:57,校园达人,0,0,normal
c_ext_00000867,p_ext_001118,u_ext_00184,,,多少钱,21,3,2026-05-16 18:48:57,校园达人,0,0,normal
c_ext_00000868,p_ext_000542,dUtSNWI0UzNxbWFTcU5DN2w2SzBwNUxQcW9lWW5LMnhpWXBtYkltQnRhckNhcU9qaTg2N2ZwSzUzTmVZaXE5bGdwSjRhWkdkcHF1S2lXSjI=,,,活动还有名额吗,29,3,2026-02-13 13:58:57,高中生,0,0,normal
c_ext_00000869,p_ext_000762,u_ext_00336,,,还在吗,23,3,2026-05-26 20:21:57,校园达人,0,0,normal
c_ext_00000870,p_ext_001400,u_ext_00265,,,还在吗,7,3,2026-02-12 07:56:57,校园达人,0,0,normal
c_ext_00000871,p_ext_000916,dFkybnBuL2RzNm1XdDY2eGpJdk9nb2FTZUlpY25wMnZoNjVyckkyUHJiaTRmSnVqbHF2RWFvQzNyckdIaXJPc2dzMTRoSVdIZDY2SmlXSjI=,,,多少钱,12,0,2026-05-28 09:26:57,初中生,0,0,normal
c_ext_00000872,p_ext_000922,u_ext_00488,,,感谢分享,24,1,2026-02-16 08:03:57,活跃同学,0,0,normal
c_ext_00000873,p_ext_000126,u_ext_00487,,,可以自提吗,18,3,2026-02-19 02:46:57,活跃同学,0,0,normal
c_ext_00000874,p_ext_001443,u_ext_00301,,,这个岗位适合大三吗,6,3,2026-05-21 18:56:57,资深坛友,0,0,normal
c_ext_00000875,p_ext_001194,u_ext_00399,,,这个窗口确实不错,19,3,2026-05-02 23:54:57,普通用户,0,0,normal
c_ext_00000876,p_ext_000825,u_ext_00315,,,还在吗,3,3,2026-05-05 02:41:57,普通用户,0,0,normal
c_ext_00000877,p_ext_001788,c0h4NWlJelF0bXAvdHNlVmYyZkdqSlMzZ0lHWXE2S25pWHFXcklWKzI3akZmSmVBbHFtN3FaU25zcGFXbjZTTGhxbVphNFZob3FtSGlXSjI=,,,还在吗,11,1,2026-03-15 22:37:57,高中生,0,0,normal
c_ext_00000878,2101607896,c3FLZnFaZTQxWitTekxLdGlYck9oSVdVWXJHUmhaNkNqcUpqZjVlaW5OWERhSjl1Z0x1em40VE9wcE9Kbjg2Z2dyaWVib2FJYjZXSWlXSjI=,,,还在吗,2,3,2026-03-04 06:10:57,初中生,0,0,normal
c_ext_00000879,p_ext_001132,dFpDSWJaTzVwMzE4M016U2g0MmpaWlNUZTIyRlk0ZHRqWXVFb1krbnFONjRmSit5aTlDVnJvdVMzSmVVaTZldWk2aU1wbzE0a0lDQmVXSjI=,,,多少钱,4,3,2026-03-02 06:34:57,讲师,0,0,normal
c_ext_00000880,p_ext_000517,u_ext_00262,,,在哪个校区交易,15,1,2026-03-18 09:58:57,普通用户,0,0,normal
c_ext_00000881,2101524138,u_ext_00444,,,在哪个校区交易,29,2,2026-04-28 18:57:57,校园达人,0,0,normal
c_ext_00000882,2101544463,u_ext_00345,,,可以自提吗,4,0,2026-02-25 18:41:57,活跃同学,0,0,normal
c_ext_00000883,p_ext_000360,u_ext_00347,,,还在吗,29,3,2026-02-06 23:24:57,资深坛友,0,0,normal
c_ext_00000884,p_ext_000971,c28rQmlJdlF4SzZIemE3YmdZM05aWk9UZEtTYVlZU0NoWXVpb3BxTnlwZkZwSUN6bGFlM1pvYTN6OXFLZk5xT2hMYUlvNG1HZklLSmlXSjI=,,,还在吗,27,1,2026-04-06 02:29:57,硕士生,0,0,normal
c_ext_00000885,p_ext_001872,u_ext_00115,,,多少钱,28,2,2026-03-25 20:03:57,活跃同学,0,0,normal
c_ext_00000886,p_ext_001884,u_ext_00316,,,多少钱,7,0,2026-05-07 06:50:57,校园达人,0,0,normal
c_ext_00000887,p_ext_001158,u_ext_00408,,,在哪个校区交易,3,3,2026-04-08 09:27:57,校园达人,0,0,normal
c_ext_00000888,p_ext_000915,u_ext_00232,,,在哪个校区交易,8,1,2026-02-20 17:59:57,普通用户,0,0,normal
c_ext_00000889,p_ext_000745,u_ext_00207,,,求资料,5,2,2026-03-14 13:53:57,普通用户,0,0,normal
c_ext_00000890,p_ext_000539,u_ext_00277,,,活动还有名额吗,25,0,2026-03-27 21:08:57,资深坛友,0,0,normal
c_ext_00000891,p_ext_000183,u_ext_00299,,,蹲一个搭子,20,1,2026-03-18 01:02:57,校园达人,0,0,normal
c_ext_00000892,p_ext_001025,u_ext_00375,,,简历要怎么投,28,0,2026-03-31 04:48:57,校园达人,0,0,normal
c_ext_00000893,p_ext_001841,u_ext_00286,,,简历要怎么投,11,1,2026-03-06 09:26:57,资深坛友,0,0,normal
c_ext_00000894,p_ext_001527,u_ext_00442,,,可以自提吗,23,0,2026-04-30 10:23:57,普通用户,0,0,normal
c_ext_00000895,p_ext_001924,u_ext_00248,,,多少钱,8,1,2026-03-11 06:16:57,校园达人,0,0,normal
c_ext_00000896,p_ext_000424,u_ext_00466,,,在哪个校区交易,26,0,2026-04-02 06:11:57,校园达人,0,0,normal
c_ext_00000897,p_ext_000838,u_ext_00499,,,需要什么技术栈,8,1,2026-03-26 12:47:57,资深坛友,0,0,normal
c_ext_00000898,p_ext_001540,u_ext_00225,,,多少钱,5,2,2026-04-26 02:39:57,普通用户,0,0,normal
c_ext_00000899,p_ext_000315,dzR1bXNvZW5zNjJTcU5TbW1IeW9qSVM2ZUtLSWhvQnRnNHFpajVxbHRhdkRpMngrazVPV2JJYVRxcktYakxoL2xkQ1dpNXgzZzJpWHIySjI=,,,在哪个校区交易,26,2,2026-02-22 11:17:57,博士生,0,0,normal
c_ext_00000900,p_ext_000924,eFdsOWtZeXAwWDZWenE3UGpHWE9vWDZxZEpDT2Q2S0FtWXQ0cklGcms1ckdvNSt5ZlpTN2tJZVVycnFBWnFTbGs2cWFpWnlmaUh5SGlXSjI=,,,多少钱,5,3,2026-03-27 05:22:57,本科生,0,0,normal
c_ext_00000901,p_ext_001354,u_ext_00210,,,活动还有名额吗,25,2,2026-02-13 18:58:57,校园达人,0,0,normal
c_ext_00000902,p_ext_000141,u_ext_00327,,,期末重点有吗,26,1,2026-04-29 03:22:57,活跃同学,0,0,normal
c_ext_00000903,p_ext_001033,u_ext_00154,,,蹲一个搭子,14,2,2026-02-09 05:26:57,校园达人,0,0,normal
c_ext_00000904,p_ext_001936,u_ext_00146,,,可以自提吗,5,3,2026-05-28 05:48:57,校园达人,0,0,normal
c_ext_00000905,p_ext_001297,u_ext_00238,,,还在吗,30,2,2026-02-09 19:46:57,普通用户,0,0,normal
c_ext_00000906,p_ext_001883,u_ext_00206,,,需要什么技术栈,6,1,2026-04-02 02:26:57,普通用户,0,0,normal
c_ext_00000907,p_ext_001946,eEpDYnE0UFB5WjZMemN6SmxxSzBkNVBNbWJHS2g0Ujhqbmltc0lTenlwaTNzb1ZyZ05HanFvT3FwZHQvWnJ5RWt0eDRwSXFlb3FDR2lXSjI=,,,在哪个校区交易,16,2,2026-02-21 07:46:57,硕士生,0,0,normal
c_ext_00000908,p_ext_000615,u_ext_00108,,,蹲一个搭子,20,1,2026-03-29 14:53:57,活跃同学,0,0,normal
c_ext_00000909,2101604866,u_ext_00450,,,可以自提吗,3,0,2026-04-26 03:53:57,资深坛友,0,0,normal
c_ext_00000910,p_ext_001231,u_ext_00449,,,简历要怎么投,15,1,2026-03-16 22:01:57,资深坛友,0,0,normal
c_ext_00000911,p_ext_000783,u_ext_00183,,,多少钱,21,0,2026-06-01 05:44:57,活跃同学,0,0,normal
c_ext_00000912,p_ext_001360,u_ext_00472,,,这个窗口确实不错,17,3,2026-04-14 03:46:57,普通用户,0,0,normal
c_ext_00000913,p_ext_001976,u_ext_00373,,,需要什么技术栈,9,3,2026-04-17 09:14:57,普通用户,0,0,normal
c_ext_00000914,p_ext_001638,dzZTYXE1YW9sbzZXdUwyV2dLQzBabnpjbW4rRllaNnVqcUNNaFlKc3pwbTRmNnR2ZzdxM2lJdTJwcXlZb2FSL2ZzMW5mbzZKcG1tRGVXSjI=,,,感谢分享,13,2,2026-05-02 06:30:57,硕士生,0,0,normal
c_ext_00000915,p_ext_000955,cm11YmY0YlIwWHlHdHJLeG1IbXNoSWZQaUt5SWg1Q0hnV2lMc1lOK3JkVEZhcVp0aU0rN2pZU3F1dG1VWnNhZmxhaC9hNHhrZzdDV3IySjI=,,,还在吗,0,1,2026-03-30 05:35:57,初中生,0,0,normal
c_ext_00000916,p_ext_001763,u_ext_00163,,,这个窗口确实不错,29,3,2026-04-14 02:55:57,校园达人,0,0,normal
c_ext_00000917,p_ext_000108,u_ext_00223,,,在哪个校区交易,17,0,2026-03-26 00:07:57,普通用户,0,0,normal
c_ext_00000918,p_ext_000425,c0h4NWlJelF0bXAvdHNlVmYyZkdqSlMzZ0lHWXE2S25pWHFXckpwcDE3ZTJpMnlLbGN5YWpJdmJuY0tCbzgxa2dMZWloWTZJcHBHSGlXSjI=,,,可以自提吗,17,3,2026-03-14 06:37:57,高中生,0,0,normal
c_ext_00000919,p_ext_000175,u_ext_00464,,,在哪个校区交易,11,3,2026-04-24 08:28:57,普通用户,0,0,normal
c_ext_00000920,p_ext_001533,u_ext_00333,,,可以自提吗,16,1,2026-05-29 15:02:57,活跃同学,0,0,normal
c_ext_00000921,p_ext_001701,u_ext_00333,,,多少钱,20,3,2026-03-18 15:59:57,活跃同学,0,0,normal
c_ext_00000922,2101545311,dFk2aWE0UzVyNmVMdUw3UmxwK3dkNVc2aUgrTGRvaWlqcUtXczVxa3VhN0VqV05zaGFpdmczNlUwTHVGaXBPRWhzK2RycHFlakl1SmlXSjI=,,,多少钱,11,3,2026-04-02 00:03:57,小学生,0,0,normal
c_ext_00000923,p_ext_001811,u_ext_00124,,,可以自提吗,5,1,2026-05-19 00:39:57,普通用户,0,0,normal
c_ext_00000924,p_ext_001016,u_ext_00353,,,感谢分享,28,0,2026-05-08 23:14:57,资深坛友,0,0,normal
c_ext_00000925,p_ext_001036,cm1pYmlZU3BycTJDemFtV2xHZk9wSXVWZ0txTmQ0T3FpNHlpaUppa3k2dTBmNTlzaTVhdmpaTzEyTk9LbzdTbWt0eDhvcGwzakgrWXIySjI=,,,这个窗口确实不错,18,0,2026-03-21 19:57:57,本科生,0,0,normal
c_ext_00000926,2101527263,u_ext_00370,,,这个窗口确实不错,19,0,2026-03-26 23:46:57,普通用户,0,0,normal
c_ext_00000927,p_ext_000762,u_ext_00394,,,多少钱,16,0,2026-03-29 13:46:57,校园达人,0,0,normal
c_ext_00000928,p_ext_001009,u_ext_00376,,,可以自提吗,13,1,2026-03-02 07:22:57,活跃同学,0,0,normal
c_ext_00000929,p_ext_001475,u_ext_00458,,,可以自提吗,22,2,2026-02-13 20:58:57,资深坛友,0,0,normal
c_ext_00000930,p_ext_001019,u_ext_00101,,,多少钱,11,0,2026-05-20 09:06:57,资深坛友,0,0,normal
c_ext_00000931,p_ext_000481,u_ext_00232,,,这个窗口确实不错,11,3,2026-03-04 06:28:57,普通用户,0,0,normal
c_ext_00000932,p_ext_001079,u_ext_00285,,,多少钱,18,2,2026-05-27 22:58:57,资深坛友,0,0,normal
c_ext_00000933,p_ext_001461,ckdsMWFvdlJyMzErdWJhdWlXYXNab0s2b29TUm5YaXRqYUJyc0lSOXRadkNhNXVRZnQzTlpvQ25zdEtOWjdDcmhiVnJrb1ZraUhxQmVXSjI=,,,还在吗,23,1,2026-04-29 00:51:57,本科生,0,0,normal
c_ext_00000934,p_ext_001845,u_ext_00437,,,可以自提吗,15,2,2026-05-25 20:04:57,普通用户,0,0,normal
c_ext_00000935,p_ext_000775,dHFWNWU0ZVV5YTZFdHJuWGhxL09xNGVub1dxSWhxRm9pV2Q0am9sc3o4REdwbjJrZ2F2Tmg0U290ckdVWjd5Qmk4eUVqcHA0Zkd1SmlXSjI=,,,我也想参加,8,3,2026-04-10 07:31:57,初中生,0,0,normal
c_ext_00000936,p_ext_001898,u_ext_00102,,,蹲一个搭子,17,0,2026-03-09 11:09:57,校园达人,0,0,normal
c_ext_00000937,p_ext_001404,u_ext_00395,,,在哪个校区交易,8,1,2026-03-24 17:28:57,活跃同学,0,0,normal
c_ext_00000938,p_ext_000383,u_ext_00414,,,还在吗,6,3,2026-04-28 17:42:57,资深坛友,0,0,normal
c_ext_00000939,p_ext_001024,u_ext_00184,,,这个窗口确实不错,18,0,2026-05-01 23:11:57,校园达人,0,0,normal
c_ext_00000940,p_ext_001189,u_ext_00340,,,这个窗口确实不错,16,2,2026-02-22 02:32:57,校园达人,0,0,normal
c_ext_00000941,p_ext_000988,u_ext_00217,,,在哪个校区交易,17,2,2026-05-14 09:25:57,普通用户,0,0,normal
c_ext_00000942,p_ext_000661,u_ext_00121,,,在哪个校区交易,1,2,2026-04-24 07:09:57,活跃同学,0,0,normal
c_ext_00000943,p_ext_000390,d24ramduK1VzcTkvdHI2VGdYbTRubjYzaUk2TllxS2ttWXQ4b28xK3ViU3prSXlyZzd1bmk1T24wTFNXZTlKM2Y1U1dpSXFHaEk2TGlXSjI=,,,还在吗,26,2,2026-05-10 23:51:57,小学生,0,0,normal
c_ext_00000944,p_ext_001504,u_ext_00284,,,多少钱,14,2,2026-02-05 23:33:57,资深坛友,0,0,normal
c_ext_00000945,p_ext_001667,u_ext_00459,,,还在吗,30,3,2026-04-14 12:56:57,普通用户,0,0,normal
c_ext_00000946,p_ext_000443,u_ext_00194,,,这个窗口确实不错,7,3,2026-02-20 06:29:57,资深坛友,0,0,normal
c_ext_00000947,p_ext_000883,u_ext_00172,,,我也想参加,23,0,2026-04-12 20:56:57,普通用户,0,0,normal
c_ext_00000948,p_ext_000270,u_ext_00240,,,这个窗口确实不错,5,1,2026-02-21 17:51:57,活跃同学,0,0,normal
c_ext_00000949,p_ext_001087,u_ext_00435,,,可以自提吗,17,0,2026-05-16 15:19:57,资深坛友,0,0,normal
c_ext_00000950,p_ext_001049,u_ext_00103,,,简历要怎么投,9,1,2026-03-25 19:20:57,校园达人,0,0,normal
c_ext_00000951,p_ext_001118,u_ext_00226,,,可以自提吗,20,0,2026-05-12 16:58:57,活跃同学,0,0,normal
c_ext_00000952,p_ext_001574,u_ext_00387,,,在哪个校区交易,19,3,2026-03-24 19:35:57,活跃同学,0,0,normal
c_ext_00000953,p_ext_000642,u_ext_00219,,,在哪个校区交易,10,0,2026-04-12 00:16:57,普通用户,0,0,normal
c_ext_00000954,p_ext_001291,u_ext_00405,,,在哪个校区交易,15,2,2026-02-14 10:21:57,活跃同学,0,0,normal
c_ext_00000955,p_ext_000817,u_ext_00308,,,这个窗口确实不错,22,2,2026-04-03 13:55:57,资深坛友,0,0,normal
c_ext_00000956,p_ext_001579,u_ext_00298,,,活动还有名额吗,0,3,2026-05-03 02:43:57,资深坛友,0,0,normal
c_ext_00000957,p_ext_001198,u_ext_00127,,,求资料,17,0,2026-03-24 15:47:57,校园达人,0,0,normal
c_ext_00000958,p_ext_000608,u_ext_00133,,,还在吗,14,3,2026-03-15 13:57:57,校园达人,0,0,normal
c_ext_00000959,p_ext_000764,cm1pYmlZU3BycTJDemFtV2xHZk9wSXVWZ0txTmQ0T3FpNHlpaUppa3k2dTBmNTlzaTVhdmpaTzEyTk9LbzdTbWt0eDhvcGwzakgrWXIySjI=,,,可以自提吗,3,3,2026-05-19 16:15:57,本科生,0,0,normal
c_ext_00000960,p_ext_001966,u_ext_00422,,,可以自提吗,16,0,2026-03-05 02:47:57,资深坛友,0,0,normal
c_ext_00000961,p_ext_000234,u_ext_00395,,,可以自提吗,9,3,2026-05-07 14:53:57,活跃同学,0,0,normal
c_ext_00000962,p_ext_001612,czQrRmdaV3IwWW1FcHNpa2xwK2tycFduZUt1WVpKcUFqb2w4ajQyT25LeTRqWmVUZnBQVWFuK1NzdEdHbjg1K2k4MkVzSm1GaUhxRmlXSjI=,,,可以自提吗,5,0,2026-05-31 00:31:57,初中生,0,0,normal
c_ext_00000963,p_ext_000129,u_ext_00347,,,还在吗,0,3,2026-04-04 04:15:57,资深坛友,0,0,normal
c_ext_00000964,p_ext_001820,u_ext_00271,,,可以自提吗,4,2,2026-04-18 21:31:57,普通用户,0,0,normal
c_ext_00000965,p_ext_001383,u_ext_00135,,,可以自提吗,12,3,2026-05-27 14:34:57,活跃同学,0,0,normal
c_ext_00000966,p_ext_001489,u_ext_00335,,,还在吗,23,2,2026-05-15 04:58:57,校园达人,0,0,normal
c_ext_00000967,p_ext_000557,dzZXQmdJTzZsckNGdDVXcWZtaWtxSk81aUt1RmlZK3dpcUdhanBxbHZiKzBwWDE5bHFqSXJJS1VxdEdZbjdoN2c5dHJzbzJjaEltS2lXSjI=,,,在哪个校区交易,26,2,2026-05-22 18:56:57,本科生,0,0,normal
c_ext_00000968,p_ext_001511,u_ext_00290,,,这个窗口确实不错,12,2,2026-02-28 13:18:57,普通用户,0,0,normal
c_ext_00000969,p_ext_001163,cjQycmtJeTN0NGQrejh6Q2xuelNlSCszbm1pRWQ2Si9nbjEzcjRGcHNiYkNqYWVCbGMvTmdINlYxTXlCbzdkbWs2WjhyNWxoZkkyWHIySjI=,,,这个岗位适合大三吗,4,1,2026-02-23 05:04:57,高中生,0,0,normal
c_ext_00000970,p_ext_000391,u_ext_00191,,,蹲一个复习整理,1,2,2026-05-15 04:19:57,普通用户,0,0,normal
c_ext_00000971,p_ext_000445,dFg2QmZJdVZxMzJIMExLemduM1NucE9VbG91Q1laQ1JpM3Q0cW9xT21LbTdnS04vaU16VWE1Yk50cWVOWjhhS2xzK3FiSXljbW4yTnIySjI=,,,需要什么技术栈,22,2,2026-05-02 12:26:57,初中生,0,0,normal
c_ext_00000972,p_ext_000862,u_ext_00300,,,蹲一个复习整理,11,1,2026-02-20 17:02:57,校园达人,0,0,normal
c_ext_00000973,p_ext_000344,c21pZm9ZeXFsbytVemRDemxXZmFxNUtWaEs2TW5hYW1oWitWYklxUXo4ZXZhb0duaHFyRmhZcVVxWlNWZk5acWxxaWVyNWgybnJDV3IySjI=,,,蹲一个复习整理,29,3,2026-03-20 12:01:57,小学生,0,0,normal
c_ext_00000974,p_ext_001828,u_ext_00372,,,这个窗口确实不错,20,2,2026-03-13 03:18:57,资深坛友,0,0,normal
c_ext_00000975,2101623364,u_ext_00461,,,还在吗,25,3,2026-02-23 17:03:57,普通用户,0,0,normal
c_ext_00000976,p_ext_001404,u_ext_00139,,,这个窗口确实不错,3,2,2026-04-26 02:17:57,活跃同学,0,0,normal
c_ext_00000977,p_ext_001487,u_ext_00109,,,在哪个校区交易,17,0,2026-04-08 23:16:57,校园达人,0,0,normal
c_ext_00000978,p_ext_000752,dG4yZnBJaXJzcTUrcXE2b2wyZXNhSlc2aDIyTWlhR3dpcDkzYllPTnh0eTFwV051ZjdxU3BIN2N0ckdCZWJoNmhyZDhwWkNkZklXV3IySjI=,,,可以自提吗,15,3,2026-03-28 02:36:57,高中生,0,0,normal
c_ext_00000979,p_ext_000377,u_ext_00296,,,这个窗口确实不错,13,1,2026-02-20 22:07:57,资深坛友,0,0,normal
c_ext_00000980,p_ext_000719,u_ext_00242,,,在哪个校区交易,17,2,2026-05-23 09:57:57,资深坛友,0,0,normal
c_ext_00000981,p_ext_001489,dDJ1WHNZQ25vMzJGdHI3UGlZck5aNFhRZUl1Sm5LcUpnb3hucVl5eno3QzRqcDZ3bE4yN3BwVGN2cStOWnNXcWlwT01wWVY1cGFxQmVXSjI=,,,可以自提吗,23,0,2026-02-06 08:34:57,初中生,0,0,normal
c_ext_00000982,p_ext_001915,u_ext_00473,,,这个窗口确实不错,25,0,2026-02-17 18:28:57,活跃同学,0,0,normal
c_ext_00000983,p_ext_000299,u_ext_00359,,,多少钱,4,0,2026-06-01 19:14:57,校园达人,0,0,normal
c_ext_00000984,2101601503,u_ext_00341,,,还在吗,7,3,2026-04-24 07:13:57,资深坛友,0,0,normal
c_ext_00000985,p_ext_001079,u_ext_00195,,,可以自提吗,29,1,2026-04-01 06:14:57,普通用户,0,0,normal
c_ext_00000986,p_ext_000663,u_ext_00273,,,这个窗口确实不错,11,1,2026-05-14 03:56:57,校园达人,0,0,normal
c_ext_00000987,p_ext_000709,u_ext_00388,,,多少钱,22,3,2026-02-22 21:57:57,资深坛友,0,0,normal
c_ext_00000988,p_ext_000575,u_ext_00258,,,在哪个校区交易,6,0,2026-03-20 09:01:57,普通用户,0,0,normal
c_ext_00000989,2101557408,dG8yWGtaYlFyNCtHMExLUmxYcldhWlRRZUg2Wm0zaWxpSDJEc0kybXg4NjdwbjJPbGRDU3FJZW11czZYZWNaNmY3aUlmb3VmZUlLTGlXSjI=,,,这个窗口确实不错,7,2,2026-04-05 22:57:57,初中生,0,0,normal
c_ext_00000990,p_ext_001275,eFkxNWo0ZTdxNHVMazZxdGw0dTRkMzY2ZktxT2hZU3NsMmVWYklXTnJkMnZmNStEZjVUTmVZT1RzcWFZaXF5Vms3bWxhNXRocldpTGlXSjI=,,,还在吗,9,1,2026-04-02 00:52:57,高中生,0,0,normal
c_ext_00000991,p_ext_001781,u_ext_00268,,,时间合适的话可以,29,2,2026-02-03 18:37:57,资深坛友,0,0,normal
c_ext_00000992,p_ext_000297,u_ext_00486,,,我也想参加,2,3,2026-04-21 05:24:57,普通用户,0,0,normal
c_ext_00000993,p_ext_000410,u_ext_00430,,,可以自提吗,7,3,2026-05-16 20:39:57,校园达人,0,0,normal
c_ext_00000994,p_ext_000416,eFgyamdvR28xR2lTdWRqTmg2KzhuNFROcG9HYm5KQ0ppcCthZTVDUDB0MnZqNk9JaHMyamVvak12cWFYaXBPbWY4MmVrSW1lYjRPSWlXSjI=,,,期末重点有吗,24,3,2026-04-09 17:09:57,初中生,0,0,normal
c_ext_00000995,p_ext_001149,u_ext_00395,,,多少钱,11,3,2026-02-14 02:25:57,活跃同学,0,0,normal
c_ext_00000996,p_ext_000941,u_ext_00202,,,这个窗口确实不错,10,2,2026-05-28 03:45:57,资深坛友,0,0,normal
c_ext_00000997,p_ext_001700,u_ext_00126,,,这个窗口确实不错,20,0,2026-02-24 06:11:57,校园达人,0,0,normal
c_ext_00000998,p_ext_000461,u_ext_00102,,,在哪个校区交易,20,1,2026-03-17 17:32:57,校园达人,0,0,normal
c_ext_00000999,p_ext_001400,u_ext_00432,,,这个窗口确实不错,1,0,2026-04-12 05:18:57,资深坛友,0,0,normal
c_ext_00001000,p_ext_000492,u_ext_00427,,,在哪个校区交易,9,3,2026-02-12 22:58:57,校园达人,0,0,normal
c_ext_00001001,p_ext_001439,u_ext_00185,,,多少钱,0,2,2026-04-10 21:48:57,校园达人,0,0,normal
c_ext_00001002,p_ext_001865,cm95WGhwZTZ1NFNLbE1pNGdaK25aNHJRZUt5YWRvQ2toWXBqczVlQW5KYTBwSW1TZ0x2RVozKzN6TFNDakp0bmxybUFoSmgxa0c2TGlXSjI=,,,在哪个校区交易,15,2,2026-02-15 16:31:57,高中生,0,0,normal
c_ext_00001003,p_ext_001430,u_ext_00346,,,还在吗,1,0,2026-02-20 07:08:57,校园达人,0,0,normal
c_ext_00001004,p_ext_000231,u_ext_00121,,,可以自提吗,5,2,2026-03-01 14:37:57,活跃同学,0,0,normal
c_ext_00001005,p_ext_000950,u_ext_00377,,,可以自提吗,5,2,2026-02-10 17:09:57,资深坛友,0,0,normal
c_ext_00001006,p_ext_001480,czMxb2s1V3ExWWFIemN5bWhLR29wWWVTaktDSllXdDdpcUJqYnBta3RaYXVqMzE4bFphcmZuMlR6OW1XcjdDQWs3cUltWWlJWnJDWHIySjI=,,,还在吗,11,1,2026-03-14 20:36:57,本科生,0,0,normal
c_ext_00001007,p_ext_000764,u_ext_00186,,,在哪个校区交易,30,3,2026-05-16 04:17:57,普通用户,0,0,normal
c_ext_00001008,2101521276,cjJtanNZVzdzNHVBcUxYWWlvckthWWpNaDZxTlpKNkdobWlWcTRtUno1bkNzcCt1aWJmTmUzNlYwOXFVcnRhZWxLaDhqcHAzZUsrWHIySjI=,,,多少钱,19,2,2026-02-13 06:32:57,初中生,0,0,normal
c_ext_00001009,p_ext_001706,cm82QnJvemRxbW1Va3JuYmpJdXNycFBRaUsrUWlZQjhsWHBqYXBoOXZiQzNmNDJIaHFxdmFZZlB5NVNHamNtdWhxWjBob2llaEpHWHIySjI=,,,可以自提吗,25,1,2026-05-01 21:02:57,硕士生,0,0,normal
c_ext_00001010,p_ext_001936,u_ext_00414,,,还在吗,29,2,2026-03-14 05:39:57,资深坛友,0,0,normal
c_ext_00001011,p_ext_001641,eHFPRWJaV25xMnFUemE2bmxtYW5aSmFxZktXWllZaUJtWitJZll0K25OU3Zmbld3aDgydmlZWGNwWkdLbjhhaGg1S2VpSnRqZklHT3IySjI=,,,在哪个校区交易,25,3,2026-03-12 22:17:57,幼儿园,0,0,normal
c_ext_00001012,p_ext_001427,u_ext_00303,,,可以自提吗,22,1,2026-02-19 07:31:57,资深坛友,0,0,normal
c_ext_00001013,p_ext_001465,u_ext_00350,,,多少钱,29,1,2026-05-31 02:59:57,校园达人,0,0,normal
c_ext_00001014,p_ext_001965,u_ext_00469,,,简历要怎么投,24,2,2026-03-01 05:16:57,校园达人,0,0,normal
c_ext_00001015,p_ext_000122,u_ext_00230,,,多少钱,30,0,2026-04-26 12:33:57,活跃同学,0,0,normal
c_ext_00001016,p_ext_000838,u_ext_00445,,,简历要怎么投,11,1,2026-05-29 01:40:57,活跃同学,0,0,normal
c_ext_00001017,p_ext_000729,u_ext_00399,,,还在吗,24,3,2026-06-03 10:14:57,普通用户,0,0,normal
c_ext_00001018,p_ext_000668,u_ext_00357,,,多少钱,3,1,2026-03-13 18:30:57,普通用户,0,0,normal
c_ext_00001019,p_ext_000237,cm11YmY0YlIwWHlHdHJLeG1IbXNoSWZQaUt5SWg1Q0hnV2lMc1lOK3JkVEZhcVp0aU0rN2pZU3F1dG1VWnNhZmxhaC9hNHhrZzdDV3IySjI=,,,还在吗,14,3,2026-05-20 04:36:57,初中生,0,0,normal
c_ext_00001020,p_ext_000810,dFd0MWZJbXFxNnVFcDZuWGdhQ3ZxNU9uZUlxUnE0eCtobjJFZ1p1bnZhNnlhSG1xbDZpV25vZTJ6NUtJWjZlc2tyZUFib2hobm4rSWlXSjI=,,,多少钱,16,2,2026-05-21 05:50:57,高中生,0,0,normal
c_ext_00001021,p_ext_000336,u_ext_00437,,,在哪个校区交易,7,2,2026-03-14 10:32:57,普通用户,0,0,normal
c_ext_00001022,p_ext_000371,u_ext_00485,,,还在吗,20,1,2026-04-26 17:26:57,活跃同学,0,0,normal
c_ext_00001023,p_ext_001270,u_ext_00498,,,蹲一个搭子,26,2,2026-06-01 16:24:57,校园达人,0,0,normal
c_ext_00001024,2101556378,u_ext_00114,,,这个窗口确实不错,18,2,2026-03-18 22:11:57,校园达人,0,0,normal
c_ext_00001025,p_ext_001113,u_ext_00394,,,多少钱,4,2,2026-05-26 10:48:57,校园达人,0,0,normal
c_ext_00001026,p_ext_001153,dDN5QmZJbXF1cXlFME5DcGxxT29sWktwWTRpSW5tNnhnR1dMc0ppQXl0eXpqWUdFbHBXdVozNm4xTktJaksrdWZ0Q2FnNXQxb29hSWlXSjI=,,,可以自提吗,26,0,2026-05-23 09:53:57,本科生,0,0,normal
c_ext_00001027,p_ext_000978,eEg5cnM1V1Z0NHlJcHFiU2phTFNybitVaUtxRm40K3hobWVlc1lTUnNkYkRvMlNobEpUSmE1Yk4wSmVXYU1hTGhjMXJybzE1b3FtT3IySjI=,,,在哪个校区交易,5,3,2026-04-20 22:24:57,高中生,0,0,normal
c_ext_00001028,p_ext_001521,u_ext_00411,,,可以自提吗,12,1,2026-06-02 01:04:57,普通用户,0,0,normal
c_ext_00001029,p_ext_001348,u_ext_00151,,,可以自提吗,0,2,2026-02-06 21:26:57,活跃同学,0,0,normal
c_ext_00001030,2101580916,u_ext_00304,,,可以自提吗,30,2,2026-02-22 19:11:57,资深坛友,0,0,normal
c_ext_00001031,p_ext_001746,dDJ1WHNZQ25vMzJGdHI3UGlZck5aNFhRZUl1Sm5LcUpnb3hucVl5eno3QzRqcDZ3bE4yN3BwVGN2cStOWnNXcWlwT01wWVY1cGFxQmVXSjI=,,,在哪个校区交易,23,1,2026-04-09 08:58:57,初中生,0,0,normal
c_ext_00001032,p_ext_001614,u_ext_00403,,,可以自提吗,9,1,2026-04-25 20:04:57,资深坛友,0,0,normal
c_ext_00001033,p_ext_000249,u_ext_00222,,,可以自提吗,5,3,2026-03-10 02:27:57,活跃同学,0,0,normal
c_ext_00001034,p_ext_001207,eEg5cnM1V1Z0NHlJcHFiU2phTFNybitVaUtxRm40K3hobWVlc1lTUnNkYkRvMlNobEpUSmE1Yk4wSmVXYU1hTGhjMXJybzE1b3FtT3IySjI=,,,我也想参加,30,0,2026-04-17 22:05:57,高中生,0,0,normal
c_ext_00001035,p_ext_001699,dDN5QmZJbXF1cXlFME5DcGxxT29sWktwWTRpSW5tNnhnR1dMc0ppQXl0eXpqWUdFbHBXdVozNm4xTktJaksrdWZ0Q2FnNXQxb29hSWlXSjI=,,,还在吗,13,1,2026-05-07 11:21:57,本科生,0,0,normal
c_ext_00001036,p_ext_001748,u_ext_00208,,,期末重点有吗,16,0,2026-03-23 10:08:57,校园达人,0,0,normal
c_ext_00001037,p_ext_000966,u_ext_00456,,,还在吗,25,0,2026-04-13 10:38:57,资深坛友,0,0,normal
c_ext_00001038,p_ext_001045,u_ext_00167,,,还在吗,18,3,2026-05-29 00:53:57,普通用户,0,0,normal
c_ext_00001039,p_ext_001552,u_ext_00491,,,可以自提吗,13,3,2026-04-25 10:46:57,活跃同学,0,0,normal
c_ext_00001040,p_ext_001082,u_ext_00486,,,还在吗,19,0,2026-04-06 22:33:57,普通用户,0,0,normal
c_ext_00001041,p_ext_001183,eEg2ZmtJYVd0Nm1WdHFxN2dYdTBkNE9VZ0tTT2VZZHRnWWltaUppT3ZOM0VqNFdOaGMzRm5vYXExTXFDZmNaOWhxWjRycENHWjIyRGVXSjI=,,,多少钱,13,3,2026-02-26 16:33:57,本科生,0,0,normal
c_ext_00001042,p_ext_000592,eEg5cnM1V1Z0NHlJcHFiU2phTFNybitVaUtxRm40K3hobWVlc1lTUnNkYkRvMlNobEpUSmE1Yk4wSmVXYU1hTGhjMXJybzE1b3FtT3IySjI=,,,在哪个校区交易,3,2,2026-05-07 19:05:57,高中生,0,0,normal
c_ext_00001043,p_ext_001401,u_ext_00192,,,多少钱,20,2,2026-05-21 18:45:57,校园达人,0,0,normal
c_ext_00001044,p_ext_000328,u_ext_00183,,,可以自提吗,14,1,2026-04-20 02:45:57,活跃同学,0,0,normal
c_ext_00001045,p_ext_000114,u_ext_00114,,,还在吗,11,1,2026-03-31 16:02:57,校园达人,0,0,normal
c_ext_00001046,p_ext_000720,dHBCMW81U254WDZEemEyVmhhRGFkbjdPZ0lDUllwbHBsNHFtb1l0OXJiVERzb0J0ZjVhM2lwYTYwOU9WZkp0NWxLaUFqWkYwYjRlSWlXSjI=,,,多少钱,11,3,2026-06-03 03:58:57,硕士生,0,0,normal
c_ext_00001047,p_ext_001676,u_ext_00273,,,还在吗,28,0,2026-02-08 12:05:57,校园达人,0,0,normal
c_ext_00001048,p_ext_000181,u_ext_00383,,,这个窗口确实不错,9,3,2026-03-30 20:57:57,普通用户,0,0,normal
c_ext_00001049,p_ext_000663,u_ext_00287,,,可以自提吗,7,0,2026-05-17 11:48:57,活跃同学,0,0,normal
c_ext_00001050,p_ext_001335,u_ext_00325,,,在哪个校区交易,14,1,2026-05-19 23:21:57,资深坛友,0,0,normal
c_ext_00001051,p_ext_001747,u_ext_00247,,,蹲一个复习整理,13,0,2026-03-15 03:39:57,活跃同学,0,0,normal
c_ext_00001052,p_ext_001733,u_ext_00346,,,蹲一个搭子,19,3,2026-05-16 01:26:57,校园达人,0,0,normal
c_ext_00001053,p_ext_001607,u_ext_00161,,,还在吗,26,1,2026-04-26 16:33:57,资深坛友,0,0,normal
c_ext_00001054,p_ext_000618,u_ext_00434,,,这个窗口确实不错,15,1,2026-03-18 05:24:57,活跃同学,0,0,normal
c_ext_00001055,p_ext_000215,cm95WGhwZTZ1NFNLbE1pNGdaK25aNHJRZUt5YWRvQ2toWXBqczVlQW5KYTBwSW1TZ0x2RVozKzN6TFNDakp0bmxybUFoSmgxa0c2TGlXSjI=,,,蹲一个搭子,12,0,2026-04-07 09:44:57,高中生,0,0,normal
c_ext_00001056,p_ext_000731,u_ext_00372,,,多少钱,18,1,2026-05-07 22:59:57,资深坛友,0,0,normal
c_ext_00001057,p_ext_000200,u_ext_00175,,,还在吗,30,1,2026-03-28 20:55:57,资深坛友,0,0,normal
c_ext_00001058,p_ext_000999,u_ext_00299,,,多少钱,12,0,2026-05-12 01:12:57,校园达人,0,0,normal
c_ext_00001059,p_ext_001932,u_ext_00229,,,这个窗口确实不错,28,3,2026-04-23 11:59:57,校园达人,0,0,normal
c_ext_00001060,p_ext_001171,u_ext_00170,,,多少钱,22,3,2026-03-11 11:52:57,普通用户,0,0,normal
c_ext_00001061,p_ext_001585,cmJLYnM0UE96WCtWM0xxMGxLSFNmWWZOb251RW5YaU5ocU9Fb1ltQngrRERvNXQvaGFxM2VJUzR1dEtYaXBKb2ZKS2FxSVNGZklTS2lXSjI=,,,这个窗口确实不错,11,1,2026-04-29 01:50:57,初中生,0,0,normal
c_ext_00001062,p_ext_001135,u_ext_00106,,,这个窗口确实不错,15,2,2026-05-21 12:19:57,活跃同学,0,0,normal
c_ext_00001063,2101608154,u_ext_00309,,,时间合适的话可以,6,3,2026-04-03 20:22:57,活跃同学,0,0,normal
c_ext_00001064,p_ext_000858,u_ext_00297,,,多少钱,0,0,2026-03-24 14:41:57,校园达人,0,0,normal
c_ext_00001065,p_ext_000314,eFdsOWtZeXAwWDZWenE3UGpHWE9vWDZxZEpDT2Q2S0FtWXQ0cklGcms1ckdvNSt5ZlpTN2tJZVVycnFBWnFTbGs2cWFpWnlmaUh5SGlXSjI=,,,这个窗口确实不错,8,1,2026-04-02 11:30:57,本科生,0,0,normal
c_ext_00001066,p_ext_001112,u_ext_00496,,,蹲一个搭子,3,0,2026-05-20 16:07:57,校园达人,0,0,normal
c_ext_00001067,p_ext_000103,dEthZmJaT29zMmlHcXNpWGpZdWpxNVROWTdDUmVLMnVtS0dXa0l5bXFicTFwbmx0aGJpdmpwUzRxWlNFWmJ5RGk4Mk1ocGgybW5xSGlXSjI=,,,在哪个校区交易,3,2,2026-04-15 21:14:57,高中生,0,0,normal
c_ext_00001068,2101569317,eEg2ZmtJYVd0Nm1WdHFxN2dYdTBkNE9VZ0tTT2VZZHRnWWltaUppT3ZOM0VqNFdOaGMzRm5vYXExTXFDZmNaOWhxWjRycENHWjIyRGVXSjI=,,,这个窗口确实不错,4,0,2026-03-29 01:57:57,本科生,0,0,normal
c_ext_00001069,p_ext_001904,u_ext_00317,,,还在吗,27,1,2026-04-23 14:15:57,资深坛友,0,0,normal
c_ext_00001070,p_ext_001283,u_ext_00429,,,多少钱,15,3,2026-05-28 00:55:57,普通用户,0,0,normal
c_ext_00001071,p_ext_000161,u_ext_00477,,,可以内推吗,19,2,2026-04-28 07:59:57,资深坛友,0,0,normal
c_ext_00001072,p_ext_000185,u_ext_00120,,,蹲一个复习整理,17,2,2026-02-07 22:17:57,普通用户,0,0,normal
c_ext_00001073,2101607896,u_ext_00366,,,在哪个校区交易,16,3,2026-05-07 02:06:57,普通用户,0,0,normal
c_ext_00001074,p_ext_000240,dFk2aWE0UzVyNmVMdUw3UmxwK3dkNVc2aUgrTGRvaWlqcUtXczVxa3VhN0VqV05zaGFpdmczNlUwTHVGaXBPRWhzK2RycHFlakl1SmlXSjI=,,,在哪个校区交易,11,3,2026-03-06 09:19:57,小学生,0,0,normal
c_ext_00001075,p_ext_000869,u_ext_00432,,,求资料,29,3,2026-04-13 21:32:57,资深坛友,0,0,normal
c_ext_00001076,p_ext_001842,u_ext_00372,,,蹲一个搭子,9,1,2026-05-01 13:32:57,资深坛友,0,0,normal
c_ext_00001077,p_ext_001049,u_ext_00192,,,简历要怎么投,30,0,2026-03-09 14:16:57,校园达人,0,0,normal
c_ext_00001078,p_ext_000806,u_ext_00476,,,还在吗,15,3,2026-03-11 09:37:57,活跃同学,0,0,normal
c_ext_00001079,p_ext_000961,u_ext_00166,,,多少钱,21,1,2026-03-19 04:51:57,活跃同学,0,0,normal
c_ext_00001080,p_ext_001241,u_ext_00433,,,在哪个校区交易,19,1,2026-05-08 03:33:57,资深坛友,0,0,normal
c_ext_00001081,p_ext_001171,dzQ5b2JJYTYwWXVLdHN5cGwzeXNacGFwaEdxT201cDhpNG1Nam94cnNlQ3ZhbXhwaTlETlpwV1MyS21ZakxTT2tyZDNzSVdlYjRHWHIySjI=,,,这个窗口确实不错,17,2,2026-05-21 16:17:57,本科生,0,0,normal
c_ext_00001082,p_ext_001345,u_ext_00477,,,还在吗,9,1,2026-03-28 10:36:57,资深坛友,0,0,normal
c_ext_00001083,p_ext_001063,u_ext_00247,,,在哪个校区交易,27,2,2026-02-17 05:19:57,活跃同学,0,0,normal
c_ext_00001084,p_ext_001917,u_ext_00256,,,在哪个校区交易,9,3,2026-04-10 00:16:57,校园达人,0,0,normal
c_ext_00001085,p_ext_000233,c0h4NWlJelF0bXAvdHNlVmYyZkdqSlMzZ0lHWXE2S25pWHFXckpwcDE3ZTJpMnlLbGN5YWpJdmJuY0tCbzgxa2dMZWloWTZJcHBHSGlXSjI=,,,还在吗,27,1,2026-05-19 04:44:57,高中生,0,0,normal
c_ext_00001086,p_ext_001006,eHFPRWJaV25xMnFUemE2bmxtYW5aSmFxZktXWllZaUJtWitJZll0K25OU3Zmbld3aDgydmlZWGNwWkdLbjhhaGg1S2VpSnRqZklHT3IySjI=,,,这个岗位适合大三吗,26,2,2026-02-24 05:07:57,幼儿园,0,0,normal
c_ext_00001087,p_ext_001019,u_ext_00342,,,多少钱,1,2,2026-04-16 05:15:57,资深坛友,1,0,normal
c_ext_00001088,2101613371,u_ext_00495,,,还在吗,17,2,2026-06-02 13:50:57,普通用户,0,0,normal
c_ext_00001089,p_ext_001759,u_ext_00131,,,还在吗,9,0,2026-02-05 23:48:57,普通用户,0,0,normal
c_ext_00001090,p_ext_001395,u_ext_00281,,,多少钱,29,0,2026-05-30 09:01:57,活跃同学,0,0,normal
c_ext_00001091,p_ext_000199,cjdLWGpuK1V5R2VTcWNpdWwzcXduWWVTcG95T2hwNXJpWXQ0Zkl5Tng3aTJmbzF1aExpYWJJUzUxNWFXWjgxcGxiZUloSnVGZjJ1SmlXSjI=,,,我也想参加,3,3,2026-02-26 06:30:57,初中生,0,0,normal
c_ext_00001092,p_ext_000755,u_ext_00129,,,多少钱,30,2,2026-06-02 02:20:57,校园达人,0,0,normal
c_ext_00001093,p_ext_000133,u_ext_00399,,,在哪个校区交易,2,0,2026-03-25 15:45:57,普通用户,0,0,normal
c_ext_00001094,p_ext_001359,dHFWNWU0ZVV5YTZFdHJuWGhxL09xNGVub1dxSWhxRm9pV2Q0am9sc3o4REdwbjJrZ2F2Tmg0U290ckdVWjd5Qmk4eUVqcHA0Zkd1SmlXSjI=,,,在哪个校区交易,8,1,2026-02-23 03:18:57,初中生,0,0,normal
c_ext_00001095,p_ext_001014,u_ext_00339,,,还在吗,22,2,2026-05-06 00:27:57,校园达人,0,0,normal
c_ext_00001096,p_ext_000257,u_ext_00226,,,多少钱,27,1,2026-03-05 23:57:57,活跃同学,0,0,normal
c_ext_00001097,p_ext_000186,cjJpcWJJblFyNE9UdHJLdWlHYTRqcFBPZEcyY25JQ3BpWHFlYnBlUXJiK3Zhb1dLaEpiUnJwV21wdHFGZTlLR2hhbDRxSnRrZUtHQ2VXSjI=,,,多少钱,1,2,2026-05-21 18:14:57,副教授,0,0,normal
c_ext_00001098,p_ext_000578,c0h4NWlJelF0bXAvdHNlVmYyZkdqSlMzZ0lHWXE2S25pWHFXckpwcDE3ZTJpMnlLbGN5YWpJdmJuY0tCbzgxa2dMZWloWTZJcHBHSGlXSjI=,,,可以自提吗,4,0,2026-05-13 07:26:57,高中生,0,0,normal
c_ext_00001099,p_ext_001274,u_ext_00361,,,求资料,1,2,2026-02-07 00:49:57,活跃同学,0,0,normal
c_ext_00001100,p_ext_001706,dG8yWGtaYlFyNCtHMExLUmxYcldhWlRRZUg2Wm0zaWxpSDJEc0kybXg4NjdwbjJPbGRDU3FJZW11czZYZWNaNmY3aUlmb3VmZUlLTGlXSjI=,,,还在吗,20,3,2026-05-23 13:17:57,初中生,0,0,normal
c_ext_00001101,p_ext_001152,u_ext_00264,,,还在吗,22,2,2026-05-02 02:37:57,活跃同学,0,0,normal
c_ext_00001102,p_ext_001987,u_ext_00141,,,在哪个校区交易,5,0,2026-05-31 01:47:57,普通用户,0,0,normal
c_ext_00001103,p_ext_000194,dHBCMW81U254WDZEemEyVmhhRGFkbjdPZ0lDUllwbHBsNHFtb1l0OXJiVERzb0J0ZjVhM2lwYTYwOU9WZkp0NWxLaUFqWkYwYjRlSWlXSjI=,,,简历要怎么投,12,0,2026-04-06 08:29:57,硕士生,0,0,normal
c_ext_00001104,p_ext_000659,u_ext_00275,,,在哪个校区交易,30,1,2026-02-26 02:28:57,普通用户,0,0,normal
c_ext_00001105,p_ext_001343,u_ext_00198,,,蹲一个复习整理,12,0,2026-03-03 11:52:57,普通用户,0,0,normal
c_ext_00001106,p_ext_001462,u_ext_00448,,,活动还有名额吗,2,2,2026-03-30 04:12:57,普通用户,0,0,normal
c_ext_00001107,p_ext_000234,u_ext_00160,,,可以自提吗,1,2,2026-04-26 22:45:57,资深坛友,0,0,normal
c_ext_00001108,p_ext_000973,u_ext_00347,,,时间合适的话可以,8,3,2026-03-25 20:04:57,资深坛友,0,0,normal
c_ext_00001109,p_ext_001760,u_ext_00104,,,求资料,10,1,2026-04-15 03:25:57,普通用户,0,0,normal
c_ext_00001110,p_ext_001219,u_ext_00331,,,还在吗,8,3,2026-04-01 07:05:57,普通用户,0,0,normal
c_ext_00001111,p_ext_001917,u_ext_00254,,,还在吗,7,1,2026-04-22 08:11:57,活跃同学,0,0,normal
c_ext_00001112,p_ext_001217,u_ext_00206,,,多少钱,28,3,2026-02-02 16:41:57,普通用户,0,0,normal
c_ext_00001113,p_ext_000241,u_ext_00359,,,这个窗口确实不错,0,1,2026-02-27 08:59:57,校园达人,0,0,normal
c_ext_00001114,p_ext_000446,u_ext_00181,,,还在吗,20,1,2026-03-14 11:55:57,校园达人,0,0,normal
c_ext_00001115,p_ext_000632,cm55WHBYKzZ4WVdWbGJxcmpLS3dkbituWjdLRnEzeUNoMlY4ZjVpbXo5Q3pvbld4aHJ1cnI0V1QxSzJXamNhT2xybUloSVdhcW5xWHIySjI=,,,这个窗口确实不错,21,3,2026-02-22 03:57:57,本科生,0,0,normal
c_ext_00001116,p_ext_001483,u_ext_00251,,,还在吗,20,0,2026-04-13 05:41:57,活跃同学,0,0,normal
c_ext_00001117,p_ext_002000,u_ext_00389,,,可以自提吗,12,1,2026-04-08 14:32:57,活跃同学,0,0,normal
c_ext_00001118,p_ext_000844,u_ext_00312,,,期末重点有吗,5,1,2026-03-19 16:32:57,资深坛友,0,0,normal
c_ext_00001119,2101544463,u_ext_00382,,,多少钱,5,1,2026-03-09 19:37:57,活跃同学,0,0,normal
c_ext_00001120,p_ext_000942,u_ext_00376,,,多少钱,27,0,2026-02-11 04:33:57,活跃同学,0,0,normal
c_ext_00001121,p_ext_000155,cjZGc2lJdTZwNCtGcWFxMWhwL0daWCtUaEtPYm5tYXZncTkwcDRGc3JKdkRvb2h0bEpXV29vVFFydGlKbjZpTmhKT2llcHRqbm51QmVXSjI=,,,在哪个校区交易,15,2,2026-04-06 15:10:57,讲师,0,0,normal
c_ext_00001122,p_ext_000898,u_ext_00459,,,还在吗,21,3,2026-02-26 10:08:57,普通用户,0,0,normal
c_ext_00001123,p_ext_001410,u_ext_00253,,,可以内推吗,22,1,2026-03-21 00:29:57,校园达人,0,0,normal
c_ext_00001124,p_ext_001164,dUtWc2lJaW9scUtTdWRDNGhubXpaSUMzbm5xRm5wbXdobzJpbzVDbTI5ckVmcHRyaHM2U29KVE8xTkNKWjdTVmxxcWVob3ViaDdDTnIySjI=,,,活动还有名额吗,30,0,2026-04-28 23:41:57,硕士生,0,0,normal
c_ext_00001125,p_ext_000191,dG9DanFaZlJ0bWFMcHJLV2dHZXdqSk9tZ0tpTFpJQ0VtR2VxcElTTno3N0RnSDJ0aGFxVnFIN1Fxc3lWZXM2R2hicUlySXVyaUkrSGlXSjI=,,,可以自提吗,16,3,2026-04-01 09:22:57,博士生,0,0,normal
c_ext_00001126,p_ext_001636,u_ext_00381,,,还在吗,12,3,2026-05-09 08:50:57,活跃同学,0,0,normal
c_ext_00001127,p_ext_000437,u_ext_00341,,,这个窗口确实不错,11,2,2026-02-18 14:28:57,资深坛友,0,0,normal
c_ext_00001128,p_ext_001971,dElDZmU0VzYwV2VHemRpcmxxSFNwSVdTcXFpYVlaNTltSHBqcTRGc3FjNnZnSVdPZ0xpbmVvdXBxcnVXZmJCbWdLcWhiSnAzZkh1SGlXSjI=,,,我也想参加,27,3,2026-03-12 17:34:57,高中生,0,0,normal
c_ext_00001129,p_ext_000362,u_ext_00266,,,这个窗口确实不错,12,1,2026-03-26 15:24:57,资深坛友,0,0,normal
c_ext_00001130,p_ext_001842,u_ext_00354,,,我也想参加,29,3,2026-02-14 17:33:57,资深坛友,0,0,normal
c_ext_00001131,p_ext_001269,u_ext_00243,,,多少钱,30,2,2026-05-11 13:23:57,活跃同学,0,0,normal
c_ext_00001132,p_ext_001714,dDM5c2U1T29yNmlEdXFtU2xxTzNhSlc0YzJ1RWRwQ3NqbnByb1lPUHk2dTNhbVNxaHF1cXJvWFFxckdLb3NxbWxycUliWXhqaktLT3IySjI=,,,还在吗,28,0,2026-04-01 17:47:57,高中生,0,0,normal
c_ext_00001133,p_ext_001946,dzVCMXI0WFB5WTJGbExYWGpZcTRub3FUb29LRllhNnRtWXVFaDRlUnk3ckZqNDJCaTlHM3JJdXB1dGFHZTZScGZxZUFhSm1Gbm02R2lXSjI=,,,这个窗口确实不错,20,3,2026-05-21 22:49:57,博士生,0,0,normal
c_ext_00001134,p_ext_001154,dUtSNWI0UzNxbWFTcU5DN2w2SzBwNUxQcW9lWW5LMnhpWXBtYkltQnRhckNhcU9qaTg2N2ZwSzUzTmVZaXE5bGdwSjRhWkdkcHF1S2lXSjI=,,,可以自提吗,3,0,2026-02-28 12:59:57,高中生,0,0,normal
c_ext_00001135,p_ext_000989,u_ext_00370,,,我也想参加,7,2,2026-03-09 19:51:57,普通用户,0,0,normal
c_ext_00001136,p_ext_001307,u_ext_00283,,,这个窗口确实不错,28,1,2026-04-18 20:45:57,普通用户,0,0,normal
c_ext_00001137,p_ext_001228,u_ext_00161,,,在哪个校区交易,26,1,2026-02-05 05:59:57,资深坛友,0,0,normal
c_ext_00001138,p_ext_001134,u_ext_00222,,,在哪个校区交易,18,2,2026-03-30 14:45:57,活跃同学,0,0,normal
c_ext_00001139,p_ext_001624,eEg5cnM1V1Z0NHlJcHFiU2phTFNybitVaUtxRm40K3hobWVlc1lTUnNkYkRvMlNobEpUSmE1Yk4wSmVXYU1hTGhjMXJybzE1b3FtT3IySjI=,,,多少钱,28,3,2026-04-12 08:16:57,高中生,0,0,normal
c_ext_00001140,p_ext_001399,u_ext_00222,,,期末重点有吗,4,2,2026-05-15 23:41:57,活跃同学,0,0,normal
c_ext_00001141,p_ext_000961,u_ext_00467,,,多少钱,2,1,2026-05-18 10:54:57,活跃同学,0,0,normal
c_ext_00001142,p_ext_001958,u_ext_00342,,,多少钱,17,0,2026-04-02 03:35:57,资深坛友,0,0,normal
c_ext_00001143,p_ext_001819,u_ext_00190,,,在哪个校区交易,0,3,2026-02-23 16:54:57,活跃同学,0,0,normal
c_ext_00001144,p_ext_001283,cjMrZWFZV1dxNHAva3REYmhhK25hSU8yaDYrS2RLcUxqbnFpcEpxQnJhNjJpNmV3aExtemlJcVR1cVNZamJTZWxybW1qWnVhYjRtRmlXSjI=,,,可以自提吗,24,0,2026-04-27 09:38:57,高中生,0,0,normal
c_ext_00001145,p_ext_001564,cjJtanNZVzdzNHVBcUxYWWlvckthWWpNaDZxTlpKNkdobWlWcTRtUno1bkNzcCt1aWJmTmUzNlYwOXFVcnRhZWxLaDhqcHAzZUsrWHIySjI=,,,这个窗口确实不错,22,0,2026-03-19 00:29:57,初中生,0,0,normal
c_ext_00001146,p_ext_001097,u_ext_00358,,,还在吗,29,2,2026-05-20 05:00:57,活跃同学,0,0,normal
c_ext_00001147,p_ext_001497,u_ext_00452,,,还在吗,1,3,2026-02-22 17:38:57,普通用户,0,0,normal
c_ext_00001148,p_ext_000899,u_ext_00385,,,在哪个校区交易,15,0,2026-04-12 13:14:57,普通用户,0,0,normal
c_ext_00001149,2101519051,u_ext_00375,,,在哪个校区交易,23,1,2026-05-05 14:43:57,校园达人,0,0,normal
c_ext_00001150,p_ext_000734,eEpDYnE0UFB5WjZMemN6SmxxSzBkNVBNbWJHS2g0Ujhqbmltc0lTenlwaTNzb1ZyZ05HanFvT3FwZHQvWnJ5RWt0eDRwSXFlb3FDR2lXSjI=,,,在哪个校区交易,6,0,2026-05-10 19:00:57,硕士生,0,0,normal
c_ext_00001151,p_ext_000748,u_ext_00130,,,多少钱,13,2,2026-02-05 03:17:57,校园达人,0,0,normal
c_ext_00001152,p_ext_001347,c0h4NWlJelF0bXAvdHNlVmYyZkdqSlMzZ0lHWXE2S25pWHFXckpwcDE3ZTJpMnlLbGN5YWpJdmJuY0tCbzgxa2dMZWloWTZJcHBHSGlXSjI=,,,还在吗,24,1,2026-03-07 07:27:57,高中生,0,0,normal
c_ext_00001153,p_ext_000310,u_ext_00122,,,这个窗口确实不错,17,3,2026-04-08 18:23:57,活跃同学,0,0,normal
c_ext_00001154,p_ext_000756,dUtWc2lJaW9scUtTdWRDNGhubXpaSUMzbm5xRm5wbXdobzJpbzVDbTI5ckVmcHRyaHM2U29KVE8xTkNKWjdTVmxxcWVob3ViaDdDTnIySjI=,,,蹲一个搭子,10,3,2026-05-22 16:50:57,硕士生,0,0,normal
c_ext_00001155,p_ext_001874,u_ext_00415,,,需要什么技术栈,8,2,2026-02-09 07:15:57,活跃同学,0,0,normal
c_ext_00001156,p_ext_001031,u_ext_00435,,,这个岗位适合大三吗,19,0,2026-04-21 19:57:57,资深坛友,0,0,normal
c_ext_00001157,p_ext_000640,u_ext_00281,,,可以自提吗,26,3,2026-05-02 16:33:57,活跃同学,0,0,normal
c_ext_00001158,p_ext_000805,u_ext_00493,,,多少钱,30,0,2026-03-26 13:00:57,资深坛友,0,0,normal
c_ext_00001159,p_ext_001422,u_ext_00123,,,多少钱,21,2,2026-02-11 20:50:57,资深坛友,0,0,normal
c_ext_00001160,p_ext_001926,u_ext_00334,,,这个窗口确实不错,19,0,2026-02-03 22:45:57,资深坛友,0,0,normal
c_ext_00001161,p_ext_001571,u_ext_00399,,,可以自提吗,5,3,2026-03-16 18:28:57,普通用户,0,0,normal
c_ext_00001162,p_ext_001133,cjVCNGE0ek5wNjZGenE3VGpXZTNaSC9PYzZxRmVJaXRpbnBucm9scXp0MjFnSUdobHJpbnNJV3AzS3lCb2M2bmc3aDByWTEzZjJxV3IySjI=,,,这个窗口确实不错,22,3,2026-03-09 10:58:57,高中生,0,0,normal
c_ext_00001163,p_ext_001058,u_ext_00464,,,多少钱,8,0,2026-05-23 06:09:57,普通用户,0,0,normal
c_ext_00001164,p_ext_001404,dEk2YnFKVzQyR2lTenE2NmlZM1NmWlRjbXFXTGVKbXZpM3Flc1pkcnZkckZhbm1JaHN5YXNKTzVzdHFOak5hbWhKV2VzcEdGZ0txS2lXSjI=,,,还在吗,7,0,2026-02-24 21:08:57,硕士生,0,0,normal
c_ext_00001165,p_ext_000675,eFdwb29wZlJ5YStGazYyVmdLTFNpSlMyakxLTWQ2WnRsbnhuYm95T3k2eTNwcHF5Zjg3RmpvYTVxc3lJakplRWk1V0VxNW1jZ0s2Q2VXSjI=,,,这个窗口确实不错,27,0,2026-05-13 14:51:57,高中生,0,0,normal
c_ext_00001166,2101531847,u_ext_00212,,,可以自提吗,25,3,2026-03-04 22:15:57,活跃同学,0,0,normal
c_ext_00001167,p_ext_000506,u_ext_00451,,,蹲一个搭子,20,0,2026-03-19 21:35:57,活跃同学,0,0,normal
c_ext_00001168,p_ext_000688,u_ext_00378,,,蹲一个搭子,7,1,2026-02-27 16:13:57,校园达人,0,0,normal
c_ext_00001169,2101523397,eEg2ZmtJYVd0Nm1WdHFxN2dYdTBkNE9VZ0tTT2VZZHRnWWltaUppT3ZOM0VqNFdOaGMzRm5vYXExTXFDZmNaOWhxWjRycENHWjIyRGVXSjI=,,,还在吗,18,3,2026-03-08 13:20:57,本科生,0,0,normal
c_ext_00001170,p_ext_001954,dDQ1MWk1ZTN4YkIvazY2MmxYcXdvSU8zZktHWWhxWm9tR2RqYVptUnZhN0NwWTJLaDZlM1pwWE9wcFNNWnJSK2twSnJlcGxpa0krTGlXSjI=,,,还在吗,3,3,2026-05-28 20:25:57,本科生,0,0,normal
c_ext_00001171,p_ext_001257,u_ext_00310,,,时间合适的话可以,20,0,2026-05-08 14:02:57,普通用户,0,0,normal
c_ext_00001172,p_ext_001638,u_ext_00143,,,感谢分享,28,0,2026-03-29 12:08:57,活跃同学,0,0,normal
c_ext_00001173,p_ext_000636,u_ext_00391,,,还在吗,7,2,2026-02-05 06:14:57,普通用户,0,0,normal
c_ext_00001174,p_ext_000199,u_ext_00152,,,活动还有名额吗,7,0,2026-02-06 02:37:57,活跃同学,0,0,normal
c_ext_00001175,p_ext_001524,u_ext_00460,,,多少钱,16,1,2026-04-26 23:41:57,校园达人,0,0,normal
c_ext_00001176,p_ext_000839,u_ext_00360,,,多少钱,16,3,2026-02-11 00:14:57,资深坛友,0,0,normal
c_ext_00001177,p_ext_000301,u_ext_00276,,,多少钱,1,1,2026-05-06 21:17:57,活跃同学,0,0,normal
c_ext_00001178,p_ext_001386,u_ext_00489,,,这个窗口确实不错,18,2,2026-04-19 05:31:57,普通用户,0,0,normal
c_ext_00001179,p_ext_001304,u_ext_00147,,,多少钱,10,2,2026-02-26 09:54:57,校园达人,0,0,normal
c_ext_00001180,p_ext_000561,u_ext_00397,,,可以自提吗,27,2,2026-04-09 20:48:57,普通用户,0,0,normal
c_ext_00001181,p_ext_000208,u_ext_00334,,,这个岗位适合大三吗,8,3,2026-03-05 14:15:57,资深坛友,0,0,normal
c_ext_00001182,p_ext_000286,u_ext_00448,,,简历要怎么投,4,3,2026-05-14 20:12:57,普通用户,0,0,normal
c_ext_00001183,p_ext_000935,u_ext_00123,,,需要什么技术栈,26,3,2026-04-10 12:46:57,资深坛友,0,0,normal
c_ext_00001184,p_ext_001805,dDQxa2k1T3JvNnlHcWEzWW1JcXZyWWFTaElDTWhacUxqWjkwaDVDenFhaTBmMmV2aUpTamdZU1Z2dG1VWlp1VmY3aUVhWnRqYjZxQ2VXSjI=,,,可以内推吗,29,0,2026-02-18 11:21:57,本科生,0,0,normal
c_ext_00001185,2101584314,u_ext_00225,,,还在吗,5,0,2026-03-30 16:27:57,普通用户,0,0,normal
c_ext_00001186,p_ext_000712,u_ext_00303,,,在哪个校区交易,30,1,2026-03-16 15:06:57,资深坛友,0,0,normal
c_ext_00001187,p_ext_000672,dzZTYXE1YW9sbzZXdUwyV2dLQzBabnpjbW4rRllaNnVqcUNNaFlKc3pwbTRmNnR2ZzdxM2lJdTJwcXlZb2FSL2ZzMW5mbzZKcG1tRGVXSjI=,,,我也想参加,27,2,2026-03-06 23:06:57,硕士生,0,0,normal
c_ext_00001188,p_ext_000246,dzVCMXI0WFB5WTJGbExYWGpZcTRub3FUb29LRllhNnRtWXVFaDRlUnk3ckZqNDJCaTlHM3JJdXB1dGFHZTZScGZxZUFhSm1Gbm02R2lXSjI=,,,我也想参加,13,1,2026-05-20 20:01:57,博士生,0,0,normal
c_ext_00001189,p_ext_000793,u_ext_00404,,,在哪个校区交易,5,2,2026-02-05 09:29:57,活跃同学,0,0,normal
c_ext_00001190,p_ext_000776,u_ext_00149,,,在哪个校区交易,24,0,2026-03-03 00:21:57,普通用户,0,0,normal
c_ext_00001191,p_ext_001728,dDZOa2ZJeTRyMzZIbExhV2hJbkdvbnlWbm8rRWlZdHJoNitla1pwcXhwcXpqV1NrbHF1anI0QzZxZHFOZk5xQWY4K0FqNGFIcHBtWXIySjI=,,,可以自提吗,2,3,2026-05-08 11:58:57,本科生,0,0,normal
c_ext_00001192,p_ext_000487,u_ext_00239,,,时间合适的话可以,2,0,2026-04-01 09:00:57,普通用户,0,0,normal
c_ext_00001193,p_ext_000525,u_ext_00174,,,感谢分享,17,0,2026-05-08 08:34:57,校园达人,0,0,normal
c_ext_00001194,p_ext_000142,u_ext_00245,,,时间合适的话可以,7,3,2026-03-22 08:59:57,资深坛友,0,0,normal
c_ext_00001195,p_ext_000446,dzQ5b2JJYTYwWXVLdHN5cGwzeXNacGFwaEdxT201cDhpNG1Nam94cnNlQ3ZhbXhwaTlETlpwV1MyS21ZakxTT2tyZDNzSVdlYjRHWHIySjI=,,,这个窗口确实不错,3,2,2026-04-03 16:59:57,本科生,0,0,normal
c_ext_00001196,p_ext_001410,u_ext_00312,,,简历要怎么投,10,2,2026-03-29 12:16:57,资深坛友,0,0,normal
c_ext_00001197,p_ext_001606,u_ext_00406,,,可以自提吗,13,1,2026-03-03 17:22:57,校园达人,0,0,normal
c_ext_00001198,p_ext_001215,eEpDYnE0UFB5WjZMemN6SmxxSzBkNVBNbWJHS2g0Ujhqbmltc0lTenlwaTNzb1ZyZ05HanFvT3FwZHQvWnJ5RWt0eDRwSXFlb3FDR2lXSjI=,,,感谢分享,3,2,2026-05-12 17:57:57,硕士生,0,0,normal
c_ext_00001199,p_ext_000469,u_ext_00451,,,蹲一个复习整理,30,0,2026-02-14 18:21:57,活跃同学,0,0,normal
c_ext_00001200,p_ext_001250,u_ext_00322,,,多少钱,9,1,2026-04-25 07:09:57,资深坛友,0,0,normal
c_ext_00001201,p_ext_000926,d24rcmJvQzN4R2w4bEpuSmlaK3NncE9TaElHQ1k1cHVpWDJoc1lPUHJiTzdmWnVIakxuTmwzN05uYzJZZkxoOGhaS01yWTJyaktxRGVXSjI=,,,还在吗,11,0,2026-03-21 17:38:57,本科生,0,0,normal
c_ext_00001202,p_ext_001519,u_ext_00128,,,还在吗,27,2,2026-02-08 11:27:57,校园达人,0,0,normal
c_ext_00001203,p_ext_001110,u_ext_00261,,,多少钱,11,2,2026-05-25 17:16:57,校园达人,0,0,normal
c_ext_00001204,p_ext_001408,u_ext_00462,,,时间合适的话可以,7,1,2026-05-26 13:21:57,活跃同学,0,0,normal
c_ext_00001205,p_ext_000457,u_ext_00166,,,多少钱,14,2,2026-03-05 13:50:57,活跃同学,0,0,normal
c_ext_00001206,p_ext_001897,u_ext_00455,,,还在吗,1,3,2026-02-23 04:14:57,活跃同学,0,0,normal
c_ext_00001207,p_ext_001543,u_ext_00340,,,在哪个校区交易,3,0,2026-05-01 02:20:57,校园达人,0,0,normal
c_ext_00001208,p_ext_001632,u_ext_00350,,,多少钱,10,3,2026-05-29 03:29:57,校园达人,0,0,normal
c_ext_00001209,p_ext_001864,u_ext_00427,,,这个窗口确实不错,16,3,2026-02-03 03:23:57,校园达人,0,0,normal
c_ext_00001210,p_ext_000836,u_ext_00357,,,多少钱,20,0,2026-05-26 18:41:57,普通用户,0,0,normal
c_ext_00001211,p_ext_001312,u_ext_00223,,,蹲一个复习整理,18,0,2026-03-06 01:17:57,普通用户,0,0,normal
c_ext_00001212,p_ext_000492,u_ext_00144,,,在哪个校区交易,18,1,2026-03-01 06:04:57,校园达人,0,0,normal
c_ext_00001213,p_ext_001786,u_ext_00409,,,在哪个校区交易,20,3,2026-03-25 00:43:57,普通用户,0,0,normal
c_ext_00001214,p_ext_000356,u_ext_00286,,,时间合适的话可以,6,0,2026-03-18 08:47:57,资深坛友,0,0,normal
c_ext_00001215,p_ext_001570,c28ybnJJelEwSzZHbExhNWxZM09xSlBOYTRPTmlKQ0lsYUNtallSL3FkbXZrSmVwZzlDM2hYL1BzcytCaTZOcGZ0eUFwWnFmbld1WHIySjI=,,,多少钱,1,2,2026-05-30 18:13:57,本科生,0,0,normal
c_ext_00001216,p_ext_001815,cm82QnJvemRxbW1Va3JuYmpJdXNycFBRaUsrUWlZQjhsWHBqYXBoOXZiQzNmNDJIaHFxdmFZZlB5NVNHamNtdWhxWjBob2llaEpHWHIySjI=,,,还在吗,28,3,2026-05-27 13:59:57,硕士生,0,0,normal
c_ext_00001217,2101523397,u_ext_00446,,,多少钱,24,2,2026-05-12 22:29:57,普通用户,0,0,normal
c_ext_00001218,p_ext_000432,u_ext_00174,,,这个窗口确实不错,17,1,2026-03-30 22:16:57,校园达人,0,0,normal
c_ext_00001219,p_ext_001752,dDZPbm8zMlZrb1NEbEsyVWdhQ3doWmE0aElPUW02SjdqYStBc3BlbnZadTFqcU9LZ0tpWnNJUzRzdGFNamRLQWtwV2FtWkZpZklhQ2VXSjI=,,,还在吗,27,2,2026-04-03 05:34:57,本科生,0,0,normal
c_ext_00001220,p_ext_000466,u_ext_00487,,,可以自提吗,11,2,2026-03-30 18:10:57,活跃同学,0,0,normal
c_ext_00001221,p_ext_001050,eFdwb29wZlJ5YStGazYyVmdLTFNpSlMyakxLTWQ2WnRsbnhuYm95T3k2eTNwcHF5Zjg3RmpvYTVxc3lJakplRWk1V0VxNW1jZ0s2Q2VXSjI=,,,多少钱,0,1,2026-02-11 00:04:57,高中生,0,0,normal
c_ext_00001222,p_ext_000369,u_ext_00476,,,这个窗口确实不错,13,3,2026-04-20 01:40:57,活跃同学,0,0,normal
c_ext_00001223,p_ext_000305,u_ext_00163,,,蹲一个搭子,21,1,2026-02-25 15:42:57,校园达人,0,0,normal
c_ext_00001224,p_ext_001609,u_ext_00370,,,可以自提吗,7,2,2026-05-17 05:59:57,普通用户,0,0,normal
c_ext_00001225,p_ext_001709,u_ext_00112,,,在哪个校区交易,1,3,2026-02-18 15:04:57,资深坛友,0,0,normal
c_ext_00001226,p_ext_001433,u_ext_00338,,,可以自提吗,29,1,2026-02-04 05:49:57,资深坛友,0,0,normal
c_ext_00001227,p_ext_001056,u_ext_00354,,,蹲一个复习整理,12,3,2026-04-08 07:45:57,资深坛友,0,0,normal
c_ext_00001228,p_ext_000411,u_ext_00185,,,多少钱,20,3,2026-05-14 13:49:57,校园达人,0,0,normal
c_ext_00001229,p_ext_001881,u_ext_00401,,,简历要怎么投,14,0,2026-02-17 22:58:57,校园达人,0,0,normal
c_ext_00001230,p_ext_001089,u_ext_00229,,,在哪个校区交易,11,2,2026-05-20 19:16:57,校园达人,0,0,normal
c_ext_00001231,p_ext_001856,u_ext_00247,,,在哪个校区交易,28,1,2026-05-13 19:23:57,活跃同学,0,0,normal
c_ext_00001232,p_ext_000232,u_ext_00458,,,简历要怎么投,4,0,2026-03-02 06:56:57,资深坛友,0,0,normal
c_ext_00001233,p_ext_001364,u_ext_00436,,,时间合适的话可以,28,2,2026-04-28 08:31:57,活跃同学,0,0,normal
c_ext_00001234,p_ext_000552,u_ext_00302,,,在哪个校区交易,27,3,2026-03-27 06:15:57,活跃同学,0,0,normal
c_ext_00001235,p_ext_001974,u_ext_00354,,,可以自提吗,22,1,2026-03-23 21:06:57,资深坛友,0,0,normal
c_ext_00001236,p_ext_001901,u_ext_00125,,,这个窗口确实不错,9,3,2026-02-02 19:12:57,活跃同学,0,0,normal
c_ext_00001237,p_ext_001543,u_ext_00444,,,还在吗,17,3,2026-04-22 09:37:57,校园达人,0,0,normal
c_ext_00001238,p_ext_001586,u_ext_00413,,,这个窗口确实不错,18,2,2026-03-31 16:30:57,普通用户,0,0,normal
c_ext_00001239,p_ext_001881,u_ext_00462,,,可以内推吗,11,3,2026-02-25 11:45:57,活跃同学,0,0,normal
c_ext_00001240,p_ext_001555,dzVCMXI0WFB5WTJGbExYWGpZcTRub3FUb29LRllhNnRtWXVFaDRlTW01bXVzbml2aEpXU2tJak50ZGlNakxSNGtxZG5hSVI0ZkpLS2lXSjI=,,,这个岗位适合大三吗,25,0,2026-04-08 21:53:57,博士生,0,0,normal
c_ext_00001241,p_ext_000916,u_ext_00437,,,多少钱,28,1,2026-04-26 21:48:57,普通用户,0,0,normal
c_ext_00001242,p_ext_000133,u_ext_00115,,,多少钱,12,0,2026-04-12 01:55:57,活跃同学,0,0,normal
c_ext_00001243,p_ext_000689,u_ext_00345,,,还在吗,19,2,2026-02-06 16:33:57,活跃同学,0,0,normal
c_ext_00001244,p_ext_000133,u_ext_00368,,,还在吗,2,0,2026-03-05 02:38:57,活跃同学,0,0,normal
c_ext_00001245,p_ext_001832,dzVCMXI0WFB5WTJGbExYWGpZcTRub3FUb29LRllhNnRtWXVFaDRlTW01bXVzbml2aEpXU2tJak50ZGlNakxSNGtxZG5hSVI0ZkpLS2lXSjI=,,,可以自提吗,14,1,2026-05-12 21:51:57,博士生,0,0,normal
c_ext_00001246,p_ext_000863,u_ext_00330,,,多少钱,23,1,2026-02-19 16:59:57,活跃同学,0,0,normal
c_ext_00001247,p_ext_001087,u_ext_00404,,,这个窗口确实不错,10,1,2026-05-29 14:58:57,活跃同学,0,0,normal
c_ext_00001248,p_ext_001810,u_ext_00102,,,时间合适的话可以,30,2,2026-02-22 02:34:57,校园达人,0,0,normal
c_ext_00001249,p_ext_001200,u_ext_00474,,,多少钱,4,0,2026-05-16 00:09:57,普通用户,0,0,normal
c_ext_00001250,p_ext_001994,u_ext_00298,,,感谢分享,7,1,2026-05-26 07:57:57,资深坛友,0,0,normal
c_ext_00001251,p_ext_000276,u_ext_00459,,,在哪个校区交易,9,2,2026-04-23 00:15:57,普通用户,0,0,normal
c_ext_00001252,p_ext_001760,u_ext_00163,,,期末重点有吗,5,2,2026-05-09 18:15:57,校园达人,0,0,normal
c_ext_00001253,p_ext_001905,u_ext_00336,,,多少钱,9,1,2026-04-17 05:44:57,校园达人,0,0,normal
c_ext_00001254,p_ext_001308,u_ext_00185,,,在哪个校区交易,26,0,2026-03-22 01:58:57,校园达人,0,0,normal
c_ext_00001255,p_ext_001706,dG1tSmZJZXJ1NEdEM01pMmpZcTBhcFMybm9pSW01MXRsWHlJcDRwK3FiMjRqNFJyaHBXbWFaU3F2czZHakxPdGc4OWpzb3FjZTJtSmlXSjI=,,,这个窗口确实不错,14,0,2026-03-28 19:20:57,高中生,0,0,normal
c_ext_00001256,p_ext_001652,u_ext_00246,,,这个窗口确实不错,15,2,2026-02-02 16:15:57,活跃同学,0,0,normal
c_ext_00001257,p_ext_000602,u_ext_00153,,,在哪个校区交易,11,1,2026-05-26 15:31:57,普通用户,0,0,normal
c_ext_00001258,p_ext_001854,u_ext_00330,,,这个窗口确实不错,21,3,2026-03-14 15:30:57,活跃同学,0,0,normal
c_ext_00001259,p_ext_001030,u_ext_00269,,,可以自提吗,0,0,2026-02-18 19:02:57,普通用户,0,0,normal
c_ext_00001260,p_ext_001283,u_ext_00274,,,可以自提吗,25,1,2026-02-24 08:13:57,活跃同学,0,0,normal
c_ext_00001261,p_ext_000982,u_ext_00142,,,可以自提吗,8,0,2026-05-24 23:25:57,资深坛友,0,0,normal
c_ext_00001262,p_ext_001942,u_ext_00191,,,需要什么技术栈,17,0,2026-03-18 21:15:57,普通用户,0,0,normal
c_ext_00001263,p_ext_000353,u_ext_00196,,,多少钱,27,1,2026-02-07 23:55:57,普通用户,0,0,normal
c_ext_00001264,p_ext_000594,u_ext_00259,,,多少钱,16,3,2026-05-20 18:29:57,活跃同学,0,0,normal
c_ext_00001265,p_ext_001585,u_ext_00392,,,可以自提吗,23,2,2026-02-06 20:01:57,普通用户,0,0,normal
c_ext_00001266,p_ext_001513,u_ext_00489,,,多少钱,11,0,2026-03-17 01:56:57,普通用户,0,0,normal
c_ext_00001267,p_ext_000776,u_ext_00169,,,还在吗,28,2,2026-05-23 15:11:57,活跃同学,0,0,normal
c_ext_00001268,p_ext_001129,cm9DQWJZYlF1MmFTdU15MWxtZXNhSkxPaUdpTG5vQ2tmNjkwYVl0cXo3MjNmNGx1bDdxdmZvWE9wczJFYU1wb2ZKU1dnSW1KZUpLVnIySjI=,,,多少钱,21,2,2026-03-25 18:17:57,硕士生,0,0,normal
c_ext_00001269,p_ext_000255,u_ext_00451,,,这个窗口确实不错,4,0,2026-05-25 12:41:57,活跃同学,0,0,normal
c_ext_00001270,p_ext_001381,u_ext_00463,,,还在吗,4,3,2026-04-28 02:27:57,资深坛友,0,0,normal
c_ext_00001271,p_ext_000896,u_ext_00291,,,在哪个校区交易,8,2,2026-03-20 05:56:57,活跃同学,0,0,normal
c_ext_00001272,p_ext_001510,ckdsMWFvdlJyMzErdWJhdWlXYXNab0s2b29TUm5YaXRqYUJyc0lSOXRadkNhNXVRZnQzTlpvQ25zdEtOWjdDcmhiVnJrb1ZraUhxQmVXSjI=,,,在哪个校区交易,21,0,2026-04-04 03:52:57,本科生,0,0,normal
c_ext_00001273,p_ext_000626,u_ext_00486,,,可以内推吗,3,1,2026-03-07 15:38:57,普通用户,0,0,normal
c_ext_00001274,p_ext_001255,u_ext_00230,,,还在吗,12,3,2026-03-10 20:26:57,活跃同学,0,0,normal
c_ext_00001275,p_ext_000240,u_ext_00377,,,在哪个校区交易,28,2,2026-03-04 02:55:57,资深坛友,0,0,normal
c_ext_00001276,p_ext_001660,u_ext_00421,,,求资料,25,0,2026-03-12 11:13:57,普通用户,0,0,normal
c_ext_00001277,p_ext_000805,cjJtanNZVzdzNHVBcUxYWWlvckthWWpNaDZxTlpKNkdobWlWcTRtUno1bkNzcCt1aWJmTmUzNlYwOXFVcnRhZWxLaDhqcHAzZUsrWHIySjI=,,,多少钱,13,2,2026-02-10 20:42:57,初中生,0,0,normal
c_ext_00001278,p_ext_001897,u_ext_00424,,,在哪个校区交易,29,3,2026-05-11 17:35:57,活跃同学,0,0,normal
c_ext_00001279,p_ext_000499,u_ext_00328,,,这个窗口确实不错,0,1,2026-03-18 00:11:57,校园达人,0,0,normal
c_ext_00001280,p_ext_001789,u_ext_00237,,,在哪个校区交易,13,2,2026-02-05 18:40:57,资深坛友,0,0,normal
c_ext_00001281,p_ext_000662,dFkybnBuL2RzNm1XdDY2eGpJdk9nb2FTZUlpY25wMnZoNjVyckkyUHJiaTRmSnVqbHF2RWFvQzNyckdIaXJPc2dzMTRoSVdIZDY2SmlXSjI=,,,可以自提吗,18,0,2026-02-19 11:20:57,初中生,0,0,normal
c_ext_00001282,p_ext_001607,u_ext_00498,,,这个窗口确实不错,16,1,2026-02-26 08:23:57,校园达人,0,0,normal
c_ext_00001283,p_ext_001422,u_ext_00303,,,可以自提吗,17,0,2026-05-26 20:52:57,资深坛友,0,0,normal
c_ext_00001284,p_ext_000164,dzR1bXNvZW5zNjJTcU5TbW1IeW9qSVM2ZUtLSWhvQnRnNHFpajVxbHRhdkRpMngrazVPV2JJYVRxcktYakxoL2xkQ1dpNXgzZzJpWHIySjI=,,,简历要怎么投,15,2,2026-03-28 13:53:57,博士生,0,0,normal
c_ext_00001285,p_ext_000880,cnFSOW81YVRsckNXdXFiTGhHak5ySWpPbm9tR2lJTnJqb3Q3cjRTUHNOeTRwSFd4ZjdpdnJwUFB0cTJOWjdSbmlzK2VwSkY0b211V3IySjI=,,,时间合适的话可以,14,1,2026-03-08 12:45:57,高中生,0,0,normal
c_ext_00001286,p_ext_001061,dDZOa2ZJeTRyMzZIbExhV2hJbkdvbnlWbm8rRWlZdHJoNitla1pwcXhwcXpqV1NrbHF1anI0QzZxZHFOZk5xQWY4K0FqNGFIcHBtWXIySjI=,,,还在吗,4,0,2026-04-17 13:21:57,本科生,0,0,normal
c_ext_00001287,p_ext_000452,u_ext_00163,,,多少钱,11,2,2026-03-22 03:05:57,校园达人,0,0,normal
c_ext_00001288,p_ext_001989,cm9DQWJZYlF1MmFTdU15MWxtZXNhSkxPaUdpTG5vQ2tmNjkwYVl0cXo3MjNmNGx1bDdxdmZvWE9wczJFYU1wb2ZKU1dnSW1KZUpLVnIySjI=,,,多少钱,15,2,2026-04-02 10:44:57,硕士生,0,0,normal
c_ext_00001289,p_ext_000188,dXFXbnJaU3FrcStTMjUzT2dhTFdvSWJOYTZDRVlZeVJnb3VJclp1TnZiQzBhR1NoZ05Demg0clExTnFJb2Nab2haS0VmWU5qcW4rT3IySjI=,,,还在吗,20,2,2026-02-22 14:54:57,高中生,0,0,normal
c_ext_00001290,p_ext_000942,u_ext_00461,,,多少钱,12,0,2026-04-28 23:48:57,普通用户,0,0,normal
c_ext_00001291,p_ext_001174,c294NW9veTdwNWVUenJIVGlveTBlNVRQWW1pWW0zaWhpbnVhaEl5a25NQzNqNmRxaTdtdnJJdTV1cW1FaXBlVmdzMTNhb21yZkg2WXIySjI=,,,多少钱,11,0,2026-02-13 15:43:57,高中生,0,0,normal
c_ext_00001292,p_ext_000758,u_ext_00176,,,求资料,7,3,2026-05-17 20:45:57,资深坛友,0,0,normal
c_ext_00001293,p_ext_000334,u_ext_00297,,,感谢分享,26,0,2026-04-27 17:39:57,校园达人,0,0,normal
c_ext_00001294,p_ext_001141,cjJpcWJJblFyNE9UdHJLdWlHYTRqcFBPZEcyY25JQ3BpWHFlYnBlUXJiK3Zhb1dLaEpiUnJwV21wdHFGZTlLR2hhbDRxSnRrZUtHQ2VXSjI=,,,还在吗,11,1,2026-05-28 19:47:57,副教授,0,0,normal
c_ext_00001295,p_ext_001105,u_ext_00472,,,可以自提吗,5,3,2026-04-06 14:05:57,普通用户,0,0,normal
c_ext_00001296,p_ext_001493,u_ext_00246,,,这个窗口确实不错,2,3,2026-04-21 01:17:57,活跃同学,0,0,normal
c_ext_00001297,p_ext_001587,u_ext_00201,,,需要什么技术栈,8,3,2026-03-08 08:07:57,校园达人,0,0,normal
c_ext_00001298,p_ext_001407,u_ext_00241,,,在哪个校区交易,24,1,2026-05-01 17:20:57,资深坛友,0,0,normal
c_ext_00001299,p_ext_000919,u_ext_00322,,,还在吗,15,2,2026-04-06 22:00:57,资深坛友,0,0,normal
c_ext_00001300,p_ext_001672,u_ext_00179,,,还在吗,5,1,2026-02-28 19:29:57,活跃同学,0,0,normal
c_ext_00001301,p_ext_000690,u_ext_00301,,,我也想参加,8,2,2026-05-13 15:01:57,资深坛友,0,0,normal
c_ext_00001302,2101534204,u_ext_00212,,,还在吗,29,2,2026-03-17 10:41:57,活跃同学,0,0,normal
c_ext_00001303,p_ext_001659,u_ext_00399,,,还在吗,14,0,2026-05-02 13:44:57,普通用户,0,0,normal
c_ext_00001304,p_ext_001057,u_ext_00211,,,期末重点有吗,8,2,2026-05-14 07:38:57,校园达人,0,0,normal
c_ext_00001305,p_ext_000312,u_ext_00273,,,需要什么技术栈,21,1,2026-03-01 09:52:57,校园达人,0,0,normal
c_ext_00001306,p_ext_000931,u_ext_00391,,,简历要怎么投,8,2,2026-03-07 07:40:57,普通用户,0,0,normal
c_ext_00001307,p_ext_000394,u_ext_00325,,,简历要怎么投,6,0,2026-05-20 19:52:57,资深坛友,0,0,normal
c_ext_00001308,p_ext_000214,u_ext_00160,,,这个窗口确实不错,11,1,2026-02-07 04:18:57,资深坛友,0,0,normal
c_ext_00001309,p_ext_000987,u_ext_00109,,,还在吗,2,3,2026-04-12 06:14:57,校园达人,0,0,normal
c_ext_00001310,p_ext_001452,u_ext_00298,,,还在吗,4,3,2026-04-29 05:46:57,资深坛友,0,0,normal
c_ext_00001311,p_ext_001984,u_ext_00260,,,可以自提吗,7,3,2026-04-30 21:00:57,普通用户,0,0,normal
c_ext_00001312,p_ext_001068,u_ext_00401,,,可以自提吗,28,2,2026-05-08 21:17:57,校园达人,0,0,normal
c_ext_00001313,p_ext_001344,u_ext_00235,,,可以内推吗,0,0,2026-05-06 16:16:57,校园达人,0,0,normal
c_ext_00001314,p_ext_000744,u_ext_00121,,,蹲一个搭子,19,0,2026-02-28 07:45:57,活跃同学,0,0,normal
c_ext_00001315,p_ext_001109,u_ext_00271,,,在哪个校区交易,12,0,2026-03-25 14:05:57,普通用户,0,0,normal
c_ext_00001316,p_ext_000420,u_ext_00101,,,多少钱,8,2,2026-04-29 18:52:57,资深坛友,0,0,normal
c_ext_00001317,2101600938,dG4yZnBJaXJzcTUrcXE2b2wyZXNhSlc2aDIyTWlhR3dpcDkzYllPTnh0eTFwV051ZjdxU3BIN2N0ckdCZWJoNmhyZDhwWkNkZklXV3IySjI=,,,还在吗,24,2,2026-05-23 16:30:57,高中生,0,0,normal
c_ext_00001318,p_ext_000900,u_ext_00234,,,蹲一个搭子,26,2,2026-03-16 01:33:57,活跃同学,0,0,normal
c_ext_00001319,p_ext_001015,u_ext_00341,,,这个岗位适合大三吗,22,2,2026-03-05 14:49:57,资深坛友,0,0,normal
c_ext_00001320,p_ext_001980,u_ext_00402,,,还在吗,3,2,2026-02-18 03:22:57,校园达人,0,0,normal
c_ext_00001321,p_ext_000538,u_ext_00439,,,可以自提吗,30,0,2026-04-24 00:39:57,资深坛友,0,0,normal
c_ext_00001322,p_ext_000452,u_ext_00139,,,这个窗口确实不错,28,2,2026-05-12 18:51:57,活跃同学,0,0,normal
c_ext_00001323,p_ext_000674,u_ext_00198,,,这个窗口确实不错,7,1,2026-05-09 16:03:57,普通用户,0,0,normal
c_ext_00001324,p_ext_001529,u_ext_00442,,,期末重点有吗,8,0,2026-05-30 16:13:57,普通用户,0,0,normal
c_ext_00001325,p_ext_000363,u_ext_00322,,,多少钱,18,2,2026-05-01 19:09:57,资深坛友,0,0,normal
c_ext_00001326,p_ext_000488,u_ext_00171,,,求资料,19,0,2026-05-05 07:48:57,资深坛友,0,0,normal
c_ext_00001327,p_ext_001998,u_ext_00325,,,多少钱,4,0,2026-03-05 23:01:57,资深坛友,0,0,normal
c_ext_00001328,p_ext_000804,u_ext_00423,,,在哪个校区交易,26,0,2026-02-13 16:29:57,活跃同学,0,0,normal
c_ext_00001329,p_ext_001985,u_ext_00483,,,这个窗口确实不错,25,3,2026-03-11 09:00:57,资深坛友,0,0,normal
c_ext_00001330,p_ext_000596,dFh5ZXNvaVR5YStMdHNpbGw0M09vSWpQZklxTGg0OXNob3FFazVkOXFKYkVhcDV1aEx1emUzNlUwSzZHb0t5Q2lLYUFiSkNIakdtR2lXSjI=,,,需要什么技术栈,27,1,2026-05-26 03:10:57,高中生,0,0,normal
c_ext_00001331,p_ext_000728,u_ext_00227,,,可以自提吗,5,2,2026-04-14 12:17:57,活跃同学,0,0,normal
c_ext_00001332,p_ext_000416,u_ext_00110,,,期末重点有吗,27,2,2026-03-09 05:58:57,校园达人,0,0,normal
c_ext_00001333,p_ext_000548,u_ext_00495,,,这个窗口确实不错,16,0,2026-05-21 03:56:57,普通用户,0,0,normal
c_ext_00001334,p_ext_001351,u_ext_00215,,,还在吗,12,0,2026-02-23 04:48:57,普通用户,0,0,normal
c_ext_00001335,p_ext_000801,u_ext_00225,,,多少钱,19,0,2026-04-29 15:27:57,普通用户,0,0,normal
c_ext_00001336,p_ext_001218,u_ext_00258,,,简历要怎么投,26,1,2026-05-04 00:26:57,普通用户,0,0,normal
c_ext_00001337,p_ext_001195,eFkxNWo0ZTdxNHVMazZxdGw0dTRkMzY2ZktxT2hZU3NsMmVWYklXTnJkMnZmNStEZjVUTmVZT1RzcWFZaXF5Vms3bWxhNXRocldpTGlXSjI=,,,可以自提吗,30,3,2026-05-31 06:26:57,高中生,0,0,normal
c_ext_00001338,p_ext_000265,u_ext_00204,,,这个窗口确实不错,15,1,2026-05-30 04:10:57,资深坛友,0,0,normal
c_ext_00001339,p_ext_001232,u_ext_00278,,,还在吗,5,0,2026-02-22 20:48:57,普通用户,0,0,normal
c_ext_00001340,2101533358,u_ext_00108,,,可以自提吗,19,0,2026-05-06 05:12:57,活跃同学,0,0,normal
c_ext_00001341,p_ext_000984,u_ext_00439,,,可以自提吗,28,1,2026-05-27 06:00:57,资深坛友,0,0,normal
c_ext_00001342,p_ext_001093,u_ext_00313,,,还在吗,6,1,2026-04-21 23:23:57,普通用户,0,0,normal
c_ext_00001343,p_ext_001694,u_ext_00193,,,还在吗,23,1,2026-02-13 07:44:57,资深坛友,0,0,normal
c_ext_00001344,p_ext_001064,u_ext_00284,,,在哪个校区交易,13,1,2026-04-06 07:00:57,资深坛友,0,0,normal
c_ext_00001345,p_ext_001183,u_ext_00202,,,可以自提吗,24,2,2026-04-09 14:53:57,资深坛友,0,0,normal
c_ext_00001346,p_ext_000823,u_ext_00147,,,还在吗,23,2,2026-04-30 04:28:57,校园达人,0,0,normal
c_ext_00001347,p_ext_000415,u_ext_00440,,,活动还有名额吗,21,0,2026-04-07 11:40:57,校园达人,0,0,normal
c_ext_00001348,p_ext_001531,u_ext_00326,,,感谢分享,28,1,2026-03-14 23:15:57,普通用户,0,0,normal
c_ext_00001349,p_ext_000832,u_ext_00139,,,在哪个校区交易,30,2,2026-04-07 00:51:57,活跃同学,0,0,normal
c_ext_00001350,p_ext_001726,u_ext_00151,,,在哪个校区交易,30,0,2026-04-24 17:47:57,活跃同学,0,0,normal
c_ext_00001351,p_ext_001038,u_ext_00313,,,这个窗口确实不错,0,2,2026-02-27 19:13:57,普通用户,0,0,normal
c_ext_00001352,p_ext_001463,u_ext_00358,,,活动还有名额吗,4,1,2026-04-13 13:53:57,活跃同学,0,0,normal
c_ext_00001353,p_ext_000374,u_ext_00167,,,多少钱,15,0,2026-06-03 08:43:57,普通用户,0,0,normal
c_ext_00001354,p_ext_000645,u_ext_00148,,,活动还有名额吗,9,2,2026-02-26 09:20:57,资深坛友,0,0,normal
c_ext_00001355,p_ext_000540,u_ext_00464,,,在哪个校区交易,7,1,2026-05-06 16:19:57,普通用户,0,0,normal
c_ext_00001356,p_ext_001810,u_ext_00110,,,时间合适的话可以,25,2,2026-06-03 08:01:57,校园达人,0,0,normal
c_ext_00001357,p_ext_000361,u_ext_00423,,,多少钱,0,1,2026-06-01 01:28:57,活跃同学,0,0,normal
c_ext_00001358,p_ext_000928,u_ext_00198,,,多少钱,26,3,2026-02-27 14:59:57,普通用户,0,0,normal
c_ext_00001359,p_ext_001996,u_ext_00285,,,蹲一个搭子,19,2,2026-02-16 09:23:57,资深坛友,0,0,normal
c_ext_00001360,p_ext_000416,u_ext_00342,,,求资料,29,3,2026-05-01 07:21:57,资深坛友,0,0,normal
c_ext_00001361,p_ext_001762,eHFPRWJaV25xMnFUemE2bmxtYW5aSmFxZktXWllZaUJtWitJZll0K25OU3Zmbld3aDgydmlZWGNwWkdLbjhhaGg1S2VpSnRqZklHT3IySjI=,,,我也想参加,21,3,2026-04-11 10:42:57,幼儿园,0,0,normal
c_ext_00001362,p_ext_000227,u_ext_00425,,,可以自提吗,29,2,2026-02-06 14:42:57,资深坛友,0,0,normal
c_ext_00001363,p_ext_001992,u_ext_00236,,,可以自提吗,3,3,2026-05-28 05:08:57,资深坛友,0,0,normal
c_ext_00001364,p_ext_000638,u_ext_00233,,,可以自提吗,8,0,2026-02-27 23:50:57,资深坛友,0,0,normal
c_ext_00001365,p_ext_000738,u_ext_00384,,,可以自提吗,16,0,2026-03-21 09:19:57,校园达人,0,0,normal
c_ext_00001366,p_ext_000579,eFkxNWo0ZTdxNHVMazZxdGw0dTRkMzY2ZktxT2hZU3NsMmVWYklXTnJkMnZmNStEZjVUTmVZT1RzcWFZaXF5Vms3bWxhNXRocldpTGlXSjI=,,,活动还有名额吗,2,3,2026-05-24 05:49:57,高中生,0,0,normal
c_ext_00001367,p_ext_001968,u_ext_00382,,,可以自提吗,11,0,2026-03-06 23:46:57,活跃同学,0,0,normal
c_ext_00001368,p_ext_001374,u_ext_00156,,,这个窗口确实不错,20,1,2026-04-13 22:32:57,校园达人,0,0,normal
c_ext_00001369,p_ext_001816,cjdLWGpuK1V5R2VTcWNpdWwzcXduWWVTcG95T2hwNXJpWXQ0Zkl5Tng3aTJmbzF1aExpYWJJUzUxNWFXWjgxcGxiZUloSnVGZjJ1SmlXSjI=,,,在哪个校区交易,26,2,2026-04-24 22:41:57,初中生,0,0,normal
c_ext_00001370,p_ext_000656,u_ext_00496,,,多少钱,2,3,2026-03-31 07:50:57,校园达人,0,0,normal
c_ext_00001371,p_ext_000841,u_ext_00461,,,多少钱,14,3,2026-03-07 06:56:57,普通用户,0,0,normal
c_ext_00001372,p_ext_000763,u_ext_00130,,,可以自提吗,21,2,2026-03-13 11:35:57,校园达人,0,0,normal
c_ext_00001373,p_ext_001103,u_ext_00466,,,在哪个校区交易,22,1,2026-03-27 08:55:57,校园达人,0,0,normal
c_ext_00001374,p_ext_001358,u_ext_00349,,,还在吗,2,3,2026-04-06 16:51:57,资深坛友,0,0,normal
c_ext_00001375,p_ext_001144,u_ext_00391,,,简历要怎么投,24,3,2026-03-10 09:58:57,普通用户,0,0,normal
c_ext_00001376,p_ext_000532,u_ext_00197,,,在哪个校区交易,24,1,2026-04-10 05:25:57,普通用户,0,0,normal
c_ext_00001377,p_ext_001067,u_ext_00221,,,在哪个校区交易,14,0,2026-04-29 00:00:57,资深坛友,0,0,normal
c_ext_00001378,p_ext_001428,u_ext_00471,,,蹲一个复习整理,6,2,2026-05-21 03:53:57,资深坛友,0,0,normal
c_ext_00001379,p_ext_000198,u_ext_00251,,,多少钱,17,2,2026-05-04 10:14:57,活跃同学,0,0,normal
c_ext_00001380,p_ext_001082,u_ext_00385,,,可以自提吗,21,3,2026-04-10 03:35:57,普通用户,0,0,normal
c_ext_00001381,p_ext_000323,u_ext_00136,,,可以自提吗,14,2,2026-03-28 02:33:57,校园达人,0,0,normal
c_ext_00001382,2101622130,u_ext_00461,,,可以自提吗,23,0,2026-02-14 12:04:57,普通用户,0,0,normal
c_ext_00001383,p_ext_001877,u_ext_00191,,,多少钱,19,1,2026-04-26 20:31:57,普通用户,0,0,normal
c_ext_00001384,p_ext_000927,u_ext_00201,,,蹲一个搭子,23,0,2026-04-12 08:58:57,校园达人,0,0,normal
c_ext_00001385,p_ext_001807,u_ext_00161,,,可以自提吗,2,3,2026-04-10 09:10:57,资深坛友,0,0,normal
c_ext_00001386,p_ext_001231,u_ext_00296,,,可以内推吗,8,1,2026-03-31 07:02:57,资深坛友,0,0,normal
c_ext_00001387,p_ext_000501,u_ext_00357,,,求资料,4,2,2026-02-03 23:24:57,普通用户,0,0,normal
c_ext_00001388,p_ext_000715,dzQ5OWFZU1Rsb0NBdU5DMGlxR3dpSVMzYXJHR2VZZHBsNHVoYllWK3RjNnprSDJ4aWMzSWE1S21ycmlHaTd1bWZKS0FqNFoyb29lSWlXSjI=,,,还在吗,23,2,2026-03-15 10:45:57,小学生,0,0,normal
c_ext_00001389,p_ext_001392,u_ext_00359,,,还在吗,22,0,2026-04-20 10:25:57,校园达人,0,0,normal
c_ext_00001390,p_ext_000537,u_ext_00425,,,可以自提吗,27,1,2026-02-12 17:37:57,资深坛友,0,0,normal
c_ext_00001391,p_ext_001925,c3BDRWE1YmRzNmFXdDVqWmlxUE9nWWpQZUg2RmVKNktsNHQ4azRlUXg5YXpmYUtyaEttcmZaT1NxcGVFcjdSOGc3YWFnSTJjYjJtWHIySjI=,,,可以自提吗,29,1,2026-04-17 07:56:57,本科生,0,0,normal
c_ext_00001392,p_ext_001484,u_ext_00125,,,可以内推吗,5,2,2026-02-12 15:35:57,活跃同学,0,0,normal
c_ext_00001393,p_ext_000631,u_ext_00465,,,蹲一个复习整理,23,0,2026-02-19 14:50:57,资深坛友,0,0,normal
c_ext_00001394,p_ext_000145,u_ext_00147,,,蹲一个搭子,16,1,2026-03-21 03:46:57,校园达人,0,0,normal
c_ext_00001395,p_ext_000407,u_ext_00141,,,在哪个校区交易,28,0,2026-04-01 14:59:57,普通用户,0,0,normal
c_ext_00001396,p_ext_001459,u_ext_00339,,,还在吗,8,2,2026-04-25 20:46:57,校园达人,0,0,normal
c_ext_00001397,p_ext_000212,c28rQmlJdlF4SzZIemE3YmdZM05aWk9UZEtTYVlZU0NoWXVpb3BxTnlwZkZwSUN6bGFlM1pvYTN6OXFLZk5xT2hMYUlvNG1HZklLSmlXSjI=,,,多少钱,27,0,2026-04-25 04:26:57,硕士生,0,0,normal
c_ext_00001398,2101572727,eEdxWGlwU1dzbXFTdXNqV2xIckdmNFROaUt5YWlJaW9sNGwwYkltTnVkQ3lqSVZwbEtpV2ZKT1VsYzZZamFpTGhLZG5oNHliZ0llSGlXSjI=,,,还在吗,24,2,2026-02-24 14:12:57,高中生,0,0,normal
c_ext_00001399,p_ext_001021,cjMrZWFZV1dxNHAva3REYmhhK25hSU8yaDYrS2RLcUxqbnFpcEpxQnJhNjJpNmV3aExtemlJcVR1cVNZamJTZWxybW1qWnVhYjRtRmlXSjI=,,,多少钱,30,0,2026-04-21 00:59:57,高中生,0,0,normal
c_ext_00001400,p_ext_000791,u_ext_00159,,,时间合适的话可以,1,0,2026-04-12 01:35:57,普通用户,0,0,normal
c_ext_00001401,p_ext_000801,dTRDQnNZTzZ4WXlVdXRETWhLK2tnWWlscGErYVpJaXJncDVxYll5Qng2NjFqcGF5bDdqRmE1S3F2cmlHb2M1a2k4K3FnWngyWjZtTnIySjI=,,,可以自提吗,10,2,2026-05-02 02:58:57,本科生,0,0,normal
c_ext_00001402,p_ext_001752,u_ext_00378,,,在哪个校区交易,12,1,2026-04-19 19:46:57,校园达人,0,0,normal
c_ext_00001403,p_ext_000926,dzMyYm9ZU3FrbmlTcXFyQ2xLTzBxWXZNZkdpUnE0dHNpV1ZucDRpUnFiVzFzV3l1Zzl5YW9YMlVtSkorWmJocGhwS1dzWkNHb21pWHIySjI=,,,可以自提吗,16,3,2026-04-05 01:34:57,本科生,0,0,normal
c_ext_00001404,p_ext_001722,u_ext_00412,,,在哪个校区交易,28,2,2026-05-10 09:59:57,资深坛友,0,0,normal
c_ext_00001405,p_ext_000378,u_ext_00165,,,时间合适的话可以,13,0,2026-03-09 20:19:57,活跃同学,0,0,normal
c_ext_00001406,p_ext_001381,u_ext_00113,,,可以自提吗,8,3,2026-02-22 07:51:57,活跃同学,0,0,normal
c_ext_00001407,2101621570,u_ext_00428,,,在哪个校区交易,7,0,2026-05-05 22:01:57,活跃同学,0,0,normal
c_ext_00001408,p_ext_001758,u_ext_00263,,,可以自提吗,24,3,2026-04-16 01:27:57,普通用户,0,0,normal
c_ext_00001409,p_ext_001892,u_ext_00182,,,感谢分享,7,3,2026-03-17 03:02:57,校园达人,0,0,normal
c_ext_00001410,2101582125,u_ext_00412,,,可以自提吗,9,1,2026-05-23 05:08:57,资深坛友,0,0,normal
c_ext_00001411,p_ext_000897,u_ext_00205,,,这个窗口确实不错,18,0,2026-03-02 05:47:57,校园达人,0,0,normal
c_ext_00001412,p_ext_001344,d29DSWJJelBvNHlGemN2WGluck5xNWJPaEthWlk1Q29ncU9NZ3BlTng2KzdnSnB0aDZldXI0ZTQxTmlDZkp1ZmhOQjhtWW1maDZxRGVXSjI=,,,需要什么技术栈,8,0,2026-03-27 02:02:57,硕士生,0,0,normal
c_ext_00001413,p_ext_000317,u_ext_00247,,,多少钱,4,0,2026-02-25 11:47:57,活跃同学,0,0,normal
c_ext_00001414,p_ext_001459,u_ext_00445,,,这个窗口确实不错,9,3,2026-05-20 06:40:57,活跃同学,0,0,normal
c_ext_00001415,p_ext_001799,u_ext_00347,,,在哪个校区交易,7,2,2026-04-08 09:45:57,资深坛友,0,0,normal
c_ext_00001416,p_ext_000547,u_ext_00347,,,求资料,8,3,2026-04-22 14:09:57,资深坛友,0,0,normal
c_ext_00001417,p_ext_001751,dElDZmU0VzYwV2VHemRpcmxxSFNwSVdTcXFpYVlaNTltSHBqcTRGc3FjNnZnSVdPZ0xpbmVvdXBxcnVXZmJCbWdLcWhiSnAzZkh1SGlXSjI=,,,时间合适的话可以,22,1,2026-02-26 20:35:57,高中生,0,0,normal
c_ext_00001418,p_ext_000607,u_ext_00227,,,多少钱,8,0,2026-05-25 16:49:57,活跃同学,0,0,normal
c_ext_00001419,p_ext_001241,u_ext_00163,,,还在吗,16,0,2026-05-05 11:51:57,校园达人,0,0,normal
c_ext_00001420,p_ext_000675,u_ext_00360,,,这个窗口确实不错,19,3,2026-04-08 00:16:57,资深坛友,0,0,normal
c_ext_00001421,p_ext_001593,dzQ5OWFZU1Rsb0NBdU5DMGlxR3dpSVMzYXJHR2VZZHBsNHVoYllWK3RjNnprSDJ4aWMzSWE1S21ycmlHaTd1bWZKS0FqNFoyb29lSWlXSjI=,,,多少钱,17,0,2026-04-18 04:16:57,小学生,0,0,normal
c_ext_00001422,p_ext_001368,u_ext_00259,,,时间合适的话可以,16,2,2026-04-06 08:16:57,活跃同学,0,0,normal
c_ext_00001423,p_ext_001386,dDMxb2E0ZmMxYU9XcWR5MGxJMjhwSDdRZElhTXFxcVpnbnlJaW9lbno3RzFmb21uZmQzTmlZUFF1ZGlJb05Hc2lwS2FpSU5qbldxWHIySjI=,,,还在吗,22,2,2026-05-08 04:24:57,初中生,0,0,normal
c_ext_00001424,p_ext_000679,u_ext_00220,,,活动还有名额吗,15,3,2026-04-11 19:41:57,校园达人,0,0,normal
c_ext_00001425,p_ext_001959,u_ext_00185,,,可以内推吗,20,0,2026-03-25 02:14:57,校园达人,0,0,normal
c_ext_00001426,2101617209,u_ext_00397,,,还在吗,11,2,2026-05-03 18:09:57,普通用户,0,0,normal
c_ext_00001427,p_ext_001203,u_ext_00356,,,活动还有名额吗,9,0,2026-04-04 13:42:57,活跃同学,0,0,normal
c_ext_00001428,p_ext_001472,u_ext_00430,,,可以自提吗,17,0,2026-05-25 23:06:57,校园达人,0,0,normal
c_ext_00001429,p_ext_000780,czQrRmdaV3IwWW1FcHNpa2xwK2tycFduZUt1WVpKcUFqb2w4ajQyT25LeTRqWmVUZnBQVWFuK1NzdEdHbjg1K2k4MkVzSm1GaUhxRmlXSjI=,,,蹲一个搭子,4,0,2026-03-14 15:38:57,初中生,0,0,normal
c_ext_00001430,p_ext_000996,u_ext_00260,,,这个窗口确实不错,19,1,2026-04-15 19:13:57,普通用户,0,0,normal
c_ext_00001431,p_ext_001859,u_ext_00290,,,时间合适的话可以,28,1,2026-04-06 08:03:57,普通用户,0,0,normal
c_ext_00001432,p_ext_001726,u_ext_00193,,,可以自提吗,0,1,2026-05-28 09:28:57,资深坛友,0,0,normal
c_ext_00001433,p_ext_001628,u_ext_00217,,,蹲一个搭子,30,0,2026-04-18 12:58:57,普通用户,0,0,normal
c_ext_00001434,p_ext_000845,u_ext_00452,,,蹲一个搭子,17,0,2026-04-18 22:47:57,普通用户,0,0,normal
c_ext_00001435,p_ext_001469,u_ext_00215,,,蹲一个搭子,14,0,2026-02-04 17:25:57,普通用户,0,0,normal
c_ext_00001436,p_ext_001123,u_ext_00320,,,这个窗口确实不错,5,2,2026-03-14 14:44:57,普通用户,0,0,normal
c_ext_00001437,p_ext_001585,u_ext_00252,,,还在吗,19,2,2026-04-23 11:26:57,校园达人,0,0,normal
c_ext_00001438,p_ext_000736,u_ext_00430,,,我也想参加,1,2,2026-05-08 13:40:57,校园达人,0,0,normal
c_ext_00001439,p_ext_001322,u_ext_00425,,,我也想参加,17,2,2026-05-16 02:55:57,资深坛友,0,0,normal
c_ext_00001440,p_ext_000460,u_ext_00145,,,在哪个校区交易,11,1,2026-05-24 19:14:57,活跃同学,0,0,normal
c_ext_00001441,p_ext_001314,dG1tSmZJZXJ1NEdEM01pMmpZcTBhcFMybm9pSW01MXRsWHlJcDRwK3FiMjRqNFJyaHBXbWFaU3F2czZHakxPdGc4OWpzb3FjZTJtSmlXSjI=,,,还在吗,10,1,2026-03-31 21:07:57,高中生,0,0,normal
c_ext_00001442,p_ext_000975,u_ext_00224,,,我也想参加,15,2,2026-04-19 12:17:57,普通用户,0,0,normal
c_ext_00001443,p_ext_001989,u_ext_00161,,,还在吗,17,3,2026-03-13 00:30:57,资深坛友,0,0,normal
c_ext_00001444,p_ext_000584,u_ext_00139,,,时间合适的话可以,7,3,2026-03-19 19:55:57,活跃同学,0,0,normal
c_ext_00001445,p_ext_000939,u_ext_00251,,,多少钱,20,0,2026-02-27 23:47:57,活跃同学,0,0,normal
c_ext_00001446,p_ext_001497,eEpDYnE0UFB5WjZMemN6SmxxSzBkNVBNbWJHS2g0Ujhqbmltc0lTenlwaTNzb1ZyZ05HanFvT3FwZHQvWnJ5RWt0eDRwSXFlb3FDR2lXSjI=,,,这个窗口确实不错,17,3,2026-04-12 11:26:57,硕士生,0,0,normal
c_ext_00001447,p_ext_000368,u_ext_00240,,,还在吗,23,0,2026-04-17 04:00:57,活跃同学,0,0,normal
c_ext_00001448,p_ext_000703,u_ext_00443,,,需要什么技术栈,4,3,2026-05-03 19:36:57,普通用户,0,0,normal
c_ext_00001449,p_ext_000196,u_ext_00192,,,还在吗,4,0,2026-03-12 01:43:57,校园达人,0,0,normal
c_ext_00001450,p_ext_000532,u_ext_00336,,,还在吗,28,0,2026-05-20 05:22:57,校园达人,0,0,normal
c_ext_00001451,p_ext_000544,u_ext_00304,,,这个岗位适合大三吗,18,3,2026-05-03 16:33:57,资深坛友,0,0,normal
c_ext_00001452,p_ext_000770,dFkybnBuL2RzNm1XdDY2eGpJdk9nb2FTZUlpY25wMnZoNjVyckkyUHJiaTRmSnVqbHF2RWFvQzNyckdIaXJPc2dzMTRoSVdIZDY2SmlXSjI=,,,活动还有名额吗,18,2,2026-05-20 15:36:57,初中生,0,0,normal
c_ext_00001453,p_ext_000629,u_ext_00120,,,多少钱,11,3,2026-05-09 14:27:57,普通用户,0,0,normal
c_ext_00001454,p_ext_000989,u_ext_00298,,,我也想参加,7,2,2026-03-18 13:43:57,资深坛友,0,0,normal
c_ext_00001455,p_ext_001691,c28rQmlJdlF4SzZIemE3YmdZM05aWk9UZEtTYVlZU0NoWXVpb3BxTnlwZkZwSUN6bGFlM1pvYTN6OXFLZk5xT2hMYUlvNG1HZklLSmlXSjI=,,,还在吗,24,0,2026-04-29 10:59:57,硕士生,0,0,normal
c_ext_00001456,p_ext_000254,u_ext_00268,,,可以内推吗,9,0,2026-02-04 05:34:57,资深坛友,0,0,normal
c_ext_00001457,2101538067,u_ext_00497,,,可以自提吗,29,0,2026-05-29 04:21:57,普通用户,0,0,normal
c_ext_00001458,p_ext_001429,u_ext_00122,,,多少钱,18,2,2026-04-29 12:17:57,活跃同学,0,0,normal
c_ext_00001459,p_ext_000873,u_ext_00331,,,多少钱,9,1,2026-02-08 18:42:57,普通用户,0,0,normal
c_ext_00001460,p_ext_000949,u_ext_00497,,,蹲一个搭子,16,3,2026-05-24 11:43:57,普通用户,0,0,normal
c_ext_00001461,p_ext_001403,u_ext_00489,,,多少钱,21,0,2026-04-22 17:21:57,普通用户,0,0,normal
c_ext_00001462,p_ext_001271,u_ext_00476,,,感谢分享,23,0,2026-05-31 17:41:57,活跃同学,0,0,normal
c_ext_00001463,p_ext_001116,u_ext_00500,,,这个岗位适合大三吗,13,2,2026-02-26 11:10:57,活跃同学,0,0,normal
c_ext_00001464,p_ext_001675,u_ext_00149,,,简历要怎么投,15,1,2026-04-22 10:48:57,普通用户,0,0,normal
c_ext_00001465,p_ext_001787,u_ext_00153,,,还在吗,3,3,2026-02-24 06:46:57,普通用户,0,0,normal
c_ext_00001466,p_ext_001391,u_ext_00377,,,还在吗,23,2,2026-05-24 20:30:57,资深坛友,0,0,normal
c_ext_00001467,p_ext_001919,u_ext_00371,,,还在吗,11,1,2026-02-05 00:00:57,资深坛友,0,0,normal
c_ext_00001468,p_ext_001645,dEthZmJaT29zMmlHcXNpWGpZdWpxNVROWTdDUmVLMnVtS0dXa0l5bXFicTFwbmx0aGJpdmpwUzRxWlNFWmJ5RGk4Mk1ocGgybW5xSGlXSjI=,,,多少钱,18,1,2026-05-27 05:08:57,高中生,0,0,normal
c_ext_00001469,p_ext_001773,u_ext_00412,,,还在吗,7,0,2026-05-06 02:54:57,资深坛友,0,0,normal
c_ext_00001470,p_ext_000924,u_ext_00479,,,在哪个校区交易,2,2,2026-03-30 00:59:57,普通用户,0,0,normal
c_ext_00001471,p_ext_001758,u_ext_00355,,,在哪个校区交易,28,3,2026-04-14 09:24:57,资深坛友,0,0,normal
c_ext_00001472,p_ext_001314,u_ext_00441,,,这个窗口确实不错,19,0,2026-02-17 17:26:57,普通用户,0,0,normal
c_ext_00001473,p_ext_001143,u_ext_00206,,,蹲一个复习整理,28,2,2026-04-09 06:35:57,普通用户,0,0,normal
c_ext_00001474,p_ext_000754,u_ext_00133,,,在哪个校区交易,4,3,2026-05-27 00:20:57,校园达人,0,0,normal
c_ext_00001475,p_ext_001116,dzVCMXI0WFB5WTJGbExYWGpZcTRub3FUb29LRllhNnRtWXVFaDRlUnk3ckZqNDJCaTlHM3JJdXB1dGFHZTZScGZxZUFhSm1Gbm02R2lXSjI=,,,需要什么技术栈,6,1,2026-06-01 02:18:57,博士生,0,0,normal
c_ext_00001476,p_ext_000844,u_ext_00381,,,蹲一个复习整理,1,3,2026-03-20 18:55:57,活跃同学,1,0,normal
c_ext_00001477,p_ext_000215,u_ext_00107,,,蹲一个搭子,10,3,2026-04-27 21:23:57,普通用户,0,0,normal
c_ext_00001478,2101607441,dzVCMXI0WFB5WTJGbExYWGpZcTRub3FUb29LRllhNnRtWXVFaDRlTW01bXVzbml2aEpXU2tJak50ZGlNakxSNGtxZG5hSVI0ZkpLS2lXSjI=,,,可以自提吗,2,2,2026-03-31 04:48:57,博士生,0,0,normal
c_ext_00001479,p_ext_000372,u_ext_00470,,,多少钱,22,2,2026-02-22 06:16:57,活跃同学,0,0,normal
c_ext_00001480,2101517403,u_ext_00415,,,可以自提吗,8,0,2026-05-17 20:07:57,活跃同学,0,0,normal
c_ext_00001481,p_ext_001078,u_ext_00277,,,需要什么技术栈,0,0,2026-04-03 09:07:57,资深坛友,0,0,normal
c_ext_00001482,2101560280,u_ext_00496,,,在哪个校区交易,10,0,2026-04-23 19:00:57,校园达人,0,0,normal
c_ext_00001483,p_ext_001576,c3FLZnFaZTQxWitTekxLdGlYck9oSVdVWXJHUmhaNkNqcUpqZjVlaW5OWERhSjl1Z0x1em40VE9wcE9Kbjg2Z2dyaWVib2FJYjZXSWlXSjI=,,,这个窗口确实不错,13,2,2026-04-19 00:55:57,初中生,0,0,normal
c_ext_00001484,p_ext_000646,u_ext_00297,,,我也想参加,29,2,2026-05-28 19:20:57,校园达人,0,0,normal
c_ext_00001485,p_ext_001873,cjdLWGpuK1V5R2VTcWNpdWwzcXduWWVTcG95T2hwNXJpWXQ0Zkl5Tng3aTJmbzF1aExpYWJJUzUxNWFXWjgxcGxiZUloSnVGZjJ1SmlXSjI=,,,还在吗,10,0,2026-04-14 03:53:57,初中生,0,0,normal
c_ext_00001486,p_ext_000360,u_ext_00342,,,可以自提吗,26,1,2026-05-26 09:00:57,资深坛友,0,0,normal
c_ext_00001487,p_ext_001668,u_ext_00415,,,可以自提吗,3,3,2026-05-10 05:39:57,活跃同学,0,0,normal
c_ext_00001488,p_ext_000246,u_ext_00401,,,我也想参加,12,3,2026-05-04 07:40:57,校园达人,0,0,normal
c_ext_00001489,p_ext_000329,u_ext_00369,,,多少钱,30,0,2026-04-30 20:34:57,普通用户,0,0,normal
c_ext_00001490,p_ext_001169,u_ext_00158,,,还在吗,12,1,2026-04-13 10:06:57,校园达人,0,0,normal
c_ext_00001491,p_ext_000225,dzQrWGhaYTV6V3FGdDlUTGdudW9yb1dUbld5TmhvQnFqbWlJcTQrbXk5SERwcHVobFpYVmdZYXBsYWlHZkp0K2hhcUVlcHVjWnFxRGVXSjI=,,,在哪个校区交易,27,0,2026-04-01 01:49:57,高中生,0,0,normal
c_ext_00001492,p_ext_000827,u_ext_00198,,,可以自提吗,8,1,2026-04-03 23:14:57,普通用户,0,0,normal
c_ext_00001493,p_ext_000680,u_ext_00128,,,简历要怎么投,10,1,2026-05-26 20:14:57,校园达人,0,0,normal
c_ext_00001494,p_ext_001131,u_ext_00145,,,在哪个校区交易,14,0,2026-04-21 04:18:57,活跃同学,0,0,normal
c_ext_00001495,p_ext_001158,u_ext_00124,,,可以自提吗,20,2,2026-05-08 14:55:57,普通用户,0,0,normal
c_ext_00001496,p_ext_000816,u_ext_00327,,,活动还有名额吗,24,0,2026-04-24 16:49:57,活跃同学,0,0,normal
c_ext_00001497,p_ext_001772,u_ext_00459,,,这个窗口确实不错,28,2,2026-05-03 23:10:57,普通用户,0,0,normal
c_ext_00001498,p_ext_000804,u_ext_00147,,,在哪个校区交易,7,0,2026-02-16 08:40:57,校园达人,0,0,normal
c_ext_00001499,p_ext_000304,u_ext_00146,,,这个窗口确实不错,19,1,2026-02-25 15:59:57,校园达人,0,0,normal
c_ext_00001500,p_ext_001935,u_ext_00235,,,需要什么技术栈,15,1,2026-04-03 23:22:57,校园达人,0,0,normal
c_ext_00001501,p_ext_000238,u_ext_00320,,,简历要怎么投,3,1,2026-05-05 15:19:57,普通用户,0,0,normal
c_ext_00001502,p_ext_001885,d24ramduK1VzcTkvdHI2VGdYbTRubjYzaUk2TllxS2ttWXQ4b28xK3ViU3prSXlyZzd1bmk1T24wTFNXZTlKM2Y1U1dpSXFHaEk2TGlXSjI=,,,还在吗,18,3,2026-06-01 02:02:57,小学生,0,0,normal
c_ext_00001503,p_ext_001042,u_ext_00179,,,时间合适的话可以,11,2,2026-05-14 15:16:57,活跃同学,0,0,normal
c_ext_00001504,p_ext_000507,dFh5ZXNvaVR5YStMdHNpbGw0M09vSWpQZklxTGg0OXNob3FFazVkOXFKYkVhcDV1aEx1emUzNlUwSzZHb0t5Q2lLYUFiSkNIakdtR2lXSjI=,,,还在吗,1,2,2026-02-03 17:33:57,高中生,0,0,normal
c_ext_00001505,p_ext_001089,u_ext_00370,,,可以自提吗,21,1,2026-05-14 10:52:57,普通用户,0,0,normal
c_ext_00001506,p_ext_000661,u_ext_00226,,,多少钱,16,3,2026-03-11 13:57:57,活跃同学,0,0,normal
c_ext_00001507,p_ext_001145,u_ext_00275,,,还在吗,29,1,2026-03-27 22:14:57,普通用户,0,0,normal
c_ext_00001508,p_ext_000289,dXFXbnJaU3FrcStTMjUzT2dhTFdvSWJOYTZDRVlZeVJnb3VJcllTQTA5ZXpmMmV5aTg2V3JJYlBxcEdCZkx5b2h0eWFiSmlibVd5RGVXSjI=,,,还在吗,29,1,2026-04-16 07:33:57,高中生,0,0,normal
c_ext_00001509,p_ext_000824,u_ext_00186,,,可以自提吗,0,3,2026-05-23 14:15:57,普通用户,0,0,normal
c_ext_00001510,p_ext_001327,u_ext_00393,,,感谢分享,28,3,2026-03-15 17:29:57,校园达人,0,0,normal
c_ext_00001511,p_ext_000932,u_ext_00139,,,我也想参加,4,0,2026-04-01 10:42:57,活跃同学,0,0,normal
c_ext_00001512,p_ext_000299,u_ext_00193,,,多少钱,1,1,2026-03-05 01:15:57,资深坛友,0,0,normal
c_ext_00001513,p_ext_000851,u_ext_00240,,,多少钱,24,2,2026-02-19 02:46:57,活跃同学,0,0,normal
c_ext_00001514,p_ext_000129,u_ext_00197,,,可以自提吗,7,1,2026-02-05 17:43:57,普通用户,0,0,normal
c_ext_00001515,p_ext_001590,c3FLZnFaZTQxWitTekxLdGlYck9oSVdVWXJHUmhaNkNqcUpqZjVlaW5OWERhSjl1Z0x1em40VE9wcE9Kbjg2Z2dyaWVib2FJYjZXSWlXSjI=,,,活动还有名额吗,9,0,2026-02-08 13:17:57,初中生,0,0,normal
c_ext_00001516,p_ext_001798,u_ext_00412,,,这个窗口确实不错,15,1,2026-05-13 05:36:57,资深坛友,0,0,normal
c_ext_00001517,p_ext_001543,u_ext_00172,,,这个窗口确实不错,2,0,2026-05-05 16:02:57,普通用户,0,0,normal
c_ext_00001518,p_ext_001794,u_ext_00277,,,可以自提吗,10,3,2026-02-17 16:45:57,资深坛友,0,0,normal
c_ext_00001519,p_ext_000632,u_ext_00173,,,这个窗口确实不错,30,1,2026-03-18 20:52:57,校园达人,0,0,normal
c_ext_00001520,p_ext_001776,u_ext_00193,,,在哪个校区交易,13,1,2026-02-05 15:27:57,资深坛友,0,0,normal
c_ext_00001521,p_ext_001841,u_ext_00162,,,可以内推吗,0,3,2026-05-05 21:52:57,资深坛友,0,0,normal
c_ext_00001522,p_ext_001327,u_ext_00233,,,蹲一个复习整理,9,1,2026-04-23 16:57:57,资深坛友,0,0,normal
c_ext_00001523,p_ext_000176,u_ext_00481,,,多少钱,13,0,2026-02-17 04:49:57,活跃同学,0,0,normal
c_ext_00001524,p_ext_000711,u_ext_00460,,,活动还有名额吗,25,2,2026-04-19 07:21:57,校园达人,0,0,normal
c_ext_00001525,p_ext_000817,u_ext_00135,,,这个窗口确实不错,7,3,2026-02-03 05:29:57,活跃同学,0,0,normal
c_ext_00001526,2101504655,dFg2QmZJdVZxMzJIMExLemduM1NucE9VbG91Q1laQ1JpM3Q0cW9xT21LbTdnS04vaU16VWE1Yk50cWVOWjhhS2xzK3FiSXljbW4yTnIySjI=,,,蹲一个搭子,1,2,2026-02-11 09:58:57,初中生,0,0,normal
c_ext_00001527,p_ext_001706,u_ext_00161,,,可以自提吗,23,1,2026-03-18 11:14:57,资深坛友,0,0,normal
c_ext_00001528,p_ext_000116,u_ext_00400,,,这个窗口确实不错,4,0,2026-04-09 00:54:57,校园达人,0,0,normal
c_ext_00001529,2101562016,u_ext_00354,,,多少钱,4,1,2026-04-12 23:43:57,资深坛友,0,0,normal
c_ext_00001530,p_ext_000256,u_ext_00178,,,在哪个校区交易,26,3,2026-03-20 00:10:57,活跃同学,0,0,normal
c_ext_00001531,p_ext_001050,czMxbnNaU251NUNBcHI2cGlHVzhkNGE2ZktXRlk2S0poMmlpZ28rbTA5dkZvMzJ5Z0xpN2VwV295TnVIWnNxTmhaUjhwSnFGaklTRGVXSjI=,,,多少钱,16,2,2026-03-02 13:17:57,高中生,0,0,normal
c_ext_00001532,p_ext_001264,dTRDRmFwWFJwNDJVejc3WWdHYk5aNFRRbldpY2lIeVNpV2VJaW9kcHZKYXRhS3VSbGJqVWFaU3BuZEtVYU1xbWs2aVdmb1NKcHFtRGVXSjI=,,,还在吗,15,0,2026-05-15 14:23:57,本科生,0,0,normal
c_ext_00001533,p_ext_001232,dUkyTmk0RGRzNnVHek5DbmlIeTRxSUtUb1cySlk1QnNsMldFa29la3ROaTFqblN4bHM2WlpvV1MxTnFHZkxTQmlMbUVnNDJkZUl1SGlXSjI=,,,在哪个校区交易,5,1,2026-04-19 14:27:57,本科生,0,0,normal
c_ext_00001534,p_ext_000435,u_ext_00264,,,我也想参加,23,3,2026-04-15 21:28:57,活跃同学,0,0,normal
c_ext_00001535,p_ext_000295,u_ext_00467,,,求资料,27,2,2026-02-14 10:13:57,活跃同学,0,0,normal
c_ext_00001536,p_ext_001368,u_ext_00212,,,时间合适的话可以,20,3,2026-03-24 08:08:57,活跃同学,0,0,normal
c_ext_00001537,p_ext_001704,u_ext_00426,,,多少钱,11,3,2026-02-08 10:51:57,活跃同学,0,0,normal
c_ext_00001538,p_ext_000683,dDN5QmZJbXF1cXlFME5DcGxxT29sWktwWTRpSW5tNnhnR1dMc0ppQXl0eXpqWUdFbHBXdVozNm4xTktJaksrdWZ0Q2FnNXQxb29hSWlXSjI=,,,我也想参加,22,3,2026-03-31 20:44:57,本科生,0,0,normal
c_ext_00001539,2101584314,u_ext_00377,,,多少钱,11,3,2026-03-15 06:16:57,资深坛友,0,0,normal
c_ext_00001540,p_ext_000254,u_ext_00489,,,简历要怎么投,23,1,2026-02-04 04:31:57,普通用户,0,0,normal
c_ext_00001541,p_ext_000836,u_ext_00202,,,还在吗,12,3,2026-03-26 11:35:57,资深坛友,0,0,normal
c_ext_00001542,p_ext_001189,u_ext_00441,,,在哪个校区交易,29,1,2026-04-15 16:29:57,普通用户,0,0,normal
c_ext_00001543,p_ext_000228,u_ext_00499,,,蹲一个搭子,6,2,2026-04-07 00:25:57,资深坛友,0,0,normal
c_ext_00001544,p_ext_001614,u_ext_00391,,,还在吗,18,2,2026-04-19 08:33:57,普通用户,0,0,normal
c_ext_00001545,p_ext_001321,u_ext_00274,,,我也想参加,4,2,2026-03-13 17:44:57,活跃同学,0,0,normal
c_ext_00001546,p_ext_001561,u_ext_00456,,,还在吗,20,3,2026-02-06 16:45:57,资深坛友,0,0,normal
c_ext_00001547,p_ext_001512,d24rcmJvQzN4R2w4bEpuSmlaK3NncE9TaElHQ1k1cHVpWDJoc1lPUHJiTzdmWnVIakxuTmwzN05uYzJZZkxoOGhaS01yWTJyaktxRGVXSjI=,,,可以自提吗,24,1,2026-04-29 09:33:57,本科生,0,0,normal
c_ext_00001548,p_ext_001190,u_ext_00135,,,多少钱,6,3,2026-03-25 02:41:57,活跃同学,0,0,normal
c_ext_00001549,p_ext_001240,u_ext_00428,,,这个窗口确实不错,17,3,2026-05-08 14:47:57,活跃同学,0,0,normal
c_ext_00001550,p_ext_000420,u_ext_00312,,,这个窗口确实不错,7,0,2026-04-01 21:52:57,资深坛友,0,0,normal
c_ext_00001551,p_ext_001639,u_ext_00262,,,活动还有名额吗,7,3,2026-05-31 14:15:57,普通用户,0,0,normal
c_ext_00001552,p_ext_000993,u_ext_00436,,,活动还有名额吗,11,0,2026-05-06 15:21:57,活跃同学,0,0,normal
c_ext_00001553,p_ext_001148,u_ext_00402,,,我也想参加,0,2,2026-05-28 08:03:57,校园达人,0,0,normal
c_ext_00001554,p_ext_000149,u_ext_00329,,,在哪个校区交易,10,3,2026-04-05 10:57:57,校园达人,0,0,normal
c_ext_00001555,p_ext_000545,dDJ1WHNZQ25vMzJGdHI3UGlZck5aNFhRZUl1Sm5LcUpnb3hucVl5eno3QzRqcDZ3bE4yN3BwVGN2cStOWnNXcWlwT01wWVY1cGFxQmVXSjI=,,,我也想参加,21,3,2026-05-23 08:31:57,初中生,0,0,normal
c_ext_00001556,p_ext_001329,u_ext_00487,,,可以自提吗,3,3,2026-03-25 11:05:57,活跃同学,0,0,normal
c_ext_00001557,p_ext_000296,u_ext_00186,,,这个窗口确实不错,17,0,2026-02-14 22:24:57,普通用户,0,0,normal
c_ext_00001558,p_ext_001890,u_ext_00435,,,可以自提吗,26,3,2026-04-04 12:50:57,资深坛友,0,0,normal
c_ext_00001559,p_ext_000774,u_ext_00140,,,在哪个校区交易,15,2,2026-04-15 11:22:57,校园达人,0,0,normal
c_ext_00001560,p_ext_001291,u_ext_00380,,,可以自提吗,28,3,2026-03-29 05:49:57,校园达人,0,0,normal
c_ext_00001561,p_ext_000824,u_ext_00113,,,这个窗口确实不错,25,1,2026-02-04 04:53:57,活跃同学,0,0,normal
c_ext_00001562,p_ext_001086,u_ext_00430,,,时间合适的话可以,14,1,2026-02-28 04:46:57,校园达人,0,0,normal
c_ext_00001563,p_ext_000395,dG8yWGtaYlFyNCtHMExLUmxYcldhWlRRZUg2Wm0zaWxpSDJEc0kybXg4NjdwbjJPbGRDU3FJZW11czZYZWNaNmY3aUlmb3VmZUlLTGlXSjI=,,,这个窗口确实不错,17,0,2026-02-25 22:40:57,初中生,0,0,normal
c_ext_00001564,p_ext_000784,u_ext_00108,,,时间合适的话可以,13,3,2026-03-29 16:16:57,活跃同学,0,0,normal
c_ext_00001565,p_ext_001980,u_ext_00393,,,多少钱,3,0,2026-04-30 15:01:57,校园达人,0,0,normal
c_ext_00001566,p_ext_000873,u_ext_00167,,,这个窗口确实不错,1,0,2026-04-13 10:28:57,普通用户,0,0,normal
c_ext_00001567,p_ext_000779,u_ext_00147,,,还在吗,17,1,2026-04-11 23:50:57,校园达人,0,0,normal
c_ext_00001568,p_ext_001282,u_ext_00106,,,在哪个校区交易,8,2,2026-03-23 02:14:57,活跃同学,0,0,normal
c_ext_00001569,p_ext_000384,cjMrZWFZV1dxNHAva3REYmhhK25hSU8yaDYrS2RLcUxqbnFpcEpxQnJhNjJpNmV3aExtemlJcVR1cVNZamJTZWxybW1qWnVhYjRtRmlXSjI=,,,还在吗,12,2,2026-05-25 10:19:57,高中生,0,0,normal
c_ext_00001570,p_ext_000832,u_ext_00494,,,可以自提吗,25,0,2026-03-26 16:00:57,活跃同学,0,0,normal
c_ext_00001571,p_ext_001674,u_ext_00302,,,蹲一个搭子,19,1,2026-06-01 15:55:57,活跃同学,0,0,normal
c_ext_00001572,p_ext_000328,u_ext_00262,,,可以自提吗,19,2,2026-03-26 03:22:57,普通用户,0,0,normal
c_ext_00001573,p_ext_000736,u_ext_00222,,,蹲一个搭子,30,1,2026-02-19 04:24:57,活跃同学,0,0,normal
c_ext_00001574,p_ext_000324,u_ext_00399,,,可以自提吗,11,3,2026-02-03 19:36:57,普通用户,0,0,normal
c_ext_00001575,p_ext_001457,u_ext_00143,,,还在吗,28,1,2026-03-30 11:15:57,活跃同学,0,0,normal
c_ext_00001576,p_ext_000313,u_ext_00470,,,在哪个校区交易,20,0,2026-04-21 06:28:57,活跃同学,0,0,normal
c_ext_00001577,p_ext_000241,u_ext_00216,,,在哪个校区交易,9,1,2026-04-17 10:56:57,普通用户,0,0,normal
c_ext_00001578,p_ext_000721,u_ext_00315,,,这个窗口确实不错,3,0,2026-04-15 13:47:57,普通用户,0,0,normal
c_ext_00001579,p_ext_001155,u_ext_00436,,,这个窗口确实不错,10,1,2026-03-24 20:48:57,活跃同学,0,0,normal
c_ext_00001580,p_ext_001087,u_ext_00397,,,这个窗口确实不错,29,2,2026-02-28 22:33:57,普通用户,0,0,normal
c_ext_00001581,p_ext_000512,u_ext_00338,,,可以自提吗,28,2,2026-03-31 10:02:57,资深坛友,0,0,normal
c_ext_00001582,p_ext_000294,u_ext_00124,,,简历要怎么投,10,3,2026-02-08 00:52:57,普通用户,0,0,normal
c_ext_00001583,p_ext_000184,u_ext_00337,,,在哪个校区交易,25,3,2026-02-12 15:26:57,资深坛友,0,0,normal
c_ext_00001584,p_ext_001836,dTVDWHJKZk51MzkvcHFhbWlhTzhoSmFvbG95YWlJeVJsb3BqcUlHenBKbXdqcDZ3aWREWXFJZVMwTmFCWnM1bmhxZHFhWnlHZ0lLRmlXSjI=,,,还在吗,16,2,2026-05-10 23:31:57,高中生,0,0,normal
c_ext_00001585,p_ext_001906,cm95WGhwZTZ1NFNLbE1pNGdaK25aNHJRZUt5YWRvQ2toWXBqczVlQW5KYTBwSW1TZ0x2RVozKzN6TFNDakp0bmxybUFoSmgxa0c2TGlXSjI=,,,还在吗,19,1,2026-04-20 19:45:57,高中生,0,0,normal
c_ext_00001586,p_ext_000715,u_ext_00115,,,这个窗口确实不错,2,3,2026-05-07 10:59:57,活跃同学,0,0,normal
c_ext_00001587,p_ext_000689,u_ext_00335,,,多少钱,26,2,2026-02-10 20:15:57,校园达人,0,0,normal
c_ext_00001588,p_ext_001298,u_ext_00191,,,求资料,4,2,2026-05-22 20:46:57,普通用户,0,0,normal
c_ext_00001589,p_ext_000580,u_ext_00269,,,蹲一个搭子,21,2,2026-05-15 13:30:57,普通用户,0,0,normal
c_ext_00001590,p_ext_000187,u_ext_00409,,,多少钱,10,0,2026-03-03 09:12:57,普通用户,0,0,normal
c_ext_00001591,p_ext_001675,u_ext_00104,,,可以内推吗,7,3,2026-05-21 13:49:57,普通用户,0,0,normal
c_ext_00001592,p_ext_000272,u_ext_00105,,,在哪个校区交易,19,1,2026-05-19 03:00:57,普通用户,0,0,normal
c_ext_00001593,p_ext_000715,u_ext_00418,,,多少钱,8,2,2026-05-20 21:18:57,普通用户,0,0,normal
c_ext_00001594,p_ext_001272,dzR1bXNvZW5zNjJTcU5TbW1IeW9qSVM2ZUtLSWhvQnRnNHFpajVxbHRhdkRpMngrazVPV2JJYVRxcktYakxoL2xkQ1dpNXgzZzJpWHIySjI=,,,多少钱,28,0,2026-02-04 01:49:57,博士生,0,0,normal
c_ext_00001595,p_ext_001708,u_ext_00229,,,可以自提吗,27,0,2026-03-12 18:57:57,校园达人,0,0,normal
c_ext_00001596,p_ext_001866,u_ext_00180,,,多少钱,20,2,2026-02-20 16:17:57,普通用户,0,0,normal
c_ext_00001597,p_ext_001784,u_ext_00227,,,在哪个校区交易,10,0,2026-04-08 02:34:57,活跃同学,0,0,normal
c_ext_00001598,p_ext_001305,u_ext_00250,,,在哪个校区交易,17,2,2026-03-20 08:03:57,活跃同学,0,0,normal
c_ext_00001599,p_ext_001829,u_ext_00124,,,这个窗口确实不错,27,3,2026-06-03 10:32:57,普通用户,0,0,normal
c_ext_00001600,p_ext_000387,u_ext_00468,,,还在吗,18,1,2026-03-25 04:07:57,校园达人,0,0,normal
c_ext_00001601,p_ext_001318,u_ext_00283,,,蹲一个搭子,4,3,2026-03-29 10:56:57,普通用户,0,0,normal
c_ext_00001602,p_ext_001811,u_ext_00127,,,还在吗,18,0,2026-02-15 10:06:57,校园达人,0,0,normal
c_ext_00001603,p_ext_001886,u_ext_00444,,,这个窗口确实不错,20,1,2026-02-07 15:53:57,校园达人,0,0,normal
c_ext_00001604,p_ext_001760,u_ext_00174,,,期末重点有吗,28,1,2026-04-20 15:19:57,校园达人,0,0,normal
c_ext_00001605,p_ext_000381,u_ext_00129,,,在哪个校区交易,0,3,2026-04-28 06:48:57,校园达人,0,0,normal
c_ext_00001606,p_ext_001748,u_ext_00344,,,求资料,0,1,2026-04-13 14:17:57,活跃同学,0,0,normal
c_ext_00001607,p_ext_001015,u_ext_00415,,,可以内推吗,21,2,2026-02-25 15:18:57,活跃同学,0,0,normal
c_ext_00001608,p_ext_001268,u_ext_00402,,,感谢分享,10,1,2026-04-20 11:25:57,校园达人,0,0,normal
c_ext_00001609,p_ext_000226,u_ext_00144,,,多少钱,13,1,2026-02-16 20:58:57,校园达人,0,0,normal
c_ext_00001610,p_ext_000202,u_ext_00241,,,可以自提吗,1,3,2026-04-25 23:21:57,资深坛友,0,0,normal
c_ext_00001611,p_ext_001219,u_ext_00424,,,可以自提吗,11,2,2026-02-20 05:33:57,活跃同学,0,0,normal
c_ext_00001612,p_ext_001895,u_ext_00300,,,活动还有名额吗,4,3,2026-03-03 03:01:57,校园达人,0,0,normal
c_ext_00001613,p_ext_000849,c0h4NWlJelF0bXAvdHNlVmYyZkdqSlMzZ0lHWXE2S25pWHFXckpwcDE3ZTJpMnlLbGN5YWpJdmJuY0tCbzgxa2dMZWloWTZJcHBHSGlXSjI=,,,在哪个校区交易,25,0,2026-05-25 15:21:57,高中生,0,0,normal
c_ext_00001614,p_ext_001162,u_ext_00253,,,在哪个校区交易,11,0,2026-05-22 22:49:57,校园达人,0,0,normal
c_ext_00001615,p_ext_000130,u_ext_00131,,,期末重点有吗,17,3,2026-05-25 23:33:57,普通用户,0,0,normal
c_ext_00001616,p_ext_000998,u_ext_00319,,,时间合适的话可以,3,0,2026-05-31 21:11:57,资深坛友,0,0,normal
c_ext_00001617,p_ext_000715,u_ext_00421,,,这个窗口确实不错,10,2,2026-04-24 23:12:57,普通用户,0,0,normal
c_ext_00001618,p_ext_001922,c28ybnJJelEwSzZHbExhNWxZM09xSlBOYTRPTmlKQ0lsYUNtallSL3FkbXZrSmVwZzlDM2hYL1BzcytCaTZOcGZ0eUFwWnFmbld1WHIySjI=,,,在哪个校区交易,21,1,2026-02-27 11:07:57,本科生,0,0,normal
c_ext_00001619,p_ext_001800,u_ext_00261,,,这个窗口确实不错,2,0,2026-04-28 08:49:57,校园达人,0,0,normal
c_ext_00001620,2101513711,u_ext_00428,,,多少钱,6,0,2026-05-26 14:36:57,活跃同学,0,0,normal
c_ext_00001621,p_ext_000436,u_ext_00367,,,多少钱,14,2,2026-03-12 08:11:57,活跃同学,0,0,normal
c_ext_00001622,p_ext_000595,u_ext_00443,,,感谢分享,27,3,2026-02-14 05:17:57,普通用户,0,0,normal
c_ext_00001623,p_ext_000388,dFkybnBuL2RzNm1XdDY2eGpJdk9nb2FTZUlpY25wMnZoNjVyckkyUHJiaTRmSnVqbHF2RWFvQzNyckdIaXJPc2dzMTRoSVdIZDY2SmlXSjI=,,,还在吗,6,2,2026-03-05 01:51:57,初中生,0,0,normal
c_ext_00001624,p_ext_000618,u_ext_00346,,,在哪个校区交易,1,1,2026-03-21 17:16:57,校园达人,0,0,normal
c_ext_00001625,2101617209,u_ext_00104,,,可以自提吗,19,0,2026-03-22 11:28:57,普通用户,0,0,normal
c_ext_00001626,p_ext_001969,dEthZmJaT29zMmlHcXNpWGpZdWpxNVROWTdDUmVLMnVtS0dXa0l5bXFicTFwbmx0aGJpdmpwUzRxWlNFWmJ5RGk4Mk1ocGgybW5xSGlXSjI=,,,在哪个校区交易,6,3,2026-04-10 18:45:57,高中生,0,0,normal
c_ext_00001627,p_ext_001374,czMxb2s1V3ExWWFIemN5bWhLR29wWWVTaktDSllXdDdpcUJqYnBta3RaYXVqMzE4bFphcmZuMlR6OW1XcjdDQWs3cUltWWlJWnJDWHIySjI=,,,可以自提吗,22,3,2026-03-18 14:17:57,本科生,0,0,normal
c_ext_00001628,2101513711,u_ext_00261,,,这个窗口确实不错,24,3,2026-04-10 22:46:57,校园达人,0,0,normal
c_ext_00001629,p_ext_001746,u_ext_00237,,,还在吗,30,0,2026-02-24 15:42:57,资深坛友,0,0,normal
c_ext_00001630,p_ext_001486,u_ext_00197,,,多少钱,11,2,2026-04-01 11:44:57,普通用户,0,0,normal
c_ext_00001631,p_ext_000744,u_ext_00201,,,活动还有名额吗,30,0,2026-04-18 01:48:57,校园达人,0,0,normal
c_ext_00001632,p_ext_000454,u_ext_00197,,,简历要怎么投,23,3,2026-03-02 11:49:57,普通用户,0,0,normal
c_ext_00001633,p_ext_000278,u_ext_00110,,,蹲一个复习整理,11,1,2026-04-20 14:57:57,校园达人,0,0,normal
c_ext_00001634,2101566295,u_ext_00142,,,可以自提吗,13,2,2026-04-28 15:43:57,资深坛友,0,0,normal
c_ext_00001635,p_ext_000371,u_ext_00220,,,还在吗,16,0,2026-03-29 03:37:57,校园达人,0,0,normal
c_ext_00001636,p_ext_000546,u_ext_00416,,,这个窗口确实不错,1,3,2026-04-01 07:48:57,普通用户,0,0,normal
c_ext_00001637,p_ext_001637,u_ext_00221,,,我也想参加,20,0,2026-05-26 09:25:57,资深坛友,0,0,normal
c_ext_00001638,p_ext_000652,u_ext_00293,,,还在吗,22,1,2026-05-11 09:19:57,资深坛友,0,0,normal
c_ext_00001639,2101544463,dDZOa2ZJeTRyMzZIbExhV2hJbkdvbnlWbm8rRWlZdHJoNitla1pwcXhwcXpqV1NrbHF1anI0QzZxZHFOZk5xQWY4K0FqNGFIcHBtWXIySjI=,,,多少钱,29,3,2026-05-09 23:44:57,本科生,0,0,normal
c_ext_00001640,p_ext_000663,u_ext_00497,,,这个窗口确实不错,14,1,2026-02-08 23:38:57,普通用户,0,0,normal
c_ext_00001641,p_ext_001291,u_ext_00436,,,在哪个校区交易,22,1,2026-03-24 18:26:57,活跃同学,0,0,normal
c_ext_00001642,p_ext_001845,u_ext_00222,,,这个窗口确实不错,6,2,2026-03-18 11:11:57,活跃同学,0,0,normal
c_ext_00001643,p_ext_001714,u_ext_00164,,,多少钱,27,2,2026-04-08 19:16:57,资深坛友,0,0,normal
c_ext_00001644,p_ext_000159,u_ext_00224,,,可以自提吗,0,0,2026-04-08 23:02:57,普通用户,0,0,normal
c_ext_00001645,p_ext_001869,dHBCMW81U254WDZEemEyVmhhRGFkbjdPZ0lDUllwbHBsNHFtb1l0OXJiVERzb0J0ZjVhM2lwYTYwOU9WZkp0NWxLaUFqWkYwYjRlSWlXSjI=,,,这个窗口确实不错,21,2,2026-03-11 11:58:57,硕士生,0,0,normal
c_ext_00001646,p_ext_000970,u_ext_00269,,,可以自提吗,17,1,2026-04-24 20:15:57,普通用户,0,0,normal
c_ext_00001647,p_ext_000302,u_ext_00456,,,可以自提吗,0,2,2026-05-16 16:42:57,资深坛友,0,0,normal
c_ext_00001648,p_ext_001486,u_ext_00262,,,多少钱,3,2,2026-03-07 15:11:57,普通用户,0,0,normal
c_ext_00001649,p_ext_000392,u_ext_00255,,,多少钱,25,0,2026-05-31 04:06:57,资深坛友,0,0,normal
c_ext_00001650,p_ext_000801,u_ext_00255,,,多少钱,4,2,2026-04-21 22:17:57,资深坛友,0,0,normal
c_ext_00001651,p_ext_000614,dFpDSWJaTzVwMzE4M016U2g0MmpaWlNUZTIyRlk0ZHRqWXVFb1krbnFONjRmSit5aTlDVnJvdVMzSmVVaTZldWk2aU1wbzE0a0lDQmVXSjI=,,,蹲一个搭子,13,1,2026-05-19 13:18:57,讲师,0,0,normal
c_ext_00001652,p_ext_000277,d24rcmJvQzN4R2w4bEpuSmlaK3NncE9TaElHQ1k1cHVpWDJoc1lPUHJiTzdmWnVIakxuTmwzN05uYzJZZkxoOGhaS01yWTJyaktxRGVXSjI=,,,活动还有名额吗,27,1,2026-05-17 05:54:57,本科生,0,0,normal
c_ext_00001653,p_ext_000113,u_ext_00406,,,在哪个校区交易,19,0,2026-04-01 21:50:57,校园达人,0,0,normal
c_ext_00001654,p_ext_001420,u_ext_00498,,,这个窗口确实不错,8,1,2026-05-20 00:09:57,校园达人,0,0,normal
c_ext_00001655,p_ext_000424,u_ext_00445,,,还在吗,17,1,2026-05-23 22:08:57,活跃同学,0,0,normal
c_ext_00001656,p_ext_000780,u_ext_00348,,,活动还有名额吗,19,2,2026-02-16 17:15:57,普通用户,0,0,normal
c_ext_00001657,p_ext_000329,u_ext_00159,,,可以自提吗,24,1,2026-02-25 18:04:57,普通用户,0,0,normal
c_ext_00001658,p_ext_001900,u_ext_00376,,,我也想参加,30,0,2026-05-15 11:05:57,活跃同学,0,0,normal
c_ext_00001659,p_ext_000830,u_ext_00152,,,这个窗口确实不错,10,3,2026-02-23 20:56:57,活跃同学,0,0,normal
c_ext_00001660,p_ext_000217,dDQ1MWk1ZTN4YkIvazY2MmxYcXdvSU8zZktHWWhxWm9tR2RqYVptUnZhN0NwWTJLaDZlM1pwWE9wcFNNWnJSK2twSnJlcGxpa0krTGlXSjI=,,,可以自提吗,1,1,2026-04-20 16:03:57,本科生,0,0,normal
c_ext_00001661,p_ext_000680,u_ext_00140,,,需要什么技术栈,16,2,2026-03-29 10:38:57,校园达人,0,0,normal
c_ext_00001662,p_ext_000773,u_ext_00263,,,多少钱,16,3,2026-03-10 21:32:57,普通用户,0,0,normal
c_ext_00001663,p_ext_000310,c3BDRWE1YmRzNmFXdDVqWmlxUE9nWWpQZUg2RmVKNktsNHQ4azRlUXg5YXpmYUtyaEttcmZaT1NxcGVFcjdSOGc3YWFnSTJjYjJtWHIySjI=,,,这个窗口确实不错,0,1,2026-04-05 13:35:57,本科生,0,0,normal
c_ext_00001664,p_ext_001865,u_ext_00311,,,可以自提吗,24,1,2026-04-26 21:22:57,普通用户,0,0,normal
c_ext_00001665,p_ext_000750,c21xQXM0dk5wNnVIdVptNWhXYThmMytuZ0tPRW4zaWtpSXByajVkK3FOKzBzbjJ4aGM2V25vV25uYytOamJTQ2Y3bXFoWkY0WjMrSWlXSjI=,,,求资料,18,3,2026-05-26 17:36:57,初中生,0,0,normal
c_ext_00001666,p_ext_001837,u_ext_00257,,,还在吗,12,2,2026-05-06 22:17:57,活跃同学,0,0,normal
c_ext_00001667,p_ext_000688,eFkrRms1UE56YkNDdGRlV2lXaXNuSlBRbFd5YWhZUi9tWTJJZTVxbnNhaTZhcCtBakpXYXBKVzJ2dENIak5acGdyZW1hbzEzZkgyRmlXSjI=,,,我也想参加,5,2,2026-03-13 12:10:57,高中生,0,0,normal
c_ext_00001668,p_ext_000466,eEk5OXBvZk9tbjk4bE5UVGhYcktwSC9RZEsrRVlwcDlsbWg0Z29xenVKakRmMnh0bEx1eWE0V3BsYzJYZTdobGZwT01pWXVKZ0xLS2lXSjI=,,,还在吗,29,0,2026-05-26 05:03:57,本科生,0,0,normal
c_ext_00001669,p_ext_000869,u_ext_00427,,,蹲一个复习整理,18,2,2026-02-10 17:27:57,校园达人,0,0,normal
c_ext_00001670,p_ext_000510,u_ext_00481,,,这个窗口确实不错,24,2,2026-03-02 15:39:57,活跃同学,0,0,normal
c_ext_00001671,p_ext_001710,u_ext_00439,,,活动还有名额吗,2,3,2026-05-25 23:30:57,资深坛友,0,0,normal
c_ext_00001672,p_ext_001212,u_ext_00489,,,多少钱,22,2,2026-03-03 13:20:57,普通用户,0,0,normal
c_ext_00001673,p_ext_001385,u_ext_00463,,,蹲一个搭子,22,0,2026-05-04 15:44:57,资深坛友,0,0,normal
c_ext_00001674,p_ext_000271,dDQxa2k1T3JvNnlHcWEzWW1JcXZyWWFTaElDTWhacUxqWjkwaDVDenFhaTBmMmV2aUpTamdZU1Z2dG1VWlp1VmY3aUVhWnRqYjZxQ2VXSjI=,,,这个窗口确实不错,3,3,2026-02-08 00:38:57,本科生,0,0,normal
c_ext_00001675,p_ext_000921,u_ext_00447,,,在哪个校区交易,4,2,2026-03-28 20:37:57,活跃同学,0,0,normal
c_ext_00001676,p_ext_001475,dTVDWHJKZk51MzkvcHFhbWlhTzhoSmFvbG95YWlJeVJsb3BqcUlHenBKbXdqcDZ3aWREWXFJZVMwTmFCWnM1bmhxZHFhWnlHZ0lLRmlXSjI=,,,这个窗口确实不错,9,2,2026-04-26 15:52:57,高中生,0,0,normal
c_ext_00001677,p_ext_000165,u_ext_00311,,,还在吗,25,2,2026-03-31 23:33:57,普通用户,0,0,normal
c_ext_00001678,p_ext_001910,u_ext_00491,,,我也想参加,27,3,2026-03-30 00:56:57,活跃同学,0,0,normal
c_ext_00001679,p_ext_000586,eGFXcXNYK1Z0Nk4vdWN5cmxXaXJyb0tWaEhxWm41cURobnVpc1lxbXg1eXphR2lTak4zTmE0ZVQxTktWZTgydGhaUmpyWTUwYjRXV3IySjI=,,,需要什么技术栈,17,2,2026-02-20 16:57:57,硕士生,0,0,normal
c_ext_00001680,p_ext_001842,u_ext_00241,,,蹲一个搭子,25,1,2026-02-16 19:35:57,资深坛友,0,0,normal
c_ext_00001681,p_ext_001466,eFgyamdvR28xR2lTdWRqTmg2KzhuNFROcG9HYm5KQ0ppcCthZTVDUDB0MnZqNk9JaHMyamVvak12cWFYaXBPbWY4MmVrSW1lYjRPSWlXSjI=,,,可以内推吗,20,3,2026-05-31 19:21:57,初中生,0,0,normal
c_ext_00001682,p_ext_001242,c3BDRWE1YmRzNmFXdDVqWmlxUE9nWWpQZUg2RmVKNktsNHQ4azRlUXg5YXpmYUtyaEttcmZaT1NxcGVFcjdSOGc3YWFnSTJjYjJtWHIySjI=,,,多少钱,30,0,2026-03-03 21:30:57,本科生,0,0,normal
c_ext_00001683,p_ext_001449,u_ext_00366,,,在哪个校区交易,19,3,2026-03-26 09:51:57,普通用户,0,0,normal
c_ext_00001684,p_ext_000665,c21pZm9ZeXFsbytVemRDemxXZmFxNUtWaEs2TW5hYW1oWitWYklxUXo4ZXZhb0duaHFyRmhZcVVxWlNWZk5acWxxaWVyNWgybnJDV3IySjI=,,,时间合适的话可以,6,3,2026-02-15 08:46:57,小学生,0,0,normal
c_ext_00001685,p_ext_001708,u_ext_00341,,,可以自提吗,18,1,2026-03-01 11:17:57,资深坛友,0,0,normal
c_ext_00001686,p_ext_001365,cjJpcWJJblFyNE9UdHJLdWlHYTRqcFBPZEcyY25JQ3BpWHFlYnBlUXJiK3Zhb1dLaEpiUnJwV21wdHFGZTlLR2hhbDRxSnRrZUtHQ2VXSjI=,,,时间合适的话可以,20,1,2026-03-27 00:22:57,副教授,0,0,normal
c_ext_00001687,p_ext_000423,u_ext_00106,,,在哪个校区交易,3,0,2026-03-15 05:16:57,活跃同学,0,0,normal
c_ext_00001688,p_ext_001961,u_ext_00411,,,在哪个校区交易,9,3,2026-04-14 16:07:57,普通用户,0,0,normal
c_ext_00001689,p_ext_001786,czMxb2s1V3ExWWFIemN5bWhLR29wWWVTaktDSllXdDdpcUJqYnBta3RaYXVqMzE4bFphcmZuMlR6OW1XcjdDQWs3cUltWWlJWnJDWHIySjI=,,,可以自提吗,28,0,2026-05-14 13:13:57,本科生,0,0,normal
c_ext_00001690,p_ext_001230,u_ext_00266,,,还在吗,3,2,2026-02-20 11:02:57,资深坛友,0,0,normal
c_ext_00001691,p_ext_001341,u_ext_00117,,,还在吗,14,1,2026-02-14 05:14:57,校园达人,0,0,normal
c_ext_00001692,p_ext_000508,u_ext_00271,,,还在吗,24,1,2026-03-18 07:16:57,普通用户,0,0,normal
c_ext_00001693,p_ext_000234,u_ext_00244,,,这个窗口确实不错,9,2,2026-05-26 01:50:57,校园达人,0,0,normal
c_ext_00001694,p_ext_001502,u_ext_00443,,,在哪个校区交易,27,0,2026-03-23 10:04:57,普通用户,0,0,normal
c_ext_00001695,p_ext_001115,u_ext_00137,,,我也想参加,2,1,2026-05-04 19:10:57,资深坛友,0,0,normal
c_ext_00001696,p_ext_001138,u_ext_00299,,,这个窗口确实不错,9,3,2026-04-30 03:11:57,校园达人,0,0,normal
c_ext_00001697,p_ext_000972,u_ext_00297,,,在哪个校区交易,15,1,2026-03-27 14:09:57,校园达人,0,0,normal
c_ext_00001698,p_ext_001146,u_ext_00333,,,求资料,8,0,2026-02-03 04:44:57,活跃同学,0,0,normal
c_ext_00001699,p_ext_001276,dFg2QmZJdVZxMzJIMExLemduM1NucE9VbG91Q1laQ1JpM3Q0cW9xT21LbTdnS04vaU16VWE1Yk50cWVOWjhhS2xzK3FiSXljbW4yTnIySjI=,,,还在吗,4,3,2026-04-20 01:16:57,初中生,0,0,normal
c_ext_00001700,p_ext_000309,u_ext_00441,,,在哪个校区交易,22,2,2026-06-02 19:17:57,普通用户,0,0,normal
c_ext_00001701,2101523410,u_ext_00318,,,还在吗,8,0,2026-05-26 11:09:57,资深坛友,0,0,normal
c_ext_00001702,p_ext_000366,u_ext_00351,,,还在吗,9,3,2026-04-07 09:46:57,活跃同学,0,0,normal
c_ext_00001703,p_ext_000220,dFg2QmZJdVZxMzJIMExLemduM1NucE9VbG91Q1laQ1JpM3Q0cW9xT21LbTdnS04vaU16VWE1Yk50cWVOWjhhS2xzK3FiSXljbW4yTnIySjI=,,,时间合适的话可以,17,1,2026-03-10 01:14:57,初中生,0,0,normal
c_ext_00001704,p_ext_001252,cm11YmY0YlIwWHlHdHJLeG1IbXNoSWZQaUt5SWg1Q0hnV2lMc1lOK3JkVEZhcVp0aU0rN2pZU3F1dG1VWnNhZmxhaC9hNHhrZzdDV3IySjI=,,,多少钱,9,1,2026-05-05 17:32:57,初中生,0,0,normal
c_ext_00001705,p_ext_001105,dDM5c2U1T29yNmlEdXFtU2xxTzNhSlc0YzJ1RWRwQ3NqbnByb1lPUHk2dTNhbVNxaHF1cXJvWFFxckdLb3NxbWxycUliWXhqaktLT3IySjI=,,,这个窗口确实不错,0,2,2026-04-24 14:55:57,高中生,0,0,normal
c_ext_00001706,p_ext_001598,u_ext_00125,,,还在吗,3,3,2026-02-07 02:09:57,活跃同学,0,0,normal
c_ext_00001707,p_ext_001808,u_ext_00194,,,多少钱,1,2,2026-04-21 00:33:57,资深坛友,0,0,normal
c_ext_00001708,p_ext_000555,u_ext_00475,,,可以自提吗,29,3,2026-05-19 05:41:57,活跃同学,0,0,normal
c_ext_00001709,p_ext_000454,u_ext_00151,,,这个岗位适合大三吗,0,3,2026-05-10 20:23:57,活跃同学,0,0,normal
c_ext_00001710,p_ext_000593,u_ext_00221,,,还在吗,4,0,2026-03-29 05:05:57,资深坛友,0,0,normal
c_ext_00001711,p_ext_001422,czQrRmdaV3IwWW1FcHNpa2xwK2tycFduZUt1WVpKcUFqb2w4ajQyT25LeTRqWmVUZnBQVWFuK1NzdEdHbjg1K2k4MkVzSm1GaUhxRmlXSjI=,,,在哪个校区交易,27,3,2026-04-14 20:31:57,初中生,0,0,normal
c_ext_00001712,p_ext_000489,u_ext_00350,,,在哪个校区交易,1,1,2026-02-14 23:39:57,校园达人,0,0,normal
c_ext_00001713,p_ext_001872,u_ext_00469,,,在哪个校区交易,5,3,2026-05-11 07:46:57,校园达人,0,0,normal
c_ext_00001714,p_ext_000901,czMxbnNaU251NUNBcHI2cGlHVzhkNGE2ZktXRlk2S0poMmlpZ28rbTA5dkZvMzJ5Z0xpN2VwV295TnVIWnNxTmhaUjhwSnFGaklTRGVXSjI=,,,还在吗,28,2,2026-02-16 20:10:57,高中生,0,0,normal
c_ext_00001715,p_ext_001445,u_ext_00112,,,还在吗,23,2,2026-05-29 01:25:57,资深坛友,0,0,normal
c_ext_00001716,p_ext_001812,u_ext_00166,,,求资料,28,1,2026-05-16 20:03:57,活跃同学,0,0,normal
c_ext_00001717,p_ext_001623,dGFKNGFZQ1QxWWFIMExiUWwyYTRoMzY0bW9lUmVLMXBsNkdMYVkyaTE5T3dmWmVFaGFpV3JwUE4zTGlJcjhxTWk2cWlzcG1Jakh1WHIySjI=,,,还在吗,13,2,2026-03-19 12:26:57,硕士生,0,0,normal
c_ext_00001718,p_ext_001731,dDZPbm8zMlZrb1NEbEsyVWdhQ3doWmE0aElPUW02SjdqYStBc3BlbnZadTFqcU9LZ0tpWnNJUzRzdGFNamRLQWtwV2FtWkZpZklhQ2VXSjI=,,,多少钱,0,2,2026-02-24 21:13:57,本科生,0,0,normal
c_ext_00001719,p_ext_000705,u_ext_00304,,,多少钱,28,0,2026-05-31 13:18:57,资深坛友,0,0,normal
c_ext_00001720,p_ext_000870,u_ext_00438,,,蹲一个搭子,9,0,2026-02-17 04:52:57,校园达人,0,0,normal
c_ext_00001721,p_ext_001790,u_ext_00303,,,这个窗口确实不错,1,3,2026-05-24 04:03:57,资深坛友,0,0,normal
c_ext_00001722,p_ext_000621,u_ext_00376,,,可以内推吗,20,3,2026-04-07 11:55:57,活跃同学,0,0,normal
c_ext_00001723,p_ext_001968,u_ext_00251,,,在哪个校区交易,0,1,2026-02-26 16:00:57,活跃同学,0,0,normal
c_ext_00001724,p_ext_000750,u_ext_00353,,,期末重点有吗,15,3,2026-03-03 23:16:57,资深坛友,0,0,normal
c_ext_00001725,p_ext_000783,u_ext_00496,,,可以自提吗,26,2,2026-02-22 01:25:57,校园达人,0,0,normal
c_ext_00001726,p_ext_000571,u_ext_00189,,,多少钱,25,3,2026-05-31 09:19:57,校园达人,0,0,normal
c_ext_00001727,p_ext_000479,dUtSNWI0UzNxbWFTcU5DN2w2SzBwNUxQcW9lWW5LMnhpWXBtYkltQnRhckNhcU9qaTg2N2ZwSzUzTmVZaXE5bGdwSjRhWkdkcHF1S2lXSjI=,,,多少钱,26,0,2026-04-03 00:05:57,高中生,0,0,normal
c_ext_00001728,p_ext_000890,czMxbnNaU251NUNBcHI2cGlHVzhkNGE2ZktXRlk2S0poMmlpZ28rbTA5dkZvMzJ5Z0xpN2VwV295TnVIWnNxTmhaUjhwSnFGaklTRGVXSjI=,,,简历要怎么投,21,0,2026-05-18 16:26:57,高中生,0,0,normal
c_ext_00001729,p_ext_000576,cjMrZWFZV1dxNHAva3REYmhhK25hSU8yaDYrS2RLcUxqbnFpcEpxQnJhNjJpNmV3aExtemlJcVR1cVNZamJTZWxybW1qWnVhYjRtRmlXSjI=,,,多少钱,4,2,2026-04-29 05:26:57,高中生,0,0,normal
c_ext_00001730,p_ext_000799,u_ext_00257,,,还在吗,20,3,2026-05-01 09:23:57,活跃同学,0,0,normal
c_ext_00001731,p_ext_001966,dXFLSmlwYW5zNnlVa3FxM2xtVzRycGE0ZDIyT2VZeG9sMmlBb1psOG05N0RrSWh1Z2Flam9aV1UwTmlVcjZPdGk2aWhzSnQ1Z0hxRmlXSjI=,,,多少钱,7,1,2026-04-24 16:33:57,小学生,0,0,normal
c_ext_00001732,p_ext_001422,u_ext_00400,,,可以自提吗,16,0,2026-03-07 01:48:57,校园达人,0,0,normal
c_ext_00001733,p_ext_001847,cjJtanNZVzdzNHVBcUxYWWlvckthWWpNaDZxTlpKNkdobWlWcTRtUno1bkNzcCt1aWJmTmUzNlYwOXFVcnRhZWxLaDhqcHAzZUsrWHIySjI=,,,在哪个校区交易,13,1,2026-03-29 22:24:57,初中生,0,0,normal
c_ext_00001734,p_ext_001399,u_ext_00232,,,求资料,10,1,2026-03-15 07:24:57,普通用户,0,0,normal
c_ext_00001735,p_ext_000351,u_ext_00219,,,这个窗口确实不错,13,3,2026-04-05 22:40:57,普通用户,0,0,normal
c_ext_00001736,p_ext_000222,u_ext_00111,,,还在吗,2,2,2026-05-22 18:47:57,校园达人,0,0,normal
c_ext_00001737,2101540770,u_ext_00307,,,这个窗口确实不错,6,3,2026-05-03 22:32:57,资深坛友,0,0,normal
c_ext_00001738,p_ext_001989,eEpDYnE0UFB5WjZMemN6SmxxSzBkNVBNbWJHS2g0Ujhqbmltc0lTenlwaTNzb1ZyZ05HanFvT3FwZHQvWnJ5RWt0eDRwSXFlb3FDR2lXSjI=,,,可以自提吗,12,3,2026-03-31 13:05:57,硕士生,0,0,normal
c_ext_00001739,p_ext_001162,u_ext_00197,,,可以自提吗,7,3,2026-03-07 14:28:57,普通用户,0,0,normal
c_ext_00001740,p_ext_001300,u_ext_00360,,,还在吗,28,1,2026-02-13 02:48:57,资深坛友,0,0,normal
c_ext_00001741,p_ext_000476,u_ext_00303,,,多少钱,11,1,2026-02-22 01:15:57,资深坛友,0,0,normal
c_ext_00001742,p_ext_001360,u_ext_00346,,,在哪个校区交易,17,0,2026-05-07 10:47:57,校园达人,0,0,normal
c_ext_00001743,p_ext_000245,u_ext_00269,,,感谢分享,6,3,2026-02-25 22:14:57,普通用户,0,0,normal
c_ext_00001744,p_ext_001847,u_ext_00245,,,这个窗口确实不错,14,0,2026-02-17 16:40:57,资深坛友,0,0,normal
c_ext_00001745,p_ext_001730,cjZGc2lJdTZwNCtGcWFxMWhwL0daWCtUaEtPYm5tYXZncTkwcDRGc3JKdkRvb2h0bEpXV29vVFFydGlKbjZpTmhKT2llcHRqbm51QmVXSjI=,,,多少钱,27,3,2026-02-03 02:43:57,讲师,0,0,normal
c_ext_00001746,p_ext_001773,u_ext_00362,,,多少钱,9,2,2026-02-21 10:21:57,普通用户,0,0,normal
c_ext_00001747,p_ext_001163,u_ext_00199,,,简历要怎么投,17,2,2026-02-21 10:46:57,活跃同学,0,0,normal
c_ext_00001748,p_ext_001637,u_ext_00427,,,我也想参加,13,2,2026-02-04 06:01:57,校园达人,0,0,normal
c_ext_00001749,p_ext_000273,u_ext_00126,,,蹲一个搭子,18,1,2026-03-27 10:42:57,校园达人,0,0,normal
c_ext_00001750,p_ext_001129,u_ext_00316,,,可以自提吗,5,2,2026-03-04 18:11:57,校园达人,0,0,normal
c_ext_00001751,p_ext_001363,u_ext_00430,,,在哪个校区交易,1,1,2026-02-20 07:11:57,校园达人,0,0,normal
c_ext_00001752,p_ext_000492,eEg2ZmtJYVd0Nm1WdHFxN2dYdTBkNE9VZ0tTT2VZZHRnWWltaUppT3ZOM0VqNFdOaGMzRm5vYXExTXFDZmNaOWhxWjRycENHWjIyRGVXSjI=,,,在哪个校区交易,16,1,2026-05-14 21:05:57,本科生,0,0,normal
c_ext_00001753,p_ext_000363,u_ext_00408,,,可以自提吗,29,1,2026-02-04 12:22:57,校园达人,0,0,normal
c_ext_00001754,p_ext_001160,u_ext_00257,,,这个窗口确实不错,29,2,2026-03-02 15:44:57,活跃同学,0,0,normal
c_ext_00001755,p_ext_001708,u_ext_00463,,,还在吗,16,2,2026-05-01 21:15:57,资深坛友,0,0,normal
c_ext_00001756,p_ext_000122,dTJtZmdwZTIxYStUcUxYVGxHV1RvNGUzZUtLWmQ0ZHRpR2lJcVpsL3g3UERvb2l3bGRHcnE0UzRwcm1BZXErdWxaT0lzWVNFYjJpSmlXSjI=,,,多少钱,19,0,2026-04-27 06:51:57,硕士生,0,0,normal
c_ext_00001757,p_ext_001660,u_ext_00211,,,蹲一个复习整理,30,2,2026-02-20 08:09:57,校园达人,0,0,normal
c_ext_00001758,p_ext_001632,u_ext_00272,,,还在吗,12,3,2026-03-25 01:21:57,普通用户,0,0,normal
c_ext_00001759,p_ext_001302,eEg5cnM1V1Z0NHlJcHFiU2phTFNybitVaUtxRm40K3hobWVlc1lTUnNkYkRvMlNobEpUSmE1Yk4wSmVXYU1hTGhjMXJybzE1b3FtT3IySjI=,,,时间合适的话可以,22,1,2026-03-02 04:17:57,高中生,0,0,normal
c_ext_00001760,p_ext_001806,u_ext_00491,,,这个窗口确实不错,1,2,2026-05-03 18:37:57,活跃同学,0,0,normal
c_ext_00001761,p_ext_001992,u_ext_00291,,,多少钱,2,2,2026-04-03 17:18:57,活跃同学,0,0,normal
c_ext_00001762,p_ext_001474,u_ext_00293,,,可以自提吗,1,2,2026-05-27 22:34:57,资深坛友,0,0,normal
c_ext_00001763,p_ext_001790,c28ybnJJelEwSzZHbExhNWxZM09xSlBOYTRPTmlKQ0lsYUNtallSL3FkbXZrSmVwZzlDM2hYL1BzcytCaTZOcGZ0eUFwWnFmbld1WHIySjI=,,,多少钱,13,2,2026-02-12 15:16:57,本科生,0,0,normal
c_ext_00001764,p_ext_001534,u_ext_00423,,,活动还有名额吗,23,3,2026-03-11 06:24:57,活跃同学,0,0,normal
c_ext_00001765,p_ext_001043,u_ext_00111,,,多少钱,4,2,2026-05-23 04:25:57,校园达人,0,0,normal
c_ext_00001766,p_ext_000964,u_ext_00265,,,期末重点有吗,28,2,2026-05-11 13:24:57,校园达人,0,0,normal
c_ext_00001767,p_ext_001648,u_ext_00207,,,可以自提吗,21,2,2026-02-24 11:40:57,普通用户,0,0,normal
c_ext_00001768,p_ext_001580,cm9DQWJZYlF1MmFTdU15MWxtZXNhSkxPaUdpTG5vQ2tmNjkwYVl0cXo3MjNmNGx1bDdxdmZvWE9wczJFYU1wb2ZKU1dnSW1KZUpLVnIySjI=,,,在哪个校区交易,10,1,2026-05-18 07:43:57,硕士生,0,0,normal
c_ext_00001769,p_ext_000498,c28ybnJJelEwSzZHbExhNWxZM09xSlBOYTRPTmlKQ0lsYUNtallSL3FkbXZrSmVwZzlDM2hYL1BzcytCaTZOcGZ0eUFwWnFmbld1WHIySjI=,,,可以自提吗,19,3,2026-04-07 09:41:57,本科生,0,0,normal
c_ext_00001770,p_ext_000421,dzZTYXE1YW9sbzZXdUwyV2dLQzBabnpjbW4rRllaNnVqcUNNaFlKc3pwbTRmNnR2ZzdxM2lJdTJwcXlZb2FSL2ZzMW5mbzZKcG1tRGVXSjI=,,,多少钱,5,1,2026-03-31 02:54:57,硕士生,1,0,normal
c_ext_00001771,p_ext_000191,u_ext_00264,,,在哪个校区交易,13,0,2026-04-04 11:09:57,活跃同学,0,0,normal
c_ext_00001772,p_ext_001853,u_ext_00305,,,这个窗口确实不错,26,1,2026-05-16 04:47:57,活跃同学,0,0,normal
c_ext_00001773,p_ext_000199,u_ext_00355,,,活动还有名额吗,16,0,2026-04-28 08:40:57,资深坛友,0,0,normal
c_ext_00001774,p_ext_000186,u_ext_00286,,,还在吗,22,0,2026-04-10 09:21:57,资深坛友,0,0,normal
c_ext_00001775,p_ext_000845,u_ext_00233,,,我也想参加,3,2,2026-02-16 02:04:57,资深坛友,0,0,normal
c_ext_00001776,p_ext_001853,u_ext_00221,,,多少钱,9,2,2026-03-01 23:30:57,资深坛友,0,0,normal
c_ext_00001777,p_ext_000916,u_ext_00126,,,还在吗,11,2,2026-03-10 14:15:57,校园达人,0,0,normal
c_ext_00001778,p_ext_001892,cm95WGhwZTZ1NFNLbE1pNGdaK25aNHJRZUt5YWRvQ2toWXBqczVlQW5KYTBwSW1TZ0x2RVozKzN6TFNDakp0bmxybUFoSmgxa0c2TGlXSjI=,,,感谢分享,6,1,2026-02-19 12:46:57,高中生,0,0,normal
c_ext_00001779,p_ext_001794,eEg2ZmtJYVd0Nm1WdHFxN2dYdTBkNE9VZ0tTT2VZZHRnWWltaUppT3ZOM0VqNFdOaGMzRm5vYXExTXFDZmNaOWhxWjRycENHWjIyRGVXSjI=,,,多少钱,21,0,2026-04-11 06:14:57,本科生,0,0,normal
c_ext_00001780,p_ext_001613,u_ext_00372,,,多少钱,27,2,2026-05-20 13:25:57,资深坛友,0,0,normal
c_ext_00001781,p_ext_001532,u_ext_00344,,,这个窗口确实不错,7,1,2026-04-16 15:01:57,活跃同学,0,0,normal
c_ext_00001782,p_ext_001964,u_ext_00310,,,可以内推吗,30,1,2026-05-13 00:58:57,普通用户,0,0,normal
c_ext_00001783,p_ext_001264,cm1pYmlZU3BycTJDemFtV2xHZk9wSXVWZ0txTmQ0T3FpNHlpaUppa3k2dTBmNTlzaTVhdmpaTzEyTk9LbzdTbWt0eDhvcGwzakgrWXIySjI=,,,还在吗,5,1,2026-06-01 16:26:57,本科生,0,0,normal
c_ext_00001784,p_ext_001089,u_ext_00432,,,在哪个校区交易,3,3,2026-03-30 07:28:57,资深坛友,0,0,normal
c_ext_00001785,p_ext_000933,u_ext_00331,,,在哪个校区交易,20,0,2026-03-16 18:16:57,普通用户,0,0,normal
c_ext_00001786,p_ext_001436,dGFKNGFZQ1QxWWFIMExiUWwyYTRoMzY0bW9lUmVLMXBsNkdMYVkyaTE5T3dmWmVFaGFpV3JwUE4zTGlJcjhxTWk2cWlzcG1Jakh1WHIySjI=,,,在哪个校区交易,13,3,2026-03-09 17:16:57,硕士生,0,0,normal
c_ext_00001787,p_ext_001718,u_ext_00125,,,这个窗口确实不错,25,0,2026-04-03 07:54:57,活跃同学,0,0,normal
c_ext_00001788,p_ext_000936,cjdLWGpuK1V5R2VTcWNpdWwzcXduWWVTcG95T2hwNXJpWXQ0Zkl5Tng3aTJmbzF1aExpYWJJUzUxNWFXWjgxcGxiZUloSnVGZjJ1SmlXSjI=,,,这个窗口确实不错,15,0,2026-05-22 08:52:57,初中生,0,0,normal
c_ext_00001789,p_ext_000587,u_ext_00271,,,这个窗口确实不错,19,0,2026-05-03 19:41:57,普通用户,0,0,normal
c_ext_00001790,p_ext_001367,u_ext_00332,,,多少钱,27,1,2026-04-22 13:37:57,活跃同学,0,0,normal
c_ext_00001791,p_ext_001316,u_ext_00269,,,期末重点有吗,28,3,2026-05-16 04:43:57,普通用户,0,0,normal
c_ext_00001792,p_ext_001098,u_ext_00291,,,还在吗,16,0,2026-04-25 11:23:57,活跃同学,0,0,normal
c_ext_00001793,p_ext_000495,eGFXcXNYK1Z0Nk4vdWN5cmxXaXJyb0tWaEhxWm41cURobnVpc1lxbXg1eXphR2lTak4zTmE0ZVQxTktWZTgydGhaUmpyWTUwYjRXV3IySjI=,,,这个窗口确实不错,13,1,2026-03-30 06:53:57,硕士生,0,0,normal
c_ext_00001794,p_ext_000249,u_ext_00129,,,可以自提吗,8,3,2026-05-15 02:35:57,校园达人,0,0,normal
c_ext_00001795,p_ext_001220,u_ext_00332,,,我也想参加,21,0,2026-05-15 14:43:57,活跃同学,0,0,normal
c_ext_00001796,p_ext_001331,u_ext_00367,,,蹲一个搭子,21,3,2026-02-03 19:28:57,活跃同学,0,0,normal
c_ext_00001797,p_ext_000666,u_ext_00147,,,可以自提吗,20,1,2026-05-31 09:49:57,校园达人,0,0,normal
c_ext_00001798,p_ext_000238,u_ext_00286,,,简历要怎么投,1,0,2026-03-22 21:44:57,资深坛友,0,0,normal
c_ext_00001799,p_ext_000232,u_ext_00335,,,需要什么技术栈,11,2,2026-06-02 04:11:57,校园达人,0,0,normal
c_ext_00001800,p_ext_000174,u_ext_00371,,,这个窗口确实不错,9,1,2026-04-09 06:10:57,资深坛友,0,0,normal
c_ext_00001801,2101508313,c0h4NWlJelF0bXAvdHNlVmYyZkdqSlMzZ0lHWXE2S25pWHFXcklWKzI3akZmSmVBbHFtN3FaU25zcGFXbjZTTGhxbVphNFZob3FtSGlXSjI=,,,还在吗,1,0,2026-05-26 16:21:57,高中生,0,0,normal
c_ext_00001802,p_ext_000445,u_ext_00500,,,可以内推吗,4,2,2026-05-03 03:16:57,活跃同学,0,0,normal
c_ext_00001803,p_ext_001028,eEk5OXBvZk9tbjk4bE5UVGhYcktwSC9RZEsrRVlwcDlsbWg0Z29xenVKakRmMnh0bEx1eWE0V3BsYzJYZTdobGZwT01pWXVKZ0xLS2lXSjI=,,,在哪个校区交易,16,2,2026-03-07 13:17:57,本科生,0,0,normal
c_ext_00001804,p_ext_000326,u_ext_00162,,,这个窗口确实不错,8,1,2026-03-30 20:37:57,资深坛友,0,0,normal
c_ext_00001805,p_ext_001933,u_ext_00195,,,还在吗,24,1,2026-03-01 13:58:57,普通用户,0,0,normal
c_ext_00001806,p_ext_000187,c21xQXM0dk5wNnVIdVptNWhXYThmMytuZ0tPRW4zaWtpSXByajVkK3FOKzBzbjJ4aGM2V25vV25uYytOamJTQ2Y3bXFoWkY0WjMrSWlXSjI=,,,在哪个校区交易,7,1,2026-04-19 23:10:57,初中生,0,0,normal
c_ext_00001807,p_ext_000589,eFkxNWo0ZTdxNHVMazZxdGw0dTRkMzY2ZktxT2hZU3NsMmVWYklXTnJkMnZmNStEZjVUTmVZT1RzcWFZaXF5Vms3bWxhNXRocldpTGlXSjI=,,,可以自提吗,17,2,2026-04-29 03:43:57,高中生,0,0,normal
c_ext_00001808,p_ext_001040,u_ext_00165,,,还在吗,20,1,2026-02-17 15:24:57,活跃同学,0,0,normal
c_ext_00001809,p_ext_000964,u_ext_00455,,,蹲一个复习整理,19,0,2026-05-13 04:48:57,活跃同学,0,0,normal
c_ext_00001810,p_ext_001061,u_ext_00480,,,还在吗,28,3,2026-03-22 06:43:57,校园达人,0,0,normal
c_ext_00001811,2101524050,u_ext_00288,,,可以自提吗,29,3,2026-03-12 16:39:57,活跃同学,0,0,normal
c_ext_00001812,p_ext_001075,u_ext_00382,,,蹲一个搭子,22,1,2026-05-22 04:30:57,活跃同学,0,0,normal
c_ext_00001813,p_ext_001090,u_ext_00460,,,活动还有名额吗,17,2,2026-03-10 23:01:57,校园达人,0,0,normal
c_ext_00001814,p_ext_001041,u_ext_00396,,,时间合适的话可以,3,2,2026-05-13 12:29:57,普通用户,0,0,normal
c_ext_00001815,p_ext_001400,u_ext_00383,,,这个窗口确实不错,3,2,2026-05-06 20:51:57,普通用户,0,0,normal
c_ext_00001816,p_ext_000759,u_ext_00448,,,需要什么技术栈,25,0,2026-03-26 00:49:57,普通用户,0,0,normal
c_ext_00001817,p_ext_000182,dFd0MWZJbXFxNnVFcDZuWGdhQ3ZxNU9uZUlxUnE0eCtobjJFZ1p1bnZhNnlhSG1xbDZpV25vZTJ6NUtJWjZlc2tyZUFib2hobm4rSWlXSjI=,,,蹲一个搭子,24,0,2026-05-04 07:13:57,高中生,0,0,normal
c_ext_00001818,p_ext_000212,u_ext_00454,,,多少钱,7,1,2026-02-03 03:16:57,普通用户,0,0,normal
c_ext_00001819,p_ext_000264,u_ext_00324,,,时间合适的话可以,13,2,2026-04-21 06:03:57,校园达人,0,0,normal
c_ext_00001820,p_ext_001443,u_ext_00209,,,这个岗位适合大三吗,13,3,2026-02-07 18:56:57,资深坛友,0,0,normal
c_ext_00001821,p_ext_001397,u_ext_00328,,,在哪个校区交易,25,1,2026-03-29 13:35:57,校园达人,0,0,normal
c_ext_00001822,p_ext_001553,u_ext_00288,,,蹲一个搭子,0,1,2026-02-22 08:56:57,活跃同学,0,0,normal
c_ext_00001823,p_ext_001385,u_ext_00403,,,时间合适的话可以,12,2,2026-03-27 19:01:57,资深坛友,0,0,normal
c_ext_00001824,p_ext_000774,dXFXbnJaU3FrcStTMjUzT2dhTFdvSWJOYTZDRVlZeVJnb3VJcllTQTA5ZXpmMmV5aTg2V3JJYlBxcEdCZkx5b2h0eWFiSmlibVd5RGVXSjI=,,,在哪个校区交易,5,2,2026-02-06 17:47:57,高中生,0,0,normal
c_ext_00001825,p_ext_000662,u_ext_00293,,,可以自提吗,29,0,2026-04-02 00:49:57,资深坛友,0,0,normal
c_ext_00001826,p_ext_000519,u_ext_00200,,,在哪个校区交易,6,0,2026-03-26 23:28:57,校园达人,0,0,normal
c_ext_00001827,p_ext_001462,u_ext_00224,,,活动还有名额吗,28,3,2026-03-18 03:32:57,普通用户,0,0,normal
c_ext_00001828,p_ext_001731,u_ext_00222,,,还在吗,15,2,2026-04-02 04:35:57,活跃同学,0,0,normal
c_ext_00001829,p_ext_000159,u_ext_00498,,,可以自提吗,8,2,2026-02-05 08:38:57,校园达人,0,0,normal
c_ext_00001830,p_ext_001527,u_ext_00150,,,在哪个校区交易,10,1,2026-03-04 22:10:57,普通用户,0,0,normal
c_ext_00001831,p_ext_000453,u_ext_00463,,,还在吗,12,3,2026-04-28 08:13:57,资深坛友,0,0,normal
c_ext_00001832,p_ext_000386,u_ext_00282,,,蹲一个搭子,21,0,2026-05-12 00:26:57,资深坛友,0,0,normal
c_ext_00001833,p_ext_001963,u_ext_00283,,,还在吗,4,3,2026-02-05 17:50:57,普通用户,0,0,normal
c_ext_00001834,p_ext_001107,u_ext_00176,,,求资料,23,2,2026-05-31 05:33:57,资深坛友,0,0,normal
c_ext_00001835,p_ext_000452,u_ext_00269,,,这个窗口确实不错,17,3,2026-04-28 08:20:57,普通用户,0,0,normal
c_ext_00001836,p_ext_000773,u_ext_00192,,,这个窗口确实不错,29,3,2026-04-12 19:55:57,校园达人,0,0,normal
c_ext_00001837,p_ext_000562,u_ext_00161,,,我也想参加,19,1,2026-04-16 18:02:57,资深坛友,0,0,normal
c_ext_00001838,p_ext_000916,cm11YmY0YlIwWHlHdHJLeG1IbXNoSWZQaUt5SWg1Q0hnV2lMc1lOK3JkVEZhcVp0aU0rN2pZU3F1dG1VWnNhZmxhaC9hNHhrZzdDV3IySjI=,,,在哪个校区交易,26,3,2026-02-11 19:03:57,初中生,0,0,normal
c_ext_00001839,p_ext_000576,u_ext_00313,,,还在吗,6,3,2026-03-06 08:41:57,普通用户,0,0,normal
c_ext_00001840,p_ext_001666,u_ext_00255,,,在哪个校区交易,16,3,2026-03-06 23:31:57,资深坛友,0,0,normal
c_ext_00001841,p_ext_001137,u_ext_00217,,,求资料,29,1,2026-02-08 03:46:57,普通用户,0,0,normal
c_ext_00001842,p_ext_001204,u_ext_00163,,,在哪个校区交易,6,2,2026-04-27 21:08:57,校园达人,0,0,normal
c_ext_00001843,p_ext_001797,u_ext_00199,,,可以自提吗,7,1,2026-04-12 07:08:57,活跃同学,0,0,normal
c_ext_00001844,p_ext_001741,u_ext_00406,,,可以自提吗,29,0,2026-04-23 04:26:57,校园达人,0,0,normal
c_ext_00001845,p_ext_000536,u_ext_00311,,,这个窗口确实不错,4,0,2026-03-26 08:44:57,普通用户,0,0,normal
c_ext_00001846,p_ext_001602,u_ext_00300,,,可以自提吗,21,1,2026-05-19 01:48:57,校园达人,0,0,normal
c_ext_00001847,p_ext_000814,dDZOa2ZJeTRyMzZIbExhV2hJbkdvbnlWbm8rRWlZdHJoNitla1pwcXhwcXpqV1NrbHF1anI0QzZxZHFOZk5xQWY4K0FqNGFIcHBtWXIySjI=,,,时间合适的话可以,4,1,2026-05-15 17:11:57,本科生,0,0,normal
c_ext_00001848,p_ext_001544,u_ext_00357,,,蹲一个搭子,24,3,2026-02-14 21:46:57,普通用户,0,0,normal
c_ext_00001849,p_ext_000955,dEk2YnFKVzQyR2lTenE2NmlZM1NmWlRjbXFXTGVKbXZpM3Flc1pkcnZkckZhbm1JaHN5YXNKTzVzdHFOak5hbWhKV2VzcEdGZ0txS2lXSjI=,,,还在吗,20,1,2026-05-07 21:29:57,硕士生,0,0,normal
c_ext_00001850,p_ext_000118,u_ext_00431,,,多少钱,25,0,2026-04-11 22:48:57,普通用户,0,0,normal
c_ext_00001851,p_ext_001882,u_ext_00238,,,可以自提吗,5,0,2026-04-01 13:13:57,普通用户,0,0,normal
c_ext_00001852,p_ext_000794,u_ext_00467,,,多少钱,17,0,2026-02-10 03:03:57,活跃同学,0,0,normal
c_ext_00001853,p_ext_001959,u_ext_00213,,,简历要怎么投,2,1,2026-03-28 22:32:57,资深坛友,0,0,normal
c_ext_00001854,p_ext_000285,u_ext_00344,,,还在吗,1,0,2026-05-24 19:58:57,活跃同学,0,0,normal
c_ext_00001855,p_ext_001819,dXFXbnJaU3FrcStTMjUzT2dhTFdvSWJOYTZDRVlZeVJnb3VJclp1TnZiQzBhR1NoZ05Demg0clExTnFJb2Nab2haS0VmWU5qcW4rT3IySjI=,,,可以自提吗,24,0,2026-04-20 15:33:57,高中生,0,0,normal
c_ext_00001856,p_ext_001807,u_ext_00293,,,还在吗,19,2,2026-03-10 01:39:57,资深坛友,0,0,normal
c_ext_00001857,p_ext_000514,u_ext_00288,,,可以自提吗,2,1,2026-03-15 04:03:57,活跃同学,0,0,normal
c_ext_00001858,p_ext_001371,cjQycmtJeTN0NGQrejh6Q2xuelNlSCszbm1pRWQ2Si9nbjEzcjRGcHNiYkNqYWVCbGMvTmdINlYxTXlCbzdkbWs2WjhyNWxoZkkyWHIySjI=,,,在哪个校区交易,13,1,2026-02-09 10:35:57,高中生,0,0,normal
c_ext_00001859,p_ext_001342,u_ext_00352,,,这个窗口确实不错,12,0,2026-02-24 13:00:57,校园达人,0,0,normal
c_ext_00001860,p_ext_000656,dTRDQnNZTzZ4WXlVdXRETWhLK2tnWWlscGErYVpJaXJncDVxYll5Qng2NjFqcGF5bDdqRmE1S3F2cmlHb2M1a2k4K3FnWngyWjZtTnIySjI=,,,多少钱,11,2,2026-02-22 04:39:57,本科生,0,0,normal
c_ext_00001861,p_ext_001019,u_ext_00418,,,这个窗口确实不错,17,2,2026-06-01 16:16:57,普通用户,0,0,normal
c_ext_00001862,p_ext_000805,u_ext_00125,,,多少钱,17,0,2026-03-16 04:19:57,活跃同学,0,0,normal
c_ext_00001863,p_ext_000386,u_ext_00447,,,时间合适的话可以,24,2,2026-03-23 05:39:57,活跃同学,0,0,normal
c_ext_00001864,p_ext_000384,dTVDWHJKZk51MzkvcHFhbWlhTzhoSmFvbG95YWlJeVJsb3BqcUlHenBKbXdqcDZ3aWREWXFJZVMwTmFCWnM1bmhxZHFhWnlHZ0lLRmlXSjI=,,,这个窗口确实不错,20,1,2026-03-27 10:03:57,高中生,0,0,normal
c_ext_00001865,2101582125,u_ext_00466,,,还在吗,11,1,2026-04-11 09:55:57,校园达人,0,0,normal
c_ext_00001866,p_ext_000306,dFd0MWZJbXFxNnVFcDZuWGdhQ3ZxNU9uZUlxUnE0eCtobjJFZ1p1bnZhNnlhSG1xbDZpV25vZTJ6NUtJWjZlc2tyZUFib2hobm4rSWlXSjI=,,,这个窗口确实不错,12,2,2026-04-19 06:16:57,高中生,0,0,normal
c_ext_00001867,p_ext_000671,u_ext_00309,,,在哪个校区交易,22,1,2026-05-02 20:29:57,活跃同学,0,0,normal
c_ext_00001868,p_ext_001189,u_ext_00213,,,多少钱,8,0,2026-02-20 09:30:57,资深坛友,0,0,normal
c_ext_00001869,p_ext_001394,c21pZm9ZeXFsbytVemRDemxXZmFxNUtWaEs2TW5hYW1oWitWYklxUXo4ZXZhb0duaHFyRmhZcVVxWlNWZk5acWxxaWVyNWgybnJDV3IySjI=,,,这个窗口确实不错,26,1,2026-04-14 13:28:57,小学生,0,0,normal
c_ext_00001870,p_ext_001743,u_ext_00432,,,这个窗口确实不错,8,3,2026-05-21 07:53:57,资深坛友,0,0,normal
c_ext_00001871,p_ext_001394,u_ext_00143,,,多少钱,26,1,2026-05-05 12:25:57,活跃同学,0,0,normal
c_ext_00001872,p_ext_001934,u_ext_00244,,,在哪个校区交易,24,3,2026-05-31 17:10:57,校园达人,0,0,normal
c_ext_00001873,p_ext_001932,u_ext_00221,,,这个窗口确实不错,17,0,2026-03-21 14:03:57,资深坛友,0,0,normal
c_ext_00001874,p_ext_001814,u_ext_00220,,,简历要怎么投,1,2,2026-02-06 04:10:57,校园达人,0,0,normal
c_ext_00001875,p_ext_001007,dEtLYm1vTzYwWjZMdDlTNmdYdk5yWVNvb3FTTGRaMnZoYUdhb29pUnJkbXpqbjJObHJpWmE0VzV1clNZaXNsa2xiZUVhb1dlZktXWXIySjI=,,,多少钱,26,3,2026-05-18 02:28:57,初中生,0,0,normal
c_ext_00001876,p_ext_001958,u_ext_00145,,,多少钱,9,0,2026-02-27 08:22:57,活跃同学,0,0,normal
c_ext_00001877,p_ext_001866,dzVCMXI0WFB5WTJGbExYWGpZcTRub3FUb29LRllhNnRtWXVFaDRlUnk3ckZqNDJCaTlHM3JJdXB1dGFHZTZScGZxZUFhSm1Gbm02R2lXSjI=,,,还在吗,18,2,2026-05-09 02:38:57,博士生,0,0,normal
c_ext_00001878,p_ext_000387,u_ext_00320,,,在哪个校区交易,7,3,2026-05-11 09:05:57,普通用户,0,0,normal
c_ext_00001879,p_ext_000838,czQrTmdYK3FyNFdVcDh6S2xvcXdoNVRNZUdpUmQ1MXFsbWVIc1lPbHZidTFhNStSbHFtbmk0dTFuWldYb05LRmZOeUlpWnA1ZkllVnIySjI=,,,这个岗位适合大三吗,7,2,2026-05-24 07:42:57,本科生,0,0,normal
c_ext_00001880,p_ext_001442,dFkybnBuL2RzNm1XdDY2eGpJdk9nb2FTZUlpY25wMnZoNjVyckkyUHJiaTRmSnVqbHF2RWFvQzNyckdIaXJPc2dzMTRoSVdIZDY2SmlXSjI=,,,我也想参加,6,1,2026-06-02 14:57:57,初中生,0,0,normal
c_ext_00001881,p_ext_000145,u_ext_00140,,,时间合适的话可以,0,0,2026-02-28 17:03:57,校园达人,0,0,normal
c_ext_00001882,p_ext_000727,u_ext_00477,,,还在吗,11,2,2026-04-15 12:29:57,资深坛友,0,0,normal
c_ext_00001883,p_ext_001838,u_ext_00391,,,这个窗口确实不错,19,3,2026-04-10 17:22:57,普通用户,0,0,normal
c_ext_00001884,p_ext_000509,u_ext_00346,,,蹲一个搭子,26,2,2026-04-02 02:12:57,校园达人,0,0,normal
c_ext_00001885,p_ext_000231,u_ext_00256,,,可以自提吗,23,1,2026-02-10 14:38:57,校园达人,0,0,normal
c_ext_00001886,p_ext_000844,u_ext_00206,,,蹲一个复习整理,15,2,2026-03-10 18:01:57,普通用户,0,0,normal
c_ext_00001887,p_ext_000693,u_ext_00109,,,这个窗口确实不错,29,1,2026-03-07 18:29:57,校园达人,0,0,normal
c_ext_00001888,p_ext_000426,u_ext_00182,,,这个窗口确实不错,23,0,2026-03-31 00:08:57,校园达人,0,0,normal
c_ext_00001889,p_ext_000457,u_ext_00412,,,多少钱,11,0,2026-04-14 19:51:57,资深坛友,0,0,normal
c_ext_00001890,p_ext_000555,dzJxanFaZXB4WWVWdWEzVGphRzBvWDNjZElxUW5xNTZtS0dlYklTQXg4ZkVwWDJRaHRDVmEzNnAxSk9JZWJDS2hxbVdyNXFjb29PRGVXSjI=,,,还在吗,22,1,2026-02-20 22:46:57,初中生,0,0,normal
c_ext_00001891,p_ext_000684,u_ext_00124,,,还在吗,13,0,2026-02-10 13:25:57,普通用户,0,0,normal
c_ext_00001892,p_ext_001784,u_ext_00286,,,这个窗口确实不错,18,0,2026-02-11 04:11:57,资深坛友,0,0,normal
c_ext_00001893,p_ext_001960,dXFWamFaUzQwV2VEdUxHU2w2T3paMytWb3BDYmlHdURoNHlkcTRtUHg2eXlwSUdMaEtxbnFZZTNyWlNHaXB1dGhLaWlnNE5rbm9HQmVXSjI=,,,期末重点有吗,13,3,2026-05-18 22:43:57,硕士生,0,0,normal
c_ext_00001894,2091185831,u_ext_00164,,,蹲一个搭子,17,3,2026-04-12 15:39:57,资深坛友,0,0,normal
c_ext_00001895,p_ext_001856,u_ext_00454,,,可以自提吗,3,0,2026-05-15 16:47:57,普通用户,0,0,normal
c_ext_00001896,p_ext_000417,u_ext_00490,,,这个窗口确实不错,4,1,2026-02-22 05:18:57,活跃同学,0,0,normal
c_ext_00001897,p_ext_001971,dzQ5OWFZU1Rsb0NBdU5DMGlxR3dpSVMzYXJHR2VZZHBsNHVoYllWK3RjNnprSDJ4aWMzSWE1S21ycmlHaTd1bWZKS0FqNFoyb29lSWlXSjI=,,,我也想参加,0,3,2026-03-05 10:33:57,小学生,0,0,normal
c_ext_00001898,p_ext_001496,u_ext_00200,,,需要什么技术栈,4,2,2026-02-24 01:42:57,校园达人,0,0,normal
c_ext_00001899,p_ext_001130,d24ramduK1VzcTkvdHI2VGdYbTRubjYzaUk2TllxS2ttWXQ4b28xK3ViU3prSXlyZzd1bmk1T24wTFNXZTlKM2Y1U1dpSXFHaEk2TGlXSjI=,,,这个窗口确实不错,15,3,2026-03-16 02:57:57,小学生,0,0,normal
c_ext_00001900,p_ext_000904,dG4yZnBJaXJzcTUrcXE2b2wyZXNhSlc2aDIyTWlhR3dpcDkzYllPTnh0eTFwV051ZjdxU3BIN2N0ckdCZWJoNmhyZDhwWkNkZklXV3IySjI=,,,还在吗,5,3,2026-03-28 15:14:57,高中生,0,0,normal
c_ext_00001901,p_ext_000975,u_ext_00186,,,蹲一个搭子,22,1,2026-05-03 20:14:57,普通用户,0,0,normal
c_ext_00001902,p_ext_001756,ckdsMWFvdlJyMzErdWJhdWlXYXNab0s2b29TUm5YaXRqYUJyc0lSOXRadkNhNXVRZnQzTlpvQ25zdEtOWjdDcmhiVnJrb1ZraUhxQmVXSjI=,,,可以自提吗,15,0,2026-03-07 21:55:57,本科生,0,0,normal
c_ext_00001903,p_ext_000620,u_ext_00199,,,在哪个校区交易,2,1,2026-03-27 21:47:57,活跃同学,0,0,normal
c_ext_00001904,2101606621,u_ext_00188,,,在哪个校区交易,19,1,2026-05-28 14:45:57,资深坛友,0,0,normal
c_ext_00001905,p_ext_001147,u_ext_00269,,,在哪个校区交易,5,1,2026-04-12 12:11:57,普通用户,0,0,normal
c_ext_00001906,p_ext_001398,u_ext_00274,,,这个窗口确实不错,3,1,2026-05-03 05:27:57,活跃同学,0,0,normal
c_ext_00001907,p_ext_001162,u_ext_00162,,,还在吗,17,2,2026-05-13 03:00:57,资深坛友,0,0,normal
c_ext_00001908,p_ext_000265,u_ext_00170,,,多少钱,8,0,2026-05-30 20:18:57,普通用户,0,0,normal
c_ext_00001909,p_ext_000734,u_ext_00223,,,在哪个校区交易,30,2,2026-04-21 11:07:57,普通用户,0,0,normal
c_ext_00001910,p_ext_001816,u_ext_00340,,,这个窗口确实不错,9,3,2026-03-27 07:38:57,校园达人,0,0,normal
c_ext_00001911,p_ext_001913,u_ext_00475,,,在哪个校区交易,7,2,2026-04-11 09:46:57,活跃同学,0,0,normal
c_ext_00001912,p_ext_001687,u_ext_00431,,,多少钱,5,0,2026-04-08 06:03:57,普通用户,0,0,normal
c_ext_00001913,p_ext_001325,u_ext_00162,,,感谢分享,29,2,2026-05-31 12:45:57,资深坛友,0,0,normal
c_ext_00001914,2101601867,u_ext_00240,,,还在吗,29,1,2026-05-04 08:06:57,活跃同学,0,0,normal
c_ext_00001915,p_ext_001138,u_ext_00288,,,这个窗口确实不错,18,0,2026-04-18 13:03:57,活跃同学,0,0,normal
c_ext_00001916,p_ext_001242,u_ext_00410,,,还在吗,8,3,2026-04-01 16:38:57,活跃同学,0,0,normal
c_ext_00001917,p_ext_000859,czMxbnNaU251NUNBcHI2cGlHVzhkNGE2ZktXRlk2S0poMmlpZ28rbTA5dkZvMzJ5Z0xpN2VwV295TnVIWnNxTmhaUjhwSnFGaklTRGVXSjI=,,,还在吗,30,0,2026-04-27 15:55:57,高中生,0,0,normal
c_ext_00001918,2101582125,u_ext_00274,,,还在吗,16,0,2026-04-27 15:56:57,活跃同学,0,0,normal
c_ext_00001919,p_ext_000209,u_ext_00140,,,还在吗,20,1,2026-03-25 14:50:57,校园达人,0,0,normal
c_ext_00001920,p_ext_001341,u_ext_00150,,,还在吗,19,2,2026-05-13 19:20:57,普通用户,0,0,normal
c_ext_00001921,p_ext_000157,u_ext_00214,,,还在吗,12,0,2026-06-03 03:24:57,普通用户,0,0,normal
c_ext_00001922,p_ext_000655,u_ext_00126,,,还在吗,18,3,2026-05-15 05:21:57,校园达人,0,0,normal
c_ext_00001923,2101524050,u_ext_00306,,,多少钱,24,0,2026-05-08 12:14:57,活跃同学,0,0,normal
c_ext_00001924,p_ext_001490,u_ext_00349,,,感谢分享,19,1,2026-03-16 18:14:57,资深坛友,0,0,normal
c_ext_00001925,p_ext_000489,u_ext_00398,,,这个窗口确实不错,12,2,2026-05-30 09:39:57,活跃同学,0,0,normal
c_ext_00001926,p_ext_000882,u_ext_00478,,,可以自提吗,15,0,2026-05-13 13:54:57,校园达人,0,0,normal
c_ext_00001927,p_ext_001672,u_ext_00273,,,还在吗,1,3,2026-04-11 23:40:57,校园达人,0,0,normal
c_ext_00001928,p_ext_001894,dHBCMW81U254WDZEemEyVmhhRGFkbjdPZ0lDUllwbHBsNHFtb1l0OXJiVERzb0J0ZjVhM2lwYTYwOU9WZkp0NWxLaUFqWkYwYjRlSWlXSjI=,,,在哪个校区交易,16,0,2026-02-15 09:58:57,硕士生,0,0,normal
c_ext_00001929,p_ext_001839,u_ext_00367,,,可以自提吗,10,1,2026-05-02 10:14:57,活跃同学,0,0,normal
c_ext_00001930,p_ext_000992,u_ext_00475,,,在哪个校区交易,24,1,2026-05-10 01:36:57,活跃同学,0,0,normal
c_ext_00001931,p_ext_001611,u_ext_00465,,,简历要怎么投,7,0,2026-05-24 01:08:57,资深坛友,0,0,normal
c_ext_00001932,p_ext_000749,dzQrWGhaYTV6V3FGdDlUTGdudW9yb1dUbld5TmhvQnFqbWlJcTQrbXk5SERwcHVobFpYVmdZYXBsYWlHZkp0K2hhcUVlcHVjWnFxRGVXSjI=,,,在哪个校区交易,26,3,2026-03-24 06:41:57,高中生,0,0,normal
c_ext_00001933,2101519891,u_ext_00139,,,可以自提吗,12,1,2026-02-17 02:05:57,活跃同学,0,0,normal
c_ext_00001934,2101559269,u_ext_00255,,,多少钱,15,3,2026-02-19 23:03:57,资深坛友,0,0,normal
c_ext_00001935,p_ext_000224,u_ext_00358,,,这个窗口确实不错,26,3,2026-05-25 06:21:57,活跃同学,0,0,normal
c_ext_00001936,p_ext_001607,u_ext_00238,,,在哪个校区交易,14,3,2026-02-27 10:33:57,普通用户,0,0,normal
c_ext_00001937,2101535657,u_ext_00378,,,多少钱,30,3,2026-03-06 18:45:57,校园达人,0,0,normal
c_ext_00001938,2091185831,u_ext_00203,,,蹲一个搭子,22,3,2026-02-10 00:39:57,活跃同学,0,0,normal
c_ext_00001939,p_ext_000955,u_ext_00120,,,在哪个校区交易,27,3,2026-05-02 13:59:57,普通用户,0,0,normal
c_ext_00001940,p_ext_001425,u_ext_00456,,,这个窗口确实不错,4,2,2026-04-02 09:49:57,资深坛友,0,0,normal
c_ext_00001941,p_ext_000727,u_ext_00181,,,这个窗口确实不错,14,2,2026-02-18 13:43:57,校园达人,0,0,normal
c_ext_00001942,p_ext_001534,u_ext_00152,,,我也想参加,20,0,2026-05-23 08:54:57,活跃同学,0,0,normal
c_ext_00001943,p_ext_000228,u_ext_00421,,,活动还有名额吗,16,0,2026-05-08 01:13:57,普通用户,0,0,normal
c_ext_00001944,p_ext_001720,u_ext_00409,,,我也想参加,30,2,2026-04-14 09:41:57,普通用户,0,0,normal
c_ext_00001945,p_ext_001101,u_ext_00369,,,这个窗口确实不错,2,0,2026-05-06 23:25:57,普通用户,0,0,normal
c_ext_00001946,p_ext_001079,u_ext_00447,,,可以自提吗,19,3,2026-02-25 14:01:57,活跃同学,0,0,normal
c_ext_00001947,p_ext_000119,u_ext_00168,,,多少钱,4,0,2026-03-02 18:24:57,活跃同学,0,0,normal
c_ext_00001948,p_ext_001866,u_ext_00146,,,可以自提吗,28,0,2026-03-29 20:06:57,校园达人,0,0,normal
c_ext_00001949,p_ext_000813,cnFSOW81YVRsckNXdXFiTGhHak5ySWpPbm9tR2lJTnJqb3Q3cjRTUHNOeTRwSFd4ZjdpdnJwUFB0cTJOWjdSbmlzK2VwSkY0b211V3IySjI=,,,在哪个校区交易,15,3,2026-02-10 11:46:57,高中生,0,0,normal
c_ext_00001950,p_ext_001719,u_ext_00185,,,期末重点有吗,9,2,2026-06-02 15:47:57,校园达人,0,0,normal
c_ext_00001951,p_ext_001682,u_ext_00429,,,在哪个校区交易,21,3,2026-02-05 02:07:57,普通用户,0,0,normal
c_ext_00001952,p_ext_000695,eEpDYnE0UFB5WjZMemN6SmxxSzBkNVBNbWJHS2g0Ujhqbmltc0lTenlwaTNzb1ZyZ05HanFvT3FwZHQvWnJ5RWt0eDRwSXFlb3FDR2lXSjI=,,,求资料,26,1,2026-05-10 21:22:57,硕士生,0,0,normal
c_ext_00001953,p_ext_000529,d24ramduK1VzcTkvdHI2VGdYbTRubjYzaUk2TllxS2ttWXQ4b28xK3ViU3prSXlyZzd1bmk1T24wTFNXZTlKM2Y1U1dpSXFHaEk2TGlXSjI=,,,多少钱,1,2,2026-03-13 13:45:57,小学生,0,0,normal
c_ext_00001954,p_ext_000397,u_ext_00193,,,多少钱,5,3,2026-05-06 03:03:57,资深坛友,0,0,normal
c_ext_00001955,p_ext_001779,u_ext_00467,,,这个窗口确实不错,21,2,2026-03-05 12:03:57,活跃同学,0,0,normal
c_ext_00001956,p_ext_000159,dzZXQmdJTzZsckNGdDVXcWZtaWtxSk81aUt1RmlZK3dpcUdhanBxbHZiKzBwWDE5bHFqSXJJS1VxdEdZbjdoN2c5dHJzbzJjaEltS2lXSjI=,,,多少钱,29,2,2026-05-02 17:44:57,本科生,0,0,normal
c_ext_00001957,p_ext_000310,u_ext_00259,,,这个窗口确实不错,26,2,2026-02-02 19:20:57,活跃同学,0,0,normal
c_ext_00001958,p_ext_001251,u_ext_00222,,,活动还有名额吗,28,0,2026-02-05 20:01:57,活跃同学,0,0,normal
c_ext_00001959,p_ext_001747,u_ext_00474,,,期末重点有吗,22,0,2026-03-12 23:03:57,普通用户,0,0,normal
c_ext_00001960,p_ext_001265,c28rQmlJdlF4SzZIemE3YmdZM05aWk9UZEtTYVlZU0NoWXVpb3BxTnlwZkZwSUN6bGFlM1pvYTN6OXFLZk5xT2hMYUlvNG1HZklLSmlXSjI=,,,还在吗,13,2,2026-05-15 14:24:57,硕士生,0,0,normal
c_ext_00001961,p_ext_000104,u_ext_00420,,,期末重点有吗,0,1,2026-02-17 20:22:57,普通用户,0,0,normal
c_ext_00001962,p_ext_000631,dzJxanFaZXB4WWVWdWEzVGphRzBvWDNjZElxUW5xNTZtS0dlYklTQXg4ZkVwWDJRaHRDVmEzNnAxSk9JZWJDS2hxbVdyNXFjb29PRGVXSjI=,,,感谢分享,3,1,2026-04-19 21:05:57,初中生,0,0,normal
c_ext_00001963,p_ext_000345,u_ext_00242,,,活动还有名额吗,11,2,2026-05-16 22:59:57,资深坛友,0,0,normal
c_ext_00001964,p_ext_001899,u_ext_00137,,,蹲一个搭子,22,2,2026-03-12 18:49:57,资深坛友,0,0,normal
c_ext_00001965,p_ext_000158,u_ext_00409,,,多少钱,5,2,2026-03-12 05:03:57,普通用户,0,0,normal
c_ext_00001966,p_ext_001537,u_ext_00136,,,这个窗口确实不错,2,0,2026-04-28 19:23:57,校园达人,0,0,normal
c_ext_00001967,p_ext_001012,u_ext_00477,,,这个窗口确实不错,4,1,2026-04-08 22:14:57,资深坛友,0,0,normal
c_ext_00001968,p_ext_001869,u_ext_00257,,,在哪个校区交易,27,1,2026-05-17 05:04:57,活跃同学,0,0,normal
c_ext_00001969,p_ext_001469,u_ext_00360,,,活动还有名额吗,30,3,2026-05-15 13:57:57,资深坛友,0,0,normal
c_ext_00001970,p_ext_000325,u_ext_00483,,,这个窗口确实不错,16,3,2026-03-27 13:39:57,资深坛友,0,0,normal
c_ext_00001971,p_ext_001819,u_ext_00288,,,多少钱,22,0,2026-05-27 09:54:57,活跃同学,0,0,normal
c_ext_00001972,p_ext_000644,u_ext_00393,,,多少钱,24,2,2026-05-02 11:35:57,校园达人,0,0,normal
c_ext_00001973,p_ext_000773,u_ext_00322,,,可以自提吗,12,3,2026-02-21 12:24:57,资深坛友,0,0,normal
c_ext_00001974,p_ext_001809,cjMrZWFZV1dxNHAva3REYmhhK25hSU8yaDYrS2RLcUxqbnFpcEpxQnJhNjJpNmV3aExtemlJcVR1cVNZamJTZWxybW1qWnVhYjRtRmlXSjI=,,,可以自提吗,7,1,2026-05-28 13:21:57,高中生,0,0,normal
c_ext_00001975,p_ext_000831,u_ext_00282,,,多少钱,23,1,2026-04-17 00:07:57,资深坛友,0,0,normal
c_ext_00001976,p_ext_000345,d24rcmJvQzN4R2w4bEpuSmlaK3NncE9TaElHQ1k1cHVpWDJoc1lPUHJiTzdmWnVIakxuTmwzN05uYzJZZkxoOGhaS01yWTJyaktxRGVXSjI=,,,活动还有名额吗,25,3,2026-02-08 18:03:57,本科生,0,0,normal
c_ext_00001977,p_ext_001448,eFkrRms1UE56YkNDdGRlV2lXaXNuSlBRbFd5YWhZUi9tWTJJZTVxbnNhaTZhcCtBakpXYXBKVzJ2dENIak5acGdyZW1hbzEzZkgyRmlXSjI=,,,这个窗口确实不错,2,2,2026-03-15 21:06:57,高中生,0,0,normal
c_ext_00001978,p_ext_001114,u_ext_00119,,,活动还有名额吗,28,1,2026-04-23 03:13:57,普通用户,0,0,normal
c_ext_00001979,p_ext_001019,u_ext_00409,,,多少钱,14,1,2026-02-23 17:31:57,普通用户,0,0,normal
c_ext_00001980,p_ext_000165,u_ext_00472,,,可以自提吗,30,3,2026-05-09 17:58:57,普通用户,0,0,normal
c_ext_00001981,p_ext_000273,u_ext_00348,,,活动还有名额吗,12,3,2026-04-24 06:04:57,普通用户,0,0,normal
c_ext_00001982,p_ext_000515,dG42TnEzL091NHVTMEw3T2w2RzRaNVducHFtRlluOXJnNHg0aTRoOXk5M0RwbldEaEpXNmFKVzV0cldIWjlxS2lNNmVvSVdybXFxQmVXSjI=,,,多少钱,10,1,2026-04-02 06:27:57,本科生,0,0,normal
c_ext_00001983,p_ext_000789,u_ext_00178,,,在哪个校区交易,3,0,2026-05-28 16:11:57,活跃同学,0,0,normal
c_ext_00001984,p_ext_000702,u_ext_00443,,,在哪个校区交易,18,3,2026-04-10 01:36:57,普通用户,0,0,normal
c_ext_00001985,p_ext_001284,u_ext_00247,,,可以内推吗,22,3,2026-05-11 00:43:57,活跃同学,0,0,normal
c_ext_00001986,p_ext_000138,dzQrWGhaYTV6V3FGdDlUTGdudW9yb1dUbld5TmhvQnFqbWlJcTQrbXk5SERwcHVobFpYVmdZYXBsYWlHZkp0K2hhcUVlcHVjWnFxRGVXSjI=,,,可以内推吗,27,1,2026-02-18 23:58:57,高中生,0,0,normal
c_ext_00001987,p_ext_000114,dG4yZnBJaXJzcTUrcXE2b2wyZXNhSlc2aDIyTWlhR3dpcDkzYllPTnh0eTFwV051ZjdxU3BIN2N0ckdCZWJoNmhyZDhwWkNkZklXV3IySjI=,,,可以自提吗,20,1,2026-05-06 02:03:57,高中生,0,0,normal
c_ext_00001988,p_ext_000742,u_ext_00135,,,蹲一个复习整理,29,1,2026-04-04 02:48:57,活跃同学,0,0,normal
c_ext_00001989,p_ext_000101,u_ext_00443,,,这个窗口确实不错,30,2,2026-03-21 01:38:57,普通用户,0,0,normal
c_ext_00001990,p_ext_001949,u_ext_00167,,,还在吗,30,1,2026-03-28 11:38:57,普通用户,0,0,normal
c_ext_00001991,p_ext_000678,u_ext_00449,,,这个窗口确实不错,2,0,2026-04-21 10:10:57,资深坛友,0,0,normal
c_ext_00001992,p_ext_001468,u_ext_00212,,,求资料,13,3,2026-03-05 06:03:57,活跃同学,0,0,normal
c_ext_00001993,p_ext_001978,czMxbnNaU251NUNBcHI2cGlHVzhkNGE2ZktXRlk2S0poMmlpZ28rbTA5dkZvMzJ5Z0xpN2VwV295TnVIWnNxTmhaUjhwSnFGaklTRGVXSjI=,,,感谢分享,21,2,2026-04-15 12:25:57,高中生,0,0,normal
c_ext_00001994,p_ext_000871,u_ext_00132,,,在哪个校区交易,5,2,2026-05-22 12:43:57,校园达人,0,0,normal
c_ext_00001995,p_ext_000316,u_ext_00377,,,多少钱,30,0,2026-05-24 02:26:57,资深坛友,0,0,normal
c_ext_00001996,p_ext_001519,u_ext_00405,,,可以自提吗,18,2,2026-03-05 01:00:57,活跃同学,0,0,normal
c_ext_00001997,p_ext_001363,u_ext_00266,,,这个窗口确实不错,11,3,2026-03-19 11:04:57,资深坛友,0,0,normal
c_ext_00001998,p_ext_001943,u_ext_00293,,,需要什么技术栈,12,3,2026-02-06 21:19:57,资深坛友,0,0,normal
c_ext_00001999,p_ext_000103,u_ext_00127,,,这个窗口确实不错,12,1,2026-05-23 03:16:57,校园达人,0,0,normal
c_ext_00002000,2101608154,u_ext_00346,,,蹲一个搭子,8,0,2026-02-03 14:40:57,校园达人,0,0,normal
c_ext_00002001,p_ext_001896,u_ext_00292,,,多少钱,1,2,2026-05-24 09:04:57,资深坛友,0,0,normal
c_ext_00002002,p_ext_000653,u_ext_00180,,,蹲一个搭子,25,1,2026-02-15 14:00:57,普通用户,0,0,normal
c_ext_00002003,p_ext_000888,u_ext_00376,,,在哪个校区交易,24,2,2026-04-26 03:27:57,活跃同学,0,0,normal
c_ext_00002004,p_ext_000624,u_ext_00406,,,活动还有名额吗,29,1,2026-03-03 03:56:57,校园达人,0,0,normal
c_ext_00002005,p_ext_000929,u_ext_00179,,,还在吗,18,2,2026-03-12 07:30:57,活跃同学,0,0,normal
c_ext_00002006,p_ext_000490,u_ext_00345,,,可以自提吗,11,3,2026-03-02 22:14:57,活跃同学,0,0,normal
c_ext_00002007,p_ext_001072,u_ext_00329,,,活动还有名额吗,14,0,2026-02-04 11:13:57,校园达人,0,0,normal
c_ext_00002008,p_ext_000164,u_ext_00260,,,可以内推吗,12,0,2026-02-17 08:18:57,普通用户,0,0,normal
c_ext_00002009,p_ext_000711,u_ext_00237,,,活动还有名额吗,17,2,2026-03-08 18:49:57,资深坛友,0,0,normal
c_ext_00002010,p_ext_000256,u_ext_00467,,,这个窗口确实不错,5,0,2026-03-13 16:42:57,活跃同学,0,0,normal
c_ext_00002011,p_ext_001138,u_ext_00489,,,在哪个校区交易,24,2,2026-04-18 21:37:57,普通用户,0,0,normal
c_ext_00002012,p_ext_000748,u_ext_00192,,,多少钱,29,2,2026-04-14 01:08:57,校园达人,0,0,normal
c_ext_00002013,p_ext_001902,u_ext_00246,,,可以自提吗,2,3,2026-03-29 14:55:57,活跃同学,0,0,normal
c_ext_00002014,p_ext_001220,u_ext_00318,,,蹲一个搭子,12,3,2026-04-05 11:16:57,资深坛友,0,0,normal
c_ext_00002015,p_ext_001068,dEthZmJaT29zMmlHcXNpWGpZdWpxNVROWTdDUmVLMnVtS0dXa0l5bXFicTFwbmx0aGJpdmpwUzRxWlNFWmJ5RGk4Mk1ocGgybW5xSGlXSjI=,,,还在吗,9,0,2026-04-16 03:56:57,高中生,0,0,normal
c_ext_00002016,p_ext_000495,u_ext_00379,,,可以自提吗,18,2,2026-03-25 21:15:57,活跃同学,0,0,normal
c_ext_00002017,p_ext_001635,u_ext_00135,,,还在吗,28,1,2026-04-25 20:45:57,活跃同学,0,0,normal
c_ext_00002018,p_ext_001270,dDM5c2U1T29yNmlEdXFtU2xxTzNhSlc0YzJ1RWRwQ3NqbnByb1lPUHk2dTNhbVNxaHF1cXJvWFFxckdLb3NxbWxycUliWXhqaktLT3IySjI=,,,时间合适的话可以,2,2,2026-04-01 23:52:57,高中生,0,0,normal
c_ext_00002019,p_ext_001486,u_ext_00211,,,这个窗口确实不错,19,3,2026-03-17 11:59:57,校园达人,0,0,normal
c_ext_00002020,p_ext_000191,u_ext_00249,,,多少钱,23,1,2026-03-07 09:51:57,资深坛友,0,0,normal
c_ext_00002021,p_ext_001073,u_ext_00435,,,多少钱,14,0,2026-03-30 20:53:57,资深坛友,0,0,normal
c_ext_00002022,p_ext_000773,u_ext_00131,,,还在吗,15,0,2026-02-27 07:23:57,普通用户,0,0,normal
c_ext_00002023,p_ext_000949,u_ext_00270,,,我也想参加,16,0,2026-05-21 11:50:57,校园达人,0,0,normal
c_ext_00002024,p_ext_000231,dDN5QmZJbXF1cXlFME5DcGxxT29sWktwWTRpSW5tNnhnR1dMc0ppQXl0eXpqWUdFbHBXdVozNm4xTktJaksrdWZ0Q2FnNXQxb29hSWlXSjI=,,,在哪个校区交易,3,3,2026-02-21 21:30:57,本科生,0,0,normal
c_ext_00002025,2101569317,u_ext_00480,,,还在吗,14,2,2026-03-07 07:07:57,校园达人,0,0,normal
c_ext_00002026,p_ext_001981,u_ext_00164,,,还在吗,6,0,2026-05-15 12:43:57,资深坛友,0,0,normal
c_ext_00002027,2101581383,u_ext_00267,,,还在吗,25,0,2026-05-08 10:56:57,普通用户,0,0,normal
c_ext_00002028,2101567503,u_ext_00169,,,可以自提吗,18,1,2026-03-06 17:00:57,活跃同学,0,0,normal
c_ext_00002029,p_ext_000251,u_ext_00111,,,时间合适的话可以,4,2,2026-05-31 21:23:57,校园达人,0,0,normal
c_ext_00002030,2101523410,u_ext_00161,,,这个窗口确实不错,19,2,2026-03-04 01:02:57,资深坛友,0,0,normal
c_ext_00002031,p_ext_001155,eGFXcXNYK1Z0Nk4vdWN5cmxXaXJyb0tWaEhxWm41cURobnVpc1lxbXg1eXphR2lTak4zTmE0ZVQxTktWZTgydGhaUmpyWTUwYjRXV3IySjI=,,,在哪个校区交易,22,0,2026-05-30 01:39:57,硕士生,0,0,normal
c_ext_00002032,p_ext_000857,u_ext_00182,,,还在吗,17,1,2026-04-20 16:47:57,校园达人,0,0,normal
c_ext_00002033,p_ext_000371,u_ext_00329,,,可以自提吗,6,3,2026-03-31 00:55:57,校园达人,0,0,normal
c_ext_00002034,p_ext_000127,dDN5QmZJbXF1cXlFME5DcGxxT29sWktwWTRpSW5tNnhnR1dMc0ppQXl0eXpqWUdFbHBXdVozNm4xTktJaksrdWZ0Q2FnNXQxb29hSWlXSjI=,,,还在吗,26,1,2026-05-25 23:29:57,本科生,0,0,normal
c_ext_00002035,p_ext_000683,u_ext_00382,,,时间合适的话可以,20,2,2026-02-15 11:39:57,活跃同学,0,0,normal
c_ext_00002036,p_ext_000352,u_ext_00254,,,多少钱,2,0,2026-02-11 03:43:57,活跃同学,0,0,normal
c_ext_00002037,2101572727,u_ext_00138,,,还在吗,14,0,2026-03-17 19:36:57,活跃同学,0,0,normal
c_ext_00002038,p_ext_000551,u_ext_00226,,,蹲一个搭子,12,0,2026-04-28 05:52:57,活跃同学,0,0,normal
c_ext_00002039,p_ext_001594,u_ext_00390,,,蹲一个搭子,25,2,2026-04-26 00:11:57,校园达人,0,0,normal
c_ext_00002040,p_ext_001147,u_ext_00105,,,可以自提吗,26,3,2026-02-07 04:39:57,普通用户,0,0,normal
c_ext_00002041,p_ext_001557,u_ext_00339,,,这个窗口确实不错,6,1,2026-02-05 05:01:57,校园达人,0,0,normal
c_ext_00002042,p_ext_001536,u_ext_00157,,,这个窗口确实不错,23,1,2026-05-05 01:54:57,普通用户,0,0,normal
c_ext_00002043,p_ext_000845,czQrTmdYK3FyNFdVcDh6S2xvcXdoNVRNZUdpUmQ1MXFsbWVIc1lPbHZidTFhNStSbHFtbmk0dTFuWldYb05LRmZOeUlpWnA1ZkllVnIySjI=,,,蹲一个搭子,16,1,2026-05-31 05:36:57,本科生,0,0,normal
c_ext_00002044,2101600938,u_ext_00379,,,这个窗口确实不错,24,1,2026-06-03 10:32:57,活跃同学,0,0,normal
c_ext_00002045,p_ext_000198,u_ext_00206,,,多少钱,26,2,2026-03-21 17:49:57,普通用户,0,0,normal
c_ext_00002046,p_ext_001066,u_ext_00465,,,还在吗,9,1,2026-02-11 21:25:57,资深坛友,0,0,normal
c_ext_00002047,p_ext_001666,dzVCMXI0WFB5WTJGbExYWGpZcTRub3FUb29LRllhNnRtWXVFaDRlUnk3ckZqNDJCaTlHM3JJdXB1dGFHZTZScGZxZUFhSm1Gbm02R2lXSjI=,,,可以自提吗,9,0,2026-03-26 13:06:57,博士生,0,0,normal
c_ext_00002048,p_ext_001103,u_ext_00437,,,在哪个校区交易,21,0,2026-05-28 13:59:57,普通用户,0,0,normal
c_ext_00002049,p_ext_000908,u_ext_00186,,,期末重点有吗,30,1,2026-04-05 02:46:57,普通用户,0,0,normal
c_ext_00002050,p_ext_000371,dTRDQnNZTzZ4WXlVdXRETWhLK2tnWWlscGErYVpJaXJncDVxYll5Qng2NjFqcGF5bDdqRmE1S3F2cmlHb2M1a2k4K3FnWngyWjZtTnIySjI=,,,这个窗口确实不错,24,1,2026-05-13 02:15:57,本科生,0,0,normal
c_ext_00002051,2101633684,u_ext_00409,,,还在吗,28,0,2026-03-18 06:32:57,普通用户,0,0,normal
c_ext_00002052,p_ext_001892,u_ext_00441,,,期末重点有吗,3,0,2026-02-25 23:31:57,普通用户,0,0,normal
c_ext_00002053,p_ext_000856,dDQxa2k1T3JvNnlHcWEzWW1JcXZyWWFTaElDTWhacUxqWjkwaDVDenFhaTBmMmV2aUpTamdZU1Z2dG1VWlp1VmY3aUVhWnRqYjZxQ2VXSjI=,,,多少钱,17,3,2026-03-19 22:59:57,本科生,0,0,normal
c_ext_00002054,p_ext_001618,u_ext_00284,,,可以自提吗,11,0,2026-04-29 08:18:57,资深坛友,0,0,normal
c_ext_00002055,p_ext_001500,eGFXcXNYK1Z0Nk4vdWN5cmxXaXJyb0tWaEhxWm41cURobnVpc1lxbXg1eXphR2lTak4zTmE0ZVQxTktWZTgydGhaUmpyWTUwYjRXV3IySjI=,,,感谢分享,8,0,2026-05-14 21:52:57,硕士生,0,0,normal
c_ext_00002056,p_ext_001350,dDJsMWtaYTZ5WG1IdDZxbGdHWEdaWlNvbm1pRWVJU25ocU56YkptT3VkRzdwSFd6aTlDYWg1T3FxcXlXcjhaNWs1S1dxNHAxajJpTGlXSjI=,,,在哪个校区交易,15,0,2026-05-21 21:15:57,本科生,0,0,normal
c_ext_00002057,p_ext_000297,dFg2QmZJdVZxMzJIMExLemduM1NucE9VbG91Q1laQ1JpM3Q0cW9xT21LbTdnS04vaU16VWE1Yk50cWVOWjhhS2xzK3FiSXljbW4yTnIySjI=,,,我也想参加,6,0,2026-03-06 13:22:57,初中生,0,0,normal
c_ext_00002058,p_ext_000671,u_ext_00292,,,在哪个校区交易,24,2,2026-03-25 16:25:57,资深坛友,0,0,normal
c_ext_00002059,p_ext_000930,u_ext_00436,,,在哪个校区交易,24,1,2026-06-01 00:40:57,活跃同学,0,0,normal
c_ext_00002060,p_ext_000588,u_ext_00413,,,还在吗,1,1,2026-05-21 19:45:57,普通用户,0,0,normal
c_ext_00002061,p_ext_000302,u_ext_00396,,,可以自提吗,22,3,2026-05-12 10:19:57,普通用户,0,0,normal
c_ext_00002062,p_ext_001868,dFkybnBuL2RzNm1XdDY2eGpJdk9nb2FTZUlpY25wMnZoNjVyckkyUHJiaTRmSnVqbHF2RWFvQzNyckdIaXJPc2dzMTRoSVdIZDY2SmlXSjI=,,,蹲一个搭子,8,0,2026-03-19 19:17:57,初中生,0,0,normal
c_ext_00002063,p_ext_001507,u_ext_00319,,,多少钱,12,2,2026-03-07 19:25:57,资深坛友,0,0,normal
c_ext_00002064,p_ext_000413,cm95WGhwZTZ1NFNLbE1pNGdaK25aNHJRZUt5YWRvQ2toWXBqczVlQW5KYTBwSW1TZ0x2RVozKzN6TFNDakp0bmxybUFoSmgxa0c2TGlXSjI=,,,可以自提吗,20,0,2026-04-06 22:15:57,高中生,0,0,normal
c_ext_00002065,p_ext_001812,u_ext_00174,,,期末重点有吗,8,3,2026-04-09 22:11:57,校园达人,0,0,normal
c_ext_00002066,2101622130,dzQ5b2JJYTYwWXVLdHN5cGwzeXNacGFwaEdxT201cDhpNG1Nam94cnNlQ3ZhbXhwaTlETlpwV1MyS21ZakxTT2tyZDNzSVdlYjRHWHIySjI=,,,这个窗口确实不错,11,2,2026-03-05 22:08:57,本科生,0,0,normal
c_ext_00002067,p_ext_000735,u_ext_00312,,,可以自提吗,18,1,2026-05-01 20:04:57,资深坛友,0,0,normal
c_ext_00002068,p_ext_000750,dElDZmU0VzYwV2VHemRpcmxxSFNwSVdTcXFpYVlaNTltSHBqcTRGc3FjNnZnSVdPZ0xpbmVvdXBxcnVXZmJCbWdLcWhiSnAzZkh1SGlXSjI=,,,感谢分享,7,1,2026-04-20 03:27:57,高中生,0,0,normal
c_ext_00002069,p_ext_001452,dEthZmJaT29zMmlHcXNpWGpZdWpxNVROWTdDUmVLMnVtS0dXa0l5bXFicTFwbmx0aGJpdmpwUzRxWlNFWmJ5RGk4Mk1ocGgybW5xSGlXSjI=,,,这个窗口确实不错,11,0,2026-02-24 10:46:57,高中生,0,0,normal
c_ext_00002070,p_ext_001841,eGFXcXNYK1Z0Nk4vdWN5cmxXaXJyb0tWaEhxWm41cURobnVpc1lxbXg1eXphR2lTak4zTmE0ZVQxTktWZTgydGhaUmpyWTUwYjRXV3IySjI=,,,这个岗位适合大三吗,5,2,2026-04-13 01:21:57,硕士生,0,0,normal
c_ext_00002071,p_ext_001879,u_ext_00224,,,还在吗,3,1,2026-02-04 21:08:57,普通用户,0,0,normal
c_ext_00002072,p_ext_001408,u_ext_00152,,,时间合适的话可以,23,2,2026-04-20 12:30:57,活跃同学,0,0,normal
c_ext_00002073,p_ext_000943,u_ext_00132,,,在哪个校区交易,29,3,2026-02-17 16:37:57,校园达人,0,0,normal
c_ext_00002074,p_ext_000484,d24rcmJvQzN4R2w4bEpuSmlaK3NncE9TaElHQ1k1cHVpWDJoc1lPUHJiTzdmWnVIakxuTmwzN05uYzJZZkxoOGhaS01yWTJyaktxRGVXSjI=,,,这个窗口确实不错,8,2,2026-03-19 05:06:57,本科生,0,0,normal
c_ext_00002075,p_ext_001596,dG1tSmZJZXJ1NEdEM01pMmpZcTBhcFMybm9pSW01MXRsWHlJcDRwK3FiMjRqNFJyaHBXbWFaU3F2czZHakxPdGc4OWpzb3FjZTJtSmlXSjI=,,,在哪个校区交易,22,1,2026-05-17 18:04:57,高中生,0,0,normal
c_ext_00002076,p_ext_000201,c0h4NWlJelF0bXAvdHNlVmYyZkdqSlMzZ0lHWXE2S25pWHFXckpwcDE3ZTJpMnlLbGN5YWpJdmJuY0tCbzgxa2dMZWloWTZJcHBHSGlXSjI=,,,多少钱,15,1,2026-04-15 21:55:57,高中生,0,0,normal
c_ext_00002077,p_ext_000931,u_ext_00357,,,需要什么技术栈,19,2,2026-05-24 00:45:57,普通用户,0,0,normal
c_ext_00002078,p_ext_001133,dzMyYm9ZU3FrbmlTcXFyQ2xLTzBxWXZNZkdpUnE0dHNpV1ZucDRpUnFiVzFzV3l1Zzl5YW9YMlVtSkorWmJocGhwS1dzWkNHb21pWHIySjI=,,,多少钱,7,0,2026-03-31 16:54:57,本科生,0,0,normal
c_ext_00002079,p_ext_001265,dzQrWGhaYTV6V3FGdDlUTGdudW9yb1dUbld5TmhvQnFqbWlJcTQrbXk5SERwcHVobFpYVmdZYXBsYWlHZkp0K2hhcUVlcHVjWnFxRGVXSjI=,,,这个窗口确实不错,8,0,2026-04-26 16:36:57,高中生,0,0,normal
c_ext_00002080,p_ext_000276,cm9DQWJZYlF1MmFTdU15MWxtZXNhSkxPaUdpTG5vQ2tmNjkwYVl0cXo3MjNmNGx1bDdxdmZvWE9wczJFYU1wb2ZKU1dnSW1KZUpLVnIySjI=,,,还在吗,3,3,2026-02-07 14:31:57,硕士生,0,0,normal
c_ext_00002081,p_ext_000563,u_ext_00306,,,多少钱,11,3,2026-06-02 05:14:57,活跃同学,0,0,normal
c_ext_00002082,p_ext_001053,u_ext_00343,,,在哪个校区交易,5,0,2026-04-29 19:22:57,资深坛友,0,0,normal
c_ext_00002083,p_ext_000557,u_ext_00110,,,多少钱,3,0,2026-04-08 01:15:57,校园达人,0,0,normal
c_ext_00002084,p_ext_001341,u_ext_00410,,,可以自提吗,25,3,2026-04-15 14:02:57,活跃同学,0,0,normal
c_ext_00002085,p_ext_001002,u_ext_00143,,,在哪个校区交易,8,1,2026-05-24 23:01:57,活跃同学,0,0,normal
c_ext_00002086,p_ext_001479,u_ext_00488,,,多少钱,30,0,2026-04-11 20:11:57,活跃同学,0,0,normal
c_ext_00002087,p_ext_001813,u_ext_00400,,,期末重点有吗,2,3,2026-03-20 20:24:57,校园达人,0,0,normal
c_ext_00002088,p_ext_000757,cjVCNGE0ek5wNjZGenE3VGpXZTNaSC9PYzZxRmVJaXRpbnBucm9scXp0MjFnSUdobHJpbnNJV3AzS3lCb2M2bmc3aDByWTEzZjJxV3IySjI=,,,还在吗,22,0,2026-05-22 14:05:57,高中生,0,0,normal
c_ext_00002089,p_ext_000593,u_ext_00305,,,多少钱,13,0,2026-05-18 04:39:57,活跃同学,0,0,normal
c_ext_00002090,p_ext_001670,u_ext_00439,,,可以自提吗,21,3,2026-02-21 08:03:57,资深坛友,0,0,normal
c_ext_00002091,p_ext_000825,dDZOa2ZJeTRyMzZIbExhV2hJbkdvbnlWbm8rRWlZdHJoNitla1pwcXhwcXpqV1NrbHF1anI0QzZxZHFOZk5xQWY4K0FqNGFIcHBtWXIySjI=,,,多少钱,21,2,2026-05-27 00:30:57,本科生,0,0,normal
c_ext_00002092,p_ext_001403,dTVDWHJKZk51MzkvcHFhbWlhTzhoSmFvbG95YWlJeVJsb3BqcUlHenBKbXdqcDZ3aWREWXFJZVMwTmFCWnM1bmhxZHFhWnlHZ0lLRmlXSjI=,,,在哪个校区交易,29,3,2026-04-19 08:45:57,高中生,0,0,normal
c_ext_00002093,p_ext_000507,u_ext_00496,,,这个窗口确实不错,16,2,2026-02-22 02:00:57,校园达人,0,0,normal
c_ext_00002094,p_ext_001835,u_ext_00126,,,可以内推吗,15,3,2026-02-19 12:05:57,校园达人,0,0,normal
c_ext_00002095,p_ext_000898,u_ext_00396,,,这个窗口确实不错,24,1,2026-04-21 16:53:57,普通用户,0,0,normal
c_ext_00002096,p_ext_001463,u_ext_00497,,,时间合适的话可以,17,0,2026-04-09 01:28:57,普通用户,0,0,normal
c_ext_00002097,p_ext_001155,dEtLYm1vTzYwWjZMdDlTNmdYdk5yWVNvb3FTTGRaMnZoYUdhb29pUnJkbXpqbjJObHJpWmE0VzV1clNZaXNsa2xiZUVhb1dlZktXWXIySjI=,,,多少钱,10,3,2026-03-30 07:53:57,初中生,0,0,normal
c_ext_00002098,p_ext_001336,u_ext_00144,,,还在吗,25,0,2026-02-28 21:48:57,校园达人,0,0,normal
c_ext_00002099,p_ext_001074,ckdsMWFvdlJyMzErdWJhdWlXYXNab0s2b29TUm5YaXRqYUJyc0lSOXRadkNhNXVRZnQzTlpvQ25zdEtOWjdDcmhiVnJrb1ZraUhxQmVXSjI=,,,可以自提吗,18,0,2026-05-23 17:55:57,本科生,0,0,normal
c_ext_00002100,p_ext_001008,d24ramduK1VzcTkvdHI2VGdYbTRubjYzaUk2TllxS2ttWXQ4b28xK3ViU3prSXlyZzd1bmk1T24wTFNXZTlKM2Y1U1dpSXFHaEk2TGlXSjI=,,,可以自提吗,15,3,2026-04-10 05:03:57,小学生,0,0,normal
c_ext_00002101,p_ext_000419,u_ext_00168,,,多少钱,18,1,2026-05-23 00:04:57,活跃同学,0,0,normal
c_ext_00002102,p_ext_000241,u_ext_00115,,,可以自提吗,11,0,2026-04-06 02:51:57,活跃同学,0,0,normal
c_ext_00002103,p_ext_001904,eFdwb29wZlJ5YStGazYyVmdLTFNpSlMyakxLTWQ2WnRsbnhuYm95T3k2eTNwcHF5Zjg3RmpvYTVxc3lJakplRWk1V0VxNW1jZ0s2Q2VXSjI=,,,还在吗,24,2,2026-02-07 01:00:57,高中生,0,0,normal
c_ext_00002104,p_ext_000941,u_ext_00376,,,还在吗,6,0,2026-03-08 06:43:57,活跃同学,0,0,normal
c_ext_00002105,2101580916,u_ext_00478,,,可以自提吗,1,1,2026-03-08 07:40:57,校园达人,0,0,normal
c_ext_00002106,p_ext_001872,u_ext_00263,,,这个窗口确实不错,23,1,2026-03-08 16:25:57,普通用户,0,0,normal
c_ext_00002107,p_ext_001212,u_ext_00102,,,还在吗,24,2,2026-05-18 02:54:57,校园达人,0,0,normal
c_ext_00002108,p_ext_001598,u_ext_00470,,,多少钱,24,3,2026-05-28 18:40:57,活跃同学,0,0,normal
c_ext_00002109,p_ext_000428,u_ext_00179,,,时间合适的话可以,9,2,2026-05-29 12:43:57,活跃同学,0,0,normal
c_ext_00002110,p_ext_001983,u_ext_00493,,,多少钱,24,0,2026-03-24 09:41:57,资深坛友,0,0,normal
c_ext_00002111,p_ext_001953,c3BDRWE1YmRzNmFXdDVqWmlxUE9nWWpQZUg2RmVKNktsNHQ4azRlUXg5YXpmYUtyaEttcmZaT1NxcGVFcjdSOGc3YWFnSTJjYjJtWHIySjI=,,,这个岗位适合大三吗,3,2,2026-03-17 00:40:57,本科生,0,0,normal
c_ext_00002112,p_ext_001822,d24ramduK1VzcTkvdHI2VGdYbTRubjYzaUk2TllxS2ttWXQ4b28xK3ViU3prSXlyZzd1bmk1T24wTFNXZTlKM2Y1U1dpSXFHaEk2TGlXSjI=,,,蹲一个搭子,13,2,2026-04-05 10:52:57,小学生,0,0,normal
c_ext_00002113,p_ext_001859,u_ext_00139,,,我也想参加,2,2,2026-05-23 23:28:57,活跃同学,0,0,normal
c_ext_00002114,p_ext_001151,u_ext_00452,,,这个窗口确实不错,8,3,2026-04-05 05:29:57,普通用户,0,0,normal
c_ext_00002115,p_ext_001543,u_ext_00197,,,这个窗口确实不错,6,2,2026-02-10 15:14:57,普通用户,0,0,normal
c_ext_00002116,p_ext_001202,u_ext_00329,,,在哪个校区交易,8,2,2026-04-16 06:00:57,校园达人,0,0,normal
c_ext_00002117,p_ext_000544,u_ext_00434,,,可以内推吗,16,1,2026-04-16 23:31:57,活跃同学,0,0,normal
c_ext_00002118,p_ext_001004,u_ext_00262,,,多少钱,14,1,2026-04-11 15:07:57,普通用户,0,0,normal
c_ext_00002119,p_ext_001117,u_ext_00500,,,可以自提吗,28,1,2026-05-18 04:23:57,活跃同学,0,0,normal
c_ext_00002120,p_ext_001100,u_ext_00351,,,还在吗,25,3,2026-04-08 23:40:57,活跃同学,0,0,normal
c_ext_00002121,p_ext_000901,u_ext_00225,,,多少钱,12,2,2026-02-14 08:47:57,普通用户,0,0,normal
c_ext_00002122,p_ext_000797,u_ext_00284,,,蹲一个搭子,29,2,2026-03-31 04:02:57,资深坛友,0,0,normal
c_ext_00002123,p_ext_001389,u_ext_00227,,,在哪个校区交易,15,3,2026-04-29 17:31:57,活跃同学,0,0,normal
c_ext_00002124,p_ext_001108,dG9DanFaZlJ0bWFMcHJLV2dHZXdqSk9tZ0tpTFpJQ0VtR2VxcElTTno3N0RnSDJ0aGFxVnFIN1Fxc3lWZXM2R2hicUlySXVyaUkrSGlXSjI=,,,我也想参加,6,1,2026-05-17 05:57:57,博士生,0,0,normal
c_ext_00002125,p_ext_001806,u_ext_00464,,,还在吗,17,0,2026-03-02 10:31:57,普通用户,0,0,normal
c_ext_00002126,p_ext_000158,u_ext_00290,,,还在吗,19,1,2026-03-01 21:34:57,普通用户,0,0,normal
c_ext_00002127,p_ext_000224,u_ext_00212,,,多少钱,8,1,2026-03-16 21:45:57,活跃同学,0,0,normal
c_ext_00002128,p_ext_000475,u_ext_00390,,,我也想参加,25,1,2026-03-18 19:23:57,校园达人,0,0,normal
c_ext_00002129,p_ext_000247,u_ext_00109,,,在哪个校区交易,30,2,2026-04-04 21:10:57,校园达人,0,0,normal
c_ext_00002130,p_ext_001156,u_ext_00466,,,求资料,28,1,2026-05-25 14:18:57,校园达人,0,0,normal
c_ext_00002131,p_ext_001702,u_ext_00451,,,我也想参加,6,2,2026-03-21 05:38:57,活跃同学,0,0,normal
c_ext_00002132,p_ext_001454,u_ext_00205,,,蹲一个搭子,10,0,2026-02-18 23:56:57,校园达人,0,0,normal
c_ext_00002133,p_ext_000953,u_ext_00175,,,还在吗,20,1,2026-04-09 18:19:57,资深坛友,0,0,normal
c_ext_00002134,p_ext_001735,eFgyamdvR28xR2lTdWRqTmg2KzhuNFROcG9HYm5KQ0ppcCthZTVDUDB0MnZqNk9JaHMyamVvak12cWFYaXBPbWY4MmVrSW1lYjRPSWlXSjI=,,,在哪个校区交易,13,3,2026-04-10 17:51:57,初中生,0,0,normal
c_ext_00002135,p_ext_001388,c28rQmlJdlF4SzZIemE3YmdZM05aWk9UZEtTYVlZU0NoWXVpb3BxTnlwZkZwSUN6bGFlM1pvYTN6OXFLZk5xT2hMYUlvNG1HZklLSmlXSjI=,,,还在吗,29,2,2026-05-23 07:19:57,硕士生,0,0,normal
c_ext_00002136,p_ext_000322,u_ext_00450,,,多少钱,22,2,2026-04-12 09:44:57,资深坛友,0,0,normal
c_ext_00002137,2101617209,u_ext_00133,,,可以自提吗,7,3,2026-02-19 05:38:57,校园达人,0,0,normal
c_ext_00002138,p_ext_000976,u_ext_00194,,,在哪个校区交易,11,0,2026-02-04 22:11:57,资深坛友,0,0,normal
c_ext_00002139,p_ext_001001,u_ext_00483,,,活动还有名额吗,13,3,2026-04-05 13:21:57,资深坛友,0,0,normal
c_ext_00002140,p_ext_001785,u_ext_00479,,,在哪个校区交易,6,1,2026-03-05 23:17:57,普通用户,0,0,normal
c_ext_00002141,p_ext_001080,u_ext_00260,,,还在吗,29,2,2026-04-03 20:53:57,普通用户,0,0,normal
c_ext_00002142,p_ext_001784,u_ext_00486,,,可以自提吗,18,2,2026-02-02 20:11:57,普通用户,0,0,normal
c_ext_00002143,p_ext_001267,dzQ5OWFZU1Rsb0NBdU5DMGlxR3dpSVMzYXJHR2VZZHBsNHVoYllWK3RjNnprSDJ4aWMzSWE1S21ycmlHaTd1bWZKS0FqNFoyb29lSWlXSjI=,,,在哪个校区交易,30,3,2026-04-27 17:22:57,小学生,0,0,normal
c_ext_00002144,p_ext_001043,u_ext_00274,,,还在吗,27,0,2026-05-31 14:00:57,活跃同学,0,0,normal
c_ext_00002145,p_ext_001712,u_ext_00362,,,这个窗口确实不错,15,3,2026-03-26 06:40:57,普通用户,0,0,normal
c_ext_00002146,p_ext_000244,u_ext_00229,,,感谢分享,23,3,2026-05-29 00:04:57,校园达人,0,0,normal
c_ext_00002147,p_ext_001812,u_ext_00269,,,求资料,26,2,2026-03-21 00:47:57,普通用户,0,0,normal
c_ext_00002148,p_ext_000524,eEtTZWJaYlExWHFJemFxWGhZdW9yb3ZNZjJtUW5vU0VpbzJXaEltbHVkQ3pvbzJ5bGRISmc1YTZ0c3VNak5LR2xMZVdyb1ZrbnBtSGlXSjI=,,,这个窗口确实不错,11,2,2026-03-21 06:45:57,硕士生,0,0,normal
c_ext_00002149,p_ext_001206,u_ext_00337,,,可以自提吗,21,3,2026-05-15 02:04:57,资深坛友,0,0,normal
c_ext_00002150,p_ext_001454,dXFXbnJaU3FrcStTMjUzT2dhTFdvSWJOYTZDRVlZeVJnb3VJclp1TnZiQzBhR1NoZ05Demg0clExTnFJb2Nab2haS0VmWU5qcW4rT3IySjI=,,,我也想参加,28,2,2026-05-26 14:55:57,高中生,0,0,normal
c_ext_00002151,2101597153,dzZTYXE1YW9sbzZXdUwyV2dLQzBabnpjbW4rRllaNnVqcUNNaFlKc3pwbTRmNnR2ZzdxM2lJdTJwcXlZb2FSL2ZzMW5mbzZKcG1tRGVXSjI=,,,这个窗口确实不错,21,3,2026-03-31 16:05:57,硕士生,0,0,normal
c_ext_00002152,p_ext_001194,u_ext_00110,,,这个窗口确实不错,8,1,2026-05-19 19:05:57,校园达人,0,0,normal
c_ext_00002153,p_ext_000278,c3BDRWE1YmRzNmFXdDVqWmlxUE9nWWpQZUg2RmVKNktsNHQ4azRlUXg5YXpmYUtyaEttcmZaT1NxcGVFcjdSOGc3YWFnSTJjYjJtWHIySjI=,,,期末重点有吗,27,3,2026-04-22 07:06:57,本科生,0,0,normal
c_ext_00002154,p_ext_001455,u_ext_00191,,,这个窗口确实不错,26,0,2026-03-21 09:31:57,普通用户,0,0,normal
c_ext_00002155,p_ext_001680,u_ext_00124,,,还在吗,19,1,2026-03-28 19:16:57,普通用户,0,0,normal
c_ext_00002156,p_ext_001287,eFgyamdvR28xR2lTdWRqTmg2KzhuNFROcG9HYm5KQ0ppcCthZTVDUDB0MnZqNk9JaHMyamVvak12cWFYaXBPbWY4MmVrSW1lYjRPSWlXSjI=,,,可以自提吗,16,0,2026-05-05 01:47:57,初中生,0,0,normal
c_ext_00002157,p_ext_001811,u_ext_00255,,,还在吗,13,2,2026-04-14 14:00:57,资深坛友,0,0,normal
c_ext_00002158,p_ext_001930,u_ext_00431,,,还在吗,17,1,2026-05-17 03:14:57,普通用户,0,0,normal
c_ext_00002159,p_ext_000365,u_ext_00374,,,多少钱,30,1,2026-05-13 13:06:57,普通用户,0,0,normal
c_ext_00002160,p_ext_001631,u_ext_00192,,,活动还有名额吗,29,0,2026-04-21 13:56:57,校园达人,0,0,normal
c_ext_00002161,p_ext_000374,cm11YmY0YlIwWHlHdHJLeG1IbXNoSWZQaUt5SWg1Q0hnV2lMc1lOK3JkVEZhcVp0aU0rN2pZU3F1dG1VWnNhZmxhaC9hNHhrZzdDV3IySjI=,,,在哪个校区交易,18,2,2026-03-28 15:18:57,初中生,0,0,normal
c_ext_00002162,p_ext_000151,u_ext_00450,,,多少钱,15,3,2026-02-25 13:21:57,资深坛友,0,0,normal
c_ext_00002163,p_ext_001167,c0h4NWlJelF0bXAvdHNlVmYyZkdqSlMzZ0lHWXE2S25pWHFXcklWKzI3akZmSmVBbHFtN3FaU25zcGFXbjZTTGhxbVphNFZob3FtSGlXSjI=,,,多少钱,19,0,2026-05-04 23:02:57,高中生,0,0,normal
c_ext_00002164,p_ext_000542,cm82QnJvemRxbW1Va3JuYmpJdXNycFBRaUsrUWlZQjhsWHBqYXBoOXZiQzNmNDJIaHFxdmFZZlB5NVNHamNtdWhxWjBob2llaEpHWHIySjI=,,,我也想参加,20,3,2026-05-04 06:40:57,硕士生,0,0,normal
c_ext_00002165,2101575959,u_ext_00479,,,还在吗,7,0,2026-03-09 19:43:57,普通用户,0,0,normal
c_ext_00002166,p_ext_000641,u_ext_00218,,,在哪个校区交易,21,2,2026-05-23 08:49:57,资深坛友,0,0,normal
c_ext_00002167,p_ext_000229,u_ext_00138,,,还在吗,3,3,2026-02-27 03:31:57,活跃同学,0,0,normal
c_ext_00002168,p_ext_001429,u_ext_00154,,,这个窗口确实不错,19,2,2026-04-03 17:11:57,校园达人,0,0,normal
c_ext_00002169,p_ext_001061,u_ext_00324,,,多少钱,22,1,2026-03-24 07:10:57,校园达人,0,0,normal
c_ext_00002170,p_ext_000866,u_ext_00294,,,多少钱,18,1,2026-05-28 05:43:57,校园达人,0,0,normal
c_ext_00002171,2101518549,u_ext_00194,,,我也想参加,0,3,2026-04-30 03:30:57,资深坛友,0,0,normal
c_ext_00002172,p_ext_000718,u_ext_00360,,,可以自提吗,3,3,2026-05-01 05:08:57,资深坛友,0,0,normal
c_ext_00002173,p_ext_001975,u_ext_00305,,,还在吗,15,0,2026-04-18 19:43:57,活跃同学,0,0,normal
c_ext_00002174,p_ext_001350,dGFONWhJUE5xNkdEdWI2NWZtalNaWXFVZUxHTmg2S0FqV2RqZ0p1bng5bTBqNWVTbExtN2FYMlVsYkdJak01cGhhbUVlNXA1aEsyQ2VXSjI=,,,还在吗,5,0,2026-02-17 03:06:57,幼儿园,0,0,normal
c_ext_00002175,p_ext_000508,u_ext_00376,,,在哪个校区交易,24,1,2026-05-06 16:07:57,活跃同学,0,0,normal
c_ext_00002176,p_ext_001578,u_ext_00277,,,这个窗口确实不错,10,2,2026-05-26 22:23:57,资深坛友,0,0,normal
c_ext_00002177,p_ext_001288,u_ext_00104,,,还在吗,10,2,2026-02-11 04:45:57,普通用户,0,0,normal
c_ext_00002178,p_ext_000461,u_ext_00415,,,这个窗口确实不错,26,3,2026-04-13 14:36:57,活跃同学,0,0,normal
c_ext_00002179,p_ext_001219,u_ext_00315,,,可以自提吗,14,0,2026-04-10 11:00:57,普通用户,0,0,normal
c_ext_00002180,p_ext_001700,u_ext_00324,,,这个窗口确实不错,19,0,2026-02-16 11:34:57,校园达人,0,0,normal
c_ext_00002181,p_ext_000158,u_ext_00208,,,这个窗口确实不错,23,1,2026-02-16 01:36:57,校园达人,0,0,normal
c_ext_00002182,p_ext_000141,u_ext_00204,,,期末重点有吗,28,3,2026-02-25 06:14:57,资深坛友,0,0,normal
c_ext_00002183,p_ext_000231,u_ext_00453,,,多少钱,5,0,2026-05-28 14:20:57,资深坛友,0,0,normal
c_ext_00002184,p_ext_001458,u_ext_00221,,,在哪个校区交易,30,2,2026-03-06 14:15:57,资深坛友,0,0,normal
c_ext_00002185,p_ext_000733,u_ext_00216,,,蹲一个搭子,19,2,2026-02-11 09:18:57,普通用户,0,0,normal
c_ext_00002186,p_ext_000399,u_ext_00180,,,可以自提吗,3,1,2026-04-15 22:11:57,普通用户,0,0,normal
c_ext_00002187,p_ext_000527,u_ext_00491,,,多少钱,25,3,2026-03-26 02:04:57,活跃同学,0,0,normal
c_ext_00002188,p_ext_001712,u_ext_00275,,,这个窗口确实不错,21,2,2026-02-04 02:43:57,普通用户,0,0,normal
c_ext_00002189,p_ext_001777,u_ext_00289,,,还在吗,18,1,2026-05-06 03:12:57,普通用户,0,0,normal
c_ext_00002190,p_ext_001193,u_ext_00362,,,需要什么技术栈,12,3,2026-05-27 07:57:57,普通用户,0,0,normal
c_ext_00002191,p_ext_001728,u_ext_00256,,,这个窗口确实不错,21,0,2026-03-30 09:10:57,校园达人,0,0,normal
c_ext_00002192,p_ext_001008,eFdwb29wZlJ5YStGazYyVmdLTFNpSlMyakxLTWQ2WnRsbnhuYm95T3k2eTNwcHF5Zjg3RmpvYTVxc3lJakplRWk1V0VxNW1jZ0s2Q2VXSjI=,,,可以自提吗,9,3,2026-04-28 09:14:57,高中生,0,0,normal
c_ext_00002193,p_ext_000501,u_ext_00354,,,求资料,14,3,2026-03-12 06:06:57,资深坛友,0,0,normal
c_ext_00002194,p_ext_001671,dG9DanFaZlJ0bWFMcHJLV2dHZXdqSk9tZ0tpTFpJQ0VtR2VxcElTTno3N0RnSDJ0aGFxVnFIN1Fxc3lWZXM2R2hicUlySXVyaUkrSGlXSjI=,,,在哪个校区交易,5,2,2026-02-10 03:56:57,博士生,0,0,normal
c_ext_00002195,p_ext_000965,dDZPbm8zMlZrb1NEbEsyVWdhQ3doWmE0aElPUW02SjdqYStBc3BlbnZadTFqcU9LZ0tpWnNJUzRzdGFNamRLQWtwV2FtWkZpZklhQ2VXSjI=,,,还在吗,4,3,2026-02-03 06:27:57,本科生,0,0,normal
c_ext_00002196,p_ext_000440,u_ext_00386,,,多少钱,30,3,2026-06-02 02:26:57,校园达人,0,0,normal
c_ext_00002197,p_ext_001427,u_ext_00363,,,这个窗口确实不错,3,3,2026-03-08 01:25:57,普通用户,0,0,normal
c_ext_00002198,p_ext_001365,u_ext_00325,,,蹲一个搭子,18,1,2026-05-08 03:59:57,资深坛友,0,0,normal
c_ext_00002199,p_ext_001804,cjMrZWFZV1dxNHAva3REYmhhK25hSU8yaDYrS2RLcUxqbnFpcEpxQnJhNjJpNmV3aExtemlJcVR1cVNZamJTZWxybW1qWnVhYjRtRmlXSjI=,,,时间合适的话可以,6,1,2026-06-03 11:57:57,高中生,0,0,normal
c_ext_00002200,p_ext_000870,u_ext_00231,,,活动还有名额吗,3,3,2026-05-05 05:10:57,校园达人,0,0,normal
c_ext_00002201,p_ext_000609,u_ext_00166,,,可以自提吗,2,1,2026-02-06 01:42:57,活跃同学,0,0,normal
c_ext_00002202,p_ext_000172,dFh5ZXNvaVR5YStMdHNpbGw0M09vSWpQZklxTGg0OXNob3FFazVkOXFKYkVhcDV1aEx1emUzNlUwSzZHb0t5Q2lLYUFiSkNIakdtR2lXSjI=,,,在哪个校区交易,6,3,2026-05-10 14:20:57,高中生,0,0,normal
c_ext_00002203,p_ext_000527,u_ext_00128,,,多少钱,9,0,2026-04-07 12:31:57,校园达人,0,0,normal
c_ext_00002204,p_ext_001267,u_ext_00399,,,这个窗口确实不错,28,1,2026-04-16 03:36:57,普通用户,0,0,normal
c_ext_00002205,p_ext_001257,u_ext_00415,,,蹲一个搭子,25,2,2026-05-12 17:41:57,活跃同学,0,0,normal
c_ext_00002206,p_ext_001542,cjJpcWJJblFyNE9UdHJLdWlHYTRqcFBPZEcyY25JQ3BpWHFlYnBlUXJiK3Zhb1dLaEpiUnJwV21wdHFGZTlLR2hhbDRxSnRrZUtHQ2VXSjI=,,,在哪个校区交易,19,3,2026-02-19 02:05:57,副教授,0,0,normal
c_ext_00002207,p_ext_000765,cjMrZWFZV1dxNHAva3REYmhhK25hSU8yaDYrS2RLcUxqbnFpcEpxQnJhNjJpNmV3aExtemlJcVR1cVNZamJTZWxybW1qWnVhYjRtRmlXSjI=,,,蹲一个复习整理,21,2,2026-02-18 15:48:57,高中生,0,0,normal
c_ext_00002208,p_ext_001634,u_ext_00380,,,在哪个校区交易,29,0,2026-02-12 11:27:57,校园达人,0,0,normal
c_ext_00002209,p_ext_001616,u_ext_00499,,,我也想参加,18,2,2026-04-19 16:18:57,资深坛友,0,0,normal
c_ext_00002210,p_ext_001664,u_ext_00337,,,在哪个校区交易,6,0,2026-05-19 19:54:57,资深坛友,0,0,normal
c_ext_00002211,p_ext_000906,u_ext_00403,,,活动还有名额吗,13,0,2026-03-12 01:27:57,资深坛友,0,0,normal
c_ext_00002212,p_ext_001573,u_ext_00210,,,还在吗,8,1,2026-04-22 12:31:57,校园达人,0,0,normal
c_ext_00002213,p_ext_001952,u_ext_00310,,,在哪个校区交易,22,0,2026-03-11 20:08:57,普通用户,0,0,normal
c_ext_00002214,p_ext_000378,czMxbnNaU251NUNBcHI2cGlHVzhkNGE2ZktXRlk2S0poMmlpZ28rbTA5dkZvMzJ5Z0xpN2VwV295TnVIWnNxTmhaUjhwSnFGaklTRGVXSjI=,,,我也想参加,27,3,2026-03-29 12:49:57,高中生,0,0,normal
c_ext_00002215,p_ext_000808,u_ext_00162,,,多少钱,9,1,2026-05-06 21:39:57,资深坛友,0,0,normal
c_ext_00002216,p_ext_001881,u_ext_00446,,,这个岗位适合大三吗,8,0,2026-03-27 03:44:57,普通用户,0,0,normal
c_ext_00002217,p_ext_001844,u_ext_00276,,,可以自提吗,25,1,2026-02-14 17:48:57,活跃同学,0,0,normal
c_ext_00002218,p_ext_001161,u_ext_00273,,,蹲一个搭子,28,2,2026-05-11 22:01:57,校园达人,0,0,normal
c_ext_00002219,p_ext_001131,u_ext_00139,,,在哪个校区交易,20,2,2026-04-19 16:25:57,活跃同学,0,0,normal
c_ext_00002220,p_ext_001628,u_ext_00194,,,蹲一个搭子,2,0,2026-04-21 19:17:57,资深坛友,0,0,normal
c_ext_00002221,p_ext_001391,u_ext_00396,,,可以自提吗,28,1,2026-06-02 03:59:57,普通用户,0,0,normal
c_ext_00002222,p_ext_001449,u_ext_00377,,,这个窗口确实不错,12,1,2026-02-06 23:50:57,资深坛友,0,0,normal
c_ext_00002223,p_ext_000991,eFkrRms1UE56YkNDdGRlV2lXaXNuSlBRbFd5YWhZUi9tWTJJZTVxbnNhaTZhcCtBakpXYXBKVzJ2dENIak5acGdyZW1hbzEzZkgyRmlXSjI=,,,还在吗,28,3,2026-04-17 09:35:57,高中生,0,0,normal
c_ext_00002224,2101572727,u_ext_00466,,,在哪个校区交易,4,0,2026-03-08 12:00:57,校园达人,0,0,normal
c_ext_00002225,p_ext_000539,u_ext_00386,,,时间合适的话可以,19,1,2026-04-24 14:00:57,校园达人,0,0,normal
c_ext_00002226,p_ext_000811,eEdxWGlwU1dzbXFTdXNqV2xIckdmNFROaUt5YWlJaW9sNGwwYkltTnVkQ3lqSVZwbEtpV2ZKT1VsYzZZamFpTGhLZG5oNHliZ0llSGlXSjI=,,,在哪个校区交易,26,1,2026-05-19 19:07:57,高中生,0,0,normal
c_ext_00002227,p_ext_000670,u_ext_00280,,,在哪个校区交易,2,3,2026-04-02 07:33:57,校园达人,0,0,normal
c_ext_00002228,p_ext_001452,u_ext_00475,,,在哪个校区交易,27,3,2026-05-03 23:39:57,活跃同学,0,0,normal
c_ext_00002229,p_ext_001704,u_ext_00109,,,还在吗,18,3,2026-02-25 10:09:57,校园达人,0,0,normal
c_ext_00002230,p_ext_000985,u_ext_00112,,,期末重点有吗,5,1,2026-05-06 00:35:57,资深坛友,0,0,normal
c_ext_00002231,p_ext_001503,u_ext_00415,,,在哪个校区交易,0,0,2026-04-26 05:56:57,活跃同学,0,0,normal
c_ext_00002232,p_ext_000850,u_ext_00429,,,在哪个校区交易,13,0,2026-04-27 18:00:57,普通用户,0,0,normal
c_ext_00002233,2101629214,u_ext_00223,,,这个窗口确实不错,10,3,2026-04-30 00:38:57,普通用户,0,0,normal
c_ext_00002234,p_ext_000950,u_ext_00481,,,在哪个校区交易,26,0,2026-04-17 23:16:57,活跃同学,0,0,normal
c_ext_00002235,p_ext_000689,u_ext_00470,,,多少钱,24,3,2026-03-25 05:00:57,活跃同学,0,0,normal
c_ext_00002236,p_ext_000532,u_ext_00372,,,可以自提吗,24,1,2026-03-03 06:23:57,资深坛友,0,0,normal
c_ext_00002237,p_ext_000188,c28rQmlJdlF4SzZIemE3YmdZM05aWk9UZEtTYVlZU0NoWXVpb3BxTnlwZkZwSUN6bGFlM1pvYTN6OXFLZk5xT2hMYUlvNG1HZklLSmlXSjI=,,,可以自提吗,14,1,2026-04-10 04:45:57,硕士生,0,0,normal
c_ext_00002238,p_ext_001549,dXFXbnJaU3FrcStTMjUzT2dhTFdvSWJOYTZDRVlZeVJnb3VJclp1TnZiQzBhR1NoZ05Demg0clExTnFJb2Nab2haS0VmWU5qcW4rT3IySjI=,,,在哪个校区交易,25,0,2026-02-06 18:49:57,高中生,0,0,normal
c_ext_00002239,p_ext_000944,u_ext_00480,,,求资料,3,3,2026-02-17 20:02:57,校园达人,0,0,normal
c_ext_00002240,p_ext_000308,u_ext_00481,,,在哪个校区交易,8,3,2026-02-04 18:48:57,活跃同学,0,0,normal
c_ext_00002241,p_ext_001212,u_ext_00187,,,可以自提吗,22,3,2026-02-14 01:03:57,校园达人,0,0,normal
c_ext_00002242,p_ext_000533,u_ext_00192,,,多少钱,17,1,2026-05-23 19:13:57,校园达人,0,0,normal
c_ext_00002243,p_ext_001466,u_ext_00200,,,可以内推吗,2,0,2026-02-17 20:25:57,校园达人,0,0,normal
c_ext_00002244,p_ext_001213,dDMxb2E0ZmMxYU9XcWR5MGxJMjhwSDdRZElhTXFxcVpnbnlJaW9lbno3RzFmb21uZmQzTmlZUFF1ZGlJb05Hc2lwS2FpSU5qbldxWHIySjI=,,,可以自提吗,28,1,2026-05-27 10:02:57,初中生,0,0,normal
c_ext_00002245,p_ext_001799,u_ext_00361,,,多少钱,4,0,2026-05-06 00:21:57,活跃同学,0,0,normal
c_ext_00002246,p_ext_000263,u_ext_00497,,,多少钱,6,3,2026-03-31 20:37:57,普通用户,0,0,normal
c_ext_00002247,p_ext_000683,u_ext_00230,,,活动还有名额吗,23,3,2026-05-04 21:16:57,活跃同学,0,0,normal
c_ext_00002248,p_ext_001481,u_ext_00420,,,还在吗,13,2,2026-03-14 16:12:57,普通用户,0,0,normal
c_ext_00002249,p_ext_000306,u_ext_00123,,,可以自提吗,24,3,2026-02-16 05:54:57,资深坛友,0,0,normal
c_ext_00002250,p_ext_001566,u_ext_00384,,,可以自提吗,28,0,2026-04-19 08:53:57,校园达人,0,0,normal
c_ext_00002251,p_ext_001223,u_ext_00491,,,还在吗,26,2,2026-04-22 12:06:57,活跃同学,0,0,normal
c_ext_00002252,p_ext_000970,u_ext_00107,,,这个窗口确实不错,29,0,2026-04-15 11:34:57,普通用户,0,0,normal
c_ext_00002253,p_ext_000610,u_ext_00318,,,时间合适的话可以,25,0,2026-02-10 18:47:57,资深坛友,0,0,normal
c_ext_00002254,p_ext_001303,u_ext_00365,,,在哪个校区交易,15,0,2026-04-18 14:48:57,普通用户,0,0,normal
c_ext_00002255,p_ext_001859,u_ext_00271,,,活动还有名额吗,17,2,2026-05-16 10:48:57,普通用户,0,0,normal
c_ext_00002256,p_ext_001922,u_ext_00172,,,可以自提吗,16,2,2026-05-09 22:38:57,普通用户,0,0,normal
c_ext_00002257,p_ext_000212,dzR5RnNJVFFybWFHM0xhNWdudThvNHVuZzdDSmRZU3JnWXA0a28rano5M0ZqM21EbGMzRm5vaXBzWmFVWjVPRGlybU1tWkdJZ0c2WXIySjI=,,,这个窗口确实不错,26,0,2026-03-27 16:46:57,本科生,0,0,normal
c_ext_00002258,p_ext_001351,cm55Qm1uNlRrcTZJemJhVWYyV3JwcFNWaUtlWW5xNm1sb3VBaEpocjBwYTZwSTE5aTdxcmdaS3Fzc3lZZk1xQWs1UmpwNDFrbm15R2lXSjI=,,,多少钱,7,2,2026-05-20 21:37:57,初中生,0,0,normal
c_ext_00002259,2101504655,u_ext_00281,,,我也想参加,17,1,2026-03-01 10:46:57,活跃同学,0,0,normal
c_ext_00002260,p_ext_000489,u_ext_00291,,,在哪个校区交易,13,0,2026-03-07 15:37:57,活跃同学,0,0,normal
c_ext_00002261,p_ext_001366,u_ext_00210,,,这个窗口确实不错,9,2,2026-05-02 04:29:57,校园达人,0,0,normal
c_ext_00002262,p_ext_000816,eEg2ZmtJYVd0Nm1WdHFxN2dYdTBkNE9VZ0tTT2VZZHRnWWltaUppT3ZOM0VqNFdOaGMzRm5vYXExTXFDZmNaOWhxWjRycENHWjIyRGVXSjI=,,,活动还有名额吗,19,3,2026-02-15 07:00:57,本科生,0,0,normal
c_ext_00002263,p_ext_000428,u_ext_00398,,,蹲一个搭子,1,0,2026-05-16 03:12:57,活跃同学,0,0,normal
c_ext_00002264,p_ext_000809,u_ext_00140,,,在哪个校区交易,14,1,2026-04-10 18:19:57,校园达人,0,0,normal
c_ext_00002265,p_ext_001700,u_ext_00415,,,在哪个校区交易,12,1,2026-03-29 17:26:57,活跃同学,0,0,normal
c_ext_00002266,p_ext_001158,u_ext_00369,,,可以自提吗,25,3,2026-05-01 17:23:57,普通用户,0,0,normal
c_ext_00002267,p_ext_001900,d24ramduK1VzcTkvdHI2VGdYbTRubjYzaUk2TllxS2ttWXQ4b28xK3ViU3prSXlyZzd1bmk1T24wTFNXZTlKM2Y1U1dpSXFHaEk2TGlXSjI=,,,时间合适的话可以,8,1,2026-05-20 23:34:57,小学生,0,0,normal
c_ext_00002268,p_ext_001329,u_ext_00368,,,还在吗,20,0,2026-03-11 10:32:57,活跃同学,0,0,normal
c_ext_00002269,p_ext_000257,u_ext_00159,,,还在吗,18,1,2026-02-12 22:57:57,普通用户,0,0,normal
c_ext_00002270,p_ext_000275,u_ext_00390,,,还在吗,26,3,2026-02-28 04:56:57,校园达人,0,0,normal
c_ext_00002271,p_ext_001737,u_ext_00135,,,在哪个校区交易,29,2,2026-02-03 09:35:57,活跃同学,0,0,normal
c_ext_00002272,p_ext_001801,u_ext_00373,,,在哪个校区交易,20,3,2026-04-10 17:05:57,普通用户,0,0,normal
c_ext_00002273,p_ext_000103,u_ext_00366,,,多少钱,7,2,2026-04-18 02:55:57,普通用户,0,0,normal
c_ext_00002274,p_ext_001603,u_ext_00433,,,这个窗口确实不错,23,2,2026-03-27 17:50:57,资深坛友,0,0,normal
c_ext_00002275,p_ext_001605,u_ext_00233,,,在哪个校区交易,26,1,2026-02-02 16:24:57,资深坛友,0,0,normal
c_ext_00002276,p_ext_000805,dzZTYXE1YW9sbzZXdUwyV2dLQzBabnpjbW4rRllaNnVqcUNNaFlKc3pwbTRmNnR2ZzdxM2lJdTJwcXlZb2FSL2ZzMW5mbzZKcG1tRGVXSjI=,,,可以自提吗,10,0,2026-05-27 14:18:57,硕士生,0,0,normal
c_ext_00002277,p_ext_001742,u_ext_00388,,,多少钱,23,2,2026-05-04 11:59:57,资深坛友,0,0,normal
c_ext_00002278,p_ext_000345,u_ext_00330,,,时间合适的话可以,18,1,2026-04-04 10:51:57,活跃同学,0,0,normal
c_ext_00002279,p_ext_001962,u_ext_00370,,,蹲一个复习整理,25,3,2026-02-11 09:52:57,普通用户,0,0,normal
c_ext_00002280,p_ext_001018,u_ext_00486,,,多少钱,27,1,2026-03-27 04:37:57,普通用户,0,0,normal
c_ext_00002281,p_ext_001119,dzQ5b2JJYTYwWXVLdHN5cGwzeXNacGFwaEdxT201cDhpNG1Nam94cnNlQ3ZhbXhwaTlETlpwV1MyS21ZakxTT2tyZDNzSVdlYjRHWHIySjI=,,,感谢分享,17,2,2026-03-27 19:13:57,本科生,0,0,normal
c_ext_00002282,p_ext_001700,u_ext_00103,,,还在吗,22,0,2026-05-07 10:42:57,校园达人,0,0,normal
c_ext_00002283,p_ext_001257,d24ramduK1VzcTkvdHI2VGdYbTRubjYzaUk2TllxS2ttWXQ4b28xK3ViU3prSXlyZzd1bmk1T24wTFNXZTlKM2Y1U1dpSXFHaEk2TGlXSjI=,,,活动还有名额吗,6,3,2026-04-12 13:13:57,小学生,0,0,normal
c_ext_00002284,p_ext_001650,u_ext_00472,,,在哪个校区交易,2,2,2026-05-21 09:26:57,普通用户,0,0,normal
c_ext_00002285,p_ext_000534,u_ext_00418,,,这个窗口确实不错,16,3,2026-05-28 05:11:57,普通用户,0,0,normal
c_ext_00002286,p_ext_001879,cmJLYnM0UE96WCtWM0xxMGxLSFNmWWZOb251RW5YaU5ocU9Fb1ltQngrRERvNXQvaGFxM2VJUzR1dEtYaXBKb2ZKS2FxSVNGZklTS2lXSjI=,,,可以自提吗,6,0,2026-04-19 09:16:57,初中生,0,0,normal
c_ext_00002287,p_ext_000980,u_ext_00401,,,求资料,21,3,2026-03-02 05:20:57,校园达人,0,0,normal
c_ext_00002288,p_ext_000696,u_ext_00332,,,这个窗口确实不错,30,2,2026-02-15 18:27:57,活跃同学,0,0,normal
c_ext_00002289,p_ext_001772,eFkrRms1UE56YkNDdGRlV2lXaXNuSlBRbFd5YWhZUi9tWTJJZTVxbnNhaTZhcCtBakpXYXBKVzJ2dENIak5acGdyZW1hbzEzZkgyRmlXSjI=,,,可以自提吗,1,3,2026-02-24 17:47:57,高中生,0,0,normal
c_ext_00002290,p_ext_001416,u_ext_00203,,,这个窗口确实不错,21,3,2026-02-09 15:02:57,活跃同学,0,0,normal
c_ext_00002291,p_ext_001996,u_ext_00499,,,我也想参加,3,1,2026-05-02 12:07:57,资深坛友,0,0,normal
c_ext_00002292,p_ext_001278,u_ext_00328,,,在哪个校区交易,15,0,2026-04-22 01:15:57,校园达人,0,0,normal
c_ext_00002293,p_ext_000918,u_ext_00448,,,我也想参加,12,1,2026-04-10 20:19:57,普通用户,0,0,normal
c_ext_00002294,p_ext_001964,u_ext_00114,,,可以内推吗,26,1,2026-03-26 06:50:57,校园达人,0,0,normal
c_ext_00002295,p_ext_001035,u_ext_00237,,,这个岗位适合大三吗,21,1,2026-03-07 10:10:57,资深坛友,0,0,normal
c_ext_00002296,p_ext_001228,u_ext_00317,,,还在吗,3,3,2026-02-22 08:52:57,资深坛友,0,0,normal
c_ext_00002297,p_ext_001259,u_ext_00279,,,可以自提吗,12,2,2026-03-06 08:55:57,普通用户,0,0,normal
c_ext_00002298,p_ext_001950,u_ext_00429,,,时间合适的话可以,28,2,2026-05-09 22:39:57,普通用户,0,0,normal
c_ext_00002299,p_ext_001174,u_ext_00157,,,多少钱,26,3,2026-03-24 02:22:57,普通用户,0,0,normal
c_ext_00002300,p_ext_000203,dDQ1MWk1ZTN4YkIvazY2MmxYcXdvSU8zZktHWWhxWm9tR2RqYVptUnZhN0NwWTJLaDZlM1pwWE9wcFNNWnJSK2twSnJlcGxpa0krTGlXSjI=,,,简历要怎么投,26,0,2026-02-21 13:23:57,本科生,0,0,normal
c_ext_00002301,p_ext_000971,d29DSWJJelBvNHlGemN2WGluck5xNWJPaEthWlk1Q29ncU9NZ3BlTng2KzdnSnB0aDZldXI0ZTQxTmlDZkp1ZmhOQjhtWW1maDZxRGVXSjI=,,,在哪个校区交易,23,0,2026-02-23 13:12:57,硕士生,0,0,normal
c_ext_00002302,p_ext_000179,u_ext_00175,,,这个窗口确实不错,5,3,2026-05-06 13:01:57,资深坛友,0,0,normal
c_ext_00002303,p_ext_000578,dUkyTmk0RGRzNnVHek5DbmlIeTRxSUtUb1cySlk1QnNsMldFa29la3ROaTFqblN4bHM2WlpvV1MxTnFHZkxTQmlMbUVnNDJkZUl1SGlXSjI=,,,这个窗口确实不错,0,2,2026-02-20 01:10:57,本科生,0,0,normal
c_ext_00002304,p_ext_001660,u_ext_00320,,,期末重点有吗,2,3,2026-04-27 21:07:57,普通用户,0,0,normal
c_ext_00002305,p_ext_001695,u_ext_00358,,,多少钱,25,0,2026-02-18 13:00:57,活跃同学,0,0,normal
c_ext_00002306,p_ext_001236,u_ext_00413,,,多少钱,30,2,2026-05-05 15:41:57,普通用户,0,0,normal
c_ext_00002307,p_ext_000610,u_ext_00476,,,蹲一个搭子,8,1,2026-04-19 19:30:57,活跃同学,0,0,normal
c_ext_00002308,p_ext_001815,u_ext_00419,,,还在吗,19,0,2026-03-10 11:59:57,资深坛友,0,0,normal
c_ext_00002309,p_ext_000236,u_ext_00378,,,还在吗,0,1,2026-02-09 15:27:57,校园达人,0,0,normal
c_ext_00002310,p_ext_000695,u_ext_00326,,,期末重点有吗,27,2,2026-03-27 20:02:57,普通用户,0,0,normal
c_ext_00002311,p_ext_000538,u_ext_00475,,,还在吗,22,0,2026-02-05 07:37:57,活跃同学,0,0,normal
c_ext_00002312,2101560280,dFg2QmZJdVZxMzJIMExLemduM1NucE9VbG91Q1laQ1JpM3Q0cW9xT21LbTdnS04vaU16VWE1Yk50cWVOWjhhS2xzK3FiSXljbW4yTnIySjI=,,,还在吗,16,3,2026-05-06 04:33:57,初中生,0,0,normal
c_ext_00002313,p_ext_001510,u_ext_00110,,,可以自提吗,13,2,2026-03-02 20:04:57,校园达人,0,0,normal
c_ext_00002314,p_ext_000961,u_ext_00187,,,可以自提吗,26,3,2026-04-19 20:56:57,校园达人,0,0,normal
c_ext_00002315,2101580742,eFdsOWtZeXAwWDZWenE3UGpHWE9vWDZxZEpDT2Q2S0FtWXQ0cklGcms1ckdvNSt5ZlpTN2tJZVVycnFBWnFTbGs2cWFpWnlmaUh5SGlXSjI=,,,这个窗口确实不错,27,1,2026-04-22 23:31:57,本科生,0,0,normal
c_ext_00002316,p_ext_000676,czQrTmdYK3FyNFdVcDh6S2xvcXdoNVRNZUdpUmQ1MXFsbWVIc1lPbHZidTFhNStSbHFtbmk0dTFuWldYb05LRmZOeUlpWnA1ZkllVnIySjI=,,,可以自提吗,2,0,2026-03-29 00:58:57,本科生,0,0,normal
c_ext_00002317,p_ext_001430,u_ext_00181,,,还在吗,22,0,2026-02-15 02:20:57,校园达人,0,0,normal
c_ext_00002318,p_ext_001049,u_ext_00409,,,需要什么技术栈,18,1,2026-02-21 08:45:57,普通用户,0,0,normal
c_ext_00002319,p_ext_000344,u_ext_00383,,,感谢分享,30,1,2026-03-23 18:13:57,普通用户,0,0,normal
c_ext_00002320,p_ext_001418,u_ext_00133,,,还在吗,17,2,2026-02-08 21:50:57,校园达人,0,0,normal
c_ext_00002321,p_ext_000555,u_ext_00238,,,多少钱,13,0,2026-06-02 13:32:57,普通用户,0,0,normal
c_ext_00002322,p_ext_001425,u_ext_00156,,,还在吗,20,0,2026-02-28 05:03:57,校园达人,0,0,normal
c_ext_00002323,p_ext_001224,u_ext_00200,,,多少钱,25,3,2026-02-04 21:13:57,校园达人,0,0,normal
c_ext_00002324,p_ext_001325,cjZGc2lJdTZwNCtGcWFxMWhwL0daWCtUaEtPYm5tYXZncTkwcDRGc3JKdkRvb2h0bEpXV29vVFFydGlKbjZpTmhKT2llcHRqbm51QmVXSjI=,,,感谢分享,7,2,2026-05-10 01:28:57,讲师,0,0,normal
c_ext_00002325,p_ext_001248,u_ext_00412,,,在哪个校区交易,25,2,2026-02-23 11:18:57,资深坛友,0,0,normal
c_ext_00002326,p_ext_001123,u_ext_00222,,,在哪个校区交易,21,3,2026-03-31 02:21:57,活跃同学,0,0,normal
c_ext_00002327,p_ext_001538,u_ext_00248,,,可以自提吗,19,2,2026-03-09 04:47:57,校园达人,0,0,normal
c_ext_00002328,p_ext_000803,u_ext_00175,,,在哪个校区交易,1,2,2026-02-06 02:22:57,资深坛友,0,0,normal
c_ext_00002329,p_ext_001812,u_ext_00380,,,期末重点有吗,3,1,2026-05-07 03:08:57,校园达人,0,0,normal
c_ext_00002330,p_ext_001165,u_ext_00352,,,在哪个校区交易,23,2,2026-04-23 05:49:57,校园达人,0,0,normal
c_ext_00002331,p_ext_001743,u_ext_00177,,,还在吗,0,0,2026-05-31 13:05:57,校园达人,0,0,normal
c_ext_00002332,p_ext_000885,u_ext_00206,,,我也想参加,18,2,2026-03-25 12:56:57,普通用户,0,0,normal
c_ext_00002333,p_ext_000650,u_ext_00386,,,还在吗,11,3,2026-02-22 16:25:57,校园达人,0,0,normal
c_ext_00002334,p_ext_001327,u_ext_00398,,,蹲一个复习整理,11,3,2026-02-26 10:29:57,活跃同学,0,0,normal
c_ext_00002335,p_ext_000225,u_ext_00319,,,还在吗,29,2,2026-04-26 03:30:57,资深坛友,0,0,normal
c_ext_00002336,p_ext_000897,u_ext_00226,,,多少钱,27,0,2026-03-29 20:42:57,活跃同学,0,0,normal
c_ext_00002337,p_ext_000897,dzQrWGhaYTV6V3FGdDlUTGdudW9yb1dUbld5TmhvQnFqbWlJcTQrbXk5SERwcHVobFpYVmdZYXBsYWlHZkp0K2hhcUVlcHVjWnFxRGVXSjI=,,,多少钱,23,1,2026-02-23 06:07:57,高中生,0,0,normal
c_ext_00002338,p_ext_001160,u_ext_00494,,,在哪个校区交易,14,3,2026-04-29 05:36:57,活跃同学,0,0,normal
c_ext_00002339,p_ext_000376,u_ext_00239,,,蹲一个搭子,27,2,2026-05-25 08:09:57,普通用户,0,0,normal
c_ext_00002340,p_ext_000405,u_ext_00332,,,还在吗,28,2,2026-03-19 06:43:57,活跃同学,0,0,normal
c_ext_00002341,p_ext_001380,u_ext_00400,,,在哪个校区交易,29,1,2026-02-05 04:39:57,校园达人,0,0,normal
c_ext_00002342,p_ext_001049,u_ext_00496,,,需要什么技术栈,15,1,2026-04-15 07:16:57,校园达人,0,0,normal
c_ext_00002343,p_ext_001142,u_ext_00231,,,还在吗,17,2,2026-05-01 17:37:57,校园达人,0,0,normal
c_ext_00002344,p_ext_000945,u_ext_00334,,,简历要怎么投,30,0,2026-03-05 05:01:57,资深坛友,0,0,normal
c_ext_00002345,p_ext_000734,eEtTZWJaYlExWHFJemFxWGhZdW9yb3ZNZjJtUW5vU0VpbzJXaEltbHVkQ3pvbzJ5bGRISmc1YTZ0c3VNak5LR2xMZVdyb1ZrbnBtSGlXSjI=,,,这个窗口确实不错,10,0,2026-04-13 05:36:57,硕士生,0,0,normal
c_ext_00002346,p_ext_000685,u_ext_00118,,,可以自提吗,4,0,2026-02-17 01:44:57,资深坛友,0,0,normal
c_ext_00002347,p_ext_001168,dElDZmU0VzYwV2VHemRpcmxxSFNwSVdTcXFpYVlaNTltSHBqcTRGc3FjNnZnSVdPZ0xpbmVvdXBxcnVXZmJCbWdLcWhiSnAzZkh1SGlXSjI=,,,在哪个校区交易,27,3,2026-04-09 14:21:57,高中生,0,0,normal
c_ext_00002348,p_ext_000257,u_ext_00259,,,多少钱,15,1,2026-03-01 21:42:57,活跃同学,0,0,normal
c_ext_00002349,p_ext_001695,u_ext_00204,,,多少钱,15,0,2026-04-24 07:10:57,资深坛友,0,0,normal
c_ext_00002350,p_ext_000990,u_ext_00374,,,可以自提吗,7,1,2026-03-16 22:20:57,普通用户,0,0,normal
c_ext_00002351,p_ext_000111,u_ext_00230,,,多少钱,22,3,2026-06-02 01:07:57,活跃同学,0,0,normal
c_ext_00002352,p_ext_001074,u_ext_00419,,,可以自提吗,5,0,2026-06-01 20:11:57,资深坛友,0,0,normal
c_ext_00002353,p_ext_001384,u_ext_00279,,,多少钱,23,1,2026-02-09 08:28:57,普通用户,0,0,normal
c_ext_00002354,p_ext_001971,dDMxb2E0ZmMxYU9XcWR5MGxJMjhwSDdRZElhTXFxcVpnbnlJaW9lbno3RzFmb21uZmQzTmlZUFF1ZGlJb05Hc2lwS2FpSU5qbldxWHIySjI=,,,我也想参加,21,0,2026-02-18 09:46:57,初中生,0,0,normal
c_ext_00002355,p_ext_001451,u_ext_00451,,,多少钱,30,0,2026-04-05 04:00:57,活跃同学,0,0,normal
c_ext_00002356,p_ext_001625,u_ext_00242,,,蹲一个复习整理,18,3,2026-04-11 21:09:57,资深坛友,0,0,normal
c_ext_00002357,p_ext_001053,u_ext_00337,,,在哪个校区交易,18,1,2026-05-25 00:00:57,资深坛友,0,0,normal
c_ext_00002358,p_ext_001657,u_ext_00406,,,多少钱,11,2,2026-03-12 15:16:57,校园达人,0,0,normal
c_ext_00002359,p_ext_001371,u_ext_00401,,,在哪个校区交易,17,2,2026-02-10 03:27:57,校园达人,0,0,normal
c_ext_00002360,p_ext_001109,cjJtanNZVzdzNHVBcUxYWWlvckthWWpNaDZxTlpKNkdobWlWcTRtUno1bkNzcCt1aWJmTmUzNlYwOXFVcnRhZWxLaDhqcHAzZUsrWHIySjI=,,,这个窗口确实不错,19,3,2026-03-29 02:12:57,初中生,0,0,normal
c_ext_00002361,p_ext_000474,u_ext_00346,,,我也想参加,13,1,2026-06-01 22:54:57,校园达人,0,0,normal
c_ext_00002362,p_ext_000547,dTVDWHJKZk51MzkvcHFhbWlhTzhoSmFvbG95YWlJeVJsb3BqcUlHenBKbXdqcDZ3aWREWXFJZVMwTmFCWnM1bmhxZHFhWnlHZ0lLRmlXSjI=,,,期末重点有吗,13,1,2026-04-18 11:14:57,高中生,0,0,normal
c_ext_00002363,p_ext_001675,czMxbnNaU251NUNBcHI2cGlHVzhkNGE2ZktXRlk2S0poMmlpZ28rbTA5dkZvMzJ5Z0xpN2VwV295TnVIWnNxTmhaUjhwSnFGaklTRGVXSjI=,,,这个岗位适合大三吗,9,0,2026-05-13 14:52:57,高中生,0,0,normal
c_ext_00002364,p_ext_000328,u_ext_00329,,,多少钱,16,2,2026-04-09 08:12:57,校园达人,0,0,normal
c_ext_00002365,p_ext_001397,cm9DQWJZYlF1MmFTdU15MWxtZXNhSkxPaUdpTG5vQ2tmNjkwYVl0cXo3MjNmNGx1bDdxdmZvWE9wczJFYU1wb2ZKU1dnSW1KZUpLVnIySjI=,,,还在吗,5,1,2026-04-20 11:43:57,硕士生,0,0,normal
c_ext_00002366,p_ext_001885,u_ext_00484,,,可以自提吗,10,3,2026-05-11 21:24:57,活跃同学,0,0,normal
c_ext_00002367,p_ext_001175,u_ext_00291,,,还在吗,21,1,2026-02-18 13:36:57,活跃同学,0,0,normal
c_ext_00002368,p_ext_000116,dzQ5b2JJYTYwWXVLdHN5cGwzeXNacGFwaEdxT201cDhpNG1Nam94cnNlQ3ZhbXhwaTlETlpwV1MyS21ZakxTT2tyZDNzSVdlYjRHWHIySjI=,,,多少钱,30,3,2026-04-08 23:32:57,本科生,0,0,normal
c_ext_00002369,p_ext_001941,dHBCMW81U254WDZEemEyVmhhRGFkbjdPZ0lDUllwbHBsNHFtb1l0OXJiVERzb0J0ZjVhM2lwYTYwOU9WZkp0NWxLaUFqWkYwYjRlSWlXSjI=,,,可以自提吗,30,1,2026-04-19 07:27:57,硕士生,0,0,normal
c_ext_00002370,p_ext_001487,u_ext_00157,,,可以自提吗,4,0,2026-03-09 19:56:57,普通用户,0,0,normal
c_ext_00002371,p_ext_000919,u_ext_00148,,,可以自提吗,26,2,2026-02-12 03:54:57,资深坛友,0,0,normal
c_ext_00002372,p_ext_001182,u_ext_00113,,,多少钱,6,2,2026-05-16 04:15:57,活跃同学,0,0,normal
c_ext_00002373,p_ext_001022,u_ext_00324,,,多少钱,22,0,2026-03-13 19:59:57,校园达人,0,0,normal
c_ext_00002374,p_ext_001760,u_ext_00369,,,求资料,7,0,2026-03-10 17:23:57,普通用户,0,0,normal
c_ext_00002375,p_ext_000883,u_ext_00486,,,活动还有名额吗,4,1,2026-06-01 05:21:57,普通用户,0,0,normal
c_ext_00002376,p_ext_000916,dEtLYm1vTzYwWjZMdDlTNmdYdk5yWVNvb3FTTGRaMnZoYUdhb29pUnJkbXpqbjJObHJpWmE0VzV1clNZaXNsa2xiZUVhb1dlZktXWXIySjI=,,,还在吗,17,2,2026-05-24 13:08:57,初中生,0,0,normal
c_ext_00002377,p_ext_001347,u_ext_00359,,,在哪个校区交易,15,3,2026-04-13 14:38:57,校园达人,0,0,normal
c_ext_00002378,p_ext_000600,u_ext_00285,,,求资料,12,3,2026-04-25 19:12:57,资深坛友,0,0,normal
c_ext_00002379,p_ext_000182,u_ext_00299,,,蹲一个搭子,13,3,2026-02-22 21:13:57,校园达人,0,0,normal
c_ext_00002380,p_ext_000481,dUkyTmk0RGRzNnVHek5DbmlIeTRxSUtUb1cySlk1QnNsMldFa29la3ROaTFqblN4bHM2WlpvV1MxTnFHZkxTQmlMbUVnNDJkZUl1SGlXSjI=,,,在哪个校区交易,14,0,2026-03-15 23:04:57,本科生,0,0,normal
c_ext_00002381,p_ext_000364,u_ext_00335,,,在哪个校区交易,6,1,2026-05-12 12:14:57,校园达人,0,0,normal
c_ext_00002382,p_ext_001840,u_ext_00114,,,还在吗,0,0,2026-05-05 23:12:57,校园达人,0,0,normal
c_ext_00002383,p_ext_000880,eFkrRms1UE56YkNDdGRlV2lXaXNuSlBRbFd5YWhZUi9tWTJJZTVxbnNhaTZhcCtBakpXYXBKVzJ2dENIak5acGdyZW1hbzEzZkgyRmlXSjI=,,,我也想参加,13,2,2026-03-27 17:02:57,高中生,0,0,normal
c_ext_00002384,p_ext_001014,u_ext_00313,,,还在吗,11,0,2026-04-19 09:51:57,普通用户,0,0,normal
c_ext_00002385,p_ext_000170,cnFSOW81YVRsckNXdXFiTGhHak5ySWpPbm9tR2lJTnJqb3Q3cjRTUHNOeTRwSFd4ZjdpdnJwUFB0cTJOWjdSbmlzK2VwSkY0b211V3IySjI=,,,活动还有名额吗,19,0,2026-03-17 09:08:57,高中生,0,0,normal
c_ext_00002386,p_ext_001414,u_ext_00211,,,这个窗口确实不错,12,0,2026-05-09 07:09:57,校园达人,0,0,normal
c_ext_00002387,p_ext_000790,u_ext_00160,,,多少钱,27,3,2026-03-31 04:17:57,资深坛友,0,0,normal
c_ext_00002388,p_ext_000904,u_ext_00291,,,在哪个校区交易,25,0,2026-02-27 05:30:57,活跃同学,0,0,normal
c_ext_00002389,2101549384,u_ext_00378,,,这个窗口确实不错,5,3,2026-02-23 21:34:57,校园达人,0,0,normal
c_ext_00002390,p_ext_001053,u_ext_00305,,,在哪个校区交易,5,2,2026-05-03 19:06:57,活跃同学,0,0,normal
c_ext_00002391,p_ext_000794,u_ext_00133,,,多少钱,5,2,2026-02-25 15:30:57,校园达人,0,0,normal
c_ext_00002392,p_ext_000614,u_ext_00497,,,蹲一个搭子,12,3,2026-03-07 22:09:57,普通用户,0,0,normal
c_ext_00002393,p_ext_001908,u_ext_00173,,,可以自提吗,20,3,2026-04-19 04:53:57,校园达人,0,0,normal
c_ext_00002394,p_ext_000338,cjMrZWFZV1dxNHAva3REYmhhK25hSU8yaDYrS2RLcUxqbnFpcEpxQnJhNjJpNmV3aExtemlJcVR1cVNZamJTZWxybW1qWnVhYjRtRmlXSjI=,,,多少钱,13,3,2026-04-07 16:20:57,高中生,0,0,normal
c_ext_00002395,p_ext_001233,dzQrWGhaYTV6V3FGdDlUTGdudW9yb1dUbld5TmhvQnFqbWlJcTQrbXk5SERwcHVobFpYVmdZYXBsYWlHZkp0K2hhcUVlcHVjWnFxRGVXSjI=,,,在哪个校区交易,6,1,2026-05-16 08:29:57,高中生,0,0,normal
c_ext_00002396,p_ext_001488,u_ext_00225,,,在哪个校区交易,17,1,2026-03-13 13:24:57,普通用户,0,0,normal
c_ext_00002397,p_ext_000777,u_ext_00148,,,多少钱,22,1,2026-05-27 13:13:57,资深坛友,0,0,normal
c_ext_00002398,p_ext_001357,u_ext_00140,,,在哪个校区交易,27,1,2026-03-11 06:52:57,校园达人,0,0,normal
c_ext_00002399,p_ext_000544,u_ext_00441,,,可以内推吗,27,3,2026-05-31 16:55:57,普通用户,0,0,normal
c_ext_00002400,p_ext_001857,u_ext_00109,,,可以自提吗,29,2,2026-03-17 17:24:57,校园达人,0,0,normal
c_ext_00002401,p_ext_000522,u_ext_00320,,,这个窗口确实不错,11,2,2026-05-25 22:48:57,普通用户,0,0,normal
c_ext_00002402,p_ext_001840,u_ext_00296,,,可以自提吗,20,2,2026-04-06 13:16:57,资深坛友,0,0,normal
c_ext_00002403,2101582125,u_ext_00138,,,多少钱,18,2,2026-02-06 10:46:57,活跃同学,0,0,normal
c_ext_00002404,p_ext_001333,c3BDRWE1YmRzNmFXdDVqWmlxUE9nWWpQZUg2RmVKNktsNHQ4azRlUXg5YXpmYUtyaEttcmZaT1NxcGVFcjdSOGc3YWFnSTJjYjJtWHIySjI=,,,活动还有名额吗,19,0,2026-02-25 07:48:57,本科生,0,0,normal
c_ext_00002405,p_ext_001762,u_ext_00363,,,活动还有名额吗,9,2,2026-02-11 22:55:57,普通用户,0,0,normal
c_ext_00002406,p_ext_001109,u_ext_00201,,,这个窗口确实不错,23,2,2026-05-08 11:01:57,校园达人,0,0,normal
c_ext_00002407,p_ext_001729,u_ext_00422,,,活动还有名额吗,21,3,2026-03-18 20:19:57,资深坛友,0,0,normal
c_ext_00002408,2101572727,u_ext_00334,,,还在吗,22,2,2026-02-09 21:52:57,资深坛友,0,0,normal
c_ext_00002409,p_ext_001146,u_ext_00464,,,期末重点有吗,28,3,2026-05-18 21:31:57,普通用户,0,0,normal
c_ext_00002410,p_ext_001644,dXFXbnJaU3FrcStTMjUzT2dhTFdvSWJOYTZDRVlZeVJnb3VJclp1TnZiQzBhR1NoZ05Demg0clExTnFJb2Nab2haS0VmWU5qcW4rT3IySjI=,,,这个窗口确实不错,24,0,2026-02-04 17:55:57,高中生,0,0,normal
c_ext_00002411,p_ext_001042,u_ext_00257,,,活动还有名额吗,27,0,2026-02-08 12:49:57,活跃同学,0,0,normal
c_ext_00002412,2101589433,u_ext_00240,,,蹲一个搭子,7,3,2026-03-06 12:47:57,活跃同学,0,0,normal
c_ext_00002413,p_ext_000903,dG42TnEzL091NHVTMEw3T2w2RzRaNVducHFtRlluOXJnNHg0aTRoOXk5M0RwbldEaEpXNmFKVzV0cldIWjlxS2lNNmVvSVdybXFxQmVXSjI=,,,需要什么技术栈,14,0,2026-04-30 22:21:57,本科生,0,0,normal
c_ext_00002414,p_ext_001955,u_ext_00304,,,多少钱,2,2,2026-05-24 16:16:57,资深坛友,0,0,normal
c_ext_00002415,p_ext_001739,u_ext_00230,,,多少钱,15,2,2026-05-30 00:29:57,活跃同学,0,0,normal
c_ext_00002416,p_ext_001535,dFg2QmZJdVZxMzJIMExLemduM1NucE9VbG91Q1laQ1JpM3Q0cW9xT21LbTdnS04vaU16VWE1Yk50cWVOWjhhS2xzK3FiSXljbW4yTnIySjI=,,,感谢分享,26,3,2026-05-27 00:39:57,初中生,0,0,normal
c_ext_00002417,p_ext_001161,u_ext_00315,,,时间合适的话可以,5,0,2026-03-09 21:51:57,普通用户,0,0,normal
c_ext_00002418,p_ext_001765,u_ext_00195,,,还在吗,3,3,2026-05-31 06:51:57,普通用户,0,0,normal
c_ext_00002419,2101541641,u_ext_00209,,,还在吗,20,1,2026-03-13 17:24:57,资深坛友,0,0,normal
c_ext_00002420,p_ext_000460,cjJtanNZVzdzNHVBcUxYWWlvckthWWpNaDZxTlpKNkdobWlWcTRtUno1bkNzcCt1aWJmTmUzNlYwOXFVcnRhZWxLaDhqcHAzZUsrWHIySjI=,,,多少钱,13,2,2026-02-13 15:34:57,初中生,0,0,normal
c_ext_00002421,2101601867,dzVCMXI0WFB5WTJGbExYWGpZcTRub3FUb29LRllhNnRtWXVFaDRlUnk3ckZqNDJCaTlHM3JJdXB1dGFHZTZScGZxZUFhSm1Gbm02R2lXSjI=,,,可以自提吗,11,0,2026-05-03 21:11:57,博士生,0,0,normal
c_ext_00002422,p_ext_001660,u_ext_00242,,,感谢分享,24,1,2026-04-06 22:26:57,资深坛友,0,0,normal
c_ext_00002423,p_ext_000487,u_ext_00246,,,时间合适的话可以,7,0,2026-03-09 00:39:57,活跃同学,0,0,normal
c_ext_00002424,p_ext_000838,u_ext_00434,,,简历要怎么投,23,3,2026-05-25 08:35:57,活跃同学,0,0,normal
c_ext_00002425,p_ext_000101,u_ext_00238,,,在哪个校区交易,14,2,2026-02-13 15:33:57,普通用户,0,0,normal
c_ext_00002426,p_ext_000317,u_ext_00433,,,在哪个校区交易,0,1,2026-04-05 17:15:57,资深坛友,0,0,normal
c_ext_00002427,p_ext_001939,u_ext_00496,,,这个窗口确实不错,4,1,2026-05-08 20:02:57,校园达人,0,0,normal
c_ext_00002428,p_ext_000942,u_ext_00425,,,还在吗,30,1,2026-03-22 01:52:57,资深坛友,0,0,normal
c_ext_00002429,p_ext_000437,u_ext_00116,,,可以自提吗,12,0,2026-03-27 20:49:57,普通用户,0,0,normal
c_ext_00002430,p_ext_001921,u_ext_00274,,,可以自提吗,29,3,2026-03-04 09:54:57,活跃同学,0,0,normal
c_ext_00002431,p_ext_001313,dTJtZmdwZTIxYStUcUxYVGxHV1RvNGUzZUtLWmQ0ZHRpR2lJcVpsL3g3UERvb2l3bGRHcnE0UzRwcm1BZXErdWxaT0lzWVNFYjJpSmlXSjI=,,,蹲一个复习整理,19,0,2026-05-17 04:36:57,硕士生,0,0,normal
c_ext_00002432,p_ext_000813,u_ext_00221,,,还在吗,2,3,2026-04-19 07:33:57,资深坛友,0,0,normal
c_ext_00002433,p_ext_001851,dFg2QmZJdVZxMzJIMExLemduM1NucE9VbG91Q1laQ1JpM3Q0cW9xT21LbTdnS04vaU16VWE1Yk50cWVOWjhhS2xzK3FiSXljbW4yTnIySjI=,,,可以自提吗,1,3,2026-03-27 11:55:57,初中生,0,0,normal
c_ext_00002434,p_ext_000609,u_ext_00208,,,在哪个校区交易,6,2,2026-05-01 08:06:57,校园达人,0,0,normal
c_ext_00002435,p_ext_001083,u_ext_00250,,,还在吗,6,1,2026-04-08 06:17:57,活跃同学,0,0,normal
c_ext_00002436,p_ext_001871,u_ext_00197,,,这个窗口确实不错,22,1,2026-05-14 20:46:57,普通用户,0,0,normal
c_ext_00002437,2101634205,u_ext_00486,,,这个窗口确实不错,4,1,2026-03-20 20:57:57,普通用户,0,0,normal
c_ext_00002438,p_ext_001685,u_ext_00264,,,这个窗口确实不错,6,3,2026-06-03 03:13:57,活跃同学,0,0,normal
c_ext_00002439,p_ext_001099,u_ext_00131,,,这个窗口确实不错,13,0,2026-04-19 01:22:57,普通用户,0,0,normal
c_ext_00002440,p_ext_001827,u_ext_00226,,,时间合适的话可以,28,2,2026-05-02 19:52:57,活跃同学,0,0,normal
c_ext_00002441,p_ext_001024,d24rcmJvQzN4R2w4bEpuSmlaK3NncE9TaElHQ1k1cHVpWDJoc1lPUHJiTzdmWnVIakxuTmwzN05uYzJZZkxoOGhaS01yWTJyaktxRGVXSjI=,,,还在吗,20,1,2026-03-15 05:47:57,本科生,0,0,normal
c_ext_00002442,p_ext_000821,u_ext_00468,,,活动还有名额吗,22,3,2026-02-21 19:51:57,校园达人,0,0,normal
c_ext_00002443,p_ext_000378,u_ext_00245,,,我也想参加,19,2,2026-03-26 13:12:57,资深坛友,0,0,normal
c_ext_00002444,p_ext_000188,u_ext_00453,,,多少钱,2,2,2026-04-27 11:25:57,资深坛友,0,0,normal
c_ext_00002445,p_ext_001378,dUtWc2lJaW9scUtTdWRDNGhubXpaSUMzbm5xRm5wbXdobzJpbzVDbTI5ckVmcHRyaHM2U29KVE8xTkNKWjdTVmxxcWVob3ViaDdDTnIySjI=,,,这个窗口确实不错,30,1,2026-05-23 06:39:57,硕士生,0,0,normal
c_ext_00002446,p_ext_000315,dXFLSmlwYW5zNnlVa3FxM2xtVzRycGE0ZDIyT2VZeG9sMmlBb1psOG05N0RrSWh1Z2Flam9aV1UwTmlVcjZPdGk2aWhzSnQ1Z0hxRmlXSjI=,,,多少钱,9,1,2026-04-12 18:37:57,小学生,0,0,normal
c_ext_00002447,2101521276,u_ext_00222,,,可以自提吗,20,2,2026-05-04 05:43:57,活跃同学,0,0,normal
c_ext_00002448,2101506544,u_ext_00398,,,还在吗,23,1,2026-02-24 13:23:57,活跃同学,0,0,normal
c_ext_00002449,p_ext_000118,u_ext_00358,,,可以自提吗,20,0,2026-05-24 08:08:57,活跃同学,0,0,normal
c_ext_00002450,p_ext_000358,u_ext_00410,,,在哪个校区交易,20,1,2026-03-02 04:46:57,活跃同学,0,0,normal
c_ext_00002451,p_ext_000194,u_ext_00482,,,可以内推吗,28,1,2026-05-31 17:09:57,活跃同学,0,0,normal
c_ext_00002452,p_ext_000483,dFk2aWE0UzVyNmVMdUw3UmxwK3dkNVc2aUgrTGRvaWlqcUtXczVxa3VhN0VqV05zaGFpdmczNlUwTHVGaXBPRWhzK2RycHFlakl1SmlXSjI=,,,可以自提吗,21,0,2026-05-30 22:59:57,小学生,0,0,normal
c_ext_00002453,p_ext_001521,dDJ1WHNZQ25vMzJGdHI3UGlZck5aNFhRZUl1Sm5LcUpnb3hucVl5eno3QzRqcDZ3bE4yN3BwVGN2cStOWnNXcWlwT01wWVY1cGFxQmVXSjI=,,,还在吗,2,2,2026-05-13 03:54:57,初中生,0,0,normal
c_ext_00002454,p_ext_000839,dXFXbnJaU3FrcStTMjUzT2dhTFdvSWJOYTZDRVlZeVJnb3VJclp1TnZiQzBhR1NoZ05Demg0clExTnFJb2Nab2haS0VmWU5qcW4rT3IySjI=,,,还在吗,23,3,2026-05-08 05:00:57,高中生,0,0,normal
c_ext_00002455,p_ext_001719,u_ext_00380,,,感谢分享,17,0,2026-04-28 13:37:57,校园达人,0,0,normal
c_ext_00002456,p_ext_001309,cjMrRms1ZXJyNE4vcWR2YWlJdktySkxjbHFlTG5hYXJpNkdpajVxbTA2KzFrSFd6bHMrN281UFF0cTZJZTZTRGdMcUxhWkNkZkdpQ2VXSjI=,,,在哪个校区交易,21,2,2026-04-04 13:38:57,硕士生,0,0,normal
c_ext_00002457,p_ext_001542,u_ext_00479,,,这个窗口确实不错,2,2,2026-05-30 14:23:57,普通用户,0,0,normal
c_ext_00002458,p_ext_000617,u_ext_00410,,,这个窗口确实不错,4,3,2026-03-22 08:53:57,活跃同学,0,0,normal
c_ext_00002459,p_ext_001182,eEpDYnE0UFB5WjZMemN6SmxxSzBkNVBNbWJHS2g0Ujhqbmltc0lTenlwaTNzb1ZyZ05HanFvT3FwZHQvWnJ5RWt0eDRwSXFlb3FDR2lXSjI=,,,还在吗,25,2,2026-02-06 17:17:57,硕士生,0,0,normal
c_ext_00002460,p_ext_000818,u_ext_00152,,,还在吗,1,3,2026-05-19 16:53:57,活跃同学,0,0,normal
c_ext_00002461,p_ext_001414,u_ext_00421,,,可以自提吗,17,1,2026-03-21 06:30:57,普通用户,0,0,normal
c_ext_00002462,p_ext_001569,u_ext_00185,,,在哪个校区交易,1,1,2026-02-06 20:25:57,校园达人,0,0,normal
c_ext_00002463,p_ext_001897,dzQ5b2JJYTYwWXVLdHN5cGwzeXNacGFwaEdxT201cDhpNG1Nam94cnNlQ3ZhbXhwaTlETlpwV1MyS21ZakxTT2tyZDNzSVdlYjRHWHIySjI=,,,还在吗,26,0,2026-04-23 23:37:57,本科生,0,0,normal
c_ext_00002464,p_ext_001473,cnFSOW81YVRsckNXdXFiTGhHak5ySWpPbm9tR2lJTnJqb3Q3cjRTUHNOeTRwSFd4ZjdpdnJwUFB0cTJOWjdSbmlzK2VwSkY0b211V3IySjI=,,,多少钱,8,2,2026-05-04 01:45:57,高中生,0,0,normal
c_ext_00002465,p_ext_000655,u_ext_00301,,,还在吗,21,0,2026-02-17 16:38:57,资深坛友,0,0,normal
c_ext_00002466,p_ext_000419,u_ext_00401,,,这个窗口确实不错,21,3,2026-02-07 23:25:57,校园达人,0,0,normal
c_ext_00002467,p_ext_000821,u_ext_00161,,,活动还有名额吗,28,3,2026-04-29 08:09:57,资深坛友,0,0,normal
c_ext_00002468,p_ext_000676,u_ext_00153,,,这个窗口确实不错,22,0,2026-04-19 04:11:57,普通用户,0,0,normal
c_ext_00002469,p_ext_001524,czMxb2s1V3ExWWFIemN5bWhLR29wWWVTaktDSllXdDdpcUJqYnBta3RaYXVqMzE4bFphcmZuMlR6OW1XcjdDQWs3cUltWWlJWnJDWHIySjI=,,,还在吗,7,3,2026-03-12 07:36:57,本科生,0,0,normal
c_ext_00002470,p_ext_000653,dzZXQmdJTzZsckNGdDVXcWZtaWtxSk81aUt1RmlZK3dpcUdhanBxbHZiKzBwWDE5bHFqSXJJS1VxdEdZbjdoN2c5dHJzbzJjaEltS2lXSjI=,,,时间合适的话可以,6,1,2026-05-12 10:41:57,本科生,0,0,normal
c_ext_00002471,p_ext_001795,c0h4NWlJelF0bXAvdHNlVmYyZkdqSlMzZ0lHWXE2S25pWHFXcklWKzI3akZmSmVBbHFtN3FaU25zcGFXbjZTTGhxbVphNFZob3FtSGlXSjI=,,,多少钱,24,3,2026-02-03 17:42:57,高中生,0,0,normal
c_ext_00002472,p_ext_001405,u_ext_00417,,,可以自提吗,20,3,2026-03-09 23:29:57,资深坛友,0,0,normal
c_ext_00002473,p_ext_000301,eEdxWGlwU1dzbXFTdXNqV2xIckdmNFROaUt5YWlJaW9sNGwwYkltTnVkQ3lqSVZwbEtpV2ZKT1VsYzZZamFpTGhLZG5oNHliZ0llSGlXSjI=,,,多少钱,14,3,2026-04-30 18:41:57,高中生,0,0,normal
c_ext_00002474,p_ext_001046,u_ext_00357,,,在哪个校区交易,3,3,2026-03-11 05:04:57,普通用户,0,0,normal
c_ext_00002475,p_ext_000132,u_ext_00103,,,蹲一个搭子,30,3,2026-03-04 20:38:57,校园达人,0,0,normal
c_ext_00002476,p_ext_001871,u_ext_00382,,,多少钱,27,1,2026-03-31 21:03:57,活跃同学,0,0,normal
c_ext_00002477,p_ext_001977,u_ext_00225,,,可以内推吗,26,1,2026-04-08 16:28:57,普通用户,0,0,normal
c_ext_00002478,p_ext_000696,u_ext_00246,,,可以自提吗,8,2,2026-04-24 23:28:57,活跃同学,0,0,normal
c_ext_00002479,p_ext_000393,dHFWNWU0ZVV5YTZFdHJuWGhxL09xNGVub1dxSWhxRm9pV2Q0am9sc3o4REdwbjJrZ2F2Tmg0U290ckdVWjd5Qmk4eUVqcHA0Zkd1SmlXSjI=,,,可以自提吗,18,1,2026-05-02 12:10:57,初中生,0,0,normal
c_ext_00002480,p_ext_001768,dGFKNGFZQ1QxWWFIMExiUWwyYTRoMzY0bW9lUmVLMXBsNkdMYVkyaTE5T3dmWmVFaGFpV3JwUE4zTGlJcjhxTWk2cWlzcG1Jakh1WHIySjI=,,,可以自提吗,5,2,2026-05-24 10:15:57,硕士生,0,0,normal
c_ext_00002481,p_ext_001681,u_ext_00150,,,这个窗口确实不错,20,1,2026-05-14 23:36:57,普通用户,0,0,normal
c_ext_00002482,p_ext_000713,u_ext_00331,,,多少钱,17,1,2026-02-20 07:53:57,普通用户,0,0,normal
c_ext_00002483,p_ext_001215,u_ext_00461,,,求资料,25,2,2026-03-09 13:38:57,普通用户,0,0,normal
c_ext_00002484,p_ext_000824,u_ext_00161,,,多少钱,10,0,2026-03-20 04:25:57,资深坛友,0,0,normal
c_ext_00002485,p_ext_001956,u_ext_00326,,,可以自提吗,29,1,2026-02-10 17:41:57,普通用户,0,0,normal
c_ext_00002486,p_ext_001409,u_ext_00176,,,在哪个校区交易,12,0,2026-03-17 18:04:57,资深坛友,0,0,normal
c_ext_00002487,p_ext_001527,u_ext_00130,,,还在吗,1,2,2026-04-08 19:57:57,校园达人,0,0,normal
c_ext_00002488,p_ext_001264,cjMrRms1ZXJyNE4vcWR2YWlJdktySkxjbHFlTG5hYXJpNkdpajVxbTA2KzFrSFd6bHMrN281UFF0cTZJZTZTRGdMcUxhWkNkZkdpQ2VXSjI=,,,可以自提吗,14,3,2026-02-11 01:17:57,硕士生,0,0,normal
c_ext_00002489,p_ext_001880,u_ext_00174,,,我也想参加,17,2,2026-03-27 16:25:57,校园达人,0,0,normal
c_ext_00002490,p_ext_000135,u_ext_00155,,,还在吗,4,1,2026-03-05 04:36:57,校园达人,0,0,normal
c_ext_00002491,2101552196,u_ext_00368,,,可以自提吗,12,3,2026-05-01 17:16:57,活跃同学,0,0,normal
c_ext_00002492,p_ext_000926,u_ext_00309,,,还在吗,14,0,2026-04-11 09:09:57,活跃同学,0,0,normal
c_ext_00002493,p_ext_000516,cjMrRms1ZXJyNE4vcWR2YWlJdktySkxjbHFlTG5hYXJpNkdpajVxbTA2KzFrSFd6bHMrN281UFF0cTZJZTZTRGdMcUxhWkNkZkdpQ2VXSjI=,,,可以自提吗,11,3,2026-05-05 22:33:57,硕士生,0,0,normal
c_ext_00002494,p_ext_001975,u_ext_00431,,,在哪个校区交易,8,2,2026-03-25 12:48:57,普通用户,0,0,normal
c_ext_00002495,p_ext_000427,u_ext_00360,,,期末重点有吗,4,0,2026-05-30 06:31:57,资深坛友,0,0,normal
c_ext_00002496,p_ext_001344,u_ext_00445,,,可以内推吗,10,2,2026-05-27 17:47:57,活跃同学,0,0,normal
c_ext_00002497,p_ext_001989,u_ext_00241,,,多少钱,7,1,2026-03-12 08:01:57,资深坛友,0,0,normal
c_ext_00002498,p_ext_001485,u_ext_00223,,,还在吗,30,1,2026-03-10 17:28:57,普通用户,0,0,normal
c_ext_00002499,p_ext_001072,u_ext_00323,,,我也想参加,4,1,2026-04-19 06:50:57,活跃同学,1,0,normal
c_ext_00002500,p_ext_000788,u_ext_00140,,,可以自提吗,10,1,2026-05-22 20:36:57,校园达人,0,0,normal
c_ext_00002501,p_ext_000985,u_ext_00402,,,求资料,14,2,2026-04-28 17:40:57,校园达人,0,0,normal
c_ext_00002502,p_ext_001268,u_ext_00268,,,期末重点有吗,28,1,2026-03-19 11:37:57,资深坛友,0,0,normal
c_ext_00002503,p_ext_001338,dzR5RnNJVFFybWFHM0xhNWdudThvNHVuZzdDSmRZU3JnWXA0a28rano5M0ZqM21EbGMzRm5vaXBzWmFVWjVPRGlybU1tWkdJZ0c2WXIySjI=,,,感谢分享,8,1,2026-03-19 19:33:57,本科生,0,0,normal
c_ext_00002504,p_ext_001682,u_ext_00134,,,多少钱,18,1,2026-03-24 12:13:57,活跃同学,0,0,normal
c_ext_00002505,p_ext_001061,u_ext_00242,,,在哪个校区交易,1,1,2026-02-05 09:10:57,资深坛友,0,0,normal
c_ext_00002506,p_ext_001595,d24ramduK1VzcTkvdHI2VGdYbTRubjYzaUk2TllxS2ttWXQ4b28xK3ViU3prSXlyZzd1bmk1T24wTFNXZTlKM2Y1U1dpSXFHaEk2TGlXSjI=,,,这个窗口确实不错,14,1,2026-02-10 03:02:57,小学生,0,0,normal
c_ext_00002507,p_ext_001769,u_ext_00492,,,期末重点有吗,19,3,2026-03-19 02:20:57,活跃同学,0,0,normal
c_ext_00002508,p_ext_001257,u_ext_00216,,,蹲一个搭子,19,1,2026-02-04 16:24:57,普通用户,0,0,normal
c_ext_00002509,p_ext_001506,u_ext_00458,,,这个窗口确实不错,7,0,2026-03-26 15:51:57,资深坛友,0,0,normal
c_ext_00002510,p_ext_001807,u_ext_00222,,,这个窗口确实不错,27,0,2026-03-04 09:54:57,活跃同学,0,0,normal
c_ext_00002511,p_ext_001962,u_ext_00469,,,感谢分享,2,2,2026-04-17 10:29:57,校园达人,0,0,normal
c_ext_00002512,p_ext_000164,u_ext_00262,,,需要什么技术栈,22,0,2026-02-16 03:55:57,普通用户,0,0,normal
c_ext_00002513,p_ext_000127,u_ext_00490,,,多少钱,8,1,2026-05-27 11:10:57,活跃同学,0,0,normal
c_ext_00002514,p_ext_000562,u_ext_00132,,,蹲一个搭子,6,1,2026-05-14 09:49:57,校园达人,0,0,normal
c_ext_00002515,p_ext_000168,u_ext_00216,,,可以自提吗,4,1,2026-03-26 03:40:57,普通用户,0,0,normal
c_ext_00002516,p_ext_000316,dDMxb2E0ZmMxYU9XcWR5MGxJMjhwSDdRZElhTXFxcVpnbnlJaW9lbno3RzFmb21uZmQzTmlZUFF1ZGlJb05Hc2lwS2FpSU5qbldxWHIySjI=,,,可以自提吗,6,0,2026-04-06 16:12:57,初中生,0,0,normal
c_ext_00002517,p_ext_000884,u_ext_00293,,,可以自提吗,17,3,2026-05-14 20:15:57,资深坛友,0,0,normal
c_ext_00002518,p_ext_000743,u_ext_00183,,,可以自提吗,0,1,2026-03-18 13:29:57,活跃同学,0,0,normal
c_ext_00002519,p_ext_001861,dDMxb2E0ZmMxYU9XcWR5MGxJMjhwSDdRZElhTXFxcVpnbnlJaW9lbno3RzFmb21uZmQzTmlZUFF1ZGlJb05Hc2lwS2FpSU5qbldxWHIySjI=,,,这个窗口确实不错,1,3,2026-05-25 05:26:57,初中生,0,0,normal
c_ext_00002520,p_ext_001239,u_ext_00416,,,在哪个校区交易,3,3,2026-05-15 04:06:57,普通用户,0,0,normal
c_ext_00002521,2101545311,u_ext_00236,,,多少钱,9,1,2026-04-09 08:23:57,资深坛友,0,0,normal
c_ext_00002522,p_ext_001137,ckdsMWFvdlJyMzErdWJhdWlXYXNab0s2b29TUm5YaXRqYUJyc0lSOXRadkNhNXVRZnQzTlpvQ25zdEtOWjdDcmhiVnJrb1ZraUhxQmVXSjI=,,,蹲一个复习整理,12,1,2026-03-06 09:04:57,本科生,0,0,normal
c_ext_00002523,p_ext_001668,u_ext_00180,,,可以自提吗,19,2,2026-03-16 14:25:57,普通用户,0,0,normal
c_ext_00002524,p_ext_001723,d29DSWJJelBvNHlGemN2WGluck5xNWJPaEthWlk1Q29ncU9NZ3BlTng2KzdnSnB0aDZldXI0ZTQxTmlDZkp1ZmhOQjhtWW1maDZxRGVXSjI=,,,可以自提吗,11,1,2026-02-09 05:42:57,硕士生,0,0,normal
c_ext_00002525,p_ext_000371,u_ext_00140,,,这个窗口确实不错,23,1,2026-03-15 05:37:57,校园达人,0,0,normal
c_ext_00002526,p_ext_001115,dzMyYm9ZU3FrbmlTcXFyQ2xLTzBxWXZNZkdpUnE0dHNpV1ZucDRpUnFiVzFzV3l1Zzl5YW9YMlVtSkorWmJocGhwS1dzWkNHb21pWHIySjI=,,,时间合适的话可以,3,0,2026-04-18 06:03:57,本科生,0,0,normal
c_ext_00002527,p_ext_001084,u_ext_00121,,,这个窗口确实不错,10,0,2026-02-14 02:15:57,活跃同学,0,0,normal
c_ext_00002528,p_ext_001942,dG8yWGtaYlFyNCtHMExLUmxYcldhWlRRZUg2Wm0zaWxpSDJEc0kybXg4NjdwbjJPbGRDU3FJZW11czZYZWNaNmY3aUlmb3VmZUlLTGlXSjI=,,,简历要怎么投,9,3,2026-03-25 17:56:57,初中生,0,0,normal
c_ext_00002529,p_ext_001110,dHBCMW81U254WDZEemEyVmhhRGFkbjdPZ0lDUllwbHBsNHFtb1l0OXJiVERzb0J0ZjVhM2lwYTYwOU9WZkp0NWxLaUFqWkYwYjRlSWlXSjI=,,,可以自提吗,23,2,2026-04-15 20:33:57,硕士生,0,0,normal
c_ext_00002530,p_ext_001751,u_ext_00215,,,活动还有名额吗,13,3,2026-03-22 04:28:57,普通用户,0,0,normal
c_ext_00002531,p_ext_000384,u_ext_00278,,,多少钱,20,2,2026-05-07 04:15:57,普通用户,0,0,normal
c_ext_00002532,p_ext_000754,u_ext_00413,,,这个窗口确实不错,18,3,2026-05-23 11:33:57,普通用户,0,0,normal
c_ext_00002533,p_ext_001275,u_ext_00153,,,还在吗,4,3,2026-05-18 08:23:57,普通用户,0,0,normal
c_ext_00002534,p_ext_001794,dDMxb2E0ZmMxYU9XcWR5MGxJMjhwSDdRZElhTXFxcVpnbnlJaW9lbno3RzFmb21uZmQzTmlZUFF1ZGlJb05Hc2lwS2FpSU5qbldxWHIySjI=,,,这个窗口确实不错,30,3,2026-03-26 07:39:57,初中生,0,0,normal
c_ext_00002535,p_ext_001607,u_ext_00146,,,这个窗口确实不错,28,1,2026-05-27 16:55:57,校园达人,0,0,normal
c_ext_00002536,p_ext_000143,u_ext_00410,,,多少钱,11,3,2026-02-24 14:55:57,活跃同学,0,0,normal
c_ext_00002537,p_ext_001491,u_ext_00325,,,在哪个校区交易,28,2,2026-05-18 12:56:57,资深坛友,0,0,normal
c_ext_00002538,p_ext_001346,u_ext_00394,,,还在吗,22,1,2026-04-24 20:03:57,校园达人,0,0,normal
c_ext_00002539,p_ext_001757,u_ext_00461,,,这个窗口确实不错,6,3,2026-04-22 16:23:57,普通用户,0,0,normal
c_ext_00002540,p_ext_000123,u_ext_00337,,,这个窗口确实不错,17,1,2026-06-02 16:01:57,资深坛友,0,0,normal
c_ext_00002541,p_ext_001642,u_ext_00426,,,时间合适的话可以,1,1,2026-04-07 14:44:57,活跃同学,0,0,normal
c_ext_00002542,p_ext_000667,u_ext_00310,,,这个窗口确实不错,8,3,2026-04-13 23:01:57,普通用户,0,0,normal
c_ext_00002543,p_ext_001427,u_ext_00276,,,这个窗口确实不错,27,3,2026-02-21 01:32:57,活跃同学,0,0,normal
c_ext_00002544,p_ext_000669,u_ext_00347,,,还在吗,1,1,2026-02-20 02:47:57,资深坛友,0,0,normal
c_ext_00002545,p_ext_000319,dzJxanFaZXB4WWVWdWEzVGphRzBvWDNjZElxUW5xNTZtS0dlYklTQXg4ZkVwWDJRaHRDVmEzNnAxSk9JZWJDS2hxbVdyNXFjb29PRGVXSjI=,,,多少钱,13,3,2026-02-19 13:30:57,初中生,0,0,normal
c_ext_00002546,p_ext_000887,dGFONWhJUE5xNkdEdWI2NWZtalNaWXFVZUxHTmg2S0FqV2RqZ0p1bng5bTBqNWVTbExtN2FYMlVsYkdJak01cGhhbUVlNXA1aEsyQ2VXSjI=,,,多少钱,8,2,2026-02-03 22:38:57,幼儿园,0,0,normal
c_ext_00002547,p_ext_001897,u_ext_00361,,,可以自提吗,22,2,2026-06-02 12:03:57,活跃同学,0,0,normal
c_ext_00002548,p_ext_000915,u_ext_00254,,,可以自提吗,7,0,2026-05-31 01:46:57,活跃同学,0,0,normal
c_ext_00002549,2101589433,u_ext_00421,,,时间合适的话可以,28,0,2026-03-14 07:30:57,普通用户,0,0,normal
c_ext_00002550,p_ext_000502,u_ext_00273,,,时间合适的话可以,17,1,2026-04-17 07:29:57,校园达人,0,0,normal
c_ext_00002551,2101527263,u_ext_00404,,,还在吗,7,3,2026-02-02 17:04:57,活跃同学,0,0,normal
c_ext_00002552,p_ext_000553,u_ext_00170,,,我也想参加,18,3,2026-04-17 20:26:57,普通用户,0,0,normal
c_ext_00002553,p_ext_001484,dFk2aWE0UzVyNmVMdUw3UmxwK3dkNVc2aUgrTGRvaWlqcUtXczVxa3VhN0VqV05zaGFpdmczNlUwTHVGaXBPRWhzK2RycHFlakl1SmlXSjI=,,,这个岗位适合大三吗,24,0,2026-03-18 08:38:57,小学生,0,0,normal
c_ext_00002554,p_ext_000225,u_ext_00127,,,还在吗,19,3,2026-02-12 14:01:57,校园达人,0,0,normal
c_ext_00002555,p_ext_001758,c0h4NWlJelF0bXAvdHNlVmYyZkdqSlMzZ0lHWXE2S25pWHFXcklWKzI3akZmSmVBbHFtN3FaU25zcGFXbjZTTGhxbVphNFZob3FtSGlXSjI=,,,可以自提吗,21,0,2026-03-04 14:57:57,高中生,0,0,normal
c_ext_00002556,p_ext_000238,u_ext_00130,,,需要什么技术栈,3,3,2026-03-25 21:17:57,校园达人,0,0,normal
c_ext_00002557,p_ext_000868,u_ext_00185,,,在哪个校区交易,22,3,2026-03-07 12:00:57,校园达人,0,0,normal
c_ext_00002558,p_ext_000692,u_ext_00156,,,多少钱,19,1,2026-02-11 08:41:57,校园达人,0,0,normal
c_ext_00002559,p_ext_000822,u_ext_00290,,,还在吗,30,3,2026-02-09 14:08:57,普通用户,0,0,normal
c_ext_00002560,p_ext_001400,eEg2ZmtJYVd0Nm1WdHFxN2dYdTBkNE9VZ0tTT2VZZHRnWWltaUppT3ZOM0VqNFdOaGMzRm5vYXExTXFDZmNaOWhxWjRycENHWjIyRGVXSjI=,,,可以自提吗,26,0,2026-04-12 17:46:57,本科生,0,0,normal
c_ext_00002561,p_ext_000115,dUkyTmk0RGRzNnVHek5DbmlIeTRxSUtUb1cySlk1QnNsMldFa29la3ROaTFqblN4bHM2WlpvV1MxTnFHZkxTQmlMbUVnNDJkZUl1SGlXSjI=,,,这个岗位适合大三吗,3,0,2026-04-04 03:36:57,本科生,0,0,normal
c_ext_00002562,p_ext_000877,u_ext_00207,,,在哪个校区交易,9,2,2026-02-26 18:02:57,普通用户,0,0,normal
c_ext_00002563,2101632238,u_ext_00124,,,可以自提吗,1,0,2026-03-10 14:20:57,普通用户,0,0,normal
c_ext_00002564,p_ext_001746,u_ext_00429,,,这个窗口确实不错,28,0,2026-05-17 14:29:57,普通用户,0,0,normal
c_ext_00002565,p_ext_001279,u_ext_00244,,,活动还有名额吗,5,1,2026-04-12 11:52:57,校园达人,0,0,normal
c_ext_00002566,p_ext_001785,u_ext_00399,,,多少钱,16,3,2026-05-07 10:37:57,普通用户,0,0,normal
c_ext_00002567,p_ext_000623,u_ext_00218,,,可以自提吗,1,2,2026-05-25 05:57:57,资深坛友,0,0,normal
c_ext_00002568,p_ext_001262,u_ext_00212,,,可以自提吗,11,3,2026-03-03 06:16:57,活跃同学,0,0,normal
c_ext_00002569,p_ext_000133,u_ext_00281,,,还在吗,22,2,2026-05-21 21:01:57,活跃同学,0,0,normal
c_ext_00002570,p_ext_000594,u_ext_00322,,,在哪个校区交易,0,3,2026-04-13 07:22:57,资深坛友,0,0,normal
c_ext_00002571,p_ext_001334,u_ext_00272,,,在哪个校区交易,12,3,2026-03-13 22:59:57,普通用户,0,0,normal
c_ext_00002572,p_ext_001733,u_ext_00200,,,蹲一个搭子,30,2,2026-02-24 16:01:57,校园达人,0,0,normal
c_ext_00002573,p_ext_001522,dTVDWHJKZk51MzkvcHFhbWlhTzhoSmFvbG95YWlJeVJsb3BqcUlHenBKbXdqcDZ3aWREWXFJZVMwTmFCWnM1bmhxZHFhWnlHZ0lLRmlXSjI=,,,时间合适的话可以,25,0,2026-02-18 12:28:57,高中生,0,0,normal
c_ext_00002574,p_ext_000327,u_ext_00456,,,在哪个校区交易,15,2,2026-04-13 18:17:57,资深坛友,0,0,normal
c_ext_00002575,p_ext_001417,u_ext_00480,,,这个窗口确实不错,2,1,2026-05-18 21:32:57,校园达人,0,0,normal
c_ext_00002576,p_ext_001643,u_ext_00302,,,可以自提吗,15,2,2026-04-26 15:58:57,活跃同学,0,0,normal
c_ext_00002577,p_ext_000937,dXFLSmlwYW5zNnlVa3FxM2xtVzRycGE0ZDIyT2VZeG9sMmlBb1psOG05N0RrSWh1Z2Flam9aV1UwTmlVcjZPdGk2aWhzSnQ1Z0hxRmlXSjI=,,,还在吗,6,2,2026-05-09 16:22:57,小学生,0,0,normal
c_ext_00002578,p_ext_001523,u_ext_00449,,,蹲一个搭子,2,3,2026-03-06 20:50:57,资深坛友,0,0,normal
c_ext_00002579,p_ext_000434,u_ext_00110,,,这个窗口确实不错,20,3,2026-04-15 23:54:57,校园达人,0,0,normal
c_ext_00002580,p_ext_001968,u_ext_00155,,,这个窗口确实不错,25,3,2026-03-03 10:23:57,校园达人,0,0,normal
c_ext_00002581,p_ext_000939,u_ext_00420,,,还在吗,0,2,2026-03-11 08:55:57,普通用户,0,0,normal
c_ext_00002582,p_ext_000980,u_ext_00201,,,求资料,8,0,2026-05-11 02:31:57,校园达人,0,0,normal
c_ext_00002583,p_ext_000196,dEtLYm1vTzYwWjZMdDlTNmdYdk5yWVNvb3FTTGRaMnZoYUdhb29pUnJkbXpqbjJObHJpWmE0VzV1clNZaXNsa2xiZUVhb1dlZktXWXIySjI=,,,这个窗口确实不错,23,1,2026-02-25 03:18:57,初中生,0,0,normal
c_ext_00002584,2101518549,u_ext_00282,,,我也想参加,9,0,2026-04-07 23:30:57,资深坛友,0,0,normal
c_ext_00002585,2101587306,u_ext_00490,,,多少钱,16,3,2026-02-12 02:03:57,活跃同学,0,0,normal
c_ext_00002586,p_ext_000322,u_ext_00205,,,多少钱,23,1,2026-02-27 07:58:57,校园达人,0,0,normal
c_ext_00002587,p_ext_001490,u_ext_00403,,,感谢分享,10,1,2026-05-29 10:00:57,资深坛友,0,0,normal
c_ext_00002588,p_ext_001149,u_ext_00307,,,多少钱,23,2,2026-03-14 13:17:57,资深坛友,0,0,normal
c_ext_00002589,p_ext_001840,cjMrRms1ZXJyNE4vcWR2YWlJdktySkxjbHFlTG5hYXJpNkdpajVxbTA2KzFrSFd6bHMrN281UFF0cTZJZTZTRGdMcUxhWkNkZkdpQ2VXSjI=,,,在哪个校区交易,5,1,2026-05-25 23:30:57,硕士生,0,0,normal
c_ext_00002590,p_ext_001985,dzZTYXE1YW9sbzZXdUwyV2dLQzBabnpjbW4rRllaNnVqcUNNaFlKc3pwbTRmNnR2ZzdxM2lJdTJwcXlZb2FSL2ZzMW5mbzZKcG1tRGVXSjI=,,,这个窗口确实不错,12,1,2026-03-30 07:07:57,硕士生,0,0,normal
c_ext_00002591,p_ext_000272,dTRDRmFwWFJwNDJVejc3WWdHYk5aNFRRbldpY2lIeVNpV2VJaW9kcHZKYXRhS3VSbGJqVWFaU3BuZEtVYU1xbWs2aVdmb1NKcHFtRGVXSjI=,,,还在吗,6,1,2026-05-18 01:21:57,本科生,0,0,normal
c_ext_00002592,p_ext_001197,u_ext_00221,,,多少钱,30,3,2026-02-07 06:41:57,资深坛友,0,0,normal
c_ext_00002593,p_ext_001222,cm55WHBYKzZ4WVdWbGJxcmpLS3dkbituWjdLRnEzeUNoMlY4ZjVpbXo5Q3pvbld4aHJ1cnI0V1QxSzJXamNhT2xybUloSVdhcW5xWHIySjI=,,,可以自提吗,26,2,2026-05-24 09:18:57,本科生,0,0,normal
c_ext_00002594,p_ext_000304,u_ext_00457,,,多少钱,9,3,2026-03-09 06:10:57,普通用户,0,0,normal
c_ext_00002595,p_ext_000107,u_ext_00167,,,还在吗,11,0,2026-02-04 12:55:57,普通用户,0,0,normal
c_ext_00002596,p_ext_001016,u_ext_00251,,,求资料,6,0,2026-04-04 18:27:57,活跃同学,0,0,normal
c_ext_00002597,p_ext_001063,u_ext_00302,,,这个窗口确实不错,19,1,2026-02-04 05:40:57,活跃同学,0,0,normal
c_ext_00002598,2101559833,u_ext_00453,,,在哪个校区交易,30,1,2026-06-02 18:39:57,资深坛友,0,0,normal
c_ext_00002599,p_ext_000912,u_ext_00441,,,可以自提吗,6,3,2026-02-05 02:16:57,普通用户,0,0,normal
c_ext_00002600,p_ext_000495,dFkybnBuL2RzNm1XdDY2eGpJdk9nb2FTZUlpY25wMnZoNjVyckkyUHJiaTRmSnVqbHF2RWFvQzNyckdIaXJPc2dzMTRoSVdIZDY2SmlXSjI=,,,可以自提吗,20,3,2026-05-05 03:06:57,初中生,0,0,normal
c_ext_00002601,2101601867,u_ext_00229,,,在哪个校区交易,20,0,2026-03-02 07:02:57,校园达人,0,0,normal
c_ext_00002602,p_ext_000938,u_ext_00447,,,蹲一个搭子,20,3,2026-02-28 02:38:57,活跃同学,0,0,normal
c_ext_00002603,p_ext_001723,u_ext_00227,,,可以自提吗,4,0,2026-06-02 14:25:57,活跃同学,0,0,normal
c_ext_00002604,p_ext_001402,u_ext_00217,,,蹲一个复习整理,4,3,2026-03-03 03:13:57,普通用户,0,0,normal
c_ext_00002605,p_ext_001772,u_ext_00359,,,还在吗,11,2,2026-04-29 09:22:57,校园达人,0,0,normal
c_ext_00002606,p_ext_000240,u_ext_00360,,,这个窗口确实不错,4,2,2026-04-14 17:09:57,资深坛友,0,0,normal
c_ext_00002607,p_ext_000865,d24ramduK1VzcTkvdHI2VGdYbTRubjYzaUk2TllxS2ttWXQ4b28xK3ViU3prSXlyZzd1bmk1T24wTFNXZTlKM2Y1U1dpSXFHaEk2TGlXSjI=,,,在哪个校区交易,30,2,2026-05-01 21:35:57,小学生,0,0,normal
c_ext_00002608,p_ext_000853,u_ext_00481,,,时间合适的话可以,25,1,2026-05-09 23:52:57,活跃同学,0,0,normal
c_ext_00002609,p_ext_001070,u_ext_00168,,,在哪个校区交易,13,0,2026-02-16 17:42:57,活跃同学,0,0,normal
c_ext_00002610,p_ext_001289,u_ext_00240,,,这个窗口确实不错,27,1,2026-05-29 10:48:57,活跃同学,0,0,normal
c_ext_00002611,2101582125,u_ext_00160,,,多少钱,29,0,2026-05-14 20:22:57,资深坛友,0,0,normal
c_ext_00002612,p_ext_000632,u_ext_00439,,,可以自提吗,9,1,2026-02-09 05:48:57,资深坛友,0,0,normal
c_ext_00002613,p_ext_000955,cm11YmY0YlIwWHlHdHJLeG1IbXNoSWZQaUt5SWg1Q0hnV2lMc1lOK3JkVEZhcVp0aU0rN2pZU3F1dG1VWnNhZmxhaC9hNHhrZzdDV3IySjI=,,,这个窗口确实不错,3,1,2026-04-01 07:49:57,初中生,0,0,normal
c_ext_00002614,p_ext_000465,u_ext_00480,,,期末重点有吗,1,2,2026-05-19 06:16:57,校园达人,0,0,normal
c_ext_00002615,p_ext_000228,u_ext_00243,,,我也想参加,22,1,2026-05-14 08:46:57,活跃同学,0,0,normal
c_ext_00002616,p_ext_001572,u_ext_00106,,,简历要怎么投,26,2,2026-03-24 05:13:57,活跃同学,0,0,normal
c_ext_00002617,p_ext_000948,u_ext_00281,,,多少钱,28,0,2026-05-24 14:27:57,活跃同学,0,0,normal
c_ext_00002618,p_ext_000328,u_ext_00167,,,还在吗,16,1,2026-03-11 01:01:57,普通用户,0,0,normal
c_ext_00002619,p_ext_001617,u_ext_00269,,,蹲一个搭子,16,3,2026-04-26 18:49:57,普通用户,0,0,normal
c_ext_00002620,p_ext_001022,u_ext_00418,,,多少钱,15,2,2026-03-19 19:03:57,普通用户,0,0,normal
c_ext_00002621,p_ext_000610,czMxbnNaU251NUNBcHI2cGlHVzhkNGE2ZktXRlk2S0poMmlpZ28rbTA5dkZvMzJ5Z0xpN2VwV295TnVIWnNxTmhaUjhwSnFGaklTRGVXSjI=,,,活动还有名额吗,13,3,2026-02-13 23:54:57,高中生,0,0,normal
c_ext_00002622,p_ext_000798,u_ext_00188,,,时间合适的话可以,2,3,2026-05-20 14:39:57,资深坛友,0,0,normal
c_ext_00002623,p_ext_000162,u_ext_00449,,,还在吗,17,2,2026-03-19 00:35:57,资深坛友,0,0,normal
c_ext_00002624,p_ext_000450,cjdLWGpuK1V5R2VTcWNpdWwzcXduWWVTcG95T2hwNXJpWXQ0Zkl5Tng3aTJmbzF1aExpYWJJUzUxNWFXWjgxcGxiZUloSnVGZjJ1SmlXSjI=,,,这个窗口确实不错,14,1,2026-04-21 21:39:57,初中生,0,0,normal
c_ext_00002625,p_ext_001257,u_ext_00340,,,时间合适的话可以,15,2,2026-03-01 06:57:57,校园达人,0,0,normal
c_ext_00002626,p_ext_001059,dXFLSmlwYW5zNnlVa3FxM2xtVzRycGE0ZDIyT2VZeG9sMmlBb1psOG05N0RrSWh1Z2Flam9aV1UwTmlVcjZPdGk2aWhzSnQ1Z0hxRmlXSjI=,,,这个窗口确实不错,15,0,2026-04-13 21:37:57,小学生,0,0,normal
c_ext_00002627,p_ext_000948,u_ext_00349,,,多少钱,25,0,2026-04-15 19:31:57,资深坛友,0,0,normal
c_ext_00002628,p_ext_000123,u_ext_00370,,,这个窗口确实不错,5,1,2026-02-07 11:31:57,普通用户,0,0,normal
c_ext_00002629,p_ext_001709,u_ext_00195,,,还在吗,22,0,2026-05-05 07:16:57,普通用户,0,0,normal
c_ext_00002630,p_ext_000599,u_ext_00483,,,可以自提吗,9,1,2026-02-18 10:09:57,资深坛友,0,0,normal
c_ext_00002631,p_ext_001460,u_ext_00146,,,在哪个校区交易,12,2,2026-05-10 22:01:57,校园达人,0,0,normal
c_ext_00002632,2101587306,u_ext_00347,,,这个窗口确实不错,4,0,2026-05-13 22:40:57,资深坛友,0,0,normal
c_ext_00002633,p_ext_001757,u_ext_00443,,,这个窗口确实不错,20,3,2026-03-27 09:27:57,普通用户,0,0,normal
c_ext_00002634,p_ext_000992,dG1tSmZJZXJ1NEdEM01pMmpZcTBhcFMybm9pSW01MXRsWHlJcDRwK3FiMjRqNFJyaHBXbWFaU3F2czZHakxPdGc4OWpzb3FjZTJtSmlXSjI=,,,还在吗,29,2,2026-02-13 03:30:57,高中生,0,0,normal
c_ext_00002635,p_ext_001660,c0h4NWlJelF0bXAvdHNlVmYyZkdqSlMzZ0lHWXE2S25pWHFXckpwcDE3ZTJpMnlLbGN5YWpJdmJuY0tCbzgxa2dMZWloWTZJcHBHSGlXSjI=,,,蹲一个复习整理,17,3,2026-02-19 12:12:57,高中生,0,0,normal
c_ext_00002636,p_ext_000662,u_ext_00451,,,还在吗,5,1,2026-05-31 00:09:57,活跃同学,0,0,normal
c_ext_00002637,p_ext_001055,u_ext_00396,,,可以自提吗,27,2,2026-02-11 12:21:57,普通用户,0,0,normal
c_ext_00002638,p_ext_001992,u_ext_00453,,,还在吗,21,0,2026-06-02 03:15:57,资深坛友,0,0,normal
c_ext_00002639,p_ext_000523,u_ext_00216,,,多少钱,5,0,2026-03-20 15:39:57,普通用户,0,0,normal
c_ext_00002640,p_ext_000866,u_ext_00451,,,还在吗,8,0,2026-03-04 02:40:57,活跃同学,0,0,normal
c_ext_00002641,p_ext_000221,u_ext_00265,,,还在吗,28,3,2026-03-20 08:41:57,校园达人,0,0,normal
c_ext_00002642,p_ext_001742,u_ext_00127,,,还在吗,9,2,2026-05-26 15:57:57,校园达人,0,0,normal
c_ext_00002643,p_ext_001388,cjJpcWJJblFyNE9UdHJLdWlHYTRqcFBPZEcyY25JQ3BpWHFlYnBlUXJiK3Zhb1dLaEpiUnJwV21wdHFGZTlLR2hhbDRxSnRrZUtHQ2VXSjI=,,,在哪个校区交易,21,3,2026-05-16 06:40:57,副教授,0,0,normal
c_ext_00002644,p_ext_001692,u_ext_00254,,,还在吗,0,0,2026-02-10 13:57:57,活跃同学,0,0,normal
c_ext_00002645,p_ext_000951,u_ext_00397,,,在哪个校区交易,16,3,2026-03-29 02:13:57,普通用户,0,0,normal
c_ext_00002646,p_ext_000101,dzMyYm9ZU3FrbmlTcXFyQ2xLTzBxWXZNZkdpUnE0dHNpV1ZucDRpUnFiVzFzV3l1Zzl5YW9YMlVtSkorWmJocGhwS1dzWkNHb21pWHIySjI=,,,多少钱,11,0,2026-04-12 23:08:57,本科生,0,0,normal
c_ext_00002647,p_ext_000486,u_ext_00235,,,在哪个校区交易,19,0,2026-03-09 01:50:57,校园达人,0,0,normal
c_ext_00002648,p_ext_001451,u_ext_00408,,,这个窗口确实不错,16,3,2026-04-04 17:01:57,校园达人,0,0,normal
c_ext_00002649,p_ext_000640,cm55WHBYKzZ4WVdWbGJxcmpLS3dkbituWjdLRnEzeUNoMlY4ZjVpbXo5Q3pvbld4aHJ1cnI0V1QxSzJXamNhT2xybUloSVdhcW5xWHIySjI=,,,这个窗口确实不错,28,0,2026-04-14 17:36:57,本科生,0,0,normal
c_ext_00002650,p_ext_000718,u_ext_00298,,,在哪个校区交易,12,3,2026-02-07 08:16:57,资深坛友,0,0,normal
c_ext_00002651,p_ext_000746,u_ext_00432,,,可以自提吗,25,2,2026-02-02 16:48:57,资深坛友,0,0,normal
c_ext_00002652,p_ext_000982,u_ext_00394,,,多少钱,9,3,2026-05-14 03:14:57,校园达人,0,0,normal
c_ext_00002653,p_ext_000219,dFpDSWJaTzVwMzE4M016U2g0MmpaWlNUZTIyRlk0ZHRqWXVFb1krbnFONjRmSit5aTlDVnJvdVMzSmVVaTZldWk2aU1wbzE0a0lDQmVXSjI=,,,在哪个校区交易,19,0,2026-04-24 23:03:57,讲师,0,0,normal
c_ext_00002654,p_ext_000935,dHBCMW81U254WDZEemEyVmhhRGFkbjdPZ0lDUllwbHBsNHFtb1l0OXJiVERzb0J0ZjVhM2lwYTYwOU9WZkp0NWxLaUFqWkYwYjRlSWlXSjI=,,,可以内推吗,13,2,2026-05-16 14:52:57,硕士生,0,0,normal
c_ext_00002655,p_ext_000929,u_ext_00165,,,这个窗口确实不错,25,0,2026-05-11 14:21:57,活跃同学,0,0,normal
c_ext_00002656,p_ext_000854,u_ext_00444,,,多少钱,29,0,2026-05-22 12:15:57,校园达人,0,0,normal
c_ext_00002657,p_ext_000604,u_ext_00408,,,可以自提吗,10,3,2026-05-04 20:41:57,校园达人,0,0,normal
c_ext_00002658,p_ext_000381,u_ext_00204,,,这个窗口确实不错,14,1,2026-04-19 11:04:57,资深坛友,0,0,normal
c_ext_00002659,p_ext_001507,u_ext_00109,,,在哪个校区交易,18,3,2026-05-31 10:29:57,校园达人,0,0,normal
c_ext_00002660,p_ext_000325,u_ext_00356,,,在哪个校区交易,10,3,2026-05-30 19:54:57,活跃同学,0,0,normal
c_ext_00002661,p_ext_001680,u_ext_00266,,,可以自提吗,22,3,2026-04-22 18:50:57,资深坛友,0,0,normal
c_ext_00002662,p_ext_001700,u_ext_00361,,,可以自提吗,12,0,2026-03-27 10:36:57,活跃同学,0,0,normal
c_ext_00002663,p_ext_001559,d29DSWJJelBvNHlGemN2WGluck5xNWJPaEthWlk1Q29ncU9NZ3BlTng2KzdnSnB0aDZldXI0ZTQxTmlDZkp1ZmhOQjhtWW1maDZxRGVXSjI=,,,这个窗口确实不错,9,3,2026-02-19 09:49:57,硕士生,0,0,normal
c_ext_00002664,p_ext_001349,u_ext_00361,,,可以自提吗,3,1,2026-05-03 23:18:57,活跃同学,0,0,normal
c_ext_00002665,p_ext_001601,u_ext_00281,,,在哪个校区交易,25,3,2026-04-27 03:12:57,活跃同学,0,0,normal
c_ext_00002666,p_ext_001943,u_ext_00458,,,需要什么技术栈,27,3,2026-05-30 03:11:57,资深坛友,0,0,normal
c_ext_00002667,p_ext_000490,u_ext_00377,,,多少钱,13,1,2026-02-25 11:24:57,资深坛友,0,0,normal
c_ext_00002668,p_ext_001041,u_ext_00251,,,我也想参加,29,0,2026-05-14 05:32:57,活跃同学,0,0,normal
c_ext_00002669,p_ext_000508,u_ext_00447,,,在哪个校区交易,30,1,2026-05-09 12:13:57,活跃同学,0,0,normal
c_ext_00002670,p_ext_001267,u_ext_00128,,,这个窗口确实不错,10,0,2026-02-16 19:30:57,校园达人,0,0,normal
c_ext_00002671,p_ext_001859,u_ext_00265,,,时间合适的话可以,29,1,2026-04-11 00:17:57,校园达人,0,0,normal
c_ext_00002672,p_ext_001936,u_ext_00447,,,还在吗,5,2,2026-05-29 16:02:57,活跃同学,0,0,normal
c_ext_00002673,p_ext_000144,u_ext_00149,,,需要什么技术栈,12,3,2026-04-02 19:30:57,普通用户,0,0,normal
c_ext_00002674,p_ext_000358,u_ext_00221,,,还在吗,21,1,2026-04-27 18:57:57,资深坛友,0,0,normal
c_ext_00002675,p_ext_000401,u_ext_00257,,,感谢分享,28,3,2026-05-30 22:34:57,活跃同学,0,0,normal
c_ext_00002676,p_ext_001660,u_ext_00340,,,感谢分享,12,0,2026-03-24 03:03:57,校园达人,0,0,normal
c_ext_00002677,p_ext_000997,u_ext_00372,,,还在吗,19,0,2026-03-29 21:39:57,资深坛友,0,0,normal
c_ext_00002678,p_ext_000134,u_ext_00384,,,多少钱,20,0,2026-03-18 05:39:57,校园达人,0,0,normal
c_ext_00002679,p_ext_000537,u_ext_00324,,,在哪个校区交易,18,3,2026-03-02 11:10:57,校园达人,0,0,normal
c_ext_00002680,p_ext_001963,u_ext_00151,,,这个窗口确实不错,5,3,2026-05-17 14:15:57,活跃同学,0,0,normal
c_ext_00002681,p_ext_001605,u_ext_00442,,,在哪个校区交易,23,0,2026-04-29 10:06:57,普通用户,0,0,normal
c_ext_00002682,p_ext_001709,u_ext_00415,,,多少钱,23,2,2026-04-16 14:45:57,活跃同学,0,0,normal
c_ext_00002683,2101607896,u_ext_00467,,,可以自提吗,23,0,2026-02-20 04:17:57,活跃同学,0,0,normal
c_ext_00002684,2101601867,u_ext_00205,,,还在吗,18,0,2026-04-14 05:23:57,校园达人,0,0,normal
c_ext_00002685,p_ext_000802,dzVCMXI0WFB5WTJGbExYWGpZcTRub3FUb29LRllhNnRtWXVFaDRlTW01bXVzbml2aEpXU2tJak50ZGlNakxSNGtxZG5hSVI0ZkpLS2lXSjI=,,,多少钱,6,2,2026-05-15 10:05:57,博士生,0,0,normal
c_ext_00002686,p_ext_001620,u_ext_00278,,,可以自提吗,30,1,2026-02-05 22:58:57,普通用户,0,0,normal
c_ext_00002687,p_ext_000263,u_ext_00362,,,这个窗口确实不错,9,1,2026-04-24 02:44:57,普通用户,0,0,normal
c_ext_00002688,p_ext_001922,u_ext_00453,,,可以自提吗,26,0,2026-04-24 09:04:57,资深坛友,0,0,normal
c_ext_00002689,p_ext_001911,u_ext_00397,,,活动还有名额吗,12,3,2026-04-28 23:37:57,普通用户,0,0,normal
c_ext_00002690,p_ext_001424,u_ext_00261,,,多少钱,13,1,2026-02-07 18:19:57,校园达人,0,0,normal
c_ext_00002691,p_ext_001352,cm95WGhwZTZ1NFNLbE1pNGdaK25aNHJRZUt5YWRvQ2toWXBqczVlQW5KYTBwSW1TZ0x2RVozKzN6TFNDakp0bmxybUFoSmgxa0c2TGlXSjI=,,,在哪个校区交易,26,3,2026-03-03 23:29:57,高中生,0,0,normal
c_ext_00002692,p_ext_001441,u_ext_00386,,,活动还有名额吗,21,3,2026-05-04 09:38:57,校园达人,0,0,normal
c_ext_00002693,p_ext_001705,dDMxb2E0ZmMxYU9XcWR5MGxJMjhwSDdRZElhTXFxcVpnbnlJaW9lbno3RzFmb21uZmQzTmlZUFF1ZGlJb05Hc2lwS2FpSU5qbldxWHIySjI=,,,在哪个校区交易,10,0,2026-03-16 20:09:57,初中生,0,0,normal
c_ext_00002694,p_ext_001513,u_ext_00131,,,在哪个校区交易,14,2,2026-02-16 19:08:57,普通用户,0,0,normal
c_ext_00002695,p_ext_001837,u_ext_00106,,,这个窗口确实不错,21,3,2026-02-21 16:11:57,活跃同学,0,0,normal
c_ext_00002696,p_ext_000465,u_ext_00264,,,感谢分享,11,0,2026-05-02 14:53:57,活跃同学,0,0,normal
c_ext_00002697,p_ext_001965,u_ext_00181,,,需要什么技术栈,9,3,2026-05-13 01:11:57,校园达人,0,0,normal
c_ext_00002698,p_ext_000438,czMxb2s1V3ExWWFIemN5bWhLR29wWWVTaktDSllXdDdpcUJqYnBta3RaYXVqMzE4bFphcmZuMlR6OW1XcjdDQWs3cUltWWlJWnJDWHIySjI=,,,这个窗口确实不错,10,1,2026-05-19 09:45:57,本科生,0,0,normal
c_ext_00002699,p_ext_000743,u_ext_00286,,,多少钱,15,3,2026-03-04 15:36:57,资深坛友,0,0,normal
c_ext_00002700,p_ext_001428,u_ext_00362,,,感谢分享,6,1,2026-02-15 17:18:57,普通用户,0,0,normal
c_ext_00002701,p_ext_000786,u_ext_00435,,,活动还有名额吗,1,1,2026-05-20 18:38:57,资深坛友,0,0,normal
c_ext_00002702,p_ext_001480,u_ext_00346,,,可以自提吗,28,2,2026-05-23 14:09:57,校园达人,0,0,normal
c_ext_00002703,p_ext_001106,u_ext_00317,,,活动还有名额吗,30,1,2026-05-31 12:28:57,资深坛友,0,0,normal
c_ext_00002704,p_ext_001361,u_ext_00298,,,我也想参加,1,1,2026-05-15 07:20:57,资深坛友,0,0,normal
c_ext_00002705,p_ext_001686,u_ext_00451,,,简历要怎么投,11,3,2026-03-30 12:45:57,活跃同学,0,0,normal
c_ext_00002706,p_ext_000966,u_ext_00493,,,可以自提吗,0,0,2026-02-11 04:50:57,资深坛友,0,0,normal
c_ext_00002707,p_ext_000230,u_ext_00487,,,多少钱,18,3,2026-04-24 07:49:57,活跃同学,0,0,normal
c_ext_00002708,p_ext_000789,u_ext_00429,,,可以自提吗,22,0,2026-05-05 07:43:57,普通用户,0,0,normal
c_ext_00002709,p_ext_001393,u_ext_00185,,,简历要怎么投,29,0,2026-04-30 02:43:57,校园达人,0,0,normal
c_ext_00002710,p_ext_000178,u_ext_00200,,,可以自提吗,9,0,2026-04-15 02:11:57,校园达人,0,0,normal
c_ext_00002711,p_ext_001129,u_ext_00134,,,还在吗,10,1,2026-05-12 09:52:57,活跃同学,0,0,normal
c_ext_00002712,p_ext_000573,u_ext_00281,,,这个窗口确实不错,11,0,2026-05-29 23:36:57,活跃同学,0,0,normal
c_ext_00002713,p_ext_001104,cjdLWGpuK1V5R2VTcWNpdWwzcXduWWVTcG95T2hwNXJpWXQ0Zkl5Tng3aTJmbzF1aExpYWJJUzUxNWFXWjgxcGxiZUloSnVGZjJ1SmlXSjI=,,,可以自提吗,6,2,2026-05-31 09:59:57,初中生,0,0,normal
c_ext_00002714,p_ext_001953,u_ext_00496,,,可以内推吗,26,1,2026-05-26 13:05:57,校园达人,0,0,normal
c_ext_00002715,p_ext_000390,u_ext_00242,,,可以自提吗,28,0,2026-03-17 11:49:57,资深坛友,0,0,normal
c_ext_00002716,p_ext_001931,dEk2YnFKVzQyR2lTenE2NmlZM1NmWlRjbXFXTGVKbXZpM3Flc1pkcnZkckZhbm1JaHN5YXNKTzVzdHFOak5hbWhKV2VzcEdGZ0txS2lXSjI=,,,可以自提吗,7,3,2026-05-08 15:11:57,硕士生,0,0,normal
c_ext_00002717,p_ext_000909,u_ext_00413,,,感谢分享,17,1,2026-05-14 14:51:57,普通用户,0,0,normal
c_ext_00002718,p_ext_000402,u_ext_00182,,,这个窗口确实不错,3,0,2026-02-25 07:22:57,校园达人,0,0,normal
c_ext_00002719,p_ext_001202,dzMyYm9ZU3FrbmlTcXFyQ2xLTzBxWXZNZkdpUnE0dHNpV1ZucDRpUnFiVzFzV3l1Zzl5YW9YMlVtSkorWmJocGhwS1dzWkNHb21pWHIySjI=,,,多少钱,0,0,2026-02-11 11:34:57,本科生,0,0,normal
c_ext_00002720,2101621570,u_ext_00274,,,在哪个校区交易,2,0,2026-04-05 15:07:57,活跃同学,0,0,normal
c_ext_00002721,p_ext_001601,eGFXcXNYK1Z0Nk4vdWN5cmxXaXJyb0tWaEhxWm41cURobnVpc1lxbXg1eXphR2lTak4zTmE0ZVQxTktWZTgydGhaUmpyWTUwYjRXV3IySjI=,,,多少钱,2,0,2026-06-02 22:53:57,硕士生,0,0,normal
c_ext_00002722,p_ext_000646,u_ext_00110,,,蹲一个搭子,8,1,2026-03-16 09:47:57,校园达人,0,0,normal
c_ext_00002723,p_ext_000631,u_ext_00385,,,蹲一个复习整理,11,3,2026-02-21 22:31:57,普通用户,0,0,normal
c_ext_00002724,p_ext_000554,u_ext_00307,,,在哪个校区交易,6,0,2026-03-23 11:31:57,资深坛友,0,0,normal
c_ext_00002725,p_ext_000641,u_ext_00292,,,还在吗,15,2,2026-03-13 09:41:57,资深坛友,0,0,normal
c_ext_00002726,p_ext_000296,u_ext_00421,,,这个窗口确实不错,10,3,2026-02-19 13:11:57,普通用户,0,0,normal
c_ext_00002727,p_ext_000498,u_ext_00106,,,可以自提吗,8,3,2026-03-03 02:51:57,活跃同学,0,0,normal
c_ext_00002728,p_ext_000977,u_ext_00329,,,活动还有名额吗,27,0,2026-03-16 11:57:57,校园达人,0,0,normal
c_ext_00002729,p_ext_001347,u_ext_00480,,,这个窗口确实不错,8,1,2026-02-28 18:40:57,校园达人,0,0,normal
c_ext_00002730,p_ext_000337,u_ext_00275,,,这个窗口确实不错,20,0,2026-03-04 19:59:57,普通用户,0,0,normal
c_ext_00002731,p_ext_000759,u_ext_00186,,,需要什么技术栈,11,1,2026-05-22 18:04:57,普通用户,0,0,normal
c_ext_00002732,p_ext_001957,u_ext_00201,,,在哪个校区交易,22,3,2026-03-23 23:03:57,校园达人,0,0,normal
c_ext_00002733,p_ext_001016,u_ext_00134,,,求资料,15,1,2026-05-26 17:38:57,活跃同学,0,0,normal
c_ext_00002734,p_ext_000793,u_ext_00419,,,多少钱,13,0,2026-05-26 04:53:57,资深坛友,0,0,normal
c_ext_00002735,p_ext_000698,eEk5OXBvZk9tbjk4bE5UVGhYcktwSC9RZEsrRVlwcDlsbWg0Z29xenVKakRmMnh0bEx1eWE0V3BsYzJYZTdobGZwT01pWXVKZ0xLS2lXSjI=,,,时间合适的话可以,11,3,2026-02-13 06:43:57,本科生,0,0,normal
c_ext_00002736,p_ext_001630,u_ext_00456,,,我也想参加,23,3,2026-03-27 05:24:57,资深坛友,0,0,normal
c_ext_00002737,p_ext_001845,dDMxb2E0ZmMxYU9XcWR5MGxJMjhwSDdRZElhTXFxcVpnbnlJaW9lbno3RzFmb21uZmQzTmlZUFF1ZGlJb05Hc2lwS2FpSU5qbldxWHIySjI=,,,可以自提吗,9,2,2026-05-17 07:54:57,初中生,0,0,normal
c_ext_00002738,2101524138,u_ext_00160,,,还在吗,9,1,2026-04-04 07:48:57,资深坛友,0,0,normal
c_ext_00002739,p_ext_000826,u_ext_00232,,,可以自提吗,1,0,2026-05-14 03:33:57,普通用户,0,0,normal
c_ext_00002740,p_ext_000438,u_ext_00325,,,还在吗,19,3,2026-04-30 06:50:57,资深坛友,0,0,normal
c_ext_00002741,p_ext_001021,dDZOa2ZJeTRyMzZIbExhV2hJbkdvbnlWbm8rRWlZdHJoNitla1pwcXhwcXpqV1NrbHF1anI0QzZxZHFOZk5xQWY4K0FqNGFIcHBtWXIySjI=,,,可以自提吗,25,3,2026-03-01 10:54:57,本科生,0,0,normal
c_ext_00002742,p_ext_000336,u_ext_00334,,,在哪个校区交易,28,1,2026-03-06 04:08:57,资深坛友,0,0,normal
c_ext_00002743,p_ext_001503,c28ybnJJelEwSzZHbExhNWxZM09xSlBOYTRPTmlKQ0lsYUNtallSL3FkbXZrSmVwZzlDM2hYL1BzcytCaTZOcGZ0eUFwWnFmbld1WHIySjI=,,,还在吗,14,1,2026-04-25 20:54:57,本科生,0,0,normal
c_ext_00002744,p_ext_000200,dzVCMXI0WFB5WTJGbExYWGpZcTRub3FUb29LRllhNnRtWXVFaDRlUnk3ckZqNDJCaTlHM3JJdXB1dGFHZTZScGZxZUFhSm1Gbm02R2lXSjI=,,,多少钱,10,3,2026-03-16 11:30:57,博士生,0,0,normal
c_ext_00002745,p_ext_001828,u_ext_00125,,,在哪个校区交易,21,2,2026-04-03 20:23:57,活跃同学,0,0,normal
c_ext_00002746,p_ext_000478,u_ext_00389,,,还在吗,25,1,2026-02-03 09:39:57,活跃同学,0,0,normal
c_ext_00002747,p_ext_001913,u_ext_00401,,,可以自提吗,13,2,2026-02-17 11:38:57,校园达人,0,0,normal
c_ext_00002748,p_ext_001186,u_ext_00324,,,这个窗口确实不错,7,0,2026-05-28 01:09:57,校园达人,0,0,normal
c_ext_00002749,p_ext_000226,u_ext_00296,,,还在吗,3,3,2026-05-03 07:42:57,资深坛友,0,0,normal
c_ext_00002750,p_ext_001755,c21pZm9ZeXFsbytVemRDemxXZmFxNUtWaEs2TW5hYW1oWitWYklxUXo4ZXZhb0duaHFyRmhZcVVxWlNWZk5acWxxaWVyNWgybnJDV3IySjI=,,,还在吗,23,0,2026-04-11 23:13:57,小学生,0,0,normal
c_ext_00002751,p_ext_000158,u_ext_00262,,,多少钱,4,2,2026-05-14 06:33:57,普通用户,0,0,normal
c_ext_00002752,p_ext_001341,u_ext_00376,,,这个窗口确实不错,9,3,2026-05-12 12:29:57,活跃同学,0,0,normal
c_ext_00002753,p_ext_001816,u_ext_00319,,,这个窗口确实不错,17,1,2026-03-08 07:23:57,资深坛友,0,0,normal
c_ext_00002754,p_ext_001021,u_ext_00472,,,这个窗口确实不错,17,3,2026-04-30 20:19:57,普通用户,0,0,normal
c_ext_00002755,p_ext_000852,u_ext_00164,,,在哪个校区交易,30,3,2026-04-30 04:26:57,资深坛友,0,0,normal
c_ext_00002756,p_ext_001123,u_ext_00378,,,还在吗,10,0,2026-04-03 15:21:57,校园达人,0,0,normal
c_ext_00002757,p_ext_001120,dzQ5b2JJYTYwWXVLdHN5cGwzeXNacGFwaEdxT201cDhpNG1Nam94cnNlQ3ZhbXhwaTlETlpwV1MyS21ZakxTT2tyZDNzSVdlYjRHWHIySjI=,,,在哪个校区交易,24,2,2026-04-09 20:29:57,本科生,0,0,normal
c_ext_00002758,p_ext_000522,u_ext_00420,,,在哪个校区交易,11,1,2026-05-07 00:49:57,普通用户,0,0,normal
c_ext_00002759,p_ext_001472,u_ext_00457,,,可以自提吗,23,2,2026-04-03 13:31:57,普通用户,0,0,normal
c_ext_00002760,p_ext_000953,u_ext_00449,,,还在吗,18,1,2026-05-11 01:48:57,资深坛友,0,0,normal
c_ext_00002761,p_ext_001346,u_ext_00212,,,可以自提吗,16,0,2026-05-11 12:55:57,活跃同学,0,0,normal
c_ext_00002762,2101614176,dzQrWGhaYTV6V3FGdDlUTGdudW9yb1dUbld5TmhvQnFqbWlJcTQrbXk5SERwcHVobFpYVmdZYXBsYWlHZkp0K2hhcUVlcHVjWnFxRGVXSjI=,,,这个窗口确实不错,0,1,2026-03-05 22:47:57,高中生,0,0,normal
c_ext_00002763,p_ext_001975,u_ext_00273,,,多少钱,23,2,2026-03-30 04:01:57,校园达人,0,0,normal
c_ext_00002764,p_ext_001599,u_ext_00306,,,多少钱,12,3,2026-05-18 05:40:57,活跃同学,0,0,normal
c_ext_00002765,p_ext_000307,u_ext_00269,,,可以自提吗,2,0,2026-02-16 13:37:57,普通用户,0,0,normal
c_ext_00002766,p_ext_001210,u_ext_00407,,,还在吗,4,0,2026-03-22 01:14:57,校园达人,0,0,normal
c_ext_00002767,p_ext_001335,u_ext_00336,,,这个窗口确实不错,25,3,2026-03-11 12:21:57,校园达人,0,0,normal
c_ext_00002768,p_ext_000456,u_ext_00122,,,这个岗位适合大三吗,0,3,2026-02-17 13:43:57,活跃同学,0,0,normal
c_ext_00002769,p_ext_001602,dDZOa2ZJeTRyMzZIbExhV2hJbkdvbnlWbm8rRWlZdHJoNitla1pwcXhwcXpqV1NrbHF1anI0QzZxZHFOZk5xQWY4K0FqNGFIcHBtWXIySjI=,,,这个窗口确实不错,24,1,2026-05-21 19:18:57,本科生,0,0,normal
c_ext_00002770,p_ext_000173,dzVCMXI0WFB5WTJGbExYWGpZcTRub3FUb29LRllhNnRtWXVFaDRlUnk3ckZqNDJCaTlHM3JJdXB1dGFHZTZScGZxZUFhSm1Gbm02R2lXSjI=,,,这个窗口确实不错,3,1,2026-02-28 09:44:57,博士生,0,0,normal
c_ext_00002771,p_ext_000446,cjJtanNZVzdzNHVBcUxYWWlvckthWWpNaDZxTlpKNkdobWlWcTRtUno1bkNzcCt1aWJmTmUzNlYwOXFVcnRhZWxLaDhqcHAzZUsrWHIySjI=,,,多少钱,10,0,2026-05-14 14:28:57,初中生,0,0,normal
c_ext_00002772,p_ext_001418,u_ext_00349,,,这个窗口确实不错,27,3,2026-03-01 06:43:57,资深坛友,0,0,normal
c_ext_00002773,p_ext_001619,u_ext_00493,,,这个窗口确实不错,19,0,2026-02-11 13:29:57,资深坛友,0,0,normal
c_ext_00002774,p_ext_001147,u_ext_00284,,,还在吗,10,1,2026-04-27 18:26:57,资深坛友,0,0,normal
c_ext_00002775,p_ext_000968,u_ext_00477,,,蹲一个搭子,5,3,2026-05-08 21:09:57,资深坛友,0,0,normal
c_ext_00002776,p_ext_000389,u_ext_00276,,,这个窗口确实不错,22,2,2026-02-26 18:20:57,活跃同学,0,0,normal
c_ext_00002777,p_ext_000980,dXFLSmlwYW5zNnlVa3FxM2xtVzRycGE0ZDIyT2VZeG9sMmlBb1psOG05N0RrSWh1Z2Flam9aV1UwTmlVcjZPdGk2aWhzSnQ1Z0hxRmlXSjI=,,,期末重点有吗,28,3,2026-05-05 12:03:57,小学生,0,0,normal
c_ext_00002778,p_ext_000875,u_ext_00268,,,期末重点有吗,21,3,2026-04-24 11:12:57,资深坛友,0,0,normal
c_ext_00002779,p_ext_000345,u_ext_00129,,,蹲一个搭子,25,2,2026-04-22 15:56:57,校园达人,0,0,normal
c_ext_00002780,p_ext_000582,u_ext_00457,,,活动还有名额吗,1,3,2026-02-27 04:07:57,普通用户,0,0,normal
c_ext_00002781,p_ext_001512,u_ext_00326,,,还在吗,30,0,2026-06-02 01:18:57,普通用户,0,0,normal
c_ext_00002782,p_ext_001165,u_ext_00326,,,还在吗,25,1,2026-03-24 19:39:57,普通用户,0,0,normal
c_ext_00002783,p_ext_000931,cm95WGhwZTZ1NFNLbE1pNGdaK25aNHJRZUt5YWRvQ2toWXBqczVlQW5KYTBwSW1TZ0x2RVozKzN6TFNDakp0bmxybUFoSmgxa0c2TGlXSjI=,,,简历要怎么投,12,1,2026-05-22 06:20:57,高中生,0,0,normal
c_ext_00002784,p_ext_000123,u_ext_00481,,,多少钱,18,1,2026-05-02 04:02:57,活跃同学,0,0,normal
c_ext_00002785,p_ext_000713,u_ext_00373,,,还在吗,6,2,2026-03-09 10:52:57,普通用户,0,0,normal
c_ext_00002786,p_ext_001384,dDMxb2E0ZmMxYU9XcWR5MGxJMjhwSDdRZElhTXFxcVpnbnlJaW9lbno3RzFmb21uZmQzTmlZUFF1ZGlJb05Hc2lwS2FpSU5qbldxWHIySjI=,,,多少钱,17,3,2026-05-09 03:25:57,初中生,0,0,normal
c_ext_00002787,p_ext_000149,u_ext_00103,,,在哪个校区交易,17,2,2026-05-16 13:45:57,校园达人,0,0,normal
c_ext_00002788,p_ext_001738,u_ext_00466,,,时间合适的话可以,7,2,2026-03-26 15:34:57,校园达人,0,0,normal
c_ext_00002789,p_ext_000449,eFdwb29wZlJ5YStGazYyVmdLTFNpSlMyakxLTWQ2WnRsbnhuYm95T3k2eTNwcHF5Zjg3RmpvYTVxc3lJakplRWk1V0VxNW1jZ0s2Q2VXSjI=,,,蹲一个搭子,2,1,2026-04-14 08:12:57,高中生,0,0,normal
c_ext_00002790,p_ext_000849,u_ext_00370,,,在哪个校区交易,22,3,2026-03-20 01:56:57,普通用户,0,0,normal
c_ext_00002791,p_ext_000197,u_ext_00406,,,多少钱,27,1,2026-03-03 19:01:57,校园达人,0,0,normal
c_ext_00002792,p_ext_000862,u_ext_00358,,,感谢分享,25,0,2026-02-28 21:43:57,活跃同学,1,0,normal
c_ext_00002793,p_ext_000519,u_ext_00386,,,在哪个校区交易,1,0,2026-04-30 12:17:57,校园达人,0,0,normal
c_ext_00002794,p_ext_001384,dG42TnEzL091NHVTMEw3T2w2RzRaNVducHFtRlluOXJnNHg0aTRoOXk5M0RwbldEaEpXNmFKVzV0cldIWjlxS2lNNmVvSVdybXFxQmVXSjI=,,,在哪个校区交易,12,1,2026-04-02 16:25:57,本科生,0,0,normal
c_ext_00002795,p_ext_000183,u_ext_00324,,,蹲一个搭子,1,0,2026-03-06 09:03:57,校园达人,0,0,normal
c_ext_00002796,p_ext_001446,u_ext_00222,,,多少钱,3,2,2026-04-30 20:45:57,活跃同学,0,0,normal
c_ext_00002797,p_ext_001756,u_ext_00180,,,这个窗口确实不错,27,2,2026-04-03 08:19:57,普通用户,0,0,normal
c_ext_00002798,p_ext_001695,u_ext_00191,,,还在吗,0,1,2026-05-03 02:49:57,普通用户,0,0,normal
c_ext_00002799,p_ext_000261,u_ext_00342,,,我也想参加,21,0,2026-02-09 17:10:57,资深坛友,0,0,normal
c_ext_00002800,p_ext_000359,dzVCMXI0WFB5WTJGbExYWGpZcTRub3FUb29LRllhNnRtWXVFaDRlTW01bXVzbml2aEpXU2tJak50ZGlNakxSNGtxZG5hSVI0ZkpLS2lXSjI=,,,多少钱,25,3,2026-05-26 19:25:57,博士生,0,0,normal
c_ext_00002801,p_ext_001152,u_ext_00370,,,多少钱,26,3,2026-04-13 09:20:57,普通用户,0,0,normal
c_ext_00002802,p_ext_000307,u_ext_00405,,,多少钱,17,2,2026-04-26 22:15:57,活跃同学,0,0,normal
c_ext_00002803,p_ext_000761,u_ext_00280,,,我也想参加,26,3,2026-03-03 17:09:57,校园达人,0,0,normal
c_ext_00002804,p_ext_001267,u_ext_00110,,,多少钱,6,0,2026-02-05 10:26:57,校园达人,0,0,normal
c_ext_00002805,p_ext_000832,u_ext_00417,,,可以自提吗,2,1,2026-03-26 04:42:57,资深坛友,0,0,normal
c_ext_00002806,p_ext_000226,cjZGc2lJdTZwNCtGcWFxMWhwL0daWCtUaEtPYm5tYXZncTkwcDRGc3JKdkRvb2h0bEpXV29vVFFydGlKbjZpTmhKT2llcHRqbm51QmVXSjI=,,,这个窗口确实不错,25,0,2026-05-30 21:27:57,讲师,0,0,normal
c_ext_00002807,p_ext_001596,u_ext_00409,,,可以自提吗,30,0,2026-02-04 09:36:57,普通用户,0,0,normal
c_ext_00002808,p_ext_000898,u_ext_00345,,,多少钱,10,2,2026-05-29 10:53:57,活跃同学,0,0,normal
c_ext_00002809,p_ext_001066,dG8yWGtaYlFyNCtHMExLUmxYcldhWlRRZUg2Wm0zaWxpSDJEc0kybXg4NjdwbjJPbGRDU3FJZW11czZYZWNaNmY3aUlmb3VmZUlLTGlXSjI=,,,在哪个校区交易,3,2,2026-02-26 03:09:57,初中生,0,0,normal
c_ext_00002810,p_ext_001786,u_ext_00439,,,还在吗,2,3,2026-04-03 10:10:57,资深坛友,0,0,normal
c_ext_00002811,p_ext_000122,cm95WGhwZTZ1NFNLbE1pNGdaK25aNHJRZUt5YWRvQ2toWXBqczVlQW5KYTBwSW1TZ0x2RVozKzN6TFNDakp0bmxybUFoSmgxa0c2TGlXSjI=,,,这个窗口确实不错,4,0,2026-02-25 20:23:57,高中生,0,0,normal
c_ext_00002812,p_ext_001862,u_ext_00174,,,多少钱,11,0,2026-03-01 10:14:57,校园达人,0,0,normal
c_ext_00002813,p_ext_000817,dEk2YnFKVzQyR2lTenE2NmlZM1NmWlRjbXFXTGVKbXZpM3Flc1pkcnZkckZhbm1JaHN5YXNKTzVzdHFOak5hbWhKV2VzcEdGZ0txS2lXSjI=,,,在哪个校区交易,27,0,2026-03-20 20:52:57,硕士生,0,0,normal
c_ext_00002814,p_ext_000267,u_ext_00179,,,蹲一个搭子,1,0,2026-05-26 21:21:57,活跃同学,0,0,normal
c_ext_00002815,p_ext_000397,u_ext_00205,,,可以自提吗,1,0,2026-04-17 18:12:57,校园达人,0,0,normal
c_ext_00002816,p_ext_001029,u_ext_00170,,,这个窗口确实不错,2,0,2026-04-07 01:31:57,普通用户,0,0,normal
c_ext_00002817,p_ext_001280,u_ext_00282,,,可以自提吗,23,2,2026-05-16 17:31:57,资深坛友,0,0,normal
c_ext_00002818,p_ext_001832,u_ext_00373,,,可以自提吗,30,3,2026-02-09 01:50:57,普通用户,0,0,normal
c_ext_00002819,p_ext_000292,u_ext_00331,,,活动还有名额吗,23,0,2026-04-25 11:56:57,普通用户,0,0,normal
c_ext_00002820,p_ext_000872,u_ext_00360,,,这个窗口确实不错,27,2,2026-05-05 23:28:57,资深坛友,0,0,normal
c_ext_00002821,2101623364,u_ext_00176,,,这个窗口确实不错,4,1,2026-05-20 04:32:57,资深坛友,0,0,normal
c_ext_00002822,2101614176,u_ext_00249,,,多少钱,3,1,2026-04-09 19:10:57,资深坛友,0,0,normal
c_ext_00002823,p_ext_001925,dDMxb2E0ZmMxYU9XcWR5MGxJMjhwSDdRZElhTXFxcVpnbnlJaW9lbno3RzFmb21uZmQzTmlZUFF1ZGlJb05Hc2lwS2FpSU5qbldxWHIySjI=,,,在哪个校区交易,15,3,2026-05-29 00:42:57,初中生,0,0,normal
c_ext_00002824,p_ext_001789,u_ext_00406,,,这个窗口确实不错,13,0,2026-03-21 02:41:57,校园达人,0,0,normal
c_ext_00002825,p_ext_001311,u_ext_00408,,,多少钱,14,1,2026-05-04 23:07:57,校园达人,0,0,normal
c_ext_00002826,p_ext_001123,u_ext_00390,,,多少钱,12,2,2026-05-12 22:18:57,校园达人,0,0,normal
c_ext_00002827,p_ext_001707,u_ext_00213,,,蹲一个搭子,10,3,2026-02-12 19:20:57,资深坛友,0,0,normal
c_ext_00002828,p_ext_001459,u_ext_00132,,,还在吗,6,0,2026-04-06 20:27:57,校园达人,0,0,normal
c_ext_00002829,p_ext_001248,u_ext_00168,,,在哪个校区交易,14,1,2026-04-05 05:05:57,活跃同学,0,0,normal
c_ext_00002830,p_ext_001298,u_ext_00371,,,期末重点有吗,4,0,2026-05-10 21:05:57,资深坛友,0,0,normal
c_ext_00002831,p_ext_000831,u_ext_00257,,,在哪个校区交易,5,1,2026-04-09 15:28:57,活跃同学,0,0,normal
c_ext_00002832,p_ext_000367,u_ext_00276,,,可以自提吗,29,0,2026-03-14 02:55:57,活跃同学,0,0,normal
c_ext_00002833,p_ext_001473,u_ext_00151,,,可以自提吗,1,2,2026-05-28 00:42:57,活跃同学,0,0,normal
c_ext_00002834,2101585112,u_ext_00186,,,这个窗口确实不错,22,2,2026-02-12 18:54:57,普通用户,0,0,normal
c_ext_00002835,p_ext_001704,u_ext_00427,,,多少钱,12,1,2026-05-08 21:28:57,校园达人,0,0,normal
c_ext_00002836,p_ext_001614,cm55WHBYKzZ4WVdWbGJxcmpLS3dkbituWjdLRnEzeUNoMlY4ZjVpbXo5Q3pvbld4aHJ1cnI0V1QxSzJXamNhT2xybUloSVdhcW5xWHIySjI=,,,这个窗口确实不错,10,2,2026-03-17 18:30:57,本科生,0,0,normal
c_ext_00002837,p_ext_001598,u_ext_00249,,,还在吗,5,1,2026-03-19 05:36:57,资深坛友,0,0,normal
c_ext_00002838,p_ext_001204,u_ext_00485,,,多少钱,18,1,2026-05-23 12:27:57,活跃同学,0,0,normal
c_ext_00002839,p_ext_001742,u_ext_00474,,,多少钱,5,3,2026-03-29 06:25:57,普通用户,0,0,normal
c_ext_00002840,p_ext_000594,u_ext_00424,,,可以自提吗,17,1,2026-02-06 20:03:57,活跃同学,0,0,normal
c_ext_00002841,p_ext_000924,u_ext_00395,,,可以自提吗,8,0,2026-02-15 03:44:57,活跃同学,0,0,normal
c_ext_00002842,p_ext_001094,u_ext_00261,,,可以自提吗,30,3,2026-03-15 23:07:57,校园达人,0,0,normal
c_ext_00002843,p_ext_001136,eFgyamdvR28xR2lTdWRqTmg2KzhuNFROcG9HYm5KQ0ppcCthZTVDUDB0MnZqNk9JaHMyamVvak12cWFYaXBPbWY4MmVrSW1lYjRPSWlXSjI=,,,这个窗口确实不错,26,2,2026-04-06 16:27:57,初中生,0,0,normal
c_ext_00002844,p_ext_001894,u_ext_00110,,,还在吗,9,1,2026-03-26 06:40:57,校园达人,0,0,normal
c_ext_00002845,2101517403,u_ext_00480,,,多少钱,25,3,2026-03-15 02:45:57,校园达人,0,0,normal
c_ext_00002846,p_ext_001381,dzR1bXNvZW5zNjJTcU5TbW1IeW9qSVM2ZUtLSWhvQnRnNHFpajVxbHRhdkRpMngrazVPV2JJYVRxcktYakxoL2xkQ1dpNXgzZzJpWHIySjI=,,,这个窗口确实不错,6,3,2026-03-08 21:15:57,博士生,0,0,normal
c_ext_00002847,p_ext_000796,eEtTZWJaYlExWHFJemFxWGhZdW9yb3ZNZjJtUW5vU0VpbzJXaEltbHVkQ3pvbzJ5bGRISmc1YTZ0c3VNak5LR2xMZVdyb1ZrbnBtSGlXSjI=,,,这个窗口确实不错,25,2,2026-05-16 05:15:57,硕士生,0,0,normal
c_ext_00002848,2101534204,dzZXQmdJTzZsckNGdDVXcWZtaWtxSk81aUt1RmlZK3dpcUdhanBxbHZiKzBwWDE5bHFqSXJJS1VxdEdZbjdoN2c5dHJzbzJjaEltS2lXSjI=,,,这个窗口确实不错,11,0,2026-02-03 08:47:57,本科生,0,0,normal
c_ext_00002849,p_ext_001006,u_ext_00324,,,可以内推吗,0,0,2026-02-21 12:33:57,校园达人,0,0,normal
c_ext_00002850,p_ext_000267,u_ext_00346,,,我也想参加,3,0,2026-05-04 21:40:57,校园达人,0,0,normal
c_ext_00002851,p_ext_000958,u_ext_00192,,,活动还有名额吗,16,2,2026-02-19 16:06:57,校园达人,0,0,normal
c_ext_00002852,p_ext_000250,u_ext_00104,,,还在吗,6,1,2026-05-22 23:46:57,普通用户,0,0,normal
c_ext_00002853,p_ext_000610,d24rcmJvQzN4R2w4bEpuSmlaK3NncE9TaElHQ1k1cHVpWDJoc1lPUHJiTzdmWnVIakxuTmwzN05uYzJZZkxoOGhaS01yWTJyaktxRGVXSjI=,,,时间合适的话可以,1,3,2026-04-25 05:08:57,本科生,0,0,normal
c_ext_00002854,p_ext_000743,dDJsMWtaYTZ5WG1IdDZxbGdHWEdaWlNvbm1pRWVJU25ocU56YkptT3VkRzdwSFd6aTlDYWg1T3FxcXlXcjhaNWs1S1dxNHAxajJpTGlXSjI=,,,还在吗,19,3,2026-03-06 05:58:57,本科生,0,0,normal
c_ext_00002855,p_ext_000765,u_ext_00418,,,期末重点有吗,24,1,2026-03-09 01:00:57,普通用户,0,0,normal
c_ext_00002856,p_ext_000583,u_ext_00198,,,时间合适的话可以,11,0,2026-04-12 06:07:57,普通用户,0,0,normal
c_ext_00002857,p_ext_001886,u_ext_00102,,,在哪个校区交易,24,2,2026-05-23 13:27:57,校园达人,0,0,normal
c_ext_00002858,p_ext_000990,dDJsMWtaYTZ5WG1IdDZxbGdHWEdaWlNvbm1pRWVJU25ocU56YkptT3VkRzdwSFd6aTlDYWg1T3FxcXlXcjhaNWs1S1dxNHAxajJpTGlXSjI=,,,可以自提吗,26,3,2026-02-16 07:30:57,本科生,0,0,normal
c_ext_00002859,p_ext_000297,dzQrWGhaYTV6V3FGdDlUTGdudW9yb1dUbld5TmhvQnFqbWlJcTQrbXk5SERwcHVobFpYVmdZYXBsYWlHZkp0K2hhcUVlcHVjWnFxRGVXSjI=,,,活动还有名额吗,18,0,2026-05-26 15:26:57,高中生,0,0,normal
c_ext_00002860,p_ext_000453,cjdLWGpuK1V5R2VTcWNpdWwzcXduWWVTcG95T2hwNXJpWXQ0Zkl5Tng3aTJmbzF1aExpYWJJUzUxNWFXWjgxcGxiZUloSnVGZjJ1SmlXSjI=,,,在哪个校区交易,26,3,2026-03-05 20:17:57,初中生,0,0,normal
c_ext_00002861,p_ext_000709,u_ext_00290,,,可以自提吗,24,3,2026-04-21 14:33:57,普通用户,0,0,normal
c_ext_00002862,p_ext_001782,u_ext_00254,,,在哪个校区交易,18,1,2026-05-10 03:08:57,活跃同学,0,0,normal
c_ext_00002863,p_ext_001970,u_ext_00439,,,可以自提吗,30,0,2026-02-17 06:07:57,资深坛友,0,0,normal
c_ext_00002864,p_ext_001562,eEtTZWJaYlExWHFJemFxWGhZdW9yb3ZNZjJtUW5vU0VpbzJXaEltbHVkQ3pvbzJ5bGRISmc1YTZ0c3VNak5LR2xMZVdyb1ZrbnBtSGlXSjI=,,,还在吗,2,3,2026-05-29 04:29:57,硕士生,0,0,normal
c_ext_00002865,p_ext_000529,u_ext_00367,,,可以自提吗,3,1,2026-04-06 02:03:57,活跃同学,0,0,normal
c_ext_00002866,p_ext_000814,u_ext_00395,,,活动还有名额吗,0,0,2026-05-22 07:39:57,活跃同学,0,0,normal
c_ext_00002867,p_ext_001110,u_ext_00469,,,多少钱,23,2,2026-05-15 20:27:57,校园达人,0,0,normal
c_ext_00002868,2101540021,dDQxa2k1T3JvNnlHcWEzWW1JcXZyWWFTaElDTWhacUxqWjkwaDVDenFhaTBmMmV2aUpTamdZU1Z2dG1VWlp1VmY3aUVhWnRqYjZxQ2VXSjI=,,,多少钱,23,0,2026-05-22 01:54:57,本科生,0,0,normal
c_ext_00002869,p_ext_001280,u_ext_00183,,,可以自提吗,9,2,2026-05-09 22:07:57,活跃同学,0,0,normal
c_ext_00002870,p_ext_000423,u_ext_00445,,,这个窗口确实不错,30,2,2026-04-30 11:42:57,活跃同学,0,0,normal
c_ext_00002871,p_ext_000633,u_ext_00426,,,还在吗,9,1,2026-04-10 23:22:57,活跃同学,0,0,normal
c_ext_00002872,p_ext_000224,u_ext_00155,,,这个窗口确实不错,21,3,2026-05-02 05:25:57,校园达人,0,0,normal
c_ext_00002873,p_ext_001136,u_ext_00447,,,在哪个校区交易,24,2,2026-03-22 11:31:57,活跃同学,0,0,normal
c_ext_00002874,p_ext_001903,u_ext_00369,,,还在吗,8,1,2026-03-22 13:51:57,普通用户,0,0,normal
c_ext_00002875,2101539504,cm95WGhwZTZ1NFNLbE1pNGdaK25aNHJRZUt5YWRvQ2toWXBqczVlQW5KYTBwSW1TZ0x2RVozKzN6TFNDakp0bmxybUFoSmgxa0c2TGlXSjI=,,,多少钱,9,2,2026-02-14 06:28:57,高中生,0,0,normal
c_ext_00002876,p_ext_001351,c0h4NWlJelF0bXAvdHNlVmYyZkdqSlMzZ0lHWXE2S25pWHFXckpwcDE3ZTJpMnlLbGN5YWpJdmJuY0tCbzgxa2dMZWloWTZJcHBHSGlXSjI=,,,这个窗口确实不错,14,2,2026-03-06 06:46:57,高中生,0,0,normal
c_ext_00002877,p_ext_000514,u_ext_00121,,,可以自提吗,10,1,2026-02-12 08:16:57,活跃同学,0,0,normal
c_ext_00002878,p_ext_001996,u_ext_00271,,,活动还有名额吗,23,2,2026-03-28 07:11:57,普通用户,0,0,normal
c_ext_00002879,p_ext_001375,dEk2YnFKVzQyR2lTenE2NmlZM1NmWlRjbXFXTGVKbXZpM3Flc1pkcnZkckZhbm1JaHN5YXNKTzVzdHFOak5hbWhKV2VzcEdGZ0txS2lXSjI=,,,还在吗,24,2,2026-05-03 03:16:57,硕士生,0,0,normal
c_ext_00002880,2101541641,u_ext_00209,,,在哪个校区交易,5,2,2026-03-14 07:51:57,资深坛友,0,0,normal
c_ext_00002881,p_ext_000853,dEtLYm1vTzYwWjZMdDlTNmdYdk5yWVNvb3FTTGRaMnZoYUdhb29pUnJkbXpqbjJObHJpWmE0VzV1clNZaXNsa2xiZUVhb1dlZktXWXIySjI=,,,时间合适的话可以,9,3,2026-02-24 00:23:57,初中生,0,0,normal
c_ext_00002882,p_ext_001031,u_ext_00150,,,简历要怎么投,1,2,2026-03-21 19:23:57,普通用户,0,0,normal
c_ext_00002883,p_ext_001872,u_ext_00194,,,这个窗口确实不错,9,3,2026-05-03 14:24:57,资深坛友,0,0,normal
c_ext_00002884,p_ext_000182,u_ext_00469,,,时间合适的话可以,22,2,2026-04-27 17:33:57,校园达人,0,0,normal
c_ext_00002885,p_ext_001391,u_ext_00300,,,可以自提吗,0,0,2026-05-20 23:17:57,校园达人,0,0,normal
c_ext_00002886,p_ext_001006,u_ext_00172,,,简历要怎么投,17,2,2026-03-26 00:39:57,普通用户,0,0,normal
c_ext_00002887,p_ext_000447,dzQ5b2JJYTYwWXVLdHN5cGwzeXNacGFwaEdxT201cDhpNG1Nam94cnNlQ3ZhbXhwaTlETlpwV1MyS21ZakxTT2tyZDNzSVdlYjRHWHIySjI=,,,还在吗,3,1,2026-05-06 16:47:57,本科生,0,0,normal
c_ext_00002888,p_ext_000510,u_ext_00128,,,可以自提吗,12,1,2026-04-05 16:02:57,校园达人,0,0,normal
c_ext_00002889,p_ext_000102,c3FLZnFaZTQxWitTekxLdGlYck9oSVdVWXJHUmhaNkNqcUpqZjVlaW5OWERhSjl1Z0x1em40VE9wcE9Kbjg2Z2dyaWVib2FJYjZXSWlXSjI=,,,多少钱,16,2,2026-02-22 15:49:57,初中生,0,0,normal
c_ext_00002890,p_ext_000962,u_ext_00407,,,时间合适的话可以,25,2,2026-05-18 07:00:57,校园达人,0,0,normal
c_ext_00002891,p_ext_000385,u_ext_00193,,,还在吗,9,3,2026-04-24 02:47:57,资深坛友,0,0,normal
c_ext_00002892,p_ext_001943,ckdsMWFvdlJyMzErdWJhdWlXYXNab0s2b29TUm5YaXRqYUJyc0lSOXRadkNhNXVRZnQzTlpvQ25zdEtOWjdDcmhiVnJrb1ZraUhxQmVXSjI=,,,简历要怎么投,30,3,2026-04-23 11:07:57,本科生,0,0,normal
c_ext_00002893,p_ext_000510,dDZOa2ZJeTRyMzZIbExhV2hJbkdvbnlWbm8rRWlZdHJoNitla1pwcXhwcXpqV1NrbHF1anI0QzZxZHFOZk5xQWY4K0FqNGFIcHBtWXIySjI=,,,在哪个校区交易,2,2,2026-03-10 03:42:57,本科生,0,0,normal
c_ext_00002894,p_ext_001350,u_ext_00204,,,这个窗口确实不错,24,2,2026-03-17 10:26:57,资深坛友,0,0,normal
c_ext_00002895,p_ext_000224,u_ext_00485,,,在哪个校区交易,23,1,2026-03-23 12:40:57,活跃同学,0,0,normal
c_ext_00002896,p_ext_001616,cjdLWGpuK1V5R2VTcWNpdWwzcXduWWVTcG95T2hwNXJpWXQ0Zkl5Tng3aTJmbzF1aExpYWJJUzUxNWFXWjgxcGxiZUloSnVGZjJ1SmlXSjI=,,,活动还有名额吗,19,1,2026-04-22 17:29:57,初中生,0,0,normal
c_ext_00002897,p_ext_000424,u_ext_00485,,,这个窗口确实不错,13,1,2026-03-23 02:28:57,活跃同学,0,0,normal
c_ext_00002898,p_ext_001550,u_ext_00498,,,在哪个校区交易,26,2,2026-02-07 22:52:57,校园达人,0,0,normal
c_ext_00002899,p_ext_000989,dFk2aWE0UzVyNmVMdUw3UmxwK3dkNVc2aUgrTGRvaWlqcUtXczVxa3VhN0VqV05zaGFpdmczNlUwTHVGaXBPRWhzK2RycHFlakl1SmlXSjI=,,,活动还有名额吗,24,2,2026-04-28 21:16:57,小学生,0,0,normal
c_ext_00002900,p_ext_000898,u_ext_00200,,,在哪个校区交易,4,0,2026-02-23 04:39:57,校园达人,0,0,normal
c_ext_00002901,p_ext_001258,u_ext_00188,,,这个窗口确实不错,2,3,2026-03-01 01:48:57,资深坛友,0,0,normal
c_ext_00002902,p_ext_001428,u_ext_00281,,,蹲一个复习整理,17,1,2026-05-21 03:55:57,活跃同学,0,0,normal
c_ext_00002903,p_ext_000243,dzZXQmdJTzZsckNGdDVXcWZtaWtxSk81aUt1RmlZK3dpcUdhanBxbHZiKzBwWDE5bHFqSXJJS1VxdEdZbjdoN2c5dHJzbzJjaEltS2lXSjI=,,,可以内推吗,28,0,2026-03-13 06:32:57,本科生,0,0,normal
c_ext_00002904,p_ext_001003,u_ext_00167,,,这个窗口确实不错,16,1,2026-05-24 01:59:57,普通用户,0,0,normal
c_ext_00002905,p_ext_000791,u_ext_00350,,,蹲一个搭子,5,2,2026-03-09 14:15:57,校园达人,0,0,normal
c_ext_00002906,p_ext_000685,u_ext_00124,,,这个窗口确实不错,5,1,2026-02-15 02:06:57,普通用户,0,0,normal
c_ext_00002907,p_ext_001077,u_ext_00133,,,时间合适的话可以,8,1,2026-04-05 21:53:57,校园达人,0,0,normal
c_ext_00002908,p_ext_000166,u_ext_00151,,,我也想参加,14,3,2026-03-04 15:36:57,活跃同学,0,0,normal
c_ext_00002909,p_ext_001754,u_ext_00238,,,还在吗,26,1,2026-02-25 22:55:57,普通用户,0,0,normal
c_ext_00002910,p_ext_001714,u_ext_00308,,,可以自提吗,8,0,2026-02-22 01:54:57,资深坛友,0,0,normal
c_ext_00002911,p_ext_000882,u_ext_00264,,,在哪个校区交易,16,2,2026-05-29 13:18:57,活跃同学,0,0,normal
c_ext_00002912,p_ext_001650,u_ext_00154,,,可以自提吗,19,1,2026-02-20 17:39:57,校园达人,0,0,normal
c_ext_00002913,p_ext_001029,eFdsOWtZeXAwWDZWenE3UGpHWE9vWDZxZEpDT2Q2S0FtWXQ0cklGcms1ckdvNSt5ZlpTN2tJZVVycnFBWnFTbGs2cWFpWnlmaUh5SGlXSjI=,,,在哪个校区交易,8,0,2026-03-11 04:21:57,本科生,0,0,normal
c_ext_00002914,p_ext_000353,u_ext_00447,,,可以自提吗,24,3,2026-04-21 18:49:57,活跃同学,0,0,normal
c_ext_00002915,p_ext_001055,u_ext_00239,,,在哪个校区交易,28,3,2026-05-15 13:47:57,普通用户,0,0,normal
c_ext_00002916,p_ext_001660,dEthZmJaT29zMmlHcXNpWGpZdWpxNVROWTdDUmVLMnVtS0dXa0l5bXFicTFwbmx0aGJpdmpwUzRxWlNFWmJ5RGk4Mk1ocGgybW5xSGlXSjI=,,,求资料,0,3,2026-03-26 08:25:57,高中生,0,0,normal
c_ext_00002917,p_ext_001202,u_ext_00446,,,还在吗,21,0,2026-03-02 16:05:57,普通用户,0,0,normal
c_ext_00002918,p_ext_001921,eFkxNWo0ZTdxNHVMazZxdGw0dTRkMzY2ZktxT2hZU3NsMmVWYklXTnJkMnZmNStEZjVUTmVZT1RzcWFZaXF5Vms3bWxhNXRocldpTGlXSjI=,,,还在吗,29,2,2026-02-06 06:38:57,高中生,0,0,normal
c_ext_00002919,p_ext_000945,u_ext_00472,,,这个岗位适合大三吗,17,1,2026-03-01 15:15:57,普通用户,0,0,normal
c_ext_00002920,p_ext_001492,u_ext_00326,,,在哪个校区交易,6,3,2026-04-29 09:29:57,普通用户,0,0,normal
c_ext_00002921,p_ext_001382,u_ext_00290,,,在哪个校区交易,4,0,2026-04-06 02:26:57,普通用户,0,0,normal
c_ext_00002922,p_ext_001143,u_ext_00309,,,蹲一个复习整理,13,2,2026-02-22 00:30:57,活跃同学,0,0,normal
c_ext_00002923,p_ext_001161,u_ext_00371,,,我也想参加,20,1,2026-02-12 02:09:57,资深坛友,0,0,normal
c_ext_00002924,p_ext_000216,dFk2aWE0UzVyNmVMdUw3UmxwK3dkNVc2aUgrTGRvaWlqcUtXczVxa3VhN0VqV05zaGFpdmczNlUwTHVGaXBPRWhzK2RycHFlakl1SmlXSjI=,,,多少钱,7,1,2026-03-18 02:20:57,小学生,0,0,normal
c_ext_00002925,p_ext_000603,u_ext_00204,,,还在吗,13,2,2026-05-13 21:12:57,资深坛友,0,0,normal
c_ext_00002926,p_ext_000674,u_ext_00463,,,这个窗口确实不错,3,1,2026-02-15 03:39:57,资深坛友,0,0,normal
c_ext_00002927,p_ext_000788,u_ext_00367,,,还在吗,29,1,2026-02-28 01:57:57,活跃同学,0,0,normal
c_ext_00002928,2101549384,u_ext_00435,,,这个窗口确实不错,16,2,2026-03-14 02:24:57,资深坛友,0,0,normal
c_ext_00002929,p_ext_001447,u_ext_00207,,,这个窗口确实不错,3,1,2026-05-12 19:05:57,普通用户,0,0,normal
c_ext_00002930,p_ext_001531,eEpDYnE0UFB5WjZMemN6SmxxSzBkNVBNbWJHS2g0Ujhqbmltc0lTenlwaTNzb1ZyZ05HanFvT3FwZHQvWnJ5RWt0eDRwSXFlb3FDR2lXSjI=,,,期末重点有吗,10,0,2026-05-12 09:54:57,硕士生,0,0,normal
c_ext_00002931,p_ext_001945,u_ext_00326,,,这个岗位适合大三吗,23,0,2026-02-20 18:26:57,普通用户,0,0,normal
c_ext_00002932,p_ext_000197,u_ext_00239,,,多少钱,12,0,2026-03-31 02:24:57,普通用户,0,0,normal
c_ext_00002933,p_ext_001704,u_ext_00450,,,在哪个校区交易,17,3,2026-04-02 00:02:57,资深坛友,0,0,normal
c_ext_00002934,p_ext_000205,u_ext_00408,,,可以自提吗,11,3,2026-03-16 01:49:57,校园达人,0,0,normal
c_ext_00002935,p_ext_001192,cm95WGhwZTZ1NFNLbE1pNGdaK25aNHJRZUt5YWRvQ2toWXBqczVlQW5KYTBwSW1TZ0x2RVozKzN6TFNDakp0bmxybUFoSmgxa0c2TGlXSjI=,,,这个窗口确实不错,15,1,2026-04-03 00:29:57,高中生,0,0,normal
c_ext_00002936,p_ext_001794,u_ext_00435,,,多少钱,29,0,2026-02-23 10:22:57,资深坛友,0,0,normal
c_ext_00002937,p_ext_000419,u_ext_00194,,,这个窗口确实不错,8,3,2026-05-21 16:20:57,资深坛友,0,0,normal
c_ext_00002938,p_ext_000601,u_ext_00355,,,期末重点有吗,14,1,2026-02-28 07:51:57,资深坛友,0,0,normal
c_ext_00002939,p_ext_001558,dEtLYm1vTzYwWjZMdDlTNmdYdk5yWVNvb3FTTGRaMnZoYUdhb29pUnJkbXpqbjJObHJpWmE0VzV1clNZaXNsa2xiZUVhb1dlZktXWXIySjI=,,,活动还有名额吗,25,1,2026-03-31 07:27:57,初中生,0,0,normal
c_ext_00002940,p_ext_001838,u_ext_00169,,,多少钱,3,3,2026-03-03 17:28:57,活跃同学,0,0,normal
c_ext_00002941,p_ext_001247,u_ext_00436,,,这个窗口确实不错,27,3,2026-04-27 17:55:57,活跃同学,0,0,normal
c_ext_00002942,p_ext_001773,eEpDYnE0UFB5WjZMemN6SmxxSzBkNVBNbWJHS2g0Ujhqbmltc0lTenlwaTNzb1ZyZ05HanFvT3FwZHQvWnJ5RWt0eDRwSXFlb3FDR2lXSjI=,,,还在吗,3,0,2026-06-01 10:56:57,硕士生,0,0,normal
c_ext_00002943,p_ext_001215,u_ext_00144,,,求资料,5,3,2026-03-23 11:47:57,校园达人,0,0,normal
c_ext_00002944,p_ext_001764,u_ext_00462,,,活动还有名额吗,30,0,2026-05-14 20:34:57,活跃同学,0,0,normal
c_ext_00002945,p_ext_000984,u_ext_00212,,,多少钱,9,0,2026-04-27 10:50:57,活跃同学,0,0,normal
c_ext_00002946,p_ext_001456,u_ext_00103,,,多少钱,26,0,2026-04-18 20:16:57,校园达人,0,0,normal
c_ext_00002947,p_ext_001084,u_ext_00267,,,可以自提吗,12,0,2026-02-15 09:42:57,普通用户,0,0,normal
c_ext_00002948,p_ext_000888,u_ext_00496,,,还在吗,11,0,2026-04-01 22:30:57,校园达人,0,0,normal
c_ext_00002949,p_ext_001634,dTQ2TmZJemRxbWw5azY2MWpYcThnNHFTbnEySm5ZeHRnWitNcElxa3ZiQ3ZqWDJ4ZjlDU2U1SzZwcldVZmJpRmhhbXFwWXVHbnF1SGlXSjI=,,,这个窗口确实不错,29,3,2026-05-25 14:39:57,本科生,0,0,normal
c_ext_00002950,p_ext_001077,u_ext_00311,,,蹲一个搭子,6,2,2026-03-16 19:20:57,普通用户,0,0,normal
c_ext_00002951,p_ext_001287,u_ext_00488,,,在哪个校区交易,0,0,2026-02-19 03:51:57,活跃同学,0,0,normal
c_ext_00002952,p_ext_000147,u_ext_00454,,,在哪个校区交易,13,3,2026-05-13 04:03:57,普通用户,0,0,normal
c_ext_00002953,p_ext_001109,u_ext_00150,,,多少钱,16,0,2026-04-19 03:46:57,普通用户,0,0,normal
c_ext_00002954,p_ext_001649,u_ext_00495,,,这个窗口确实不错,28,2,2026-02-12 11:41:57,普通用户,0,0,normal
c_ext_00002955,p_ext_000813,u_ext_00223,,,还在吗,17,0,2026-03-04 11:45:57,普通用户,0,0,normal
c_ext_00002956,p_ext_001732,u_ext_00378,,,还在吗,15,2,2026-02-24 12:10:57,校园达人,0,0,normal
c_ext_00002957,p_ext_000357,u_ext_00318,,,多少钱,15,2,2026-04-23 17:38:57,资深坛友,0,0,normal
c_ext_00002958,p_ext_000540,u_ext_00193,,,这个窗口确实不错,18,0,2026-04-08 00:20:57,资深坛友,0,0,normal
c_ext_00002959,p_ext_001444,u_ext_00144,,,简历要怎么投,7,0,2026-03-28 04:50:57,校园达人,0,0,normal
c_ext_00002960,p_ext_000683,u_ext_00302,,,活动还有名额吗,12,0,2026-03-25 00:28:57,活跃同学,0,0,normal
c_ext_00002961,p_ext_001250,u_ext_00429,,,还在吗,23,3,2026-06-01 14:39:57,普通用户,0,0,normal
c_ext_00002962,p_ext_001288,u_ext_00148,,,在哪个校区交易,16,2,2026-05-06 08:34:57,资深坛友,0,0,normal
c_ext_00002963,p_ext_000436,u_ext_00376,,,在哪个校区交易,20,2,2026-05-18 04:31:57,活跃同学,0,0,normal
c_ext_00002964,p_ext_000325,cjJpcWJJblFyNE9UdHJLdWlHYTRqcFBPZEcyY25JQ3BpWHFlYnBlUXJiK3Zhb1dLaEpiUnJwV21wdHFGZTlLR2hhbDRxSnRrZUtHQ2VXSjI=,,,这个窗口确实不错,3,3,2026-03-31 08:45:57,副教授,0,0,normal
c_ext_00002965,p_ext_000893,u_ext_00448,,,还在吗,0,1,2026-05-26 12:20:57,普通用户,0,0,normal
c_ext_00002966,p_ext_000471,u_ext_00263,,,在哪个校区交易,23,2,2026-03-10 03:46:57,普通用户,0,0,normal
c_ext_00002967,p_ext_001358,dDN5QmZJbXF1cXlFME5DcGxxT29sWktwWTRpSW5tNnhnR1dMc0ppQXl0eXpqWUdFbHBXdVozNm4xTktJaksrdWZ0Q2FnNXQxb29hSWlXSjI=,,,可以自提吗,10,3,2026-04-10 11:53:57,本科生,0,0,normal
c_ext_00002968,p_ext_000602,u_ext_00107,,,可以自提吗,29,1,2026-05-19 13:14:57,普通用户,0,0,normal
c_ext_00002969,p_ext_001000,u_ext_00397,,,这个窗口确实不错,18,3,2026-04-26 10:37:57,普通用户,0,0,normal
c_ext_00002970,p_ext_001028,u_ext_00476,,,在哪个校区交易,7,1,2026-03-30 23:40:57,活跃同学,0,0,normal
c_ext_00002971,p_ext_000281,u_ext_00467,,,期末重点有吗,21,3,2026-04-27 14:06:57,活跃同学,0,0,normal
c_ext_00002972,p_ext_000881,u_ext_00269,,,活动还有名额吗,10,1,2026-02-11 23:42:57,普通用户,0,0,normal
c_ext_00002973,p_ext_000596,dTVDWHJKZk51MzkvcHFhbWlhTzhoSmFvbG95YWlJeVJsb3BqcUlHenBKbXdqcDZ3aWREWXFJZVMwTmFCWnM1bmhxZHFhWnlHZ0lLRmlXSjI=,,,简历要怎么投,16,2,2026-04-13 21:03:57,高中生,0,0,normal
c_ext_00002974,2101606621,u_ext_00330,,,这个窗口确实不错,2,1,2026-03-12 17:26:57,活跃同学,0,0,normal
c_ext_00002975,p_ext_001565,eEk5OXBvZk9tbjk4bE5UVGhYcktwSC9RZEsrRVlwcDlsbWg0Z29xenVKakRmMnh0bEx1eWE0V3BsYzJYZTdobGZwT01pWXVKZ0xLS2lXSjI=,,,这个窗口确实不错,18,2,2026-04-19 00:00:57,本科生,0,0,normal
c_ext_00002976,p_ext_001355,u_ext_00361,,,可以自提吗,14,1,2026-03-23 22:43:57,活跃同学,0,0,normal
c_ext_00002977,p_ext_000149,d21xQmg0aVRrbytHcXFxNm1JbkdwMzY2b2JDY25KbXdpNHllZzVtT201aXZhNStsbHMydXFJV25sSkdZb3Bkb2xaS0hycGlFYjRlSWlXSjI=,,,可以自提吗,1,2,2026-02-27 11:17:57,初中生,0,0,normal
c_ext_00002978,2101533358,u_ext_00103,,,还在吗,26,0,2026-05-19 00:02:57,校园达人,0,0,normal
c_ext_00002979,p_ext_001187,cjMrRms1ZXJyNE4vcWR2YWlJdktySkxjbHFlTG5hYXJpNkdpajVxbTA2KzFrSFd6bHMrN281UFF0cTZJZTZTRGdMcUxhWkNkZkdpQ2VXSjI=,,,这个窗口确实不错,9,0,2026-05-31 13:22:57,硕士生,0,0,normal
c_ext_00002980,p_ext_000623,cm9DQWJZYlF1MmFTdU15MWxtZXNhSkxPaUdpTG5vQ2tmNjkwYVl0cXo3MjNmNGx1bDdxdmZvWE9wczJFYU1wb2ZKU1dnSW1KZUpLVnIySjI=,,,可以自提吗,3,2,2026-02-11 17:52:57,硕士生,0,0,normal
c_ext_00002981,p_ext_000744,cmJLYnM0UE96WCtWM0xxMGxLSFNmWWZOb251RW5YaU5ocU9Fb1ltQngrRERvNXQvaGFxM2VJUzR1dEtYaXBKb2ZKS2FxSVNGZklTS2lXSjI=,,,蹲一个搭子,10,1,2026-02-06 12:13:57,初中生,0,0,normal
c_ext_00002982,p_ext_001681,u_ext_00114,,,这个窗口确实不错,30,1,2026-04-05 01:05:57,校园达人,0,0,normal
c_ext_00002983,p_ext_000303,u_ext_00376,,,可以自提吗,1,3,2026-04-12 23:26:57,活跃同学,0,0,normal
c_ext_00002984,p_ext_000431,u_ext_00139,,,活动还有名额吗,2,2,2026-04-05 15:25:57,活跃同学,0,0,normal
c_ext_00002985,p_ext_000809,u_ext_00115,,,还在吗,28,1,2026-02-18 20:14:57,活跃同学,0,0,normal
c_ext_00002986,p_ext_000124,u_ext_00154,,,还在吗,14,1,2026-05-04 10:54:57,校园达人,0,0,normal
c_ext_00002987,p_ext_000710,d21xQmg0aVRrbytHcXFxNm1JbkdwMzY2b2JDY25KbXdpNHllZzVtT201aXZhNStsbHMydXFJV25sSkdZb3Bkb2xaS0hycGlFYjRlSWlXSjI=,,,在哪个校区交易,24,0,2026-05-16 10:29:57,初中生,0,0,normal
c_ext_00002988,p_ext_001782,u_ext_00458,,,在哪个校区交易,15,0,2026-05-03 05:56:57,资深坛友,0,0,normal
c_ext_00002989,p_ext_001857,czMxbnNaU251NUNBcHI2cGlHVzhkNGE2ZktXRlk2S0poMmlpZ28rbTA5dkZvMzJ5Z0xpN2VwV295TnVIWnNxTmhaUjhwSnFGaklTRGVXSjI=,,,这个窗口确实不错,1,2,2026-04-04 21:15:57,高中生,0,0,normal
c_ext_00002990,p_ext_001958,u_ext_00165,,,在哪个校区交易,19,0,2026-03-08 12:46:57,活跃同学,0,0,normal
c_ext_00002991,p_ext_000768,u_ext_00310,,,还在吗,23,2,2026-04-03 00:54:57,普通用户,0,0,normal
c_ext_00002992,p_ext_001339,eEtTZWJaYlExWHFJemFxWGhZdW9yb3ZNZjJtUW5vU0VpbzJXaEltbHVkQ3pvbzJ5bGRISmc1YTZ0c3VNak5LR2xMZVdyb1ZrbnBtSGlXSjI=,,,还在吗,16,1,2026-04-07 00:29:57,硕士生,0,0,normal
c_ext_00002993,p_ext_001178,dDQ1MWk1ZTN4YkIvazY2MmxYcXdvSU8zZktHWWhxWm9tR2RqYVptUnZhN0NwWTJLaDZlM1pwWE9wcFNNWnJSK2twSnJlcGxpa0krTGlXSjI=,,,需要什么技术栈,10,0,2026-02-14 01:08:57,本科生,0,0,normal
c_ext_00002994,p_ext_000329,u_ext_00134,,,可以自提吗,11,1,2026-05-22 18:28:57,活跃同学,0,0,normal
c_ext_00002995,p_ext_000637,u_ext_00149,,,在哪个校区交易,28,2,2026-03-22 20:14:57,普通用户,0,0,normal
c_ext_00002996,p_ext_000746,u_ext_00282,,,在哪个校区交易,28,0,2026-03-16 07:08:57,资深坛友,0,0,normal
c_ext_00002997,p_ext_001182,dzVCMXI0WFB5WTJGbExYWGpZcTRub3FUb29LRllhNnRtWXVFaDRlTW01bXVzbml2aEpXU2tJak50ZGlNakxSNGtxZG5hSVI0ZkpLS2lXSjI=,,,可以自提吗,15,0,2026-03-01 15:33:57,博士生,0,0,normal
c_ext_00002998,p_ext_000599,u_ext_00269,,,还在吗,27,0,2026-03-29 07:57:57,普通用户,0,0,normal
c_ext_00002999,p_ext_000402,u_ext_00163,,,可以自提吗,30,2,2026-05-19 21:32:57,校园达人,0,0,normal
c_ext_00003000,2101560280,dzZTYXE1YW9sbzZXdUwyV2dLQzBabnpjbW4rRllaNnVqcUNNaFlKc3pwbTRmNnR2ZzdxM2lJdTJwcXlZb2FSL2ZzMW5mbzZKcG1tRGVXSjI=,,,可以自提吗,18,0,2026-05-09 04:57:57,硕士生,0,0,normal
c_ext_00003001,2101589825,u_ext_00336,,,蹲一个搭子,10,2,2026-05-29 16:27:57,校园达人,0,0,normal
c_ext_00003002,p_ext_001902,u_ext_00452,,,在哪个校区交易,27,0,2026-03-12 04:09:57,普通用户,0,0,normal
c_ext_00003003,p_ext_001786,u_ext_00181,,,可以自提吗,13,1,2026-03-18 14:40:57,校园达人,0,0,normal
c_ext_00003004,p_ext_001438,eEg2ZmtJYVd0Nm1WdHFxN2dYdTBkNE9VZ0tTT2VZZHRnWWltaUppT3ZOM0VqNFdOaGMzRm5vYXExTXFDZmNaOWhxWjRycENHWjIyRGVXSjI=,,,这个窗口确实不错,19,3,2026-04-02 16:35:57,本科生,0,0,normal
c_ext_00003005,p_ext_000323,u_ext_00481,,,这个窗口确实不错,21,2,2026-03-27 19:08:57,活跃同学,0,0,normal
c_ext_00003006,p_ext_001640,u_ext_00243,,,可以自提吗,27,1,2026-04-09 03:32:57,活跃同学,0,0,normal
c_ext_00003007,p_ext_000353,u_ext_00417,,,在哪个校区交易,14,3,2026-03-10 00:56:57,资深坛友,0,0,normal
c_ext_00003008,p_ext_001225,u_ext_00394,,,蹲一个搭子,13,1,2026-03-10 14:17:57,校园达人,0,0,normal
c_ext_00003009,p_ext_001302,u_ext_00443,,,我也想参加,17,1,2026-02-21 00:27:57,普通用户,0,0,normal
c_ext_00003010,p_ext_001796,u_ext_00157,,,在哪个校区交易,0,0,2026-05-03 20:58:57,普通用户,0,0,normal
c_ext_00003011,p_ext_000117,u_ext_00199,,,这个窗口确实不错,1,0,2026-02-24 06:19:57,活跃同学,0,0,normal
c_ext_00003012,2101569969,dzZTYXE1YW9sbzZXdUwyV2dLQzBabnpjbW4rRllaNnVqcUNNaFlKc3pwbTRmNnR2ZzdxM2lJdTJwcXlZb2FSL2ZzMW5mbzZKcG1tRGVXSjI=,,,多少钱,4,3,2026-05-30 20:06:57,硕士生,0,0,normal
c_ext_00003013,p_ext_001142,u_ext_00139,,,在哪个校区交易,21,2,2026-03-08 12:50:57,活跃同学,0,0,normal
c_ext_00003014,p_ext_000807,u_ext_00446,,,我也想参加,29,0,2026-05-13 21:14:57,普通用户,0,0,normal
c_ext_00003015,p_ext_000643,u_ext_00482,,,在哪个校区交易,19,0,2026-03-26 05:18:57,活跃同学,0,0,normal
c_ext_00003016,p_ext_000365,u_ext_00424,,,还在吗,15,0,2026-06-02 12:55:57,活跃同学,0,0,normal
c_ext_00003017,p_ext_001106,u_ext_00317,,,活动还有名额吗,20,0,2026-04-07 09:26:57,资深坛友,0,0,normal
c_ext_00003018,p_ext_000881,u_ext_00229,,,我也想参加,0,0,2026-04-11 02:59:57,校园达人,0,0,normal
c_ext_00003019,p_ext_000181,c3FLZnFaZTQxWitTekxLdGlYck9oSVdVWXJHUmhaNkNqcUpqZjVlaW5OWERhSjl1Z0x1em40VE9wcE9Kbjg2Z2dyaWVib2FJYjZXSWlXSjI=,,,可以自提吗,12,3,2026-05-11 17:09:57,初中生,0,0,normal
c_ext_00003020,p_ext_001609,u_ext_00220,,,可以自提吗,6,0,2026-02-12 19:34:57,校园达人,0,0,normal
c_ext_00003021,p_ext_001561,u_ext_00154,,,这个窗口确实不错,7,2,2026-03-21 07:11:57,校园达人,0,0,normal
c_ext_00003022,p_ext_001491,u_ext_00432,,,还在吗,26,3,2026-04-25 00:07:57,资深坛友,0,0,normal
c_ext_00003023,p_ext_001333,u_ext_00374,,,时间合适的话可以,26,3,2026-03-11 22:16:57,普通用户,0,0,normal
c_ext_00003024,p_ext_001081,u_ext_00207,,,还在吗,2,0,2026-03-16 20:41:57,普通用户,0,0,normal
c_ext_00003025,p_ext_001523,cjJtanNZVzdzNHVBcUxYWWlvckthWWpNaDZxTlpKNkdobWlWcTRtUno1bkNzcCt1aWJmTmUzNlYwOXFVcnRhZWxLaDhqcHAzZUsrWHIySjI=,,,蹲一个搭子,9,0,2026-04-13 11:07:57,初中生,0,0,normal
c_ext_00003026,p_ext_000262,u_ext_00264,,,这个窗口确实不错,15,1,2026-02-11 05:26:57,活跃同学,0,0,normal
c_ext_00003027,p_ext_000860,u_ext_00450,,,多少钱,12,3,2026-03-29 18:55:57,资深坛友,0,0,normal
c_ext_00003028,p_ext_001482,dDZOa2ZJeTRyMzZIbExhV2hJbkdvbnlWbm8rRWlZdHJoNitla1pwcXhwcXpqV1NrbHF1anI0QzZxZHFOZk5xQWY4K0FqNGFIcHBtWXIySjI=,,,这个窗口确实不错,11,2,2026-04-10 14:50:57,本科生,0,0,normal
c_ext_00003029,p_ext_000808,cmJLYnM0UE96WCtWM0xxMGxLSFNmWWZOb251RW5YaU5ocU9Fb1ltQngrRERvNXQvaGFxM2VJUzR1dEtYaXBKb2ZKS2FxSVNGZklTS2lXSjI=,,,还在吗,9,2,2026-04-10 11:14:57,初中生,0,0,normal
c_ext_00003030,p_ext_000253,u_ext_00122,,,活动还有名额吗,21,2,2026-02-14 21:44:57,活跃同学,0,0,normal
c_ext_00003031,p_ext_001644,czMxb2s1V3ExWWFIemN5bWhLR29wWWVTaktDSllXdDdpcUJqYnBta3RaYXVqMzE4bFphcmZuMlR6OW1XcjdDQWs3cUltWWlJWnJDWHIySjI=,,,在哪个校区交易,16,0,2026-02-20 17:46:57,本科生,0,0,normal
c_ext_00003032,p_ext_000871,u_ext_00158,,,这个窗口确实不错,12,0,2026-05-14 00:39:57,校园达人,0,0,normal
c_ext_00003033,p_ext_001654,dGFONWhJUE5xNkdEdWI2NWZtalNaWXFVZUxHTmg2S0FqV2RqZ0p1bng5bTBqNWVTbExtN2FYMlVsYkdJak01cGhhbUVlNXA1aEsyQ2VXSjI=,,,活动还有名额吗,6,0,2026-02-26 09:18:57,幼儿园,0,0,normal
c_ext_00003034,p_ext_000755,u_ext_00321,,,可以自提吗,4,2,2026-03-13 12:45:57,校园达人,0,0,normal
c_ext_00003035,p_ext_000310,u_ext_00143,,,多少钱,2,3,2026-04-20 01:48:57,活跃同学,0,0,normal
c_ext_00003036,p_ext_000628,u_ext_00408,,,多少钱,30,1,2026-03-04 04:07:57,校园达人,0,0,normal
c_ext_00003037,p_ext_001583,u_ext_00303,,,这个窗口确实不错,8,1,2026-04-05 00:33:57,资深坛友,0,0,normal
c_ext_00003038,p_ext_000655,u_ext_00407,,,多少钱,12,1,2026-03-28 06:48:57,校园达人,0,0,normal
c_ext_00003039,p_ext_001251,u_ext_00275,,,我也想参加,26,0,2026-05-02 21:42:57,普通用户,0,0,normal
c_ext_00003040,p_ext_000737,u_ext_00401,,,求资料,27,1,2026-02-26 21:31:57,校园达人,0,0,normal
c_ext_00003041,p_ext_001501,u_ext_00211,,,这个窗口确实不错,1,1,2026-05-29 08:45:57,校园达人,0,0,normal
c_ext_00003042,p_ext_001370,u_ext_00437,,,这个岗位适合大三吗,0,3,2026-03-22 09:43:57,普通用户,0,0,normal
c_ext_00003043,p_ext_001430,u_ext_00448,,,可以自提吗,9,0,2026-02-27 03:15:57,普通用户,0,0,normal
c_ext_00003044,p_ext_001007,u_ext_00113,,,还在吗,27,1,2026-05-30 00:17:57,活跃同学,0,0,normal
c_ext_00003045,p_ext_001211,dFh5ZXNvaVR5YStMdHNpbGw0M09vSWpQZklxTGg0OXNob3FFazVkOXFKYkVhcDV1aEx1emUzNlUwSzZHb0t5Q2lLYUFiSkNIakdtR2lXSjI=,,,这个窗口确实不错,23,3,2026-03-15 01:21:57,高中生,0,0,normal
c_ext_00003046,p_ext_001593,u_ext_00272,,,在哪个校区交易,24,3,2026-03-11 10:41:57,普通用户,0,0,normal
c_ext_00003047,p_ext_001530,u_ext_00385,,,可以自提吗,12,1,2026-05-06 09:13:57,普通用户,0,0,normal
c_ext_00003048,p_ext_000704,u_ext_00197,,,时间合适的话可以,15,0,2026-05-17 16:51:57,普通用户,0,0,normal
c_ext_00003049,p_ext_000311,u_ext_00419,,,可以自提吗,7,0,2026-05-25 01:34:57,资深坛友,0,0,normal
c_ext_00003050,p_ext_001455,u_ext_00377,,,还在吗,29,2,2026-04-09 03:57:57,资深坛友,0,0,normal
c_ext_00003051,p_ext_001161,u_ext_00221,,,蹲一个搭子,7,0,2026-05-13 15:52:57,资深坛友,0,0,normal
c_ext_00003052,p_ext_000928,u_ext_00148,,,可以自提吗,13,0,2026-04-09 14:51:57,资深坛友,0,0,normal
c_ext_00003053,p_ext_001507,u_ext_00485,,,还在吗,12,2,2026-02-10 02:18:57,活跃同学,0,0,normal
c_ext_00003054,p_ext_001042,u_ext_00225,,,时间合适的话可以,15,0,2026-03-19 19:50:57,普通用户,0,0,normal
c_ext_00003055,p_ext_000408,u_ext_00268,,,我也想参加,28,2,2026-05-27 16:56:57,资深坛友,0,0,normal
c_ext_00003056,p_ext_000926,u_ext_00298,,,这个窗口确实不错,28,1,2026-03-01 06:41:57,资深坛友,0,0,normal
c_ext_00003057,p_ext_000443,d29DSWJJelBvNHlGemN2WGluck5xNWJPaEthWlk1Q29ncU9NZ3BlTng2KzdnSnB0aDZldXI0ZTQxTmlDZkp1ZmhOQjhtWW1maDZxRGVXSjI=,,,可以自提吗,17,1,2026-03-31 03:00:57,硕士生,0,0,normal
c_ext_00003058,p_ext_001220,u_ext_00321,,,蹲一个搭子,2,3,2026-04-05 23:03:57,校园达人,0,0,normal
c_ext_00003059,p_ext_001354,u_ext_00238,,,蹲一个搭子,30,0,2026-03-08 07:36:57,普通用户,0,0,normal
c_ext_00003060,p_ext_001778,u_ext_00472,,,活动还有名额吗,21,3,2026-04-24 10:32:57,普通用户,0,0,normal
c_ext_00003061,p_ext_000515,u_ext_00296,,,多少钱,21,1,2026-02-14 05:47:57,资深坛友,0,0,normal
c_ext_00003062,p_ext_000694,u_ext_00214,,,可以自提吗,17,2,2026-03-04 15:47:57,普通用户,0,0,normal
c_ext_00003063,p_ext_001043,u_ext_00467,,,还在吗,1,0,2026-05-26 20:55:57,活跃同学,0,0,normal
c_ext_00003064,p_ext_001996,u_ext_00177,,,时间合适的话可以,19,3,2026-02-11 07:53:57,校园达人,0,0,normal
c_ext_00003065,p_ext_001154,u_ext_00107,,,这个窗口确实不错,20,2,2026-02-14 07:58:57,普通用户,0,0,normal
c_ext_00003066,p_ext_001041,u_ext_00454,,,时间合适的话可以,20,1,2026-03-16 01:46:57,普通用户,0,0,normal
c_ext_00003067,p_ext_001129,u_ext_00358,,,这个窗口确实不错,26,0,2026-02-16 14:46:57,活跃同学,0,0,normal
c_ext_00003068,p_ext_000649,u_ext_00266,,,时间合适的话可以,17,3,2026-03-29 12:51:57,资深坛友,0,0,normal
c_ext_00003069,p_ext_001341,u_ext_00243,,,多少钱,22,1,2026-03-14 21:31:57,活跃同学,0,0,normal
c_ext_00003070,p_ext_000445,u_ext_00458,,,这个岗位适合大三吗,26,1,2026-03-23 19:19:57,资深坛友,0,0,normal
c_ext_00003071,p_ext_000765,c3FLZnFaZTQxWitTekxLdGlYck9oSVdVWXJHUmhaNkNqcUpqZjVlaW5OWERhSjl1Z0x1em40VE9wcE9Kbjg2Z2dyaWVib2FJYjZXSWlXSjI=,,,感谢分享,11,0,2026-02-09 10:57:57,初中生,0,0,normal
c_ext_00003072,p_ext_000449,u_ext_00420,,,蹲一个搭子,10,3,2026-03-12 04:47:57,普通用户,0,0,normal
c_ext_00003073,p_ext_000574,u_ext_00470,,,这个窗口确实不错,5,0,2026-02-07 22:40:57,活跃同学,0,0,normal
c_ext_00003074,p_ext_001479,u_ext_00239,,,还在吗,11,3,2026-05-06 08:26:57,普通用户,0,0,normal
c_ext_00003075,p_ext_000465,u_ext_00194,,,求资料,6,1,2026-04-02 00:23:57,资深坛友,0,0,normal
c_ext_00003076,p_ext_000460,cnFSOW81YVRsckNXdXFiTGhHak5ySWpPbm9tR2lJTnJqb3Q3cjRTUHNOeTRwSFd4ZjdpdnJwUFB0cTJOWjdSbmlzK2VwSkY0b211V3IySjI=,,,多少钱,14,3,2026-02-14 18:53:57,高中生,0,0,normal
c_ext_00003077,p_ext_000446,cm55WHBYKzZ4WVdWbGJxcmpLS3dkbituWjdLRnEzeUNoMlY4ZjVpbXo5Q3pvbld4aHJ1cnI0V1QxSzJXamNhT2xybUloSVdhcW5xWHIySjI=,,,可以自提吗,7,3,2026-02-21 23:12:57,本科生,0,0,normal
c_ext_00003078,p_ext_000368,u_ext_00184,,,在哪个校区交易,12,1,2026-05-17 22:02:57,校园达人,0,0,normal
c_ext_00003079,p_ext_001392,u_ext_00279,,,多少钱,7,0,2026-04-09 08:36:57,普通用户,0,0,normal
c_ext_00003080,p_ext_001372,dFh5ZXNvaVR5YStMdHNpbGw0M09vSWpQZklxTGg0OXNob3FFazVkOXFKYkVhcDV1aEx1emUzNlUwSzZHb0t5Q2lLYUFiSkNIakdtR2lXSjI=,,,这个窗口确实不错,3,3,2026-03-02 15:15:57,高中生,0,0,normal
c_ext_00003081,p_ext_001043,dzZXQmdJTzZsckNGdDVXcWZtaWtxSk81aUt1RmlZK3dpcUdhanBxbHZiKzBwWDE5bHFqSXJJS1VxdEdZbjdoN2c5dHJzbzJjaEltS2lXSjI=,,,还在吗,5,2,2026-05-03 18:50:57,本科生,0,0,normal
c_ext_00003082,2101535657,u_ext_00195,,,可以自提吗,9,2,2026-04-30 11:54:57,普通用户,0,0,normal
c_ext_00003083,p_ext_001926,u_ext_00210,,,在哪个校区交易,16,3,2026-02-06 17:32:57,校园达人,0,0,normal
c_ext_00003084,p_ext_001255,u_ext_00154,,,可以自提吗,23,2,2026-05-20 20:40:57,校园达人,0,0,normal
c_ext_00003085,p_ext_001770,czQrRmdaV3IwWW1FcHNpa2xwK2tycFduZUt1WVpKcUFqb2w4ajQyT25LeTRqWmVUZnBQVWFuK1NzdEdHbjg1K2k4MkVzSm1GaUhxRmlXSjI=,,,求资料,30,3,2026-02-06 19:34:57,初中生,0,0,normal
c_ext_00003086,p_ext_000136,u_ext_00260,,,我也想参加,8,1,2026-04-18 21:08:57,普通用户,0,0,normal
c_ext_00003087,p_ext_000475,dFkybnBuL2RzNm1XdDY2eGpJdk9nb2FTZUlpY25wMnZoNjVyckkyUHJiaTRmSnVqbHF2RWFvQzNyckdIaXJPc2dzMTRoSVdIZDY2SmlXSjI=,,,我也想参加,29,1,2026-05-21 06:25:57,初中生,0,0,normal
c_ext_00003088,p_ext_001559,u_ext_00127,,,还在吗,22,1,2026-03-08 03:38:57,校园达人,0,0,normal
c_ext_00003089,p_ext_000201,u_ext_00394,,,可以自提吗,23,3,2026-03-06 10:43:57,校园达人,0,0,normal
c_ext_00003090,p_ext_000884,cjQycmtJeTN0NGQrejh6Q2xuelNlSCszbm1pRWQ2Si9nbjEzcjRGcHNiYkNqYWVCbGMvTmdINlYxTXlCbzdkbWs2WjhyNWxoZkkyWHIySjI=,,,在哪个校区交易,30,3,2026-03-26 00:10:57,高中生,0,0,normal
c_ext_00003091,2101635776,u_ext_00280,,,还在吗,23,3,2026-05-30 09:42:57,校园达人,0,0,normal
c_ext_00003092,p_ext_000728,u_ext_00396,,,还在吗,13,0,2026-04-01 22:25:57,普通用户,0,0,normal
c_ext_00003093,p_ext_000937,u_ext_00178,,,这个窗口确实不错,0,0,2026-03-23 07:31:57,活跃同学,0,0,normal
c_ext_00003094,p_ext_001425,u_ext_00432,,,还在吗,28,0,2026-03-13 09:18:57,资深坛友,0,0,normal
c_ext_00003095,p_ext_000496,u_ext_00247,,,这个窗口确实不错,22,1,2026-03-30 09:28:57,活跃同学,0,0,normal
c_ext_00003096,p_ext_001196,dzJxanFaZXB4WWVWdWEzVGphRzBvWDNjZElxUW5xNTZtS0dlYklTQXg4ZkVwWDJRaHRDVmEzNnAxSk9JZWJDS2hxbVdyNXFjb29PRGVXSjI=,,,还在吗,16,0,2026-06-02 23:43:57,初中生,0,0,normal
c_ext_00003097,p_ext_001946,u_ext_00234,,,多少钱,9,2,2026-05-09 02:31:57,活跃同学,0,0,normal
c_ext_00003098,p_ext_001646,u_ext_00101,,,还在吗,9,1,2026-05-29 23:55:57,资深坛友,0,0,normal
c_ext_00003099,p_ext_000585,u_ext_00368,,,简历要怎么投,19,1,2026-05-10 12:54:57,活跃同学,0,0,normal
c_ext_00003100,p_ext_001318,u_ext_00266,,,时间合适的话可以,3,1,2026-04-09 02:57:57,资深坛友,0,0,normal
c_ext_00003101,p_ext_000754,u_ext_00350,,,这个窗口确实不错,17,3,2026-05-26 22:59:57,校园达人,0,0,normal
c_ext_00003102,p_ext_000675,u_ext_00326,,,这个窗口确实不错,20,2,2026-02-22 12:31:57,普通用户,0,0,normal
c_ext_00003103,p_ext_000132,d24ramduK1VzcTkvdHI2VGdYbTRubjYzaUk2TllxS2ttWXQ4b28xK3ViU3prSXlyZzd1bmk1T24wTFNXZTlKM2Y1U1dpSXFHaEk2TGlXSjI=,,,我也想参加,30,2,2026-05-13 10:36:57,小学生,0,0,normal
c_ext_00003104,p_ext_000363,u_ext_00228,,,可以自提吗,10,1,2026-03-04 16:35:57,资深坛友,0,0,normal
c_ext_00003105,p_ext_001387,u_ext_00333,,,感谢分享,15,3,2026-05-10 17:46:57,活跃同学,0,0,normal
c_ext_00003106,p_ext_000220,u_ext_00217,,,我也想参加,1,3,2026-05-30 08:52:57,普通用户,0,0,normal
c_ext_00003107,p_ext_001213,u_ext_00463,,,多少钱,10,0,2026-05-06 01:04:57,资深坛友,0,0,normal
c_ext_00003108,p_ext_001257,dXFLSmlwYW5zNnlVa3FxM2xtVzRycGE0ZDIyT2VZeG9sMmlBb1psOG05N0RrSWh1Z2Flam9aV1UwTmlVcjZPdGk2aWhzSnQ1Z0hxRmlXSjI=,,,蹲一个搭子,1,2,2026-03-06 18:44:57,小学生,0,0,normal
c_ext_00003109,p_ext_000640,u_ext_00339,,,这个窗口确实不错,19,3,2026-05-25 09:09:57,校园达人,0,0,normal
c_ext_00003110,p_ext_000702,cm1pYmlZU3BycTJDemFtV2xHZk9wSXVWZ0txTmQ0T3FpNHlpaUppa3k2dTBmNTlzaTVhdmpaTzEyTk9LbzdTbWt0eDhvcGwzakgrWXIySjI=,,,还在吗,26,2,2026-05-17 19:41:57,本科生,0,0,normal
c_ext_00003111,p_ext_000352,u_ext_00351,,,可以自提吗,2,2,2026-02-11 18:39:57,活跃同学,0,0,normal
c_ext_00003112,p_ext_000326,u_ext_00242,,,多少钱,15,3,2026-04-04 21:18:57,资深坛友,0,0,normal
c_ext_00003113,p_ext_000904,u_ext_00163,,,可以自提吗,24,0,2026-05-23 08:24:57,校园达人,0,0,normal
c_ext_00003114,p_ext_002000,u_ext_00461,,,多少钱,10,1,2026-03-31 05:49:57,普通用户,0,0,normal
c_ext_00003115,p_ext_000338,u_ext_00438,,,在哪个校区交易,26,1,2026-02-09 02:04:57,校园达人,0,0,normal
c_ext_00003116,2101606621,u_ext_00291,,,这个窗口确实不错,11,3,2026-02-02 17:13:57,活跃同学,0,0,normal
c_ext_00003117,p_ext_001283,u_ext_00265,,,还在吗,25,2,2026-02-24 07:43:57,校园达人,0,0,normal
c_ext_00003118,p_ext_001399,u_ext_00223,,,感谢分享,2,0,2026-02-13 10:25:57,普通用户,0,0,normal
c_ext_00003119,p_ext_000268,u_ext_00446,,,活动还有名额吗,18,1,2026-04-29 22:41:57,普通用户,0,0,normal
c_ext_00003120,p_ext_000799,u_ext_00438,,,可以自提吗,15,3,2026-04-23 05:28:57,校园达人,0,0,normal
c_ext_00003121,p_ext_001729,u_ext_00115,,,时间合适的话可以,4,3,2026-04-29 13:26:57,活跃同学,0,0,normal
c_ext_00003122,p_ext_000943,u_ext_00148,,,这个窗口确实不错,30,0,2026-04-28 05:25:57,资深坛友,0,0,normal
c_ext_00003123,p_ext_000330,cjVCNGE0ek5wNjZGenE3VGpXZTNaSC9PYzZxRmVJaXRpbnBucm9scXp0MjFnSUdobHJpbnNJV3AzS3lCb2M2bmc3aDByWTEzZjJxV3IySjI=,,,多少钱,9,3,2026-02-02 14:10:57,高中生,0,0,normal
c_ext_00003124,p_ext_001753,eEg2ZmtJYVd0Nm1WdHFxN2dYdTBkNE9VZ0tTT2VZZHRnWWltaUppT3ZOM0VqNFdOaGMzRm5vYXExTXFDZmNaOWhxWjRycENHWjIyRGVXSjI=,,,这个岗位适合大三吗,19,3,2026-05-12 07:13:57,本科生,0,0,normal
c_ext_00003125,p_ext_001894,u_ext_00108,,,在哪个校区交易,3,3,2026-05-24 08:02:57,活跃同学,0,0,normal
c_ext_00003126,p_ext_000862,u_ext_00196,,,期末重点有吗,12,0,2026-02-19 15:13:57,普通用户,0,0,normal
c_ext_00003127,p_ext_000829,u_ext_00391,,,还在吗,9,2,2026-03-13 16:11:57,普通用户,0,0,normal
c_ext_00003128,p_ext_000330,u_ext_00274,,,多少钱,14,3,2026-03-11 03:59:57,活跃同学,0,0,normal
c_ext_00003129,p_ext_001348,dXFXbnJaU3FrcStTMjUzT2dhTFdvSWJOYTZDRVlZeVJnb3VJcllTQTA5ZXpmMmV5aTg2V3JJYlBxcEdCZkx5b2h0eWFiSmlibVd5RGVXSjI=,,,还在吗,24,3,2026-02-18 17:13:57,高中生,0,0,normal
c_ext_00003130,p_ext_000704,u_ext_00105,,,时间合适的话可以,14,0,2026-02-21 10:44:57,普通用户,0,0,normal
c_ext_00003131,p_ext_000227,c0h4NWlJelF0bXAvdHNlVmYyZkdqSlMzZ0lHWXE2S25pWHFXcklWKzI3akZmSmVBbHFtN3FaU25zcGFXbjZTTGhxbVphNFZob3FtSGlXSjI=,,,在哪个校区交易,19,2,2026-03-03 17:23:57,高中生,0,0,normal
c_ext_00003132,p_ext_000547,u_ext_00224,,,期末重点有吗,12,0,2026-02-22 06:15:57,普通用户,0,0,normal
c_ext_00003133,p_ext_000538,u_ext_00194,,,还在吗,8,3,2026-02-13 12:23:57,资深坛友,0,0,normal
c_ext_00003134,p_ext_000421,u_ext_00156,,,在哪个校区交易,6,3,2026-05-22 06:11:57,校园达人,0,0,normal
c_ext_00003135,p_ext_000993,u_ext_00161,,,活动还有名额吗,5,0,2026-04-01 09:23:57,资深坛友,0,0,normal
c_ext_00003136,p_ext_000292,u_ext_00287,,,活动还有名额吗,11,1,2026-04-28 02:37:57,活跃同学,0,0,normal
c_ext_00003137,p_ext_000929,u_ext_00406,,,这个窗口确实不错,23,1,2026-04-28 06:27:57,校园达人,0,0,normal
c_ext_00003138,p_ext_001935,u_ext_00346,,,简历要怎么投,14,1,2026-02-10 10:54:57,校园达人,0,0,normal
c_ext_00003139,p_ext_000277,u_ext_00290,,,活动还有名额吗,2,3,2026-03-04 08:07:57,普通用户,0,0,normal
c_ext_00003140,p_ext_000212,u_ext_00395,,,在哪个校区交易,7,2,2026-05-17 23:38:57,活跃同学,0,0,normal
c_ext_00003141,p_ext_000649,u_ext_00454,,,时间合适的话可以,21,2,2026-04-14 03:35:57,普通用户,0,0,normal
c_ext_00003142,p_ext_001980,u_ext_00158,,,可以自提吗,22,0,2026-05-22 10:17:57,校园达人,0,0,normal
c_ext_00003143,p_ext_000636,u_ext_00280,,,这个窗口确实不错,5,2,2026-06-01 17:36:57,校园达人,0,0,normal
c_ext_00003144,p_ext_000549,u_ext_00298,,,可以内推吗,26,2,2026-04-21 05:11:57,资深坛友,0,0,normal
c_ext_00003145,p_ext_000990,dXFWamFaUzQwV2VEdUxHU2w2T3paMytWb3BDYmlHdURoNHlkcTRtUHg2eXlwSUdMaEtxbnFZZTNyWlNHaXB1dGhLaWlnNE5rbm9HQmVXSjI=,,,在哪个校区交易,21,0,2026-03-27 04:58:57,硕士生,0,0,normal
c_ext_00003146,p_ext_000396,dUtWc2lJaW9scUtTdWRDNGhubXpaSUMzbm5xRm5wbXdobzJpbzVDbTI5ckVmcHRyaHM2U29KVE8xTkNKWjdTVmxxcWVob3ViaDdDTnIySjI=,,,在哪个校区交易,14,1,2026-05-10 21:10:57,硕士生,0,0,normal
c_ext_00003147,p_ext_000160,u_ext_00466,,,多少钱,21,1,2026-05-11 17:19:57,校园达人,0,0,normal
c_ext_00003148,p_ext_000686,u_ext_00103,,,多少钱,4,3,2026-04-12 14:30:57,校园达人,0,0,normal
c_ext_00003149,p_ext_000606,d21xQmg0aVRrbytHcXFxNm1JbkdwMzY2b2JDY25KbXdpNHllZzVtT201aXZhNStsbHMydXFJV25sSkdZb3Bkb2xaS0hycGlFYjRlSWlXSjI=,,,还在吗,28,3,2026-03-08 00:11:57,初中生,0,0,normal
c_ext_00003150,p_ext_001266,u_ext_00376,,,还在吗,7,0,2026-05-11 21:59:57,活跃同学,0,0,normal
c_ext_00003151,p_ext_001933,u_ext_00292,,,在哪个校区交易,9,3,2026-05-24 13:14:57,资深坛友,0,0,normal
c_ext_00003152,2101623364,u_ext_00333,,,还在吗,2,1,2026-06-01 23:58:57,活跃同学,0,0,normal
c_ext_00003153,p_ext_001582,u_ext_00462,,,这个窗口确实不错,13,1,2026-02-19 23:56:57,活跃同学,0,0,normal
c_ext_00003154,p_ext_000749,u_ext_00213,,,可以自提吗,6,3,2026-05-30 21:01:57,资深坛友,0,0,normal
c_ext_00003155,p_ext_001899,dFd0MWZJbXFxNnVFcDZuWGdhQ3ZxNU9uZUlxUnE0eCtobjJFZ1p1bnZhNnlhSG1xbDZpV25vZTJ6NUtJWjZlc2tyZUFib2hobm4rSWlXSjI=,,,蹲一个搭子,6,1,2026-04-07 04:32:57,高中生,0,0,normal
c_ext_00003156,2101538067,u_ext_00292,,,这个窗口确实不错,27,1,2026-03-13 01:46:57,资深坛友,0,0,normal
c_ext_00003157,p_ext_001172,eEtTZWJaYlExWHFJemFxWGhZdW9yb3ZNZjJtUW5vU0VpbzJXaEltbHVkQ3pvbzJ5bGRISmc1YTZ0c3VNak5LR2xMZVdyb1ZrbnBtSGlXSjI=,,,可以自提吗,24,0,2026-03-07 00:16:57,硕士生,0,0,normal
c_ext_00003158,p_ext_001887,u_ext_00379,,,可以自提吗,24,2,2026-03-14 08:23:57,活跃同学,0,0,normal
c_ext_00003159,p_ext_000898,u_ext_00447,,,在哪个校区交易,14,1,2026-03-31 05:47:57,活跃同学,0,0,normal
c_ext_00003160,p_ext_000987,u_ext_00476,,,这个窗口确实不错,8,0,2026-04-20 06:34:57,活跃同学,0,0,normal
c_ext_00003161,p_ext_001624,dElDZmU0VzYwV2VHemRpcmxxSFNwSVdTcXFpYVlaNTltSHBqcTRGc3FjNnZnSVdPZ0xpbmVvdXBxcnVXZmJCbWdLcWhiSnAzZkh1SGlXSjI=,,,还在吗,29,3,2026-04-21 00:22:57,高中生,0,0,normal
c_ext_00003162,p_ext_000912,u_ext_00352,,,多少钱,24,2,2026-03-03 19:10:57,校园达人,0,0,normal
c_ext_00003163,p_ext_000124,u_ext_00107,,,可以自提吗,5,2,2026-05-21 04:18:57,普通用户,0,0,normal
c_ext_00003164,2101621570,u_ext_00384,,,还在吗,19,2,2026-03-19 14:07:57,校园达人,0,0,normal
c_ext_00003165,p_ext_000718,u_ext_00154,,,可以自提吗,8,3,2026-02-10 00:50:57,校园达人,0,0,normal
c_ext_00003166,p_ext_001846,dDMxb2E0ZmMxYU9XcWR5MGxJMjhwSDdRZElhTXFxcVpnbnlJaW9lbno3RzFmb21uZmQzTmlZUFF1ZGlJb05Hc2lwS2FpSU5qbldxWHIySjI=,,,多少钱,2,0,2026-04-07 20:49:57,初中生,0,0,normal
c_ext_00003167,p_ext_000478,u_ext_00130,,,还在吗,16,3,2026-03-12 19:51:57,校园达人,0,0,normal
c_ext_00003168,p_ext_001531,u_ext_00300,,,蹲一个复习整理,25,0,2026-04-17 13:18:57,校园达人,0,0,normal
c_ext_00003169,p_ext_000635,u_ext_00232,,,时间合适的话可以,27,3,2026-02-17 18:47:57,普通用户,0,0,normal
c_ext_00003170,p_ext_000274,u_ext_00350,,,这个窗口确实不错,8,1,2026-04-19 12:59:57,校园达人,0,0,normal
c_ext_00003171,p_ext_001722,u_ext_00271,,,可以自提吗,1,2,2026-02-16 05:32:57,普通用户,0,0,normal
c_ext_00003172,p_ext_000169,u_ext_00417,,,这个岗位适合大三吗,16,2,2026-02-11 07:08:57,资深坛友,0,0,normal
c_ext_00003173,p_ext_001705,cm55Qm1uNlRrcTZJemJhVWYyV3JwcFNWaUtlWW5xNm1sb3VBaEpocjBwYTZwSTE5aTdxcmdaS3Fzc3lZZk1xQWs1UmpwNDFrbm15R2lXSjI=,,,这个窗口确实不错,24,1,2026-02-18 05:19:57,初中生,0,0,normal
c_ext_00003174,p_ext_000907,czMxbnNaU251NUNBcHI2cGlHVzhkNGE2ZktXRlk2S0poMmlpZ28rbTA5dkZvMzJ5Z0xpN2VwV295TnVIWnNxTmhaUjhwSnFGaklTRGVXSjI=,,,期末重点有吗,12,3,2026-02-23 04:58:57,高中生,0,0,normal
c_ext_00003175,p_ext_001681,u_ext_00391,,,可以自提吗,29,1,2026-05-24 06:00:57,普通用户,0,0,normal
c_ext_00003176,p_ext_000882,u_ext_00163,,,多少钱,15,0,2026-02-05 02:10:57,校园达人,0,0,normal
c_ext_00003177,p_ext_000746,u_ext_00336,,,多少钱,27,2,2026-04-07 01:56:57,校园达人,0,0,normal
c_ext_00003178,p_ext_000917,u_ext_00480,,,这个窗口确实不错,9,3,2026-04-16 21:42:57,校园达人,0,0,normal
c_ext_00003179,p_ext_001978,u_ext_00116,,,蹲一个复习整理,18,0,2026-04-14 00:32:57,普通用户,0,0,normal
c_ext_00003180,p_ext_001377,cjVCNGE0ek5wNjZGenE3VGpXZTNaSC9PYzZxRmVJaXRpbnBucm9scXp0MjFnSUdobHJpbnNJV3AzS3lCb2M2bmc3aDByWTEzZjJxV3IySjI=,,,还在吗,29,1,2026-06-02 06:35:57,高中生,0,0,normal
c_ext_00003181,p_ext_000667,cmJLYnM0UE96WCtWM0xxMGxLSFNmWWZOb251RW5YaU5ocU9Fb1ltQngrRERvNXQvaGFxM2VJUzR1dEtYaXBKb2ZKS2FxSVNGZklTS2lXSjI=,,,还在吗,7,1,2026-05-30 07:44:57,初中生,0,0,normal
c_ext_00003182,p_ext_000422,u_ext_00388,,,可以自提吗,6,2,2026-05-31 01:47:57,资深坛友,0,0,normal
c_ext_00003183,p_ext_001840,cjMrZWFZV1dxNHAva3REYmhhK25hSU8yaDYrS2RLcUxqbnFpcEpxQnJhNjJpNmV3aExtemlJcVR1cVNZamJTZWxybW1qWnVhYjRtRmlXSjI=,,,在哪个校区交易,17,0,2026-04-20 22:02:57,高中生,0,0,normal
c_ext_00003184,p_ext_000636,u_ext_00197,,,还在吗,8,1,2026-02-09 22:18:57,普通用户,0,0,normal
c_ext_00003185,p_ext_001453,cmJLYnM0UE96WCtWM0xxMGxLSFNmWWZOb251RW5YaU5ocU9Fb1ltQngrRERvNXQvaGFxM2VJUzR1dEtYaXBKb2ZKS2FxSVNGZklTS2lXSjI=,,,这个窗口确实不错,26,2,2026-05-18 09:33:57,初中生,0,0,normal
c_ext_00003186,p_ext_000756,u_ext_00439,,,活动还有名额吗,1,3,2026-02-12 08:16:57,资深坛友,0,0,normal
c_ext_00003187,p_ext_001930,u_ext_00375,,,可以自提吗,22,3,2026-05-08 20:58:57,校园达人,0,0,normal
c_ext_00003188,p_ext_001378,dXFLSmlwYW5zNnlVa3FxM2xtVzRycGE0ZDIyT2VZeG9sMmlBb1psOG05N0RrSWh1Z2Flam9aV1UwTmlVcjZPdGk2aWhzSnQ1Z0hxRmlXSjI=,,,可以自提吗,23,3,2026-03-28 13:52:57,小学生,0,0,normal
c_ext_00003189,p_ext_001649,eEg2ZmtJYVd0Nm1WdHFxN2dYdTBkNE9VZ0tTT2VZZHRnWWltaUppT3ZOM0VqNFdOaGMzRm5vYXExTXFDZmNaOWhxWjRycENHWjIyRGVXSjI=,,,还在吗,15,0,2026-06-02 09:12:57,本科生,0,0,normal
c_ext_00003190,p_ext_001327,u_ext_00367,,,蹲一个复习整理,28,3,2026-04-20 05:38:57,活跃同学,0,0,normal
c_ext_00003191,2101557408,dG1tSmZJZXJ1NEdEM01pMmpZcTBhcFMybm9pSW01MXRsWHlJcDRwK3FiMjRqNFJyaHBXbWFaU3F2czZHakxPdGc4OWpzb3FjZTJtSmlXSjI=,,,多少钱,28,2,2026-05-02 02:32:57,高中生,0,0,normal
c_ext_00003192,p_ext_001836,u_ext_00367,,,还在吗,1,1,2026-04-14 04:05:57,活跃同学,0,0,normal
c_ext_00003193,p_ext_000984,u_ext_00452,,,可以自提吗,15,1,2026-04-30 04:03:57,普通用户,0,0,normal
c_ext_00003194,p_ext_001392,u_ext_00123,,,可以自提吗,27,1,2026-04-25 08:06:57,资深坛友,0,0,normal
c_ext_00003195,p_ext_001550,u_ext_00156,,,还在吗,24,2,2026-03-30 23:03:57,校园达人,0,0,normal
c_ext_00003196,2101506146,u_ext_00203,,,时间合适的话可以,1,3,2026-03-24 16:19:57,活跃同学,0,0,normal
c_ext_00003197,p_ext_000807,u_ext_00238,,,活动还有名额吗,6,3,2026-02-28 12:37:57,普通用户,0,0,normal
c_ext_00003198,p_ext_000284,u_ext_00475,,,可以自提吗,30,3,2026-03-04 09:47:57,活跃同学,0,0,normal
c_ext_00003199,2101597153,u_ext_00147,,,多少钱,2,1,2026-02-25 09:42:57,校园达人,0,0,normal
c_ext_00003200,p_ext_000813,dHBCMW81U254WDZEemEyVmhhRGFkbjdPZ0lDUllwbHBsNHFtb1l0OXJiVERzb0J0ZjVhM2lwYTYwOU9WZkp0NWxLaUFqWkYwYjRlSWlXSjI=,,,多少钱,30,2,2026-02-28 04:47:57,硕士生,0,0,normal
c_ext_00003201,p_ext_000310,u_ext_00262,,,多少钱,16,1,2026-02-05 04:42:57,普通用户,0,0,normal
c_ext_00003202,p_ext_001465,u_ext_00373,,,可以自提吗,5,2,2026-03-24 06:48:57,普通用户,0,0,normal
c_ext_00003203,p_ext_000775,dEk2YnFKVzQyR2lTenE2NmlZM1NmWlRjbXFXTGVKbXZpM3Flc1pkcnZkckZhbm1JaHN5YXNKTzVzdHFOak5hbWhKV2VzcEdGZ0txS2lXSjI=,,,活动还有名额吗,15,2,2026-04-28 11:15:57,硕士生,0,0,normal
c_ext_00003204,p_ext_001113,eEg5cnM1V1Z0NHlJcHFiU2phTFNybitVaUtxRm40K3hobWVlc1lTUnNkYkRvMlNobEpUSmE1Yk4wSmVXYU1hTGhjMXJybzE1b3FtT3IySjI=,,,还在吗,8,2,2026-05-21 13:43:57,高中生,0,0,normal
c_ext_00003205,p_ext_000453,u_ext_00355,,,这个窗口确实不错,2,3,2026-02-08 06:19:57,资深坛友,0,0,normal
c_ext_00003206,p_ext_001049,u_ext_00403,,,可以内推吗,11,3,2026-02-11 03:17:57,资深坛友,0,0,normal
c_ext_00003207,p_ext_000517,czQrTmdYK3FyNFdVcDh6S2xvcXdoNVRNZUdpUmQ1MXFsbWVIc1lPbHZidTFhNStSbHFtbmk0dTFuWldYb05LRmZOeUlpWnA1ZkllVnIySjI=,,,这个窗口确实不错,15,3,2026-04-23 01:12:57,本科生,0,0,normal
c_ext_00003208,p_ext_001745,dG4yZnBJaXJzcTUrcXE2b2wyZXNhSlc2aDIyTWlhR3dpcDkzYllPTnh0eTFwV051ZjdxU3BIN2N0ckdCZWJoNmhyZDhwWkNkZklXV3IySjI=,,,还在吗,18,3,2026-05-15 01:16:57,高中生,0,0,normal
c_ext_00003209,p_ext_001571,u_ext_00267,,,可以自提吗,11,1,2026-02-07 07:43:57,普通用户,0,0,normal
c_ext_00003210,p_ext_001831,u_ext_00200,,,时间合适的话可以,13,3,2026-03-06 05:25:57,校园达人,0,0,normal
c_ext_00003211,p_ext_001344,u_ext_00123,,,可以内推吗,5,2,2026-04-16 02:57:57,资深坛友,0,0,normal
c_ext_00003212,2101532187,u_ext_00307,,,还在吗,13,1,2026-05-05 18:58:57,资深坛友,0,0,normal
c_ext_00003213,p_ext_000782,u_ext_00337,,,我也想参加,29,1,2026-05-22 17:36:57,资深坛友,0,0,normal
c_ext_00003214,2101580743,dElDZmU0VzYwV2VHemRpcmxxSFNwSVdTcXFpYVlaNTltSHBqcTRGc3FjNnZnSVdPZ0xpbmVvdXBxcnVXZmJCbWdLcWhiSnAzZkh1SGlXSjI=,,,这个窗口确实不错,13,3,2026-02-08 17:35:57,高中生,0,0,normal
c_ext_00003215,p_ext_001743,u_ext_00131,,,可以自提吗,8,2,2026-02-18 05:16:57,普通用户,0,0,normal
c_ext_00003216,p_ext_000553,u_ext_00483,,,我也想参加,20,0,2026-04-07 14:44:57,资深坛友,0,0,normal
c_ext_00003217,p_ext_001916,u_ext_00314,,,这个窗口确实不错,18,2,2026-02-11 03:11:57,普通用户,0,0,normal
c_ext_00003218,p_ext_000752,cm95WGhwZTZ1NFNLbE1pNGdaK25aNHJRZUt5YWRvQ2toWXBqczVlQW5KYTBwSW1TZ0x2RVozKzN6TFNDakp0bmxybUFoSmgxa0c2TGlXSjI=,,,还在吗,4,2,2026-05-06 16:10:57,高中生,0,0,normal
c_ext_00003219,p_ext_000800,u_ext_00449,,,在哪个校区交易,13,1,2026-03-19 18:53:57,资深坛友,0,0,normal
c_ext_00003220,p_ext_000455,dHBCMW81U254WDZEemEyVmhhRGFkbjdPZ0lDUllwbHBsNHFtb1l0OXJiVERzb0J0ZjVhM2lwYTYwOU9WZkp0NWxLaUFqWkYwYjRlSWlXSjI=,,,简历要怎么投,10,0,2026-05-30 11:11:57,硕士生,0,0,normal
c_ext_00003221,p_ext_000868,u_ext_00206,,,在哪个校区交易,14,3,2026-02-21 07:44:57,普通用户,0,0,normal
c_ext_00003222,p_ext_001871,u_ext_00409,,,还在吗,25,2,2026-03-12 18:58:57,普通用户,0,0,normal
c_ext_00003223,p_ext_001105,dzVCMXI0WFB5WTJGbExYWGpZcTRub3FUb29LRllhNnRtWXVFaDRlTW01bXVzbml2aEpXU2tJak50ZGlNakxSNGtxZG5hSVI0ZkpLS2lXSjI=,,,这个窗口确实不错,14,1,2026-02-09 10:25:57,博士生,0,0,normal
c_ext_00003224,p_ext_000243,u_ext_00114,,,可以内推吗,29,0,2026-04-02 23:27:57,校园达人,0,0,normal
c_ext_00003225,p_ext_001692,u_ext_00329,,,还在吗,26,3,2026-04-07 21:25:57,校园达人,0,0,normal
c_ext_00003226,p_ext_000427,u_ext_00145,,,求资料,24,2,2026-05-30 19:59:57,活跃同学,0,0,normal
c_ext_00003227,p_ext_001446,u_ext_00273,,,在哪个校区交易,26,1,2026-04-11 05:32:57,校园达人,0,0,normal
c_ext_00003228,p_ext_000766,dFk2aWE0UzVyNmVMdUw3UmxwK3dkNVc2aUgrTGRvaWlqcUtXczVxa3VhN0VqV05zaGFpdmczNlUwTHVGaXBPRWhzK2RycHFlakl1SmlXSjI=,,,还在吗,26,3,2026-02-28 09:35:57,小学生,0,0,normal
c_ext_00003229,p_ext_000564,u_ext_00449,,,还在吗,3,1,2026-05-07 20:58:57,资深坛友,0,0,normal
c_ext_00003230,p_ext_001881,u_ext_00254,,,需要什么技术栈,22,3,2026-05-28 22:43:57,活跃同学,0,0,normal
c_ext_00003231,2101110140,dFh5ZXNvaVR5YStMdHNpbGw0M09vSWpQZklxTGg0OXNob3FFazVkOXFKYkVhcDV1aEx1emUzNlUwSzZHb0t5Q2lLYUFiSkNIakdtR2lXSjI=,,,这个窗口确实不错,4,1,2026-02-20 08:00:57,高中生,0,0,normal
c_ext_00003232,p_ext_001766,u_ext_00155,,,可以内推吗,30,2,2026-06-02 16:20:57,校园达人,0,0,normal
c_ext_00003233,p_ext_001371,u_ext_00467,,,在哪个校区交易,6,1,2026-04-17 04:16:57,活跃同学,0,0,normal
c_ext_00003234,p_ext_001848,dHBCMW81U254WDZEemEyVmhhRGFkbjdPZ0lDUllwbHBsNHFtb1l0OXJiVERzb0J0ZjVhM2lwYTYwOU9WZkp0NWxLaUFqWkYwYjRlSWlXSjI=,,,这个窗口确实不错,23,3,2026-05-03 03:40:57,硕士生,0,0,normal
c_ext_00003235,p_ext_000308,u_ext_00150,,,还在吗,7,3,2026-02-22 10:14:57,普通用户,0,0,normal
c_ext_00003236,p_ext_001407,u_ext_00477,,,在哪个校区交易,3,3,2026-05-17 16:49:57,资深坛友,0,0,normal
c_ext_00003237,p_ext_001770,u_ext_00134,,,求资料,22,2,2026-02-27 01:11:57,活跃同学,0,0,normal
c_ext_00003238,p_ext_001940,u_ext_00384,,,在哪个校区交易,27,3,2026-04-27 05:04:57,校园达人,0,0,normal
c_ext_00003239,p_ext_000406,u_ext_00199,,,还在吗,24,0,2026-05-07 10:24:57,活跃同学,0,0,normal
c_ext_00003240,p_ext_000397,czQrTmdYK3FyNFdVcDh6S2xvcXdoNVRNZUdpUmQ1MXFsbWVIc1lPbHZidTFhNStSbHFtbmk0dTFuWldYb05LRmZOeUlpWnA1ZkllVnIySjI=,,,可以自提吗,0,2,2026-04-26 15:51:57,本科生,0,0,normal
c_ext_00003241,p_ext_000536,u_ext_00355,,,多少钱,4,3,2026-04-29 23:20:57,资深坛友,0,0,normal
c_ext_00003242,p_ext_001313,u_ext_00442,,,感谢分享,14,1,2026-04-04 08:22:57,普通用户,0,0,normal
c_ext_00003243,p_ext_000990,u_ext_00380,,,还在吗,25,0,2026-05-04 14:31:57,校园达人,0,0,normal
c_ext_00003244,p_ext_001860,u_ext_00179,,,多少钱,1,1,2026-03-03 21:03:57,活跃同学,0,0,normal
c_ext_00003245,p_ext_001702,c28ybnJJelEwSzZHbExhNWxZM09xSlBOYTRPTmlKQ0lsYUNtallSL3FkbXZrSmVwZzlDM2hYL1BzcytCaTZOcGZ0eUFwWnFmbld1WHIySjI=,,,活动还有名额吗,19,2,2026-02-08 02:36:57,本科生,0,0,normal
c_ext_00003246,p_ext_001819,u_ext_00322,,,可以自提吗,0,2,2026-06-02 23:01:57,资深坛友,0,0,normal
c_ext_00003247,p_ext_001817,eEpDYnE0UFB5WjZMemN6SmxxSzBkNVBNbWJHS2g0Ujhqbmltc0lTenlwaTNzb1ZyZ05HanFvT3FwZHQvWnJ5RWt0eDRwSXFlb3FDR2lXSjI=,,,这个窗口确实不错,1,1,2026-05-30 20:33:57,硕士生,0,0,normal
c_ext_00003248,p_ext_000687,dzJxanFaZXB4WWVWdWEzVGphRzBvWDNjZElxUW5xNTZtS0dlYklTQXg4ZkVwWDJRaHRDVmEzNnAxSk9JZWJDS2hxbVdyNXFjb29PRGVXSjI=,,,这个窗口确实不错,8,3,2026-04-27 07:03:57,初中生,0,0,normal
c_ext_00003249,p_ext_000774,u_ext_00226,,,这个窗口确实不错,0,0,2026-02-28 19:49:57,活跃同学,0,0,normal
c_ext_00003250,p_ext_000554,u_ext_00121,,,这个窗口确实不错,1,3,2026-03-12 05:25:57,活跃同学,0,0,normal
c_ext_00003251,p_ext_001469,u_ext_00326,,,我也想参加,17,2,2026-04-10 12:56:57,普通用户,0,0,normal
c_ext_00003252,p_ext_001733,u_ext_00256,,,时间合适的话可以,25,0,2026-05-24 14:46:57,校园达人,0,0,normal
c_ext_00003253,p_ext_000961,u_ext_00267,,,多少钱,9,0,2026-05-30 17:07:57,普通用户,0,0,normal
c_ext_00003254,p_ext_001590,u_ext_00341,,,我也想参加,14,3,2026-02-13 06:19:57,资深坛友,0,0,normal
c_ext_00003255,p_ext_001501,u_ext_00334,,,在哪个校区交易,3,1,2026-04-19 15:25:57,资深坛友,0,0,normal
c_ext_00003256,p_ext_001236,u_ext_00307,,,可以自提吗,21,0,2026-05-23 16:33:57,资深坛友,0,0,normal
c_ext_00003257,p_ext_000866,u_ext_00123,,,在哪个校区交易,24,3,2026-02-03 12:58:57,资深坛友,0,0,normal
c_ext_00003258,p_ext_000870,u_ext_00492,,,活动还有名额吗,23,1,2026-05-30 14:49:57,活跃同学,0,0,normal
c_ext_00003259,p_ext_001936,u_ext_00359,,,在哪个校区交易,27,3,2026-03-20 21:24:57,校园达人,0,0,normal
c_ext_00003260,p_ext_000109,dFkybnBuL2RzNm1XdDY2eGpJdk9nb2FTZUlpY25wMnZoNjVyckkyUHJiaTRmSnVqbHF2RWFvQzNyckdIaXJPc2dzMTRoSVdIZDY2SmlXSjI=,,,可以自提吗,0,2,2026-04-23 20:26:57,初中生,0,0,normal
c_ext_00003261,p_ext_000211,u_ext_00363,,,活动还有名额吗,1,3,2026-03-21 12:13:57,普通用户,0,0,normal
c_ext_00003262,p_ext_001337,u_ext_00212,,,这个岗位适合大三吗,27,0,2026-03-14 18:13:57,活跃同学,0,0,normal
c_ext_00003263,p_ext_001755,u_ext_00284,,,这个窗口确实不错,29,1,2026-03-05 18:47:57,资深坛友,0,0,normal
c_ext_00003264,p_ext_000953,u_ext_00467,,,多少钱,25,3,2026-02-07 19:45:57,活跃同学,0,0,normal
c_ext_00003265,p_ext_000549,u_ext_00499,,,需要什么技术栈,21,0,2026-04-13 12:12:57,资深坛友,0,0,normal
c_ext_00003266,p_ext_000839,u_ext_00106,,,这个窗口确实不错,29,3,2026-03-05 16:06:57,活跃同学,0,0,normal
c_ext_00003267,p_ext_000515,u_ext_00294,,,这个窗口确实不错,13,0,2026-05-28 13:08:57,校园达人,0,0,normal
c_ext_00003268,p_ext_001466,u_ext_00286,,,可以内推吗,10,0,2026-02-14 07:36:57,资深坛友,0,0,normal
c_ext_00003269,p_ext_001707,u_ext_00239,,,蹲一个搭子,4,0,2026-03-10 07:34:57,普通用户,0,0,normal
c_ext_00003270,p_ext_000548,dzZTYXE1YW9sbzZXdUwyV2dLQzBabnpjbW4rRllaNnVqcUNNaFlKc3pwbTRmNnR2ZzdxM2lJdTJwcXlZb2FSL2ZzMW5mbzZKcG1tRGVXSjI=,,,这个窗口确实不错,29,1,2026-04-22 22:43:57,硕士生,0,0,normal
c_ext_00003271,p_ext_000954,u_ext_00231,,,活动还有名额吗,5,2,2026-06-02 15:47:57,校园达人,0,0,normal
c_ext_00003272,p_ext_001143,u_ext_00184,,,求资料,30,2,2026-02-25 19:56:57,校园达人,0,0,normal
c_ext_00003273,p_ext_001129,u_ext_00165,,,可以自提吗,18,1,2026-04-09 07:04:57,活跃同学,0,0,normal
c_ext_00003274,p_ext_000362,u_ext_00355,,,可以自提吗,24,1,2026-04-30 20:56:57,资深坛友,0,0,normal
c_ext_00003275,p_ext_000133,u_ext_00380,,,在哪个校区交易,16,1,2026-03-21 16:44:57,校园达人,0,0,normal
c_ext_00003276,2101519846,u_ext_00159,,,活动还有名额吗,17,3,2026-03-30 00:55:57,普通用户,0,0,normal
c_ext_00003277,p_ext_001589,u_ext_00406,,,简历要怎么投,14,2,2026-05-16 17:26:57,校园达人,0,0,normal
c_ext_00003278,p_ext_001233,u_ext_00201,,,可以自提吗,17,3,2026-04-16 06:00:57,校园达人,0,0,normal
c_ext_00003279,p_ext_001818,u_ext_00233,,,可以自提吗,12,0,2026-02-09 05:27:57,资深坛友,0,0,normal
c_ext_00003280,p_ext_000508,c0h4NWlJelF0bXAvdHNlVmYyZkdqSlMzZ0lHWXE2S25pWHFXckpwcDE3ZTJpMnlLbGN5YWpJdmJuY0tCbzgxa2dMZWloWTZJcHBHSGlXSjI=,,,可以自提吗,5,3,2026-04-29 15:18:57,高中生,0,0,normal
c_ext_00003281,p_ext_001623,dzR1bXNvZW5zNjJTcU5TbW1IeW9qSVM2ZUtLSWhvQnRnNHFpajVxbHRhdkRpMngrazVPV2JJYVRxcktYakxoL2xkQ1dpNXgzZzJpWHIySjI=,,,可以自提吗,22,1,2026-02-20 16:02:57,博士生,0,0,normal
c_ext_00003282,p_ext_000404,u_ext_00423,,,这个窗口确实不错,20,3,2026-03-20 06:32:57,活跃同学,0,0,normal
c_ext_00003283,p_ext_000166,u_ext_00456,,,活动还有名额吗,28,2,2026-04-30 18:43:57,资深坛友,0,0,normal
c_ext_00003284,p_ext_001982,eFgyamdvR28xR2lTdWRqTmg2KzhuNFROcG9HYm5KQ0ppcCthZTVDUDB0MnZqNk9JaHMyamVvak12cWFYaXBPbWY4MmVrSW1lYjRPSWlXSjI=,,,多少钱,26,1,2026-03-30 01:13:57,初中生,0,0,normal
c_ext_00003285,p_ext_000774,u_ext_00444,,,在哪个校区交易,4,1,2026-04-01 08:28:57,校园达人,0,0,normal
c_ext_00003286,p_ext_000785,u_ext_00144,,,在哪个校区交易,25,1,2026-02-28 02:49:57,校园达人,0,0,normal
c_ext_00003287,p_ext_000687,u_ext_00167,,,还在吗,14,2,2026-03-18 13:25:57,普通用户,0,0,normal
c_ext_00003288,p_ext_000275,u_ext_00103,,,在哪个校区交易,26,0,2026-03-09 23:43:57,校园达人,0,0,normal
c_ext_00003289,p_ext_001655,u_ext_00111,,,我也想参加,13,2,2026-04-14 01:40:57,校园达人,0,0,normal
c_ext_00003290,p_ext_000766,cm55WHBYKzZ4WVdWbGJxcmpLS3dkbituWjdLRnEzeUNoMlY4ZjVpbXo5Q3pvbld4aHJ1cnI0V1QxSzJXamNhT2xybUloSVdhcW5xWHIySjI=,,,可以自提吗,27,0,2026-03-23 19:49:57,本科生,0,0,normal
c_ext_00003291,p_ext_001457,u_ext_00451,,,这个窗口确实不错,13,3,2026-05-06 15:07:57,活跃同学,0,0,normal
c_ext_00003292,p_ext_001726,u_ext_00192,,,这个窗口确实不错,12,1,2026-02-04 18:41:57,校园达人,0,0,normal
c_ext_00003293,p_ext_000305,u_ext_00276,,,活动还有名额吗,30,0,2026-02-15 07:50:57,活跃同学,0,0,normal
c_ext_00003294,2101517403,u_ext_00102,,,在哪个校区交易,28,1,2026-03-03 21:19:57,校园达人,0,0,normal
c_ext_00003295,p_ext_001231,u_ext_00419,,,这个岗位适合大三吗,26,3,2026-02-09 20:49:57,资深坛友,0,0,normal
c_ext_00003296,p_ext_000322,u_ext_00351,,,还在吗,17,2,2026-03-12 02:28:57,活跃同学,0,0,normal
c_ext_00003297,p_ext_000384,u_ext_00460,,,这个窗口确实不错,24,0,2026-02-28 22:27:57,校园达人,0,0,normal
c_ext_00003298,p_ext_000462,u_ext_00152,,,可以自提吗,22,2,2026-04-05 08:57:57,活跃同学,0,0,normal
c_ext_00003299,p_ext_001285,dzVCMXI0WFB5WTJGbExYWGpZcTRub3FUb29LRllhNnRtWXVFaDRlUnk3ckZqNDJCaTlHM3JJdXB1dGFHZTZScGZxZUFhSm1Gbm02R2lXSjI=,,,这个窗口确实不错,30,1,2026-05-26 09:54:57,博士生,0,0,normal
c_ext_00003300,p_ext_000400,u_ext_00142,,,需要什么技术栈,29,0,2026-02-20 02:46:57,资深坛友,0,0,normal
c_ext_00003301,p_ext_001101,c0h4NWlJelF0bXAvdHNlVmYyZkdqSlMzZ0lHWXE2S25pWHFXckpwcDE3ZTJpMnlLbGN5YWpJdmJuY0tCbzgxa2dMZWloWTZJcHBHSGlXSjI=,,,在哪个校区交易,9,0,2026-04-27 10:04:57,高中生,0,0,normal
c_ext_00003302,p_ext_000927,u_ext_00391,,,蹲一个搭子,26,0,2026-05-19 19:46:57,普通用户,0,0,normal
c_ext_00003303,2101556932,u_ext_00451,,,多少钱,16,0,2026-04-17 00:36:57,活跃同学,0,0,normal
c_ext_00003304,p_ext_000871,u_ext_00148,,,在哪个校区交易,23,0,2026-02-19 09:28:57,资深坛友,0,0,normal
c_ext_00003305,p_ext_000419,u_ext_00233,,,多少钱,4,0,2026-02-18 00:50:57,资深坛友,0,0,normal
c_ext_00003306,2101516892,u_ext_00483,,,我也想参加,9,2,2026-03-25 01:48:57,资深坛友,0,0,normal
c_ext_00003307,p_ext_001153,u_ext_00323,,,这个窗口确实不错,6,3,2026-05-12 00:47:57,活跃同学,0,0,normal
c_ext_00003308,p_ext_000598,u_ext_00214,,,这个窗口确实不错,11,1,2026-05-09 05:26:57,普通用户,0,0,normal
c_ext_00003309,p_ext_000778,u_ext_00310,,,在哪个校区交易,0,1,2026-02-21 01:23:57,普通用户,0,0,normal
c_ext_00003310,p_ext_001274,u_ext_00402,,,求资料,23,2,2026-04-26 17:45:57,校园达人,0,0,normal
c_ext_00003311,2101540770,u_ext_00455,,,这个窗口确实不错,7,0,2026-03-21 10:39:57,活跃同学,0,0,normal
c_ext_00003312,p_ext_000949,u_ext_00178,,,蹲一个搭子,24,2,2026-03-15 22:08:57,活跃同学,0,0,normal
c_ext_00003313,p_ext_001375,u_ext_00442,,,多少钱,8,3,2026-03-29 09:11:57,普通用户,0,0,normal
c_ext_00003314,p_ext_001958,u_ext_00414,,,还在吗,19,2,2026-03-20 21:40:57,资深坛友,0,0,normal
c_ext_00003315,p_ext_000329,u_ext_00134,,,多少钱,19,3,2026-06-01 02:56:57,活跃同学,0,0,normal
c_ext_00003316,p_ext_001222,u_ext_00334,,,可以自提吗,5,1,2026-02-11 07:29:57,资深坛友,0,0,normal
c_ext_00003317,p_ext_000114,u_ext_00210,,,可以自提吗,26,1,2026-02-19 10:11:57,校园达人,0,0,normal
c_ext_00003318,p_ext_001353,u_ext_00470,,,可以自提吗,7,1,2026-03-13 04:26:57,活跃同学,0,0,normal
c_ext_00003319,p_ext_001329,d24rcmJvQzN4R2w4bEpuSmlaK3NncE9TaElHQ1k1cHVpWDJoc1lPUHJiTzdmWnVIakxuTmwzN05uYzJZZkxoOGhaS01yWTJyaktxRGVXSjI=,,,可以自提吗,23,3,2026-06-01 03:23:57,本科生,0,0,normal
c_ext_00003320,p_ext_000543,u_ext_00500,,,还在吗,17,0,2026-02-22 23:59:57,活跃同学,0,0,normal
c_ext_00003321,p_ext_001249,u_ext_00330,,,可以自提吗,2,2,2026-04-19 16:29:57,活跃同学,0,0,normal
c_ext_00003322,p_ext_001692,u_ext_00416,,,可以自提吗,6,1,2026-04-29 18:14:57,普通用户,0,0,normal
c_ext_00003323,p_ext_000506,u_ext_00180,,,时间合适的话可以,7,1,2026-03-04 20:43:57,普通用户,0,0,normal
c_ext_00003324,p_ext_000330,c3BDRWE1YmRzNmFXdDVqWmlxUE9nWWpQZUg2RmVKNktsNHQ4azRlUXg5YXpmYUtyaEttcmZaT1NxcGVFcjdSOGc3YWFnSTJjYjJtWHIySjI=,,,这个窗口确实不错,15,1,2026-06-02 23:37:57,本科生,0,0,normal
c_ext_00003325,p_ext_001410,dXFLSmlwYW5zNnlVa3FxM2xtVzRycGE0ZDIyT2VZeG9sMmlBb1psOG05N0RrSWh1Z2Flam9aV1UwTmlVcjZPdGk2aWhzSnQ1Z0hxRmlXSjI=,,,这个岗位适合大三吗,24,3,2026-03-20 15:43:57,小学生,0,0,normal
c_ext_00003326,p_ext_001886,u_ext_00337,,,多少钱,2,1,2026-04-11 21:36:57,资深坛友,0,0,normal
c_ext_00003327,p_ext_001166,u_ext_00116,,,在哪个校区交易,9,3,2026-02-26 13:36:57,普通用户,0,0,normal
c_ext_00003328,p_ext_001658,u_ext_00359,,,我也想参加,27,2,2026-05-16 21:45:57,校园达人,0,0,normal
c_ext_00003329,p_ext_001514,u_ext_00139,,,蹲一个搭子,2,2,2026-04-27 22:53:57,活跃同学,0,0,normal
c_ext_00003330,p_ext_000755,u_ext_00167,,,还在吗,27,2,2026-02-25 00:34:57,普通用户,0,0,normal
c_ext_00003331,p_ext_000539,c28rQmlJdlF4SzZIemE3YmdZM05aWk9UZEtTYVlZU0NoWXVpb3BxTnlwZkZwSUN6bGFlM1pvYTN6OXFLZk5xT2hMYUlvNG1HZklLSmlXSjI=,,,我也想参加,11,0,2026-03-08 05:30:57,硕士生,0,0,normal
c_ext_00003332,p_ext_001397,u_ext_00231,,,在哪个校区交易,15,3,2026-03-02 19:03:57,校园达人,0,0,normal
c_ext_00003333,p_ext_001088,u_ext_00349,,,时间合适的话可以,14,2,2026-02-08 15:22:57,资深坛友,0,0,normal
c_ext_00003334,p_ext_001945,u_ext_00182,,,这个岗位适合大三吗,27,2,2026-02-23 22:36:57,校园达人,0,0,normal
c_ext_00003335,p_ext_001265,u_ext_00455,,,这个窗口确实不错,3,0,2026-02-08 08:34:57,活跃同学,0,0,normal
c_ext_00003336,p_ext_001011,u_ext_00216,,,可以自提吗,24,0,2026-04-05 23:59:57,普通用户,0,0,normal
c_ext_00003337,p_ext_001622,czMxbnNaU251NUNBcHI2cGlHVzhkNGE2ZktXRlk2S0poMmlpZ28rbTA5dkZvMzJ5Z0xpN2VwV295TnVIWnNxTmhaUjhwSnFGaklTRGVXSjI=,,,多少钱,6,0,2026-05-17 06:51:57,高中生,0,0,normal
c_ext_00003338,p_ext_001647,u_ext_00255,,,多少钱,8,0,2026-02-17 07:33:57,资深坛友,0,0,normal
c_ext_00003339,p_ext_000887,u_ext_00291,,,这个窗口确实不错,8,2,2026-05-01 16:35:57,活跃同学,0,0,normal
c_ext_00003340,p_ext_001487,u_ext_00164,,,可以自提吗,24,0,2026-02-24 11:58:57,资深坛友,0,0,normal
c_ext_00003341,p_ext_001936,u_ext_00415,,,还在吗,6,3,2026-05-26 18:40:57,活跃同学,0,0,normal
c_ext_00003342,p_ext_000425,u_ext_00285,,,在哪个校区交易,7,2,2026-03-20 15:26:57,资深坛友,0,0,normal
c_ext_00003343,p_ext_001647,u_ext_00330,,,还在吗,0,3,2026-03-07 05:20:57,活跃同学,0,0,normal
c_ext_00003344,p_ext_001888,u_ext_00472,,,还在吗,30,3,2026-05-06 20:35:57,普通用户,0,0,normal
c_ext_00003345,p_ext_001126,cjdLWGpuK1V5R2VTcWNpdWwzcXduWWVTcG95T2hwNXJpWXQ0Zkl5Tng3aTJmbzF1aExpYWJJUzUxNWFXWjgxcGxiZUloSnVGZjJ1SmlXSjI=,,,这个岗位适合大三吗,1,3,2026-03-25 15:49:57,初中生,0,0,normal
c_ext_00003346,p_ext_000184,u_ext_00329,,,在哪个校区交易,28,0,2026-03-06 09:09:57,校园达人,0,0,normal
c_ext_00003347,p_ext_000589,u_ext_00186,,,还在吗,17,1,2026-04-16 08:20:57,普通用户,0,0,normal
c_ext_00003348,2101519045,u_ext_00460,,,我也想参加,9,2,2026-03-22 12:08:57,校园达人,0,0,normal
c_ext_00003349,p_ext_000637,u_ext_00104,,,多少钱,10,0,2026-02-04 00:33:57,普通用户,0,0,normal
c_ext_00003350,p_ext_000589,u_ext_00293,,,可以自提吗,30,3,2026-04-09 08:46:57,资深坛友,0,0,normal
c_ext_00003351,p_ext_000562,u_ext_00199,,,我也想参加,22,1,2026-03-14 17:09:57,活跃同学,0,0,normal
c_ext_00003352,p_ext_001899,u_ext_00131,,,时间合适的话可以,18,2,2026-03-03 20:45:57,普通用户,0,0,normal
c_ext_00003353,p_ext_000671,u_ext_00322,,,这个窗口确实不错,16,2,2026-03-01 01:33:57,资深坛友,0,0,normal
c_ext_00003354,p_ext_000271,u_ext_00274,,,在哪个校区交易,30,3,2026-04-10 00:56:57,活跃同学,0,0,normal
c_ext_00003355,p_ext_000829,u_ext_00136,,,在哪个校区交易,6,2,2026-04-25 11:56:57,校园达人,0,0,normal
c_ext_00003356,p_ext_001966,u_ext_00141,,,可以自提吗,19,0,2026-02-19 19:15:57,普通用户,0,0,normal
c_ext_00003357,p_ext_001657,dDJ1WHNZQ25vMzJGdHI3UGlZck5aNFhRZUl1Sm5LcUpnb3hucVl5eno3QzRqcDZ3bE4yN3BwVGN2cStOWnNXcWlwT01wWVY1cGFxQmVXSjI=,,,在哪个校区交易,11,1,2026-03-28 16:05:57,初中生,0,0,normal
c_ext_00003358,p_ext_000973,u_ext_00150,,,活动还有名额吗,19,1,2026-04-27 02:30:57,普通用户,0,0,normal
c_ext_00003359,p_ext_000171,u_ext_00316,,,可以自提吗,10,1,2026-03-18 09:22:57,校园达人,0,0,normal
c_ext_00003360,p_ext_001373,u_ext_00223,,,多少钱,23,1,2026-02-03 14:49:57,普通用户,0,0,normal
c_ext_00003361,p_ext_000251,u_ext_00199,,,时间合适的话可以,2,0,2026-05-28 03:08:57,活跃同学,0,0,normal
c_ext_00003362,p_ext_000182,u_ext_00168,,,我也想参加,23,3,2026-02-23 17:29:57,活跃同学,0,0,normal
c_ext_00003363,p_ext_001919,u_ext_00206,,,还在吗,6,1,2026-04-15 22:09:57,普通用户,0,0,normal
c_ext_00003364,p_ext_001163,dXFXbnJaU3FrcStTMjUzT2dhTFdvSWJOYTZDRVlZeVJnb3VJclp1TnZiQzBhR1NoZ05Demg0clExTnFJb2Nab2haS0VmWU5qcW4rT3IySjI=,,,可以内推吗,4,0,2026-02-20 07:44:57,高中生,0,0,normal
c_ext_00003365,p_ext_000400,u_ext_00280,,,简历要怎么投,23,0,2026-05-14 02:57:57,校园达人,0,0,normal
c_ext_00003366,p_ext_000407,eHFPRWJaV25xMnFUemE2bmxtYW5aSmFxZktXWllZaUJtWitJZll0K25OU3Zmbld3aDgydmlZWGNwWkdLbjhhaGg1S2VpSnRqZklHT3IySjI=,,,可以自提吗,27,1,2026-03-13 03:27:57,幼儿园,0,0,normal
c_ext_00003367,p_ext_001725,u_ext_00279,,,多少钱,17,1,2026-03-17 15:11:57,普通用户,0,0,normal
c_ext_00003368,p_ext_000405,u_ext_00380,,,这个窗口确实不错,9,2,2026-03-19 15:08:57,校园达人,0,0,normal
c_ext_00003369,p_ext_000665,u_ext_00427,,,时间合适的话可以,2,1,2026-03-18 22:01:57,校园达人,0,0,normal
c_ext_00003370,p_ext_000425,u_ext_00272,,,这个窗口确实不错,3,3,2026-05-17 17:26:57,普通用户,0,0,normal
c_ext_00003371,p_ext_000112,u_ext_00317,,,还在吗,14,0,2026-05-10 16:17:57,资深坛友,0,0,normal
c_ext_00003372,p_ext_001884,u_ext_00140,,,这个窗口确实不错,11,2,2026-05-25 10:03:57,校园达人,0,0,normal
c_ext_00003373,p_ext_000808,u_ext_00295,,,还在吗,30,0,2026-05-16 19:15:57,活跃同学,0,0,normal
c_ext_00003374,p_ext_001830,u_ext_00190,,,这个窗口确实不错,10,2,2026-03-23 06:44:57,活跃同学,0,0,normal
c_ext_00003375,p_ext_000947,u_ext_00450,,,还在吗,29,1,2026-05-29 16:37:57,资深坛友,0,0,normal
c_ext_00003376,2101517403,u_ext_00333,,,还在吗,30,0,2026-04-28 12:31:57,活跃同学,0,0,normal
c_ext_00003377,p_ext_000724,dGFKNGFZQ1QxWWFIMExiUWwyYTRoMzY0bW9lUmVLMXBsNkdMYVkyaTE5T3dmWmVFaGFpV3JwUE4zTGlJcjhxTWk2cWlzcG1Jakh1WHIySjI=,,,这个窗口确实不错,21,0,2026-02-05 08:51:57,硕士生,0,0,normal
c_ext_00003378,p_ext_000959,dDJsMWtaYTZ5WG1IdDZxbGdHWEdaWlNvbm1pRWVJU25ocU56YkptT3VkRzdwSFd6aTlDYWg1T3FxcXlXcjhaNWs1S1dxNHAxajJpTGlXSjI=,,,多少钱,25,2,2026-03-31 01:37:57,本科生,0,0,normal
c_ext_00003379,p_ext_000275,u_ext_00253,,,多少钱,19,0,2026-04-01 08:32:57,校园达人,0,0,normal
c_ext_00003380,p_ext_001212,u_ext_00377,,,还在吗,28,1,2026-02-12 02:24:57,资深坛友,0,0,normal
c_ext_00003381,p_ext_000968,dTVDWHJKZk51MzkvcHFhbWlhTzhoSmFvbG95YWlJeVJsb3BqcUlHenBKbXdqcDZ3aWREWXFJZVMwTmFCWnM1bmhxZHFhWnlHZ0lLRmlXSjI=,,,活动还有名额吗,24,1,2026-05-31 12:05:57,高中生,0,0,normal
c_ext_00003382,p_ext_000359,d29DSWJJelBvNHlGemN2WGluck5xNWJPaEthWlk1Q29ncU9NZ3BlTng2KzdnSnB0aDZldXI0ZTQxTmlDZkp1ZmhOQjhtWW1maDZxRGVXSjI=,,,多少钱,5,2,2026-04-15 17:39:57,硕士生,0,0,normal
c_ext_00003383,p_ext_001466,u_ext_00158,,,简历要怎么投,24,1,2026-04-06 22:43:57,校园达人,0,0,normal
c_ext_00003384,p_ext_001330,u_ext_00358,,,可以内推吗,0,0,2026-03-26 23:56:57,活跃同学,0,0,normal
c_ext_00003385,p_ext_001225,u_ext_00114,,,蹲一个搭子,2,2,2026-03-23 07:08:57,校园达人,0,0,normal
c_ext_00003386,p_ext_000763,u_ext_00131,,,多少钱,19,0,2026-02-21 13:18:57,普通用户,0,0,normal
c_ext_00003387,p_ext_001359,eFkrRms1UE56YkNDdGRlV2lXaXNuSlBRbFd5YWhZUi9tWTJJZTVxbnNhaTZhcCtBakpXYXBKVzJ2dENIak5acGdyZW1hbzEzZkgyRmlXSjI=,,,这个窗口确实不错,25,3,2026-02-28 18:20:57,高中生,0,0,normal
c_ext_00003388,p_ext_000909,eFkxNWo0ZTdxNHVMazZxdGw0dTRkMzY2ZktxT2hZU3NsMmVWYklXTnJkMnZmNStEZjVUTmVZT1RzcWFZaXF5Vms3bWxhNXRocldpTGlXSjI=,,,期末重点有吗,18,3,2026-05-26 16:17:57,高中生,0,0,normal
c_ext_00003389,p_ext_001606,u_ext_00210,,,可以自提吗,23,1,2026-03-29 17:51:57,校园达人,0,0,normal
c_ext_00003390,p_ext_001743,dDQxa2k1T3JvNnlHcWEzWW1JcXZyWWFTaElDTWhacUxqWjkwaDVDenFhaTBmMmV2aUpTamdZU1Z2dG1VWlp1VmY3aUVhWnRqYjZxQ2VXSjI=,,,还在吗,24,3,2026-04-10 00:33:57,本科生,0,0,normal
c_ext_00003391,p_ext_000115,u_ext_00456,,,需要什么技术栈,4,2,2026-06-01 02:40:57,资深坛友,0,0,normal
c_ext_00003392,p_ext_001399,u_ext_00478,,,感谢分享,28,1,2026-03-12 00:30:57,校园达人,0,0,normal
c_ext_00003393,p_ext_000329,u_ext_00119,,,在哪个校区交易,26,2,2026-04-12 07:54:57,普通用户,0,0,normal
c_ext_00003394,p_ext_001352,dG8yWGtaYlFyNCtHMExLUmxYcldhWlRRZUg2Wm0zaWxpSDJEc0kybXg4NjdwbjJPbGRDU3FJZW11czZYZWNaNmY3aUlmb3VmZUlLTGlXSjI=,,,多少钱,0,0,2026-04-01 12:30:57,初中生,0,0,normal
c_ext_00003395,p_ext_000201,u_ext_00166,,,在哪个校区交易,19,3,2026-02-02 23:33:57,活跃同学,0,0,normal
c_ext_00003396,p_ext_001341,u_ext_00492,,,可以自提吗,13,2,2026-02-25 16:31:57,活跃同学,0,0,normal
c_ext_00003397,p_ext_001026,u_ext_00316,,,还在吗,8,1,2026-03-04 08:47:57,校园达人,0,0,normal
c_ext_00003398,p_ext_001588,u_ext_00182,,,蹲一个搭子,28,3,2026-04-08 10:58:57,校园达人,0,0,normal
c_ext_00003399,p_ext_000504,u_ext_00213,,,在哪个校区交易,0,1,2026-02-16 11:17:57,资深坛友,0,0,normal
c_ext_00003400,p_ext_000902,u_ext_00212,,,期末重点有吗,22,2,2026-03-12 16:39:57,活跃同学,0,0,normal
c_ext_00003401,p_ext_001968,u_ext_00180,,,在哪个校区交易,26,3,2026-04-16 07:07:57,普通用户,0,0,normal
c_ext_00003402,p_ext_000350,u_ext_00370,,,多少钱,21,2,2026-03-03 15:23:57,普通用户,0,0,normal
c_ext_00003403,p_ext_001744,u_ext_00101,,,在哪个校区交易,25,1,2026-05-17 07:02:57,资深坛友,0,0,normal
c_ext_00003404,p_ext_001910,u_ext_00241,,,时间合适的话可以,11,1,2026-04-22 15:05:57,资深坛友,0,0,normal
c_ext_00003405,p_ext_000641,u_ext_00334,,,可以自提吗,17,0,2026-05-23 23:28:57,资深坛友,0,0,normal
c_ext_00003406,2101587306,d21xQmg0aVRrbytHcXFxNm1JbkdwMzY2b2JDY25KbXdpNHllZzVtT201aXZhNStsbHMydXFJV25sSkdZb3Bkb2xaS0hycGlFYjRlSWlXSjI=,,,这个窗口确实不错,11,0,2026-03-10 02:52:57,初中生,0,0,normal
c_ext_00003407,p_ext_001572,u_ext_00406,,,可以内推吗,9,0,2026-03-10 08:36:57,校园达人,0,0,normal
c_ext_00003408,p_ext_001806,u_ext_00437,,,这个窗口确实不错,27,1,2026-03-03 12:25:57,普通用户,0,0,normal
c_ext_00003409,p_ext_001744,dG42TnEzL091NHVTMEw3T2w2RzRaNVducHFtRlluOXJnNHg0aTRoOXk5M0RwbldEaEpXNmFKVzV0cldIWjlxS2lNNmVvSVdybXFxQmVXSjI=,,,可以自提吗,4,2,2026-05-31 04:58:57,本科生,0,0,normal
c_ext_00003410,p_ext_001892,dEk5a2duK3JxcStJcVpYUWhtYThqWVdwbGE2TmRtdU9pSDJhcEllUnBkRzdmWUN4ZjVXcWFaS3F6OWlJZkphdGZaT2FiSnBpakxLR2lXSjI=,,,感谢分享,3,3,2026-02-13 00:07:57,高中生,0,0,normal
c_ext_00003411,2101110140,u_ext_00343,,,还在吗,0,1,2026-04-08 09:10:57,资深坛友,0,0,normal
c_ext_00003412,p_ext_000133,u_ext_00328,,,这个窗口确实不错,30,3,2026-04-20 11:11:57,校园达人,0,0,normal
c_ext_00003413,p_ext_000857,u_ext_00267,,,这个窗口确实不错,11,1,2026-05-29 13:14:57,普通用户,0,0,normal
c_ext_00003414,p_ext_001166,u_ext_00335,,,在哪个校区交易,19,1,2026-04-08 17:46:57,校园达人,0,0,normal
c_ext_00003415,p_ext_001758,u_ext_00252,,,可以自提吗,2,3,2026-04-27 01:29:57,校园达人,0,0,normal
c_ext_00003416,p_ext_001428,u_ext_00496,,,求资料,5,0,2026-05-02 19:57:57,校园达人,0,0,normal
c_ext_00003417,p_ext_000927,u_ext_00390,,,活动还有名额吗,4,2,2026-04-24 11:46:57,校园达人,0,0,normal
c_ext_00003418,p_ext_001086,u_ext_00184,,,蹲一个搭子,13,3,2026-02-06 03:44:57,校园达人,0,0,normal
c_ext_00003419,2101580742,u_ext_00293,,,在哪个校区交易,17,0,2026-04-26 03:25:57,资深坛友,0,0,normal
c_ext_00003420,p_ext_001449,u_ext_00243,,,可以自提吗,14,0,2026-03-19 02:39:57,活跃同学,0,0,normal
c_ext_00003421,p_ext_001676,u_ext_00312,,,这个窗口确实不错,12,3,2026-05-16 12:36:57,资深坛友,0,0,normal
c_ext_00003422,p_ext_000452,c294NW9veTdwNWVUenJIVGlveTBlNVRQWW1pWW0zaWhpbnVhaEl5a25NQzNqNmRxaTdtdnJJdTV1cW1FaXBlVmdzMTNhb21yZkg2WXIySjI=,,,在哪个校区交易,8,1,2026-05-04 23:10:57,高中生,0,0,normal
c_ext_00003423,p_ext_000397,u_ext_00332,,,还在吗,27,3,2026-04-02 13:35:57,活跃同学,0,0,normal
c_ext_00003424,p_ext_000422,u_ext_00324,,,多少钱,12,2,2026-04-01 02:35:57,校园达人,0,0,normal
c_ext_00003425,p_ext_001595,u_ext_00438,,,多少钱,2,3,2026-04-27 13:29:57,校园达人,0,0,normal
c_ext_00003426,p_ext_001660,u_ext_00200,,,蹲一个复习整理,4,0,2026-02-26 21:16:57,校园达人,0,0,normal
c_ext_00003427,p_ext_001594,u_ext_00157,,,时间合适的话可以,13,3,2026-03-03 03:41:57,普通用户,0,0,normal
c_ext_00003428,p_ext_000240,dDQ1MWk1ZTN4YkIvazY2MmxYcXdvSU8zZktHWWhxWm9tR2RqYVptUnZhN0NwWTJLaDZlM1pwWE9wcFNNWnJSK2twSnJlcGxpa0krTGlXSjI=,,,在哪个校区交易,30,1,2026-04-02 11:37:57,本科生,0,0,normal
c_ext_00003429,p_ext_001035,ckdsMWFvdlJyMzErdWJhdWlXYXNab0s2b29TUm5YaXRqYUJyc0lSOXRadkNhNXVRZnQzTlpvQ25zdEtOWjdDcmhiVnJrb1ZraUhxQmVXSjI=,,,需要什么技术栈,2,3,2026-04-04 00:01:57,本科生,0,0,normal
c_ext_00003430,p_ext_001801,u_ext_00104,,,可以自提吗,18,1,2026-03-27 07:10:57,普通用户,0,0,normal
c_ext_00003431,p_ext_001386,u_ext_00281,,,在哪个校区交易,21,0,2026-03-07 07:53:57,活跃同学,0,0,normal
c_ext_00003432,p_ext_001444,u_ext_00165,,,简历要怎么投,30,1,2026-04-20 01:52:57,活跃同学,0,0,normal
c_ext_00003433,p_ext_000363,u_ext_00133,,,可以自提吗,6,0,2026-04-04 12:16:57,校园达人,0,0,normal
c_ext_00003434,p_ext_001728,u_ext_00454,,,还在吗,6,2,2026-04-24 09:41:57,普通用户,0,0,normal
c_ext_00003435,p_ext_001465,u_ext_00450,,,多少钱,7,1,2026-05-26 19:07:57,资深坛友,0,0,normal
c_ext_00003436,2101569969,u_ext_00181,,,可以自提吗,1,3,2026-02-06 03:16:57,校园达人,0,0,normal
c_ext_00003437,p_ext_001591,u_ext_00312,,,多少钱,18,0,2026-02-21 01:23:57,资深坛友,0,0,normal
c_ext_00003438,p_ext_001577,u_ext_00413,,,多少钱,23,3,2026-03-24 22:06:57,普通用户,0,0,normal
c_ext_00003439,p_ext_001907,u_ext_00191,,,这个窗口确实不错,21,0,2026-05-14 05:43:57,普通用户,0,0,normal
c_ext_00003440,p_ext_001459,u_ext_00420,,,这个窗口确实不错,25,1,2026-04-24 01:38:57,普通用户,0,0,normal
c_ext_00003441,p_ext_001334,u_ext_00110,,,在哪个校区交易,22,3,2026-03-19 05:29:57,校园达人,0,0,normal
c_ext_00003442,p_ext_000766,u_ext_00219,,,在哪个校区交易,5,0,2026-05-03 12:03:57,普通用户,0,0,normal
c_ext_00003443,2101508313,u_ext_00162,,,还在吗,19,3,2026-04-25 16:37:57,资深坛友,0,0,normal
c_ext_00003444,2101560280,u_ext_00340,,,多少钱,29,2,2026-05-17 00:26:57,校园达人,0,0,normal
c_ext_00003445,p_ext_000230,u_ext_00329,,,可以自提吗,26,1,2026-02-17 23:18:57,校园达人,0,0,normal
c_ext_00003446,p_ext_001710,u_ext_00437,,,我也想参加,8,1,2026-03-10 18:55:57,普通用户,0,0,normal
c_ext_00003447,p_ext_000791,u_ext_00404,,,活动还有名额吗,1,1,2026-03-10 06:59:57,活跃同学,0,0,normal
c_ext_00003448,p_ext_001089,u_ext_00143,,,在哪个校区交易,30,3,2026-05-15 14:30:57,活跃同学,0,0,normal
c_ext_00003449,p_ext_001723,u_ext_00273,,,在哪个校区交易,4,3,2026-02-07 06:38:57,校园达人,0,0,normal
c_ext_00003450,p_ext_001524,u_ext_00328,,,这个窗口确实不错,9,3,2026-03-01 20:56:57,校园达人,0,0,normal
c_ext_00003451,p_ext_001352,u_ext_00324,,,这个窗口确实不错,24,0,2026-02-17 07:23:57,校园达人,0,0,normal
c_ext_00003452,p_ext_001029,u_ext_00218,,,多少钱,23,0,2026-04-23 08:26:57,资深坛友,0,0,normal
c_ext_00003453,2101559269,u_ext_00416,,,这个窗口确实不错,21,1,2026-05-25 02:27:57,普通用户,0,0,normal
c_ext_00003454,p_ext_000810,u_ext_00335,,,可以自提吗,14,1,2026-03-03 09:09:57,校园达人,0,0,normal
c_ext_00003455,p_ext_001348,u_ext_00250,,,多少钱,22,2,2026-04-23 19:58:57,活跃同学,0,0,normal
c_ext_00003456,p_ext_000698,u_ext_00108,,,活动还有名额吗,24,0,2026-05-07 05:15:57,活跃同学,0,0,normal
c_ext_00003457,p_ext_000605,u_ext_00423,,,多少钱,8,1,2026-03-07 05:52:57,活跃同学,0,0,normal
c_ext_00003458,2101562016,u_ext_00141,,,多少钱,2,0,2026-05-29 01:31:57,普通用户,0,0,normal
c_ext_00003459,p_ext_001267,u_ext_00140,,,这个窗口确实不错,26,0,2026-05-30 06:44:57,校园达人,0,0,normal
c_ext_00003460,p_ext_000422,u_ext_00275,,,可以自提吗,27,2,2026-04-10 04:28:57,普通用户,0,0,normal
c_ext_00003461,p_ext_001375,u_ext_00183,,,在哪个校区交易,25,0,2026-02-21 14:28:57,活跃同学,0,0,normal
c_ext_00003462,p_ext_000926,u_ext_00131,,,这个窗口确实不错,13,2,2026-02-11 12:22:57,普通用户,0,0,normal
c_ext_00003463,p_ext_001260,u_ext_00305,,,这个窗口确实不错,22,3,2026-02-23 01:17:57,活跃同学,0,0,normal
c_ext_00003464,p_ext_001290,u_ext_00107,,,多少钱,25,3,2026-02-22 07:44:57,普通用户,0,0,normal
c_ext_00003465,p_ext_001642,dDZPbm8zMlZrb1NEbEsyVWdhQ3doWmE0aElPUW02SjdqYStBc3BlbnZadTFqcU9LZ0tpWnNJUzRzdGFNamRLQWtwV2FtWkZpZklhQ2VXSjI=,,,我也想参加,24,1,2026-03-04 03:48:57,本科生,0,0,normal
c_ext_00003466,p_ext_001491,u_ext_00440,,,在哪个校区交易,28,0,2026-04-12 11:13:57,校园达人,0,0,normal
c_ext_00003467,p_ext_001859,u_ext_00166,,,活动还有名额吗,17,1,2026-03-08 19:48:57,活跃同学,0,0,normal
c_ext_00003468,p_ext_000803,u_ext_00378,,,多少钱,11,3,2026-03-14 01:37:57,校园达人,0,0,normal
c_ext_00003469,p_ext_000449,dEtLYm1vTzYwWjZMdDlTNmdYdk5yWVNvb3FTTGRaMnZoYUdhb29pUnJkbXpqbjJObHJpWmE0VzV1clNZaXNsa2xiZUVhb1dlZktXWXIySjI=,,,我也想参加,26,2,2026-03-19 08:06:57,初中生,0,0,normal
c_ext_00003470,p_ext_000594,u_ext_00422,,,在哪个校区交易,23,3,2026-02-08 18:28:57,资深坛友,0,0,normal
c_ext_00003471,p_ext_000408,u_ext_00194,,,我也想参加,25,1,2026-05-30 03:32:57,资深坛友,0,0,normal
c_ext_00003472,p_ext_001149,u_ext_00277,,,可以自提吗,15,0,2026-05-21 15:04:57,资深坛友,0,0,normal
c_ext_00003473,p_ext_001272,u_ext_00201,,,在哪个校区交易,7,0,2026-03-20 16:38:57,校园达人,0,0,normal
c_ext_00003474,p_ext_000564,u_ext_00164,,,多少钱,27,0,2026-05-16 15:10:57,资深坛友,0,0,normal
c_ext_00003475,p_ext_001077,u_ext_00222,,,活动还有名额吗,29,2,2026-03-27 14:39:57,活跃同学,0,0,normal
c_ext_00003476,p_ext_000564,u_ext_00128,,,多少钱,11,1,2026-02-21 03:34:57,校园达人,0,0,normal
c_ext_00003477,p_ext_001118,u_ext_00153,,,在哪个校区交易,27,0,2026-03-31 19:10:57,普通用户,0,0,normal
c_ext_00003478,p_ext_001390,u_ext_00288,,,还在吗,21,3,2026-05-15 11:18:57,活跃同学,0,0,normal
c_ext_00003479,p_ext_000548,u_ext_00332,,,多少钱,21,3,2026-05-03 18:34:57,活跃同学,0,0,normal
c_ext_00003480,p_ext_000706,u_ext_00458,,,可以自提吗,27,0,2026-05-12 01:29:57,资深坛友,0,0,normal
c_ext_00003481,p_ext_000336,u_ext_00259,,,可以自提吗,4,2,2026-03-03 19:18:57,活跃同学,0,0,normal
c_ext_00003482,p_ext_000952,cjMrRms1ZXJyNE4vcWR2YWlJdktySkxjbHFlTG5hYXJpNkdpajVxbTA2KzFrSFd6bHMrN281UFF0cTZJZTZTRGdMcUxhWkNkZkdpQ2VXSjI=,,,可以自提吗,4,2,2026-02-18 20:23:57,硕士生,0,0,normal
c_ext_00003483,p_ext_001911,u_ext_00423,,,活动还有名额吗,12,1,2026-05-02 02:36:57,活跃同学,0,0,normal
c_ext_00003484,p_ext_001673,u_ext_00103,,,多少钱,17,3,2026-02-12 11:02:57,校园达人,0,0,normal
c_ext_00003485,p_ext_001179,u_ext_00371,,,感谢分享,6,3,2026-05-27 18:03:57,资深坛友,0,0,normal
c_ext_00003486,p_ext_001422,dzMyYm9ZU3FrbmlTcXFyQ2xLTzBxWXZNZkdpUnE0dHNpV1ZucDRpUnFiVzFzV3l1Zzl5YW9YMlVtSkorWmJocGhwS1dzWkNHb21pWHIySjI=,,,多少钱,9,0,2026-03-08 10:21:57,本科生,0,0,normal
c_ext_00003487,p_ext_001003,dDQxa2k1T3JvNnlHcWEzWW1JcXZyWWFTaElDTWhacUxqWjkwaDVDenFhaTBmMmV2aUpTamdZU1Z2dG1VWlp1VmY3aUVhWnRqYjZxQ2VXSjI=,,,这个窗口确实不错,0,3,2026-03-05 04:06:57,本科生,0,0,normal
c_ext_00003488,p_ext_001766,u_ext_00156,,,这个岗位适合大三吗,30,3,2026-05-22 19:44:57,校园达人,0,0,normal
c_ext_00003489,p_ext_001060,u_ext_00230,,,还在吗,8,0,2026-02-25 12:01:57,活跃同学,0,0,normal
c_ext_00003490,p_ext_001178,u_ext_00158,,,这个岗位适合大三吗,18,3,2026-05-14 11:06:57,校园达人,0,0,normal
c_ext_00003491,p_ext_000254,u_ext_00463,,,简历要怎么投,19,3,2026-05-09 11:30:57,资深坛友,0,0,normal
c_ext_00003492,p_ext_000934,u_ext_00267,,,可以自提吗,12,3,2026-03-31 19:31:57,普通用户,0,0,normal
c_ext_00003493,p_ext_000229,u_ext_00169,,,多少钱,25,2,2026-02-13 19:28:57,活跃同学,0,0,normal
c_ext_00003494,p_ext_001709,u_ext_00484,,,还在吗,20,3,2026-05-08 03:32:57,活跃同学,0,0,normal
c_ext_00003495,p_ext_001974,cjdLWGpuK1V5R2VTcWNpdWwzcXduWWVTcG95T2hwNXJpWXQ0Zkl5Tng3aTJmbzF1aExpYWJJUzUxNWFXWjgxcGxiZUloSnVGZjJ1SmlXSjI=,,,还在吗,1,2,2026-06-01 04:30:57,初中生,0,0,normal
c_ext_00003496,p_ext_001998,u_ext_00419,,,这个窗口确实不错,5,3,2026-04-29 04:55:57,资深坛友,0,0,normal
c_ext_00003497,p_ext_001289,u_ext_00192,,,还在吗,13,2,2026-02-22 11:13:57,校园达人,0,0,normal
c_ext_00003498,p_ext_001373,u_ext_00208,,,还在吗,16,3,2026-03-07 01:31:57,校园达人,0,0,normal
c_ext_00003499,p_ext_001317,u_ext_00265,,,多少钱,27,0,2026-04-14 12:21:57,校园达人,0,0,normal
c_ext_00003500,p_ext_001787,u_ext_00239,,,还在吗,8,3,2026-04-01 20:20:57,普通用户,0,0,normal
c_ext_00003501,p_ext_001634,u_ext_00446,,,这个窗口确实不错,20,3,2026-02-03 07:18:57,普通用户,0,0,normal
c_ext_00003502,2101539504,u_ext_00349,,,还在吗,11,2,2026-05-22 14:05:57,资深坛友,0,0,normal
c_ext_00003503,p_ext_001663,u_ext_00176,,,活动还有名额吗,24,1,2026-05-25 05:50:57,资深坛友,0,0,normal
c_ext_00003504,p_ext_001768,u_ext_00441,,,多少钱,23,3,2026-03-04 02:23:57,普通用户,0,0,normal
c_ext_00003505,2101629214,u_ext_00113,,,多少钱,12,0,2026-02-05 20:29:57,活跃同学,0,0,normal
c_ext_00003506,p_ext_001735,u_ext_00181,,,多少钱,5,3,2026-04-21 04:49:57,校园达人,0,0,normal
c_ext_00003507,p_ext_001511,u_ext_00256,,,可以自提吗,20,1,2026-04-09 07:48:57,校园达人,0,0,normal
c_ext_00003508,p_ext_000560,u_ext_00413,,,可以自提吗,28,1,2026-03-07 13:14:57,普通用户,0,0,normal
c_ext_00003509,p_ext_001963,u_ext_00195,,,在哪个校区交易,23,2,2026-03-08 15:54:57,普通用户,0,0,normal
c_ext_00003510,p_ext_001197,u_ext_00277,,,可以自提吗,23,0,2026-05-20 09:58:57,资深坛友,0,0,normal
c_ext_00003511,p_ext_001907,c0h4NWlJelF0bXAvdHNlVmYyZkdqSlMzZ0lHWXE2S25pWHFXcklWKzI3akZmSmVBbHFtN3FaU25zcGFXbjZTTGhxbVphNFZob3FtSGlXSjI=,,,这个窗口确实不错,12,2,2026-04-18 09:00:57,高中生,0,0,normal
c_ext_00003512,p_ext_000688,u_ext_00339,,,时间合适的话可以,28,2,2026-02-14 18:37:57,校园达人,0,0,normal
c_ext_00003513,p_ext_001572,u_ext_00139,,,这个岗位适合大三吗,9,0,2026-03-29 05:31:57,活跃同学,0,0,normal
c_ext_00003514,p_ext_001861,u_ext_00126,,,在哪个校区交易,3,3,2026-02-09 01:36:57,校园达人,0,0,normal
c_ext_00003515,p_ext_000380,dG4yZnBJaXJzcTUrcXE2b2wyZXNhSlc2aDIyTWlhR3dpcDkzYllPTnh0eTFwV051ZjdxU3BIN2N0ckdCZWJoNmhyZDhwWkNkZklXV3IySjI=,,,多少钱,7,3,2026-03-31 14:42:57,高中生,0,0,normal
c_ext_00003516,p_ext_000918,u_ext_00118,,,活动还有名额吗,11,0,2026-05-24 01:01:57,资深坛友,0,0,normal
c_ext_00003517,p_ext_001695,u_ext_00119,,,还在吗,0,2,2026-04-10 12:42:57,普通用户,0,0,normal
c_ext_00003518,p_ext_000157,c0h4NWlJelF0bXAvdHNlVmYyZkdqSlMzZ0lHWXE2S25pWHFXckpwcDE3ZTJpMnlLbGN5YWpJdmJuY0tCbzgxa2dMZWloWTZJcHBHSGlXSjI=,,,在哪个校区交易,29,0,2026-04-12 17:41:57,高中生,0,0,normal
c_ext_00003519,p_ext_000569,u_ext_00483,,,在哪个校区交易,0,1,2026-02-09 01:56:57,资深坛友,0,0,normal
c_ext_00003520,p_ext_001421,u_ext_00456,,,还在吗,30,3,2026-04-15 14:53:57,资深坛友,0,0,normal
c_ext_00003521,p_ext_000645,dTQ2TmZJemRxbWw5azY2MWpYcThnNHFTbnEySm5ZeHRnWitNcElxa3ZiQ3ZqWDJ4ZjlDU2U1SzZwcldVZmJpRmhhbXFwWXVHbnF1SGlXSjI=,,,活动还有名额吗,23,2,2026-05-23 03:06:57,本科生,0,0,normal
c_ext_00003522,p_ext_000334,u_ext_00431,,,蹲一个复习整理,1,3,2026-02-07 06:27:57,普通用户,0,0,normal
c_ext_00003523,p_ext_001101,u_ext_00116,,,还在吗,9,2,2026-05-23 14:16:57,普通用户,0,0,normal
c_ext_00003524,p_ext_001595,c3FLZnFaZTQxWitTekxLdGlYck9oSVdVWXJHUmhaNkNqcUpqZjVlaW5OWERhSjl1Z0x1em40VE9wcE9Kbjg2Z2dyaWVib2FJYjZXSWlXSjI=,,,在哪个校区交易,23,1,2026-02-22 12:38:57,初中生,0,0,normal
c_ext_00003525,2101559833,u_ext_00201,,,在哪个校区交易,25,1,2026-04-05 17:46:57,校园达人,0,0,normal
c_ext_00003526,p_ext_000298,u_ext_00361,,,可以自提吗,8,2,2026-05-24 06:18:57,活跃同学,0,0,normal
c_ext_00003527,p_ext_000498,u_ext_00173,,,可以自提吗,2,0,2026-06-03 04:25:57,校园达人,0,0,normal
c_ext_00003528,p_ext_000931,dHBCMW81U254WDZEemEyVmhhRGFkbjdPZ0lDUllwbHBsNHFtb1l0OXJiVERzb0J0ZjVhM2lwYTYwOU9WZkp0NWxLaUFqWkYwYjRlSWlXSjI=,,,简历要怎么投,8,3,2026-03-06 17:54:57,硕士生,0,0,normal
c_ext_00003529,p_ext_001698,eEk5OXBvZk9tbjk4bE5UVGhYcktwSC9RZEsrRVlwcDlsbWg0Z29xenVKakRmMnh0bEx1eWE0V3BsYzJYZTdobGZwT01pWXVKZ0xLS2lXSjI=,,,还在吗,13,3,2026-03-12 14:48:57,本科生,0,0,normal
c_ext_00003530,p_ext_001728,u_ext_00497,,,这个窗口确实不错,26,0,2026-05-01 07:20:57,普通用户,0,0,normal
c_ext_00003531,2101586135,u_ext_00302,,,多少钱,6,2,2026-02-28 19:11:57,活跃同学,0,0,normal
c_ext_00003532,p_ext_000946,u_ext_00471,,,蹲一个搭子,3,3,2026-05-20 12:29:57,资深坛友,0,0,normal
c_ext_00003533,p_ext_001894,u_ext_00483,,,这个窗口确实不错,6,3,2026-02-18 23:38:57,资深坛友,0,0,normal
c_ext_00003534,p_ext_001937,cm55WHBYKzZ4WVdWbGJxcmpLS3dkbituWjdLRnEzeUNoMlY4ZjVpbXo5Q3pvbld4aHJ1cnI0V1QxSzJXamNhT2xybUloSVdhcW5xWHIySjI=,,,在哪个校区交易,1,2,2026-05-03 19:14:57,本科生,0,0,normal
c_ext_00003535,p_ext_000415,u_ext_00243,,,时间合适的话可以,15,0,2026-05-27 21:30:57,活跃同学,0,0,normal
c_ext_00003536,p_ext_000528,u_ext_00232,,,还在吗,16,1,2026-04-11 03:30:57,普通用户,0,0,normal
c_ext_00003537,p_ext_001602,u_ext_00149,,,还在吗,10,0,2026-03-29 22:12:57,普通用户,0,0,normal
c_ext_00003538,p_ext_000388,u_ext_00315,,,这个窗口确实不错,19,1,2026-03-20 04:56:57,普通用户,0,0,normal
c_ext_00003539,p_ext_000891,u_ext_00206,,,还在吗,2,3,2026-04-12 23:46:57,普通用户,0,0,normal
c_ext_00003540,p_ext_001840,dEk5a2duK3JxcStJcVpYUWhtYThqWVdwbGE2TmRtdU9pSDJhcEllUnBkRzdmWUN4ZjVXcWFaS3F6OWlJZkphdGZaT2FiSnBpakxLR2lXSjI=,,,可以自提吗,24,0,2026-02-21 22:04:57,高中生,0,0,normal
c_ext_00003541,p_ext_001678,u_ext_00498,,,可以自提吗,9,1,2026-02-06 20:52:57,校园达人,0,0,normal
c_ext_00003542,p_ext_001402,u_ext_00460,,,求资料,1,2,2026-03-30 10:22:57,校园达人,0,0,normal
c_ext_00003543,p_ext_001633,u_ext_00264,,,我也想参加,20,0,2026-04-27 16:18:57,活跃同学,0,0,normal
c_ext_00003544,2101514503,u_ext_00361,,,还在吗,6,1,2026-04-21 03:14:57,活跃同学,0,0,normal
c_ext_00003545,p_ext_000823,u_ext_00210,,,在哪个校区交易,21,3,2026-05-12 10:43:57,校园达人,0,0,normal
c_ext_00003546,p_ext_000669,u_ext_00452,,,在哪个校区交易,4,1,2026-04-24 05:12:57,普通用户,0,0,normal
c_ext_00003547,p_ext_000708,u_ext_00261,,,在哪个校区交易,27,1,2026-05-26 03:16:57,校园达人,0,0,normal
c_ext_00003548,p_ext_000404,u_ext_00178,,,在哪个校区交易,16,1,2026-02-14 08:04:57,活跃同学,0,0,normal
c_ext_00003549,p_ext_000141,u_ext_00358,,,感谢分享,27,3,2026-04-10 14:11:57,活跃同学,0,0,normal
c_ext_00003550,p_ext_001894,eFdwb29wZlJ5YStGazYyVmdLTFNpSlMyakxLTWQ2WnRsbnhuYm95T3k2eTNwcHF5Zjg3RmpvYTVxc3lJakplRWk1V0VxNW1jZ0s2Q2VXSjI=,,,还在吗,11,3,2026-02-27 21:59:57,高中生,0,0,normal
c_ext_00003551,2101556378,u_ext_00291,,,在哪个校区交易,15,2,2026-02-04 01:04:57,活跃同学,0,0,normal
c_ext_00003552,p_ext_000858,u_ext_00262,,,在哪个校区交易,1,1,2026-03-10 15:06:57,普通用户,0,0,normal
c_ext_00003553,2101622130,u_ext_00127,,,多少钱,7,3,2026-03-27 19:59:57,校园达人,0,0,normal
c_ext_00003554,p_ext_000157,cm11YmY0YlIwWHlHdHJLeG1IbXNoSWZQaUt5SWg1Q0hnV2lMc1lOK3JkVEZhcVp0aU0rN2pZU3F1dG1VWnNhZmxhaC9hNHhrZzdDV3IySjI=,,,这个窗口确实不错,13,0,2026-02-24 16:49:57,初中生,0,0,normal
c_ext_00003555,p_ext_000700,u_ext_00465,,,可以自提吗,29,2,2026-05-06 02:51:57,资深坛友,0,0,normal
c_ext_00003556,p_ext_000570,u_ext_00109,,,还在吗,19,2,2026-03-13 01:53:57,校园达人,0,0,normal
c_ext_00003557,p_ext_000349,c28ybnJJelEwSzZHbExhNWxZM09xSlBOYTRPTmlKQ0lsYUNtallSL3FkbXZrSmVwZzlDM2hYL1BzcytCaTZOcGZ0eUFwWnFmbld1WHIySjI=,,,还在吗,23,2,2026-04-27 09:15:57,本科生,0,0,normal
c_ext_00003558,p_ext_000403,u_ext_00252,,,还在吗,17,2,2026-03-31 02:03:57,校园达人,0,0,normal
c_ext_00003559,p_ext_001957,u_ext_00179,,,这个窗口确实不错,10,0,2026-02-12 20:56:57,活跃同学,0,0,normal
c_ext_00003560,p_ext_001235,u_ext_00235,,,这个窗口确实不错,17,1,2026-05-08 12:03:57,校园达人,0,0,normal
c_ext_00003561,p_ext_000221,dzMyYm9ZU3FrbmlTcXFyQ2xLTzBxWXZNZkdpUnE0dHNpV1ZucDRpUnFiVzFzV3l1Zzl5YW9YMlVtSkorWmJocGhwS1dzWkNHb21pWHIySjI=,,,多少钱,23,3,2026-05-22 19:01:57,本科生,0,0,normal
c_ext_00003562,p_ext_000631,u_ext_00140,,,蹲一个复习整理,23,3,2026-05-23 18:59:57,校园达人,0,0,normal
c_ext_00003563,p_ext_000453,u_ext_00181,,,这个窗口确实不错,17,0,2026-03-31 17:04:57,校园达人,0,0,normal
c_ext_00003564,p_ext_001780,u_ext_00385,,,在哪个校区交易,24,0,2026-04-14 22:37:57,普通用户,0,0,normal
c_ext_00003565,p_ext_001562,u_ext_00166,,,可以自提吗,15,3,2026-02-16 23:34:57,活跃同学,0,0,normal
c_ext_00003566,p_ext_001550,dDZPbm8zMlZrb1NEbEsyVWdhQ3doWmE0aElPUW02SjdqYStBc3BlbnZadTFqcU9LZ0tpWnNJUzRzdGFNamRLQWtwV2FtWkZpZklhQ2VXSjI=,,,还在吗,23,2,2026-03-06 22:46:57,本科生,0,0,normal
c_ext_00003567,p_ext_000116,u_ext_00282,,,在哪个校区交易,30,3,2026-04-18 04:35:57,资深坛友,0,0,normal
c_ext_00003568,p_ext_000981,dG4yZnBJaXJzcTUrcXE2b2wyZXNhSlc2aDIyTWlhR3dpcDkzYllPTnh0eTFwV051ZjdxU3BIN2N0ckdCZWJoNmhyZDhwWkNkZklXV3IySjI=,,,可以自提吗,10,1,2026-04-22 02:25:57,高中生,0,0,normal
c_ext_00003569,p_ext_001832,u_ext_00259,,,在哪个校区交易,30,1,2026-03-18 07:10:57,活跃同学,0,0,normal
c_ext_00003570,2101585112,u_ext_00363,,,多少钱,17,0,2026-05-02 18:17:57,普通用户,0,0,normal
c_ext_00003571,p_ext_000143,u_ext_00350,,,多少钱,15,3,2026-02-26 14:47:57,校园达人,0,0,normal
c_ext_00003572,p_ext_001992,cm55Qm1uNlRrcTZJemJhVWYyV3JwcFNWaUtlWW5xNm1sb3VBaEpocjBwYTZwSTE5aTdxcmdaS3Fzc3lZZk1xQWs1UmpwNDFrbm15R2lXSjI=,,,还在吗,6,0,2026-04-10 12:27:57,初中生,0,0,normal
c_ext_00003573,p_ext_001890,u_ext_00199,,,多少钱,10,0,2026-03-13 18:55:57,活跃同学,0,0,normal
c_ext_00003574,p_ext_001386,eHFPRWJaV25xMnFUemE2bmxtYW5aSmFxZktXWllZaUJtWitJZll0K25OU3Zmbld3aDgydmlZWGNwWkdLbjhhaGg1S2VpSnRqZklHT3IySjI=,,,还在吗,23,0,2026-02-23 08:05:57,幼儿园,0,0,normal
c_ext_00003575,p_ext_001265,u_ext_00428,,,可以自提吗,5,2,2026-03-16 11:34:57,活跃同学,0,0,normal
c_ext_00003576,p_ext_000178,u_ext_00294,,,在哪个校区交易,0,3,2026-03-11 02:54:57,校园达人,0,0,normal
c_ext_00003577,p_ext_001967,u_ext_00293,,,这个窗口确实不错,12,1,2026-02-15 01:00:57,资深坛友,0,0,normal
c_ext_00003578,p_ext_001582,u_ext_00226,,,这个窗口确实不错,16,2,2026-05-05 04:26:57,活跃同学,0,0,normal
c_ext_00003579,p_ext_000984,u_ext_00303,,,在哪个校区交易,24,0,2026-02-08 21:02:57,资深坛友,0,0,normal
c_ext_00003580,p_ext_000805,c3BDRWE1YmRzNmFXdDVqWmlxUE9nWWpQZUg2RmVKNktsNHQ4azRlUXg5YXpmYUtyaEttcmZaT1NxcGVFcjdSOGc3YWFnSTJjYjJtWHIySjI=,,,多少钱,15,0,2026-05-09 22:06:57,本科生,0,0,normal
c_ext_00003581,p_ext_001613,u_ext_00225,,,可以自提吗,5,0,2026-04-07 23:18:57,普通用户,0,0,normal
c_ext_00003582,p_ext_000657,u_ext_00458,,,这个窗口确实不错,23,0,2026-03-05 21:05:57,资深坛友,0,0,normal
c_ext_00003583,p_ext_000370,u_ext_00340,,,还在吗,21,2,2026-02-25 00:55:57,校园达人,0,0,normal
c_ext_00003584,p_ext_000436,u_ext_00474,,,可以自提吗,17,0,2026-02-05 12:54:57,普通用户,0,0,normal
c_ext_00003585,p_ext_001537,u_ext_00224,,,还在吗,30,3,2026-02-12 08:01:57,普通用户,0,0,normal
c_ext_00003586,p_ext_000420,u_ext_00387,,,多少钱,13,0,2026-04-18 09:21:57,活跃同学,0,0,normal
c_ext_00003587,p_ext_001340,u_ext_00283,,,活动还有名额吗,8,3,2026-03-05 23:04:57,普通用户,0,0,normal
c_ext_00003588,p_ext_001071,dEk2YnFKVzQyR2lTenE2NmlZM1NmWlRjbXFXTGVKbXZpM3Flc1pkcnZkckZhbm1JaHN5YXNKTzVzdHFOak5hbWhKV2VzcEdGZ0txS2lXSjI=,,,感谢分享,27,3,2026-03-23 09:34:57,硕士生,0,0,normal
c_ext_00003589,p_ext_001137,u_ext_00183,,,蹲一个复习整理,8,0,2026-04-07 07:23:57,活跃同学,0,0,normal
c_ext_00003590,p_ext_000870,u_ext_00243,,,活动还有名额吗,25,3,2026-03-03 16:45:57,活跃同学,0,0,normal
c_ext_00003591,p_ext_001020,dHFWNWU0ZVV5YTZFdHJuWGhxL09xNGVub1dxSWhxRm9pV2Q0am9sc3o4REdwbjJrZ2F2Tmg0U290ckdVWjd5Qmk4eUVqcHA0Zkd1SmlXSjI=,,,时间合适的话可以,18,0,2026-02-11 10:03:57,初中生,0,0,normal
c_ext_00003592,p_ext_001055,c21pZm9ZeXFsbytVemRDemxXZmFxNUtWaEs2TW5hYW1oWitWYklxUXo4ZXZhb0duaHFyRmhZcVVxWlNWZk5acWxxaWVyNWgybnJDV3IySjI=,,,在哪个校区交易,6,3,2026-05-09 18:56:57,小学生,0,0,normal
c_ext_00003593,p_ext_001706,u_ext_00234,,,多少钱,6,1,2026-06-02 15:50:57,活跃同学,0,0,normal
c_ext_00003594,p_ext_000419,u_ext_00175,,,这个窗口确实不错,17,3,2026-04-19 20:04:57,资深坛友,0,0,normal
c_ext_00003595,p_ext_000471,u_ext_00255,,,可以自提吗,6,2,2026-03-12 01:24:57,资深坛友,0,0,normal
c_ext_00003596,p_ext_000209,u_ext_00107,,,可以自提吗,18,1,2026-04-02 11:57:57,普通用户,0,0,normal
c_ext_00003597,p_ext_000891,u_ext_00315,,,在哪个校区交易,17,1,2026-04-09 17:30:57,普通用户,0,0,normal
c_ext_00003598,p_ext_000806,u_ext_00481,,,可以自提吗,1,2,2026-05-29 03:12:57,活跃同学,0,0,normal
c_ext_00003599,p_ext_000536,u_ext_00428,,,还在吗,0,2,2026-05-25 21:26:57,活跃同学,0,0,normal
c_ext_00003600,p_ext_000495,dzVCMXI0WFB5WTJGbExYWGpZcTRub3FUb29LRllhNnRtWXVFaDRlTW01bXVzbml2aEpXU2tJak50ZGlNakxSNGtxZG5hSVI0ZkpLS2lXSjI=,,,还在吗,21,1,2026-03-29 06:39:57,博士生,0,0,normal
c_ext_00003601,p_ext_001979,dHFWNWU0ZVV5YTZFdHJuWGhxL09xNGVub1dxSWhxRm9pV2Q0am9sc3o4REdwbjJrZ2F2Tmg0U290ckdVWjd5Qmk4eUVqcHA0Zkd1SmlXSjI=,,,在哪个校区交易,6,0,2026-04-15 03:40:57,初中生,0,0,normal
c_ext_00003602,p_ext_001132,u_ext_00363,,,还在吗,4,2,2026-05-26 14:30:57,普通用户,0,0,normal
c_ext_00003603,p_ext_000407,u_ext_00274,,,还在吗,2,1,2026-03-25 08:42:57,活跃同学,0,0,normal
c_ext_00003604,p_ext_000215,u_ext_00104,,,活动还有名额吗,25,3,2026-04-13 12:37:57,普通用户,0,0,normal
c_ext_00003605,p_ext_001942,u_ext_00185,,,这个岗位适合大三吗,21,1,2026-04-10 18:56:57,校园达人,0,0,normal
c_ext_00003606,p_ext_001426,u_ext_00436,,,可以自提吗,11,0,2026-04-26 06:37:57,活跃同学,0,0,normal
c_ext_00003607,p_ext_000561,u_ext_00449,,,在哪个校区交易,3,1,2026-03-10 11:58:57,资深坛友,0,0,normal
c_ext_00003608,p_ext_000377,eFdwb29wZlJ5YStGazYyVmdLTFNpSlMyakxLTWQ2WnRsbnhuYm95T3k2eTNwcHF5Zjg3RmpvYTVxc3lJakplRWk1V0VxNW1jZ0s2Q2VXSjI=,,,这个窗口确实不错,2,2,2026-05-12 06:26:57,高中生,0,0,normal
c_ext_00003609,p_ext_000500,eFgyamdvR28xR2lTdWRqTmg2KzhuNFROcG9HYm5KQ0ppcCthZTVDUDB0MnZqNk9JaHMyamVvak12cWFYaXBPbWY4MmVrSW1lYjRPSWlXSjI=,,,在哪个校区交易,21,3,2026-02-23 11:55:57,初中生,0,0,normal
c_ext_00003610,p_ext_001423,cjQycmtJeTN0NGQrejh6Q2xuelNlSCszbm1pRWQ2Si9nbjEzcjRGcHNiYkNqYWVCbGMvTmdINlYxTXlCbzdkbWs2WjhyNWxoZkkyWHIySjI=,,,在哪个校区交易,10,2,2026-04-27 01:56:57,高中生,0,0,normal
c_ext_00003611,p_ext_000973,u_ext_00103,,,活动还有名额吗,13,0,2026-02-15 23:33:57,校园达人,0,0,normal
c_ext_00003612,p_ext_001536,u_ext_00180,,,在哪个校区交易,30,3,2026-03-05 22:03:57,普通用户,0,0,normal
c_ext_00003613,p_ext_000200,u_ext_00105,,,在哪个校区交易,29,1,2026-05-25 08:47:57,普通用户,0,0,normal
c_ext_00003614,p_ext_001706,u_ext_00371,,,在哪个校区交易,5,3,2026-03-12 07:54:57,资深坛友,0,0,normal
c_ext_00003615,p_ext_001121,dXFWamFaUzQwV2VEdUxHU2w2T3paMytWb3BDYmlHdURoNHlkcTRtUHg2eXlwSUdMaEtxbnFZZTNyWlNHaXB1dGhLaWlnNE5rbm9HQmVXSjI=,,,我也想参加,27,0,2026-04-11 17:08:57,硕士生,0,0,normal
c_ext_00003616,2101617209,dEtLYm1vTzYwWjZMdDlTNmdYdk5yWVNvb3FTTGRaMnZoYUdhb29pUnJkbXpqbjJObHJpWmE0VzV1clNZaXNsa2xiZUVhb1dlZktXWXIySjI=,,,这个窗口确实不错,12,2,2026-02-03 14:05:57,初中生,0,0,normal
c_ext_00003617,p_ext_001072,u_ext_00421,,,时间合适的话可以,14,0,2026-04-14 16:20:57,普通用户,0,0,normal
c_ext_00003618,p_ext_001081,u_ext_00349,,,在哪个校区交易,3,0,2026-02-22 23:01:57,资深坛友,0,0,normal
c_ext_00003619,p_ext_001069,ckdsMWFvdlJyMzErdWJhdWlXYXNab0s2b29TUm5YaXRqYUJyc0lSOXRadkNhNXVRZnQzTlpvQ25zdEtOWjdDcmhiVnJrb1ZraUhxQmVXSjI=,,,多少钱,19,0,2026-03-19 12:02:57,本科生,0,0,normal
c_ext_00003620,p_ext_001240,u_ext_00473,,,可以自提吗,3,1,2026-06-03 02:30:57,活跃同学,0,0,normal
c_ext_00003621,p_ext_000328,czMxb2s1V3ExWWFIemN5bWhLR29wWWVTaktDSllXdDdpcUJqYnBta3RaYXVqMzE4bFphcmZuMlR6OW1XcjdDQWs3cUltWWlJWnJDWHIySjI=,,,可以自提吗,5,0,2026-02-24 06:13:57,本科生,0,0,normal
c_ext_00003622,p_ext_000552,u_ext_00426,,,多少钱,27,1,2026-05-26 21:21:57,活跃同学,0,0,normal
c_ext_00003623,p_ext_000593,u_ext_00176,,,在哪个校区交易,28,2,2026-05-11 11:05:57,资深坛友,0,0,normal
c_ext_00003624,p_ext_001652,u_ext_00226,,,可以自提吗,25,2,2026-05-16 05:56:57,活跃同学,0,0,normal
c_ext_00003625,p_ext_000763,u_ext_00258,,,可以自提吗,9,0,2026-02-26 22:48:57,普通用户,0,0,normal
c_ext_00003626,p_ext_001482,u_ext_00413,,,可以自提吗,6,0,2026-03-20 07:05:57,普通用户,0,0,normal
c_ext_00003627,p_ext_000935,cjQycmtJeTN0NGQrejh6Q2xuelNlSCszbm1pRWQ2Si9nbjEzcjRGcHNiYkNqYWVCbGMvTmdINlYxTXlCbzdkbWs2WjhyNWxoZkkyWHIySjI=,,,需要什么技术栈,12,0,2026-02-26 15:24:57,高中生,0,0,normal
c_ext_00003628,p_ext_000785,u_ext_00200,,,在哪个校区交易,1,0,2026-05-10 14:52:57,校园达人,0,0,normal
c_ext_00003629,p_ext_000592,u_ext_00217,,,多少钱,16,1,2026-03-19 08:38:57,普通用户,0,0,normal
c_ext_00003630,p_ext_001605,dzQ5b2JJYTYwWXVLdHN5cGwzeXNacGFwaEdxT201cDhpNG1Nam94cnNlQ3ZhbXhwaTlETlpwV1MyS21ZakxTT2tyZDNzSVdlYjRHWHIySjI=,,,可以自提吗,29,3,2026-05-30 04:21:57,本科生,0,0,normal
c_ext_00003631,p_ext_001012,u_ext_00234,,,还在吗,1,2,2026-03-27 06:32:57,活跃同学,0,0,normal
c_ext_00003632,p_ext_001903,cnFSOW81YVRsckNXdXFiTGhHak5ySWpPbm9tR2lJTnJqb3Q3cjRTUHNOeTRwSFd4ZjdpdnJwUFB0cTJOWjdSbmlzK2VwSkY0b211V3IySjI=,,,多少钱,22,2,2026-05-18 23:32:57,高中生,0,0,normal
c_ext_00003633,p_ext_001590,u_ext_00447,,,我也想参加,13,1,2026-05-03 22:04:57,活跃同学,0,0,normal
c_ext_00003634,p_ext_001548,u_ext_00299,,,多少钱,11,3,2026-05-19 10:13:57,校园达人,0,0,normal
c_ext_00003635,p_ext_001224,u_ext_00117,,,在哪个校区交易,3,3,2026-03-15 17:42:57,校园达人,0,0,normal
c_ext_00003636,p_ext_001033,eFkrRms1UE56YkNDdGRlV2lXaXNuSlBRbFd5YWhZUi9tWTJJZTVxbnNhaTZhcCtBakpXYXBKVzJ2dENIak5acGdyZW1hbzEzZkgyRmlXSjI=,,,蹲一个搭子,4,3,2026-05-16 22:22:57,高中生,0,0,normal
c_ext_00003637,p_ext_001669,cm11YmY0YlIwWHlHdHJLeG1IbXNoSWZQaUt5SWg1Q0hnV2lMc1lOK3JkVEZhcVp0aU0rN2pZU3F1dG1VWnNhZmxhaC9hNHhrZzdDV3IySjI=,,,这个窗口确实不错,21,2,2026-02-11 04:48:57,初中生,0,0,normal
c_ext_00003638,p_ext_001684,u_ext_00486,,,可以自提吗,23,0,2026-04-23 20:30:57,普通用户,0,0,normal
c_ext_00003639,p_ext_001103,u_ext_00456,,,还在吗,4,2,2026-02-04 14:26:57,资深坛友,0,0,normal
c_ext_00003640,p_ext_001185,u_ext_00275,,,多少钱,15,0,2026-04-01 19:18:57,普通用户,0,0,normal
c_ext_00003641,p_ext_001423,u_ext_00209,,,可以自提吗,5,3,2026-02-05 10:57:57,资深坛友,0,0,normal
c_ext_00003642,p_ext_001749,dUkyTmk0RGRzNnVHek5DbmlIeTRxSUtUb1cySlk1QnNsMldFa29la3ROaTFqblN4bHM2WlpvV1MxTnFHZkxTQmlMbUVnNDJkZUl1SGlXSjI=,,,期末重点有吗,25,2,2026-03-06 13:45:57,本科生,0,0,normal
c_ext_00003643,p_ext_001775,cm82QnJvemRxbW1Va3JuYmpJdXNycFBRaUsrUWlZQjhsWHBqYXBoOXZiQzNmNDJIaHFxdmFZZlB5NVNHamNtdWhxWjBob2llaEpHWHIySjI=,,,还在吗,20,2,2026-02-16 13:35:57,硕士生,0,0,normal
c_ext_00003644,p_ext_001059,dzR1bXNvZW5zNjJTcU5TbW1IeW9qSVM2ZUtLSWhvQnRnNHFpajVxbHRhdkRpMngrazVPV2JJYVRxcktYakxoL2xkQ1dpNXgzZzJpWHIySjI=,,,还在吗,13,0,2026-02-07 09:57:57,博士生,0,0,normal
c_ext_00003645,p_ext_001228,dXFWamFaUzQwV2VEdUxHU2w2T3paMytWb3BDYmlHdURoNHlkcTRtUHg2eXlwSUdMaEtxbnFZZTNyWlNHaXB1dGhLaWlnNE5rbm9HQmVXSjI=,,,还在吗,26,2,2026-05-02 03:16:57,硕士生,0,0,normal
c_ext_00003646,p_ext_001958,u_ext_00451,,,在哪个校区交易,8,0,2026-05-25 01:48:57,活跃同学,0,0,normal
c_ext_00003647,p_ext_001990,u_ext_00136,,,这个窗口确实不错,21,1,2026-02-02 14:31:57,校园达人,0,0,normal
c_ext_00003648,p_ext_001972,u_ext_00385,,,可以自提吗,28,1,2026-04-02 09:19:57,普通用户,0,0,normal
c_ext_00003649,p_ext_001956,cm11YmY0YlIwWHlHdHJLeG1IbXNoSWZQaUt5SWg1Q0hnV2lMc1lOK3JkVEZhcVp0aU0rN2pZU3F1dG1VWnNhZmxhaC9hNHhrZzdDV3IySjI=,,,在哪个校区交易,13,3,2026-02-11 00:01:57,初中生,0,0,normal
c_ext_00003650,p_ext_001130,u_ext_00364,,,可以自提吗,14,0,2026-03-10 23:57:57,普通用户,0,0,normal
c_ext_00003651,p_ext_000969,u_ext_00273,,,还在吗,12,0,2026-02-18 16:51:57,校园达人,0,0,normal
c_ext_00003652,p_ext_001552,u_ext_00420,,,还在吗,12,0,2026-02-26 02:19:57,普通用户,0,0,normal
c_ext_00003653,p_ext_000600,u_ext_00370,,,感谢分享,7,0,2026-04-11 09:52:57,普通用户,0,0,normal
c_ext_00003654,p_ext_001448,u_ext_00130,,,在哪个校区交易,27,0,2026-05-26 19:36:57,校园达人,0,0,normal
c_ext_00003655,p_ext_001225,u_ext_00410,,,时间合适的话可以,27,2,2026-04-21 19:43:57,活跃同学,0,0,normal
c_ext_00003656,p_ext_000671,u_ext_00336,,,可以自提吗,25,2,2026-02-25 16:40:57,校园达人,0,0,normal
c_ext_00003657,p_ext_001380,u_ext_00423,,,还在吗,0,3,2026-05-06 06:06:57,活跃同学,0,0,normal
c_ext_00003658,p_ext_000339,u_ext_00161,,,多少钱,5,2,2026-02-06 00:17:57,资深坛友,0,0,normal
c_ext_00003659,p_ext_001065,dzQrWGhaYTV6V3FGdDlUTGdudW9yb1dUbld5TmhvQnFqbWlJcTQrbXk5SERwcHVobFpYVmdZYXBsYWlHZkp0K2hhcUVlcHVjWnFxRGVXSjI=,,,可以自提吗,25,1,2026-03-08 00:49:57,高中生,0,0,normal
c_ext_00003660,p_ext_001581,u_ext_00308,,,可以内推吗,19,3,2026-02-25 10:18:57,资深坛友,0,0,normal
c_ext_00003661,p_ext_000651,u_ext_00420,,,多少钱,10,1,2026-05-31 17:23:57,普通用户,0,0,normal
c_ext_00003662,p_ext_001167,u_ext_00454,,,还在吗,0,0,2026-02-14 13:32:57,普通用户,0,0,normal
c_ext_00003663,p_ext_001478,u_ext_00283,,,活动还有名额吗,21,3,2026-06-01 22:49:57,普通用户,0,0,normal
c_ext_00003664,p_ext_001094,u_ext_00262,,,还在吗,24,0,2026-05-25 11:35:57,普通用户,0,0,normal
c_ext_00003665,p_ext_001403,u_ext_00269,,,还在吗,2,3,2026-03-23 07:29:57,普通用户,0,0,normal
c_ext_00003666,p_ext_001021,u_ext_00392,,,可以自提吗,4,2,2026-05-08 19:16:57,普通用户,0,0,normal
c_ext_00003667,p_ext_001961,u_ext_00310,,,这个窗口确实不错,3,0,2026-03-18 07:16:57,普通用户,0,0,normal
c_ext_00003668,p_ext_000990,u_ext_00117,,,可以自提吗,26,2,2026-05-12 08:17:57,校园达人,0,0,normal
c_ext_00003669,p_ext_001707,u_ext_00355,,,蹲一个搭子,3,2,2026-05-10 14:13:57,资深坛友,0,0,normal
c_ext_00003670,p_ext_000682,u_ext_00400,,,可以自提吗,24,0,2026-06-03 08:48:57,校园达人,0,0,normal
c_ext_00003671,p_ext_001563,u_ext_00416,,,这个窗口确实不错,15,2,2026-02-28 06:57:57,普通用户,0,0,normal
c_ext_00003672,p_ext_001254,dG9DanFaZlJ0bWFMcHJLV2dHZXdqSk9tZ0tpTFpJQ0VtR2VxcElTTno3N0RnSDJ0aGFxVnFIN1Fxc3lWZXM2R2hicUlySXVyaUkrSGlXSjI=,,,在哪个校区交易,19,1,2026-05-19 13:04:57,博士生,0,0,normal
c_ext_00003673,p_ext_001675,eFdwb29wZlJ5YStGazYyVmdLTFNpSlMyakxLTWQ2WnRsbnhuYm95T3k2eTNwcHF5Zjg3RmpvYTVxc3lJakplRWk1V0VxNW1jZ0s2Q2VXSjI=,,,需要什么技术栈,3,2,2026-05-26 05:08:57,高中生,0,0,normal
c_ext_00003674,p_ext_000946,u_ext_00107,,,蹲一个搭子,6,2,2026-05-04 22:46:57,普通用户,0,0,normal
c_ext_00003675,p_ext_001556,u_ext_00491,,,还在吗,25,3,2026-04-18 08:16:57,活跃同学,0,0,normal
c_ext_00003676,p_ext_001098,c21pZm9ZeXFsbytVemRDemxXZmFxNUtWaEs2TW5hYW1oWitWYklxUXo4ZXZhb0duaHFyRmhZcVVxWlNWZk5acWxxaWVyNWgybnJDV3IySjI=,,,在哪个校区交易,2,3,2026-03-15 11:32:57,小学生,0,0,normal
c_ext_00003677,p_ext_001476,u_ext_00294,,,多少钱,24,2,2026-03-28 11:01:57,校园达人,0,0,normal
c_ext_00003678,p_ext_001018,u_ext_00454,,,多少钱,2,1,2026-02-21 10:35:57,普通用户,0,0,normal
c_ext_00003679,p_ext_001749,dTRDQnNZTzZ4WXlVdXRETWhLK2tnWWlscGErYVpJaXJncDVxYll5Qng2NjFqcGF5bDdqRmE1S3F2cmlHb2M1a2k4K3FnWngyWjZtTnIySjI=,,,期末重点有吗,7,1,2026-02-21 10:12:57,本科生,0,0,normal
c_ext_00003680,p_ext_000146,u_ext_00444,,,这个窗口确实不错,9,2,2026-02-22 22:49:57,校园达人,0,0,normal
c_ext_00003681,p_ext_001163,u_ext_00359,,,这个岗位适合大三吗,20,3,2026-03-10 18:28:57,校园达人,0,0,normal
c_ext_00003682,p_ext_001797,u_ext_00184,,,在哪个校区交易,8,3,2026-05-13 04:08:57,校园达人,0,0,normal
c_ext_00003683,p_ext_000270,u_ext_00353,,,还在吗,5,3,2026-04-14 13:26:57,资深坛友,0,0,normal
c_ext_00003684,p_ext_001555,u_ext_00414,,,可以内推吗,2,3,2026-03-11 23:06:57,资深坛友,0,0,normal
c_ext_00003685,p_ext_001137,dFk2aWE0UzVyNmVMdUw3UmxwK3dkNVc2aUgrTGRvaWlqcUtXczVxa3VhN0VqV05zaGFpdmczNlUwTHVGaXBPRWhzK2RycHFlakl1SmlXSjI=,,,感谢分享,24,2,2026-05-05 20:24:57,小学生,0,0,normal
c_ext_00003686,p_ext_000507,u_ext_00353,,,多少钱,13,0,2026-04-24 22:31:57,资深坛友,0,0,normal
c_ext_00003687,p_ext_001294,u_ext_00402,,,期末重点有吗,1,2,2026-03-22 01:40:57,校园达人,0,0,normal
c_ext_00003688,p_ext_001940,u_ext_00397,,,多少钱,20,0,2026-05-01 18:37:57,普通用户,0,0,normal
c_ext_00003689,p_ext_001691,u_ext_00374,,,可以自提吗,28,0,2026-04-09 17:12:57,普通用户,0,0,normal
c_ext_00003690,p_ext_001876,u_ext_00224,,,蹲一个复习整理,10,1,2026-04-17 23:55:57,普通用户,0,0,normal
c_ext_00003691,p_ext_000393,u_ext_00125,,,在哪个校区交易,16,0,2026-04-12 02:16:57,活跃同学,0,0,normal
c_ext_00003692,p_ext_000922,dDQ1MWk1ZTN4YkIvazY2MmxYcXdvSU8zZktHWWhxWm9tR2RqYVptUnZhN0NwWTJLaDZlM1pwWE9wcFNNWnJSK2twSnJlcGxpa0krTGlXSjI=,,,感谢分享,7,2,2026-03-14 12:06:57,本科生,0,0,normal
c_ext_00003693,p_ext_000679,u_ext_00298,,,我也想参加,16,2,2026-02-25 11:44:57,资深坛友,0,0,normal
c_ext_00003694,2101633684,dzMyYm9ZU3FrbmlTcXFyQ2xLTzBxWXZNZkdpUnE0dHNpV1ZucDRpUnFiVzFzV3l1Zzl5YW9YMlVtSkorWmJocGhwS1dzWkNHb21pWHIySjI=,,,可以自提吗,5,2,2026-03-20 05:44:57,本科生,0,0,normal
c_ext_00003695,p_ext_001918,u_ext_00166,,,时间合适的话可以,0,1,2026-05-10 01:26:57,活跃同学,0,0,normal
c_ext_00003696,p_ext_000468,u_ext_00422,,,在哪个校区交易,3,0,2026-03-29 18:28:57,资深坛友,0,0,normal
c_ext_00003697,p_ext_001462,u_ext_00487,,,蹲一个搭子,29,2,2026-05-30 11:43:57,活跃同学,0,0,normal
c_ext_00003698,p_ext_001024,u_ext_00283,,,在哪个校区交易,12,3,2026-02-09 21:54:57,普通用户,0,0,normal
c_ext_00003699,p_ext_000744,u_ext_00140,,,我也想参加,5,3,2026-04-21 20:14:57,校园达人,0,0,normal
c_ext_00003700,p_ext_001443,u_ext_00171,,,需要什么技术栈,13,3,2026-03-29 14:57:57,资深坛友,0,0,normal
c_ext_00003701,p_ext_001785,u_ext_00441,,,可以自提吗,2,3,2026-02-08 05:17:57,普通用户,0,0,normal
c_ext_00003702,p_ext_001325,u_ext_00242,,,求资料,25,2,2026-05-18 02:32:57,资深坛友,0,0,normal
c_ext_00003703,p_ext_001429,u_ext_00451,,,还在吗,25,3,2026-03-23 04:44:57,活跃同学,0,0,normal
c_ext_00003704,p_ext_001011,u_ext_00295,,,在哪个校区交易,19,1,2026-02-11 17:57:57,活跃同学,0,0,normal
c_ext_00003705,p_ext_000804,u_ext_00468,,,多少钱,15,3,2026-04-29 05:17:57,校园达人,0,0,normal
c_ext_00003706,p_ext_001060,u_ext_00220,,,还在吗,30,0,2026-05-27 12:24:57,校园达人,0,0,normal
c_ext_00003707,p_ext_001332,dG42TnEzL091NHVTMEw3T2w2RzRaNVducHFtRlluOXJnNHg0aTRoOXk5M0RwbldEaEpXNmFKVzV0cldIWjlxS2lNNmVvSVdybXFxQmVXSjI=,,,这个窗口确实不错,16,2,2026-05-02 17:05:57,本科生,0,0,normal
c_ext_00003708,2101634205,c0h4NWlJelF0bXAvdHNlVmYyZkdqSlMzZ0lHWXE2S25pWHFXcklWKzI3akZmSmVBbHFtN3FaU25zcGFXbjZTTGhxbVphNFZob3FtSGlXSjI=,,,这个窗口确实不错,2,2,2026-02-03 22:41:57,高中生,0,0,normal
c_ext_00003709,p_ext_000591,u_ext_00121,,,这个窗口确实不错,17,3,2026-03-02 08:33:57,活跃同学,0,0,normal
c_ext_00003710,p_ext_001809,eHFPRWJaV25xMnFUemE2bmxtYW5aSmFxZktXWllZaUJtWitJZll0K25OU3Zmbld3aDgydmlZWGNwWkdLbjhhaGg1S2VpSnRqZklHT3IySjI=,,,还在吗,1,2,2026-05-28 11:57:57,幼儿园,0,0,normal
c_ext_00003711,p_ext_000799,u_ext_00243,,,可以自提吗,2,2,2026-05-09 03:11:57,活跃同学,0,0,normal
c_ext_00003712,p_ext_001168,u_ext_00475,,,还在吗,26,0,2026-04-12 07:17:57,活跃同学,0,0,normal
c_ext_00003713,p_ext_000810,u_ext_00123,,,还在吗,8,3,2026-03-25 02:36:57,资深坛友,0,0,normal
c_ext_00003714,p_ext_001234,u_ext_00190,,,还在吗,15,1,2026-05-20 20:27:57,活跃同学,0,0,normal
c_ext_00003715,p_ext_000754,eEg5cnM1V1Z0NHlJcHFiU2phTFNybitVaUtxRm40K3hobWVlc1lTUnNkYkRvMlNobEpUSmE1Yk4wSmVXYU1hTGhjMXJybzE1b3FtT3IySjI=,,,可以自提吗,1,3,2026-02-15 23:15:57,高中生,0,0,normal
c_ext_00003716,p_ext_001369,u_ext_00194,,,可以自提吗,24,3,2026-05-20 00:25:57,资深坛友,0,0,normal
c_ext_00003717,p_ext_001600,u_ext_00322,,,在哪个校区交易,14,2,2026-03-29 17:57:57,资深坛友,0,0,normal
c_ext_00003718,2101533358,u_ext_00451,,,在哪个校区交易,16,0,2026-05-12 02:38:57,活跃同学,0,0,normal
c_ext_00003719,p_ext_000733,u_ext_00292,,,时间合适的话可以,3,3,2026-02-08 01:58:57,资深坛友,0,0,normal
c_ext_00003720,p_ext_001299,dTVDWHJKZk51MzkvcHFhbWlhTzhoSmFvbG95YWlJeVJsb3BqcUlHenBKbXdqcDZ3aWREWXFJZVMwTmFCWnM1bmhxZHFhWnlHZ0lLRmlXSjI=,,,这个窗口确实不错,3,1,2026-02-09 21:55:57,高中生,0,0,normal
c_ext_00003721,p_ext_000277,eFdwb29wZlJ5YStGazYyVmdLTFNpSlMyakxLTWQ2WnRsbnhuYm95T3k2eTNwcHF5Zjg3RmpvYTVxc3lJakplRWk1V0VxNW1jZ0s2Q2VXSjI=,,,活动还有名额吗,15,1,2026-05-02 19:59:57,高中生,0,0,normal
c_ext_00003722,p_ext_001724,u_ext_00171,,,多少钱,20,1,2026-04-17 23:22:57,资深坛友,0,0,normal
c_ext_00003723,2101539504,u_ext_00299,,,多少钱,29,2,2026-02-10 11:58:57,校园达人,0,0,normal
c_ext_00003724,p_ext_001314,u_ext_00388,,,可以自提吗,0,2,2026-03-10 10:01:57,资深坛友,0,0,normal
c_ext_00003725,p_ext_001109,u_ext_00181,,,在哪个校区交易,18,0,2026-02-12 10:47:57,校园达人,0,0,normal
c_ext_00003726,p_ext_000530,u_ext_00247,,,多少钱,21,0,2026-05-09 19:17:57,活跃同学,0,0,normal
c_ext_00003727,p_ext_000893,u_ext_00224,,,多少钱,10,2,2026-05-14 03:23:57,普通用户,0,0,normal
c_ext_00003728,p_ext_001788,u_ext_00488,,,还在吗,1,3,2026-03-11 00:05:57,活跃同学,0,0,normal
c_ext_00003729,p_ext_001747,u_ext_00388,,,感谢分享,26,1,2026-02-04 13:09:57,资深坛友,0,0,normal
c_ext_00003730,p_ext_001950,u_ext_00203,,,时间合适的话可以,15,3,2026-05-01 18:30:57,活跃同学,0,0,normal
c_ext_00003731,p_ext_001206,dzZTYXE1YW9sbzZXdUwyV2dLQzBabnpjbW4rRllaNnVqcUNNaFlKc3pwbTRmNnR2ZzdxM2lJdTJwcXlZb2FSL2ZzMW5mbzZKcG1tRGVXSjI=,,,还在吗,13,1,2026-05-02 20:08:57,硕士生,0,0,normal
c_ext_00003732,p_ext_000531,dDM5c2U1T29yNmlEdXFtU2xxTzNhSlc0YzJ1RWRwQ3NqbnByb1lPUHk2dTNhbVNxaHF1cXJvWFFxckdLb3NxbWxycUliWXhqaktLT3IySjI=,,,时间合适的话可以,15,3,2026-05-25 21:08:57,高中生,0,0,normal
c_ext_00003733,p_ext_001009,u_ext_00485,,,这个窗口确实不错,5,2,2026-05-28 10:17:57,活跃同学,0,0,normal
c_ext_00003734,p_ext_000875,u_ext_00105,,,求资料,18,2,2026-05-24 05:42:57,普通用户,0,0,normal
c_ext_00003735,p_ext_001182,u_ext_00447,,,还在吗,11,2,2026-02-24 22:12:57,活跃同学,0,0,normal
c_ext_00003736,p_ext_000271,u_ext_00471,,,在哪个校区交易,6,2,2026-05-17 14:38:57,资深坛友,0,0,normal
c_ext_00003737,p_ext_000945,czMxb2s1V3ExWWFIemN5bWhLR29wWWVTaktDSllXdDdpcUJqYnBta3RaYXVqMzE4bFphcmZuMlR6OW1XcjdDQWs3cUltWWlJWnJDWHIySjI=,,,简历要怎么投,30,1,2026-02-18 20:05:57,本科生,0,0,normal
c_ext_00003738,p_ext_000721,u_ext_00494,,,还在吗,4,2,2026-02-05 22:03:57,活跃同学,0,0,normal
c_ext_00003739,p_ext_001077,u_ext_00491,,,时间合适的话可以,28,1,2026-03-05 07:52:57,活跃同学,0,0,normal
c_ext_00003740,2101518525,u_ext_00251,,,我也想参加,12,1,2026-02-12 04:58:57,活跃同学,0,0,normal
c_ext_00003741,p_ext_000722,u_ext_00292,,,在哪个校区交易,3,1,2026-03-19 02:44:57,资深坛友,0,0,normal
c_ext_00003742,p_ext_000228,u_ext_00124,,,蹲一个搭子,7,3,2026-05-17 10:59:57,普通用户,0,0,normal
c_ext_00003743,p_ext_001106,u_ext_00346,,,活动还有名额吗,4,2,2026-02-23 02:35:57,校园达人,0,0,normal
c_ext_00003744,p_ext_001237,u_ext_00485,,,可以自提吗,18,0,2026-03-13 22:49:57,活跃同学,0,0,normal
c_ext_00003745,p_ext_000768,u_ext_00247,,,这个窗口确实不错,6,3,2026-03-05 09:45:57,活跃同学,0,0,normal
c_ext_00003746,p_ext_000729,u_ext_00212,,,还在吗,8,3,2026-04-02 20:39:57,活跃同学,0,0,normal
c_ext_00003747,p_ext_001861,u_ext_00355,,,多少钱,6,3,2026-02-04 13:13:57,资深坛友,0,0,normal
c_ext_00003748,p_ext_000747,dTRDQnNZTzZ4WXlVdXRETWhLK2tnWWlscGErYVpJaXJncDVxYll5Qng2NjFqcGF5bDdqRmE1S3F2cmlHb2M1a2k4K3FnWngyWjZtTnIySjI=,,,可以自提吗,7,1,2026-05-03 07:39:57,本科生,0,0,normal
c_ext_00003749,p_ext_001389,u_ext_00194,,,还在吗,1,3,2026-03-22 12:51:57,资深坛友,0,0,normal
c_ext_00003750,p_ext_000549,u_ext_00178,,,需要什么技术栈,7,1,2026-03-14 01:05:57,活跃同学,0,0,normal
c_ext_00003751,p_ext_001273,dG9DanFaZlJ0bWFMcHJLV2dHZXdqSk9tZ0tpTFpJQ0VtR2VxcElTTno3N0RnSDJ0aGFxVnFIN1Fxc3lWZXM2R2hicUlySXVyaUkrSGlXSjI=,,,这个窗口确实不错,9,3,2026-05-24 04:06:57,博士生,0,0,normal
c_ext_00003752,p_ext_000439,u_ext_00244,,,还在吗,11,2,2026-03-27 22:37:57,校园达人,0,0,normal
c_ext_00003753,p_ext_000641,u_ext_00491,,,这个窗口确实不错,7,1,2026-02-27 18:04:57,活跃同学,0,0,normal
c_ext_00003754,p_ext_001576,u_ext_00382,,,在哪个校区交易,11,0,2026-05-18 20:15:57,活跃同学,0,0,normal
c_ext_00003755,p_ext_000573,u_ext_00151,,,多少钱,14,1,2026-04-15 17:25:57,活跃同学,0,0,normal
c_ext_00003756,p_ext_000872,u_ext_00489,,,还在吗,15,2,2026-06-02 11:12:57,普通用户,0,0,normal
c_ext_00003757,2101504655,dUtWc2lJaW9scUtTdWRDNGhubXpaSUMzbm5xRm5wbXdobzJpbzVDbTI5ckVmcHRyaHM2U29KVE8xTkNKWjdTVmxxcWVob3ViaDdDTnIySjI=,,,我也想参加,2,3,2026-03-04 20:06:57,硕士生,0,0,normal
c_ext_00003758,p_ext_000204,u_ext_00384,,,蹲一个搭子,25,1,2026-04-16 01:25:57,校园达人,0,0,normal
c_ext_00003759,p_ext_001364,u_ext_00215,,,活动还有名额吗,30,1,2026-05-23 15:36:57,普通用户,0,0,normal
c_ext_00003760,p_ext_000807,u_ext_00377,,,蹲一个搭子,21,0,2026-03-29 00:53:57,资深坛友,0,0,normal
c_ext_00003761,p_ext_001577,c21xQXM0dk5wNnVIdVptNWhXYThmMytuZ0tPRW4zaWtpSXByajVkK3FOKzBzbjJ4aGM2V25vV25uYytOamJTQ2Y3bXFoWkY0WjMrSWlXSjI=,,,可以自提吗,30,0,2026-05-29 16:21:57,初中生,0,0,normal
c_ext_00003762,p_ext_001227,dDMxb2E0ZmMxYU9XcWR5MGxJMjhwSDdRZElhTXFxcVpnbnlJaW9lbno3RzFmb21uZmQzTmlZUFF1ZGlJb05Hc2lwS2FpSU5qbldxWHIySjI=,,,在哪个校区交易,24,2,2026-05-25 00:36:57,初中生,0,0,normal
c_ext_00003763,p_ext_001030,u_ext_00265,,,可以自提吗,30,2,2026-04-01 19:00:57,校园达人,0,0,normal
c_ext_00003764,p_ext_001770,u_ext_00427,,,求资料,23,0,2026-03-01 17:27:57,校园达人,0,0,normal
c_ext_00003765,p_ext_000171,u_ext_00325,,,多少钱,14,1,2026-04-01 07:59:57,资深坛友,0,0,normal
c_ext_00003766,2101506146,u_ext_00205,,,蹲一个搭子,17,0,2026-05-21 03:44:57,校园达人,0,0,normal
c_ext_00003767,p_ext_001692,u_ext_00172,,,多少钱,2,0,2026-03-22 15:12:57,普通用户,0,0,normal
c_ext_00003768,p_ext_001076,u_ext_00372,,,这个窗口确实不错,21,3,2026-02-25 12:48:57,资深坛友,0,0,normal
c_ext_00003769,p_ext_001915,u_ext_00433,,,在哪个校区交易,7,3,2026-04-17 23:26:57,资深坛友,0,0,normal
c_ext_00003770,p_ext_000604,u_ext_00226,,,可以自提吗,18,2,2026-02-24 18:57:57,活跃同学,0,0,normal
c_ext_00003771,p_ext_001668,u_ext_00261,,,还在吗,10,2,2026-05-24 19:34:57,校园达人,0,0,normal
c_ext_00003772,p_ext_001315,u_ext_00283,,,这个窗口确实不错,3,3,2026-03-07 12:16:57,普通用户,0,0,normal
c_ext_00003773,p_ext_001251,u_ext_00395,,,活动还有名额吗,8,0,2026-05-23 17:53:57,活跃同学,0,0,normal
c_ext_00003774,p_ext_001743,u_ext_00341,,,这个窗口确实不错,15,2,2026-05-08 19:34:57,资深坛友,0,0,normal
c_ext_00003775,2101552196,u_ext_00479,,,可以自提吗,8,2,2026-03-09 01:11:57,普通用户,0,0,normal
c_ext_00003776,p_ext_001332,u_ext_00116,,,还在吗,24,0,2026-05-12 12:35:57,普通用户,0,0,normal
c_ext_00003777,p_ext_000649,u_ext_00252,,,我也想参加,27,2,2026-03-10 07:24:57,校园达人,0,0,normal
c_ext_00003778,p_ext_001903,u_ext_00261,,,多少钱,23,0,2026-04-05 09:47:57,校园达人,0,0,normal
c_ext_00003779,p_ext_000951,u_ext_00293,,,多少钱,9,1,2026-02-12 02:52:57,资深坛友,0,0,normal
c_ext_00003780,p_ext_000190,u_ext_00416,,,时间合适的话可以,12,1,2026-03-19 19:28:57,普通用户,0,0,normal
c_ext_00003781,p_ext_001393,u_ext_00173,,,这个岗位适合大三吗,4,0,2026-03-15 06:58:57,校园达人,0,0,normal
c_ext_00003782,p_ext_000701,u_ext_00477,,,在哪个校区交易,2,0,2026-03-06 18:12:57,资深坛友,0,0,normal
c_ext_00003783,2101560280,u_ext_00385,,,还在吗,25,2,2026-04-06 13:21:57,普通用户,0,0,normal
c_ext_00003784,p_ext_000411,u_ext_00419,,,还在吗,8,3,2026-05-14 20:02:57,资深坛友,0,0,normal
c_ext_00003785,p_ext_001597,u_ext_00410,,,可以内推吗,12,1,2026-03-03 10:23:57,活跃同学,0,0,normal
c_ext_00003786,p_ext_000241,u_ext_00174,,,可以自提吗,21,1,2026-04-17 13:11:57,校园达人,0,0,normal
c_ext_00003787,p_ext_001170,u_ext_00360,,,时间合适的话可以,22,1,2026-04-02 22:21:57,资深坛友,0,0,normal
c_ext_00003788,p_ext_000285,u_ext_00157,,,这个窗口确实不错,12,3,2026-03-14 06:21:57,普通用户,0,0,normal
c_ext_00003789,p_ext_000629,dHBCMW81U254WDZEemEyVmhhRGFkbjdPZ0lDUllwbHBsNHFtb1l0OXJiVERzb0J0ZjVhM2lwYTYwOU9WZkp0NWxLaUFqWkYwYjRlSWlXSjI=,,,多少钱,6,1,2026-05-06 18:20:57,硕士生,0,0,normal
c_ext_00003790,p_ext_000726,u_ext_00471,,,还在吗,5,1,2026-02-26 03:37:57,资深坛友,0,0,normal
c_ext_00003791,p_ext_000877,u_ext_00491,,,还在吗,4,0,2026-04-13 17:52:57,活跃同学,0,0,normal
c_ext_00003792,p_ext_001822,u_ext_00255,,,时间合适的话可以,13,2,2026-04-04 23:07:57,资深坛友,0,0,normal
c_ext_00003793,p_ext_001063,u_ext_00276,,,这个窗口确实不错,4,0,2026-03-04 15:38:57,活跃同学,0,0,normal
c_ext_00003794,p_ext_001355,eFdwb29wZlJ5YStGazYyVmdLTFNpSlMyakxLTWQ2WnRsbnhuYm95T3k2eTNwcHF5Zjg3RmpvYTVxc3lJakplRWk1V0VxNW1jZ0s2Q2VXSjI=,,,这个窗口确实不错,14,3,2026-03-02 05:12:57,高中生,0,0,normal
c_ext_00003795,p_ext_001917,u_ext_00471,,,在哪个校区交易,3,0,2026-03-14 01:54:57,资深坛友,0,0,normal
c_ext_00003796,p_ext_001081,u_ext_00370,,,多少钱,27,3,2026-05-25 19:21:57,普通用户,0,0,normal
c_ext_00003797,p_ext_001206,u_ext_00421,,,在哪个校区交易,11,2,2026-05-21 16:02:57,普通用户,0,0,normal
c_ext_00003798,p_ext_001652,u_ext_00290,,,在哪个校区交易,4,1,2026-03-27 14:47:57,普通用户,0,0,normal
c_ext_00003799,p_ext_000312,u_ext_00220,,,简历要怎么投,30,1,2026-05-25 05:09:57,校园达人,0,0,normal
c_ext_00003800,p_ext_000635,u_ext_00365,,,蹲一个搭子,8,0,2026-02-09 11:25:57,普通用户,0,0,normal
c_ext_00003801,p_ext_001219,u_ext_00331,,,还在吗,13,0,2026-03-02 01:38:57,普通用户,0,0,normal
c_ext_00003802,p_ext_001515,u_ext_00389,,,可以自提吗,14,2,2026-03-10 23:19:57,活跃同学,0,0,normal
c_ext_00003803,p_ext_001588,u_ext_00268,,,活动还有名额吗,6,2,2026-02-02 14:23:57,资深坛友,0,0,normal
c_ext_00003804,p_ext_000169,u_ext_00244,,,这个岗位适合大三吗,24,1,2026-02-22 11:08:57,校园达人,0,0,normal
c_ext_00003805,p_ext_001185,u_ext_00464,,,多少钱,0,3,2026-02-24 05:22:57,普通用户,0,0,normal
c_ext_00003806,p_ext_000222,u_ext_00143,,,可以自提吗,2,2,2026-02-19 01:12:57,活跃同学,0,0,normal
c_ext_00003807,p_ext_000260,u_ext_00471,,,还在吗,1,2,2026-05-30 06:39:57,资深坛友,0,0,normal
c_ext_00003808,p_ext_001176,u_ext_00200,,,在哪个校区交易,7,1,2026-02-19 20:21:57,校园达人,0,0,normal
c_ext_00003809,p_ext_000387,u_ext_00182,,,多少钱,5,3,2026-02-11 07:46:57,校园达人,0,0,normal
c_ext_00003810,p_ext_000865,dG42TnEzL091NHVTMEw3T2w2RzRaNVducHFtRlluOXJnNHg0aTRoOXk5M0RwbldEaEpXNmFKVzV0cldIWjlxS2lNNmVvSVdybXFxQmVXSjI=,,,这个窗口确实不错,24,3,2026-03-01 19:31:57,本科生,0,0,normal
c_ext_00003811,p_ext_000250,u_ext_00409,,,还在吗,26,3,2026-03-22 13:11:57,普通用户,0,0,normal
c_ext_00003812,p_ext_000788,u_ext_00400,,,多少钱,14,1,2026-04-02 12:21:57,校园达人,0,0,normal
c_ext_00003813,p_ext_001180,u_ext_00207,,,这个窗口确实不错,0,2,2026-05-11 12:46:57,普通用户,0,0,normal
c_ext_00003814,p_ext_001138,u_ext_00124,,,在哪个校区交易,3,3,2026-05-13 05:26:57,普通用户,0,0,normal
c_ext_00003815,p_ext_001280,u_ext_00434,,,多少钱,26,3,2026-03-13 14:39:57,活跃同学,0,0,normal
c_ext_00003816,p_ext_001030,u_ext_00308,,,可以自提吗,3,0,2026-03-25 16:37:57,资深坛友,0,0,normal
c_ext_00003817,p_ext_000769,u_ext_00484,,,我也想参加,21,2,2026-02-04 01:30:57,活跃同学,0,0,normal
c_ext_00003818,p_ext_001050,u_ext_00390,,,还在吗,25,0,2026-03-25 10:28:57,校园达人,0,0,normal
c_ext_00003819,p_ext_001577,dDMxb2E0ZmMxYU9XcWR5MGxJMjhwSDdRZElhTXFxcVpnbnlJaW9lbno3RzFmb21uZmQzTmlZUFF1ZGlJb05Hc2lwS2FpSU5qbldxWHIySjI=,,,可以自提吗,19,1,2026-04-21 10:41:57,初中生,0,0,normal
c_ext_00003820,p_ext_000478,cjdLWGpuK1V5R2VTcWNpdWwzcXduWWVTcG95T2hwNXJpWXQ0Zkl5Tng3aTJmbzF1aExpYWJJUzUxNWFXWjgxcGxiZUloSnVGZjJ1SmlXSjI=,,,这个窗口确实不错,17,2,2026-03-07 09:36:57,初中生,0,0,normal
c_ext_00003821,p_ext_000640,u_ext_00102,,,还在吗,25,2,2026-02-15 12:51:57,校园达人,0,0,normal
c_ext_00003822,2101517403,u_ext_00411,,,在哪个校区交易,18,3,2026-03-15 12:10:57,普通用户,0,0,normal
c_ext_00003823,p_ext_001371,u_ext_00167,,,多少钱,16,0,2026-03-02 21:21:57,普通用户,0,0,normal
c_ext_00003824,p_ext_001708,u_ext_00316,,,多少钱,22,1,2026-05-08 16:43:57,校园达人,0,0,normal
c_ext_00003825,p_ext_000471,u_ext_00237,,,可以自提吗,19,2,2026-03-22 02:14:57,资深坛友,0,0,normal
c_ext_00003826,p_ext_000590,dXFXbnJaU3FrcStTMjUzT2dhTFdvSWJOYTZDRVlZeVJnb3VJclp1TnZiQzBhR1NoZ05Demg0clExTnFJb2Nab2haS0VmWU5qcW4rT3IySjI=,,,活动还有名额吗,6,2,2026-03-09 09:24:57,高中生,0,0,normal
c_ext_00003827,p_ext_000536,u_ext_00389,,,这个窗口确实不错,3,2,2026-02-27 02:47:57,活跃同学,0,0,normal
c_ext_00003828,p_ext_000316,dXFWamFaUzQwV2VEdUxHU2w2T3paMytWb3BDYmlHdURoNHlkcTRtUHg2eXlwSUdMaEtxbnFZZTNyWlNHaXB1dGhLaWlnNE5rbm9HQmVXSjI=,,,可以自提吗,21,3,2026-02-24 13:37:57,硕士生,0,0,normal
c_ext_00003829,p_ext_001594,eFgyamdvR28xR2lTdWRqTmg2KzhuNFROcG9HYm5KQ0ppcCthZTVDUDB0MnZqNk9JaHMyamVvak12cWFYaXBPbWY4MmVrSW1lYjRPSWlXSjI=,,,我也想参加,13,3,2026-03-09 06:05:57,初中生,0,0,normal
c_ext_00003830,p_ext_000737,eHFPRWJaV25xMnFUemE2bmxtYW5aSmFxZktXWllZaUJtWitJZll0K25OU3Zmbld3aDgydmlZWGNwWkdLbjhhaGg1S2VpSnRqZklHT3IySjI=,,,期末重点有吗,23,0,2026-02-25 07:47:57,幼儿园,0,0,normal
c_ext_00003831,p_ext_001244,u_ext_00235,,,还在吗,26,3,2026-03-22 09:42:57,校园达人,0,0,normal
c_ext_00003832,p_ext_000377,u_ext_00316,,,在哪个校区交易,25,3,2026-03-25 09:16:57,校园达人,0,0,normal
c_ext_00003833,p_ext_000950,u_ext_00132,,,在哪个校区交易,11,2,2026-03-12 06:13:57,校园达人,0,0,normal
c_ext_00003834,p_ext_001811,u_ext_00149,,,多少钱,18,2,2026-03-23 00:29:57,普通用户,0,0,normal
c_ext_00003835,p_ext_001287,u_ext_00365,,,在哪个校区交易,8,3,2026-03-19 18:08:57,普通用户,0,0,normal
c_ext_00003836,p_ext_001862,u_ext_00211,,,这个窗口确实不错,12,3,2026-02-08 18:51:57,校园达人,0,0,normal
c_ext_00003837,p_ext_000913,u_ext_00368,,,还在吗,8,2,2026-02-20 12:11:57,活跃同学,0,0,normal
c_ext_00003838,p_ext_000265,u_ext_00423,,,这个窗口确实不错,13,2,2026-03-18 12:25:57,活跃同学,0,0,normal
c_ext_00003839,p_ext_001155,u_ext_00258,,,在哪个校区交易,5,3,2026-02-19 03:19:57,普通用户,0,0,normal
c_ext_00003840,p_ext_001059,u_ext_00259,,,可以自提吗,3,0,2026-06-03 01:13:57,活跃同学,0,0,normal
c_ext_00003841,p_ext_001583,u_ext_00409,,,多少钱,12,2,2026-03-01 12:21:57,普通用户,0,0,normal
c_ext_00003842,p_ext_001276,u_ext_00319,,,还在吗,26,3,2026-06-02 21:28:57,资深坛友,0,0,normal
c_ext_00003843,p_ext_001271,u_ext_00256,,,求资料,24,0,2026-04-24 02:40:57,校园达人,0,0,normal
c_ext_00003844,p_ext_001738,u_ext_00381,,,蹲一个搭子,21,3,2026-04-28 00:52:57,活跃同学,0,0,normal
c_ext_00003845,p_ext_000840,u_ext_00309,,,活动还有名额吗,20,2,2026-02-14 10:25:57,活跃同学,0,0,normal
c_ext_00003846,2101572645,u_ext_00356,,,还在吗,13,3,2026-05-28 10:14:57,活跃同学,0,0,normal
c_ext_00003847,p_ext_001643,u_ext_00306,,,可以自提吗,29,0,2026-04-17 05:16:57,活跃同学,0,0,normal
c_ext_00003848,p_ext_000142,u_ext_00381,,,我也想参加,13,2,2026-02-05 08:54:57,活跃同学,0,0,normal
c_ext_00003849,p_ext_001689,dDQxa2k1T3JvNnlHcWEzWW1JcXZyWWFTaElDTWhacUxqWjkwaDVDenFhaTBmMmV2aUpTamdZU1Z2dG1VWlp1VmY3aUVhWnRqYjZxQ2VXSjI=,,,期末重点有吗,13,0,2026-02-11 07:35:57,本科生,0,0,normal
c_ext_00003850,p_ext_001147,u_ext_00122,,,多少钱,25,0,2026-05-28 19:18:57,活跃同学,0,0,normal
c_ext_00003851,p_ext_000795,u_ext_00185,,,还在吗,14,0,2026-05-22 12:21:57,校园达人,0,0,normal
c_ext_00003852,p_ext_000172,u_ext_00163,,,在哪个校区交易,12,0,2026-03-23 16:16:57,校园达人,0,0,normal
c_ext_00003853,p_ext_000178,u_ext_00326,,,还在吗,8,1,2026-04-30 13:33:57,普通用户,0,0,normal
c_ext_00003854,p_ext_001768,u_ext_00187,,,多少钱,3,2,2026-03-24 06:48:57,校园达人,0,0,normal
c_ext_00003855,p_ext_000968,u_ext_00181,,,活动还有名额吗,22,3,2026-04-19 13:02:57,校园达人,0,0,normal
c_ext_00003856,p_ext_000700,u_ext_00436,,,这个窗口确实不错,6,1,2026-05-22 20:42:57,活跃同学,0,0,normal
c_ext_00003857,p_ext_001017,dHFWNWU0ZVV5YTZFdHJuWGhxL09xNGVub1dxSWhxRm9pV2Q0am9sc3o4REdwbjJrZ2F2Tmg0U290ckdVWjd5Qmk4eUVqcHA0Zkd1SmlXSjI=,,,还在吗,30,1,2026-03-16 10:32:57,初中生,0,0,normal
c_ext_00003858,p_ext_000507,u_ext_00392,,,还在吗,29,1,2026-04-22 13:13:57,普通用户,0,0,normal
c_ext_00003859,p_ext_001666,d29DSWJJelBvNHlGemN2WGluck5xNWJPaEthWlk1Q29ncU9NZ3BlTng2KzdnSnB0aDZldXI0ZTQxTmlDZkp1ZmhOQjhtWW1maDZxRGVXSjI=,,,这个窗口确实不错,13,2,2026-04-19 05:12:57,硕士生,0,0,normal
c_ext_00003860,p_ext_001705,u_ext_00310,,,在哪个校区交易,18,1,2026-05-04 07:28:57,普通用户,0,0,normal
c_ext_00003861,p_ext_000252,u_ext_00256,,,还在吗,9,0,2026-03-24 11:01:57,校园达人,0,0,normal
c_ext_00003862,p_ext_000413,u_ext_00135,,,这个窗口确实不错,15,3,2026-02-04 00:37:57,活跃同学,0,0,normal
c_ext_00003863,p_ext_000863,c21pZm9ZeXFsbytVemRDemxXZmFxNUtWaEs2TW5hYW1oWitWYklxUXo4ZXZhb0duaHFyRmhZcVVxWlNWZk5acWxxaWVyNWgybnJDV3IySjI=,,,在哪个校区交易,11,2,2026-03-05 19:42:57,小学生,0,0,normal
c_ext_00003864,p_ext_001737,u_ext_00186,,,多少钱,14,2,2026-04-12 03:40:57,普通用户,0,0,normal
c_ext_00003865,p_ext_000401,u_ext_00186,,,求资料,6,3,2026-05-21 13:43:57,普通用户,0,0,normal
c_ext_00003866,p_ext_000296,u_ext_00238,,,这个窗口确实不错,29,1,2026-04-17 01:50:57,普通用户,0,0,normal
c_ext_00003867,2101504655,u_ext_00309,,,我也想参加,8,2,2026-04-27 00:10:57,活跃同学,0,0,normal
c_ext_00003868,p_ext_000461,u_ext_00132,,,在哪个校区交易,26,2,2026-02-27 21:03:57,校园达人,0,0,normal
c_ext_00003869,p_ext_001948,u_ext_00254,,,活动还有名额吗,2,1,2026-04-30 06:20:57,活跃同学,0,0,normal
c_ext_00003870,p_ext_000821,u_ext_00361,,,我也想参加,8,2,2026-04-12 22:14:57,活跃同学,0,0,normal
c_ext_00003871,p_ext_001286,u_ext_00297,,,还在吗,11,3,2026-03-23 18:38:57,校园达人,0,0,normal
c_ext_00003872,p_ext_000961,u_ext_00360,,,多少钱,21,0,2026-05-20 05:17:57,资深坛友,0,0,normal
c_ext_00003873,p_ext_001993,u_ext_00243,,,多少钱,14,3,2026-05-24 11:40:57,活跃同学,0,0,normal
c_ext_00003874,p_ext_000632,u_ext_00480,,,多少钱,8,3,2026-03-14 12:43:57,校园达人,0,0,normal
c_ext_00003875,2101634205,u_ext_00448,,,还在吗,15,1,2026-02-16 04:59:57,普通用户,0,0,normal
c_ext_00003876,p_ext_000803,u_ext_00133,,,这个窗口确实不错,28,0,2026-04-22 03:44:57,校园达人,0,0,normal
c_ext_00003877,p_ext_001734,u_ext_00391,,,活动还有名额吗,2,1,2026-02-02 16:44:57,普通用户,0,0,normal
c_ext_00003878,p_ext_001154,dTQ2TmZJemRxbWw5azY2MWpYcThnNHFTbnEySm5ZeHRnWitNcElxa3ZiQ3ZqWDJ4ZjlDU2U1SzZwcldVZmJpRmhhbXFwWXVHbnF1SGlXSjI=,,,在哪个校区交易,7,3,2026-02-13 23:48:57,本科生,0,0,normal
c_ext_00003879,p_ext_001160,u_ext_00375,,,多少钱,10,0,2026-05-25 07:23:57,校园达人,0,0,normal
c_ext_00003880,p_ext_001113,u_ext_00337,,,这个窗口确实不错,25,1,2026-05-04 07:58:57,资深坛友,0,0,normal
c_ext_00003881,p_ext_001812,u_ext_00210,,,求资料,12,0,2026-05-01 10:17:57,校园达人,0,0,normal
c_ext_00003882,p_ext_000621,u_ext_00207,,,这个岗位适合大三吗,10,3,2026-04-28 08:15:57,普通用户,0,0,normal
c_ext_00003883,p_ext_000683,u_ext_00167,,,蹲一个搭子,29,1,2026-02-18 13:17:57,普通用户,0,0,normal
c_ext_00003884,p_ext_000809,c28ybnJJelEwSzZHbExhNWxZM09xSlBOYTRPTmlKQ0lsYUNtallSL3FkbXZrSmVwZzlDM2hYL1BzcytCaTZOcGZ0eUFwWnFmbld1WHIySjI=,,,还在吗,10,1,2026-02-04 18:24:57,本科生,0,0,normal
c_ext_00003885,p_ext_001545,czMxb2s1V3ExWWFIemN5bWhLR29wWWVTaktDSllXdDdpcUJqYnBta3RaYXVqMzE4bFphcmZuMlR6OW1XcjdDQWs3cUltWWlJWnJDWHIySjI=,,,时间合适的话可以,13,1,2026-03-25 15:03:57,本科生,0,0,normal
c_ext_00003886,p_ext_001558,dHFWNWU0ZVV5YTZFdHJuWGhxL09xNGVub1dxSWhxRm9pV2Q0am9sc3o4REdwbjJrZ2F2Tmg0U290ckdVWjd5Qmk4eUVqcHA0Zkd1SmlXSjI=,,,蹲一个搭子,21,1,2026-05-08 18:35:57,初中生,0,0,normal
c_ext_00003887,p_ext_000522,u_ext_00494,,,这个窗口确实不错,20,2,2026-03-26 11:54:57,活跃同学,0,0,normal
c_ext_00003888,p_ext_001646,u_ext_00205,,,在哪个校区交易,4,0,2026-03-05 21:12:57,校园达人,0,0,normal
c_ext_00003889,p_ext_001481,u_ext_00286,,,多少钱,17,0,2026-03-13 10:19:57,资深坛友,0,0,normal
c_ext_00003890,p_ext_000657,eFdwb29wZlJ5YStGazYyVmdLTFNpSlMyakxLTWQ2WnRsbnhuYm95T3k2eTNwcHF5Zjg3RmpvYTVxc3lJakplRWk1V0VxNW1jZ0s2Q2VXSjI=,,,在哪个校区交易,14,3,2026-03-01 14:33:57,高中生,0,0,normal
c_ext_00003891,p_ext_001642,u_ext_00184,,,蹲一个搭子,19,3,2026-03-23 18:56:57,校园达人,0,0,normal
c_ext_00003892,p_ext_001173,dFkybnBuL2RzNm1XdDY2eGpJdk9nb2FTZUlpY25wMnZoNjVyckkyUHJiaTRmSnVqbHF2RWFvQzNyckdIaXJPc2dzMTRoSVdIZDY2SmlXSjI=,,,可以内推吗,2,3,2026-04-11 14:57:57,初中生,0,0,normal
c_ext_00003893,p_ext_001932,u_ext_00474,,,这个窗口确实不错,3,3,2026-04-10 16:23:57,普通用户,0,0,normal
c_ext_00003894,p_ext_001226,u_ext_00498,,,蹲一个复习整理,9,3,2026-04-12 21:18:57,校园达人,0,0,normal
c_ext_00003895,p_ext_001473,u_ext_00396,,,在哪个校区交易,30,0,2026-04-06 23:18:57,普通用户,0,0,normal
c_ext_00003896,p_ext_000116,dzVCMXI0WFB5WTJGbExYWGpZcTRub3FUb29LRllhNnRtWXVFaDRlTW01bXVzbml2aEpXU2tJak50ZGlNakxSNGtxZG5hSVI0ZkpLS2lXSjI=,,,可以自提吗,26,3,2026-05-06 21:04:57,博士生,0,0,normal
c_ext_00003897,p_ext_001935,dUtSNWI0UzNxbWFTcU5DN2w2SzBwNUxQcW9lWW5LMnhpWXBtYkltQnRhckNhcU9qaTg2N2ZwSzUzTmVZaXE5bGdwSjRhWkdkcHF1S2lXSjI=,,,需要什么技术栈,5,0,2026-05-29 13:36:57,高中生,0,0,normal
c_ext_00003898,p_ext_001637,u_ext_00173,,,我也想参加,26,3,2026-05-08 07:42:57,校园达人,0,0,normal
c_ext_00003899,2101110140,u_ext_00359,,,还在吗,13,1,2026-03-05 07:41:57,校园达人,0,0,normal
c_ext_00003900,p_ext_000575,u_ext_00183,,,多少钱,18,3,2026-05-10 23:55:57,活跃同学,0,0,normal
c_ext_00003901,p_ext_000426,d24ramduK1VzcTkvdHI2VGdYbTRubjYzaUk2TllxS2ttWXQ4b28xK3ViU3prSXlyZzd1bmk1T24wTFNXZTlKM2Y1U1dpSXFHaEk2TGlXSjI=,,,还在吗,7,1,2026-02-05 07:59:57,小学生,0,0,normal
c_ext_00003902,p_ext_000103,u_ext_00237,,,这个窗口确实不错,19,0,2026-06-03 04:15:57,资深坛友,0,0,normal
c_ext_00003903,p_ext_001572,u_ext_00325,,,简历要怎么投,16,0,2026-05-15 06:39:57,资深坛友,0,0,normal
c_ext_00003904,p_ext_000662,u_ext_00206,,,多少钱,27,0,2026-04-08 08:55:57,普通用户,0,0,normal
c_ext_00003905,p_ext_001079,u_ext_00450,,,在哪个校区交易,8,2,2026-02-03 12:19:57,资深坛友,0,0,normal
c_ext_00003906,2101575959,u_ext_00132,,,还在吗,8,0,2026-03-28 21:20:57,校园达人,0,0,normal
c_ext_00003907,p_ext_000606,u_ext_00197,,,多少钱,13,0,2026-05-13 14:15:57,普通用户,0,0,normal
c_ext_00003908,p_ext_000132,dDM5c2U1T29yNmlEdXFtU2xxTzNhSlc0YzJ1RWRwQ3NqbnByb1lPUHk2dTNhbVNxaHF1cXJvWFFxckdLb3NxbWxycUliWXhqaktLT3IySjI=,,,我也想参加,4,1,2026-04-15 16:06:57,高中生,0,0,normal
c_ext_00003909,p_ext_001677,u_ext_00290,,,活动还有名额吗,11,3,2026-04-15 13:05:57,普通用户,0,0,normal
c_ext_00003910,p_ext_000743,dFh5ZXNvaVR5YStMdHNpbGw0M09vSWpQZklxTGg0OXNob3FFazVkOXFKYkVhcDV1aEx1emUzNlUwSzZHb0t5Q2lLYUFiSkNIakdtR2lXSjI=,,,这个窗口确实不错,14,2,2026-02-20 02:47:57,高中生,0,0,normal
c_ext_00003911,p_ext_001038,u_ext_00370,,,还在吗,8,0,2026-04-18 09:20:57,普通用户,0,0,normal
c_ext_00003912,p_ext_001619,dFg2QmZJdVZxMzJIMExLemduM1NucE9VbG91Q1laQ1JpM3Q0cW9xT21LbTdnS04vaU16VWE1Yk50cWVOWjhhS2xzK3FiSXljbW4yTnIySjI=,,,还在吗,11,0,2026-04-25 23:49:57,初中生,0,0,normal
c_ext_00003913,p_ext_000981,u_ext_00497,,,这个窗口确实不错,22,0,2026-04-12 14:33:57,普通用户,0,0,normal
c_ext_00003914,p_ext_001987,u_ext_00283,,,在哪个校区交易,5,2,2026-04-26 05:09:57,普通用户,0,0,normal
c_ext_00003915,p_ext_001083,dFg2QmZJdVZxMzJIMExLemduM1NucE9VbG91Q1laQ1JpM3Q0cW9xT21LbTdnS04vaU16VWE1Yk50cWVOWjhhS2xzK3FiSXljbW4yTnIySjI=,,,可以自提吗,10,0,2026-04-18 19:12:57,初中生,0,0,normal
c_ext_00003916,p_ext_000726,u_ext_00199,,,在哪个校区交易,18,1,2026-04-17 06:09:57,活跃同学,0,0,normal
c_ext_00003917,p_ext_000950,dTVDWHJKZk51MzkvcHFhbWlhTzhoSmFvbG95YWlJeVJsb3BqcUlHenBKbXdqcDZ3aWREWXFJZVMwTmFCWnM1bmhxZHFhWnlHZ0lLRmlXSjI=,,,可以自提吗,3,1,2026-04-12 07:01:57,高中生,0,0,normal
c_ext_00003918,p_ext_001906,u_ext_00215,,,这个窗口确实不错,8,2,2026-04-03 08:02:57,普通用户,0,0,normal
c_ext_00003919,p_ext_000869,u_ext_00215,,,感谢分享,10,2,2026-03-23 05:11:57,普通用户,0,0,normal
c_ext_00003920,p_ext_001928,u_ext_00248,,,这个窗口确实不错,10,0,2026-03-22 05:33:57,校园达人,0,0,normal
c_ext_00003921,p_ext_001448,u_ext_00136,,,多少钱,22,1,2026-02-08 19:40:57,校园达人,0,0,normal
c_ext_00003922,p_ext_000647,u_ext_00295,,,在哪个校区交易,29,0,2026-04-19 06:13:57,活跃同学,0,0,normal
c_ext_00003923,p_ext_001021,u_ext_00452,,,多少钱,5,1,2026-03-28 04:13:57,普通用户,0,0,normal
c_ext_00003924,p_ext_001108,u_ext_00356,,,时间合适的话可以,12,2,2026-03-13 18:42:57,活跃同学,0,0,normal
c_ext_00003925,p_ext_001040,u_ext_00163,,,还在吗,7,3,2026-04-09 02:56:57,校园达人,0,0,normal
c_ext_00003926,p_ext_001321,u_ext_00242,,,蹲一个搭子,9,2,2026-05-14 13:26:57,资深坛友,0,0,normal
c_ext_00003927,p_ext_000322,u_ext_00129,,,这个窗口确实不错,27,3,2026-04-18 05:00:57,校园达人,0,0,normal
c_ext_00003928,p_ext_001059,d24rcmJvQzN4R2w4bEpuSmlaK3NncE9TaElHQ1k1cHVpWDJoc1lPUHJiTzdmWnVIakxuTmwzN05uYzJZZkxoOGhaS01yWTJyaktxRGVXSjI=,,,可以自提吗,25,2,2026-02-22 01:52:57,本科生,0,0,normal
c_ext_00003929,p_ext_000991,u_ext_00476,,,在哪个校区交易,20,3,2026-04-16 03:26:57,活跃同学,0,0,normal
c_ext_00003930,p_ext_001481,u_ext_00193,,,还在吗,0,2,2026-02-05 00:13:57,资深坛友,0,0,normal
c_ext_00003931,p_ext_001334,dzQ5b2JJYTYwWXVLdHN5cGwzeXNacGFwaEdxT201cDhpNG1Nam94cnNlQ3ZhbXhwaTlETlpwV1MyS21ZakxTT2tyZDNzSVdlYjRHWHIySjI=,,,这个窗口确实不错,29,3,2026-03-14 00:14:57,本科生,0,0,normal
c_ext_00003932,p_ext_001462,u_ext_00162,,,我也想参加,24,0,2026-02-19 02:41:57,资深坛友,0,0,normal
c_ext_00003933,p_ext_000544,dXFXbnJaU3FrcStTMjUzT2dhTFdvSWJOYTZDRVlZeVJnb3VJclp1TnZiQzBhR1NoZ05Demg0clExTnFJb2Nab2haS0VmWU5qcW4rT3IySjI=,,,这个岗位适合大三吗,16,3,2026-02-24 23:01:57,高中生,0,0,normal
c_ext_00003934,p_ext_000337,u_ext_00148,,,可以自提吗,16,1,2026-05-27 13:36:57,资深坛友,0,0,normal
c_ext_00003935,p_ext_000164,u_ext_00295,,,需要什么技术栈,14,1,2026-04-06 09:31:57,活跃同学,0,0,normal
c_ext_00003936,p_ext_000223,u_ext_00204,,,可以自提吗,25,2,2026-06-01 02:50:57,资深坛友,0,0,normal
c_ext_00003937,p_ext_000909,u_ext_00390,,,期末重点有吗,18,3,2026-05-26 08:34:57,校园达人,0,0,normal
c_ext_00003938,p_ext_001114,u_ext_00414,,,蹲一个搭子,19,2,2026-02-18 19:21:57,资深坛友,0,0,normal
c_ext_00003939,p_ext_000806,u_ext_00473,,,可以自提吗,6,1,2026-03-01 01:45:57,活跃同学,0,0,normal
c_ext_00003940,p_ext_001853,dUtWc2lJaW9scUtTdWRDNGhubXpaSUMzbm5xRm5wbXdobzJpbzVDbTI5ckVmcHRyaHM2U29KVE8xTkNKWjdTVmxxcWVob3ViaDdDTnIySjI=,,,多少钱,25,2,2026-05-15 11:43:57,硕士生,0,0,normal
c_ext_00003941,p_ext_001519,u_ext_00128,,,还在吗,8,2,2026-04-27 21:40:57,校园达人,0,0,normal
c_ext_00003942,p_ext_001232,u_ext_00170,,,这个窗口确实不错,30,2,2026-04-19 13:07:57,普通用户,0,0,normal
c_ext_00003943,p_ext_001425,u_ext_00168,,,在哪个校区交易,10,2,2026-04-14 08:05:57,活跃同学,0,0,normal
c_ext_00003944,p_ext_000607,u_ext_00232,,,可以自提吗,4,2,2026-05-28 21:11:57,普通用户,0,0,normal
c_ext_00003945,p_ext_001485,cm9DQWJZYlF1MmFTdU15MWxtZXNhSkxPaUdpTG5vQ2tmNjkwYVl0cXo3MjNmNGx1bDdxdmZvWE9wczJFYU1wb2ZKU1dnSW1KZUpLVnIySjI=,,,还在吗,27,3,2026-06-03 04:37:57,硕士生,0,0,normal
c_ext_00003946,p_ext_001992,u_ext_00155,,,还在吗,18,1,2026-02-10 16:05:57,校园达人,0,0,normal
c_ext_00003947,p_ext_001123,u_ext_00418,,,这个窗口确实不错,13,0,2026-05-08 03:12:57,普通用户,0,0,normal
c_ext_00003948,p_ext_000550,u_ext_00147,,,在哪个校区交易,4,3,2026-05-23 02:16:57,校园达人,0,0,normal
c_ext_00003949,p_ext_000929,u_ext_00393,,,这个窗口确实不错,10,2,2026-05-07 13:29:57,校园达人,0,0,normal
c_ext_00003950,p_ext_001377,u_ext_00364,,,还在吗,22,2,2026-03-28 17:04:57,普通用户,0,0,normal
c_ext_00003951,p_ext_001851,u_ext_00330,,,多少钱,8,0,2026-02-15 23:41:57,活跃同学,0,0,normal
c_ext_00003952,p_ext_000367,u_ext_00432,,,在哪个校区交易,13,3,2026-04-07 20:40:57,资深坛友,0,0,normal
c_ext_00003953,p_ext_001884,cm9DQWJZYlF1MmFTdU15MWxtZXNhSkxPaUdpTG5vQ2tmNjkwYVl0cXo3MjNmNGx1bDdxdmZvWE9wczJFYU1wb2ZKU1dnSW1KZUpLVnIySjI=,,,在哪个校区交易,27,0,2026-06-02 11:58:57,硕士生,0,0,normal
c_ext_00003954,p_ext_000742,u_ext_00430,,,感谢分享,5,1,2026-05-29 18:56:57,校园达人,0,0,normal
c_ext_00003955,p_ext_001318,u_ext_00126,,,蹲一个搭子,1,2,2026-05-25 02:22:57,校园达人,0,0,normal
c_ext_00003956,p_ext_001591,u_ext_00209,,,多少钱,1,2,2026-03-29 03:26:57,资深坛友,0,0,normal
c_ext_00003957,p_ext_000954,u_ext_00369,,,时间合适的话可以,28,2,2026-04-26 23:13:57,普通用户,0,0,normal
c_ext_00003958,p_ext_001510,u_ext_00164,,,在哪个校区交易,6,2,2026-02-20 17:49:57,资深坛友,0,0,normal
c_ext_00003959,p_ext_000208,u_ext_00140,,,需要什么技术栈,1,0,2026-03-24 14:46:57,校园达人,0,0,normal
c_ext_00003960,p_ext_001855,u_ext_00268,,,这个窗口确实不错,8,3,2026-02-21 20:36:57,资深坛友,0,0,normal
c_ext_00003961,p_ext_000959,u_ext_00249,,,多少钱,3,1,2026-03-23 17:52:57,资深坛友,0,0,normal
c_ext_00003962,2101601503,u_ext_00175,,,还在吗,17,3,2026-03-20 05:59:57,资深坛友,0,0,normal
c_ext_00003963,p_ext_000937,u_ext_00142,,,在哪个校区交易,12,0,2026-03-17 11:27:57,资深坛友,0,0,normal
c_ext_00003964,p_ext_001178,u_ext_00404,,,可以内推吗,26,0,2026-03-02 23:57:57,活跃同学,0,0,normal
c_ext_00003965,p_ext_000190,u_ext_00487,,,蹲一个搭子,15,3,2026-02-22 12:03:57,活跃同学,0,0,normal
c_ext_00003966,p_ext_001676,u_ext_00356,,,多少钱,18,3,2026-03-03 08:52:57,活跃同学,0,0,normal
c_ext_00003967,p_ext_000776,u_ext_00117,,,这个窗口确实不错,30,3,2026-02-18 17:05:57,校园达人,0,0,normal
c_ext_00003968,p_ext_000164,u_ext_00430,,,这个岗位适合大三吗,8,3,2026-05-07 16:53:57,校园达人,0,0,normal
c_ext_00003969,p_ext_000213,u_ext_00212,,,求资料,2,3,2026-05-13 22:43:57,活跃同学,0,0,normal
c_ext_00003970,p_ext_000739,u_ext_00438,,,多少钱,30,0,2026-02-11 15:28:57,校园达人,0,0,normal
c_ext_00003971,2101629214,u_ext_00441,,,可以自提吗,16,1,2026-04-06 10:12:57,普通用户,0,0,normal
c_ext_00003972,p_ext_001468,dzVCMXI0WFB5WTJGbExYWGpZcTRub3FUb29LRllhNnRtWXVFaDRlTW01bXVzbml2aEpXU2tJak50ZGlNakxSNGtxZG5hSVI0ZkpLS2lXSjI=,,,感谢分享,15,3,2026-02-06 00:10:57,博士生,0,0,normal
c_ext_00003973,p_ext_001904,u_ext_00149,,,这个窗口确实不错,2,0,2026-05-01 10:36:57,普通用户,0,0,normal
c_ext_00003974,p_ext_001489,u_ext_00481,,,可以自提吗,11,3,2026-05-07 21:19:57,活跃同学,0,0,normal
c_ext_00003975,2101610652,u_ext_00216,,,还在吗,18,3,2026-03-20 13:41:57,普通用户,0,0,normal
c_ext_00003976,p_ext_000287,u_ext_00416,,,在哪个校区交易,5,2,2026-05-11 13:12:57,普通用户,0,0,normal
c_ext_00003977,p_ext_000895,u_ext_00204,,,蹲一个搭子,1,2,2026-02-21 09:32:57,资深坛友,0,0,normal
c_ext_00003978,2101552196,u_ext_00492,,,在哪个校区交易,2,2,2026-05-08 13:57:57,活跃同学,0,0,normal
c_ext_00003979,p_ext_000959,u_ext_00441,,,多少钱,4,0,2026-05-18 17:16:57,普通用户,0,0,normal
c_ext_00003980,p_ext_000719,u_ext_00458,,,这个窗口确实不错,6,0,2026-02-08 14:55:57,资深坛友,0,0,normal
c_ext_00003981,p_ext_001591,u_ext_00341,,,还在吗,22,0,2026-05-12 10:15:57,资深坛友,0,0,normal
c_ext_00003982,p_ext_000364,dzZXQmdJTzZsckNGdDVXcWZtaWtxSk81aUt1RmlZK3dpcUdhanBxbHZiKzBwWDE5bHFqSXJJS1VxdEdZbjdoN2c5dHJzbzJjaEltS2lXSjI=,,,这个窗口确实不错,22,0,2026-03-25 05:21:57,本科生,0,0,normal
c_ext_00003983,p_ext_001318,u_ext_00250,,,活动还有名额吗,28,0,2026-04-21 03:43:57,活跃同学,0,0,normal
c_ext_00003984,p_ext_001073,u_ext_00306,,,在哪个校区交易,16,1,2026-02-09 02:08:57,活跃同学,0,0,normal
c_ext_00003985,2101585112,u_ext_00274,,,多少钱,21,0,2026-04-13 20:14:57,活跃同学,0,0,normal
c_ext_00003986,p_ext_000223,u_ext_00400,,,在哪个校区交易,14,3,2026-02-10 13:37:57,校园达人,0,0,normal
c_ext_00003987,p_ext_001504,u_ext_00323,,,在哪个校区交易,10,0,2026-04-05 09:47:57,活跃同学,0,0,normal
c_ext_00003988,p_ext_001162,u_ext_00418,,,还在吗,26,1,2026-05-05 13:07:57,普通用户,0,0,normal
c_ext_00003989,p_ext_000180,eEk5OXBvZk9tbjk4bE5UVGhYcktwSC9RZEsrRVlwcDlsbWg0Z29xenVKakRmMnh0bEx1eWE0V3BsYzJYZTdobGZwT01pWXVKZ0xLS2lXSjI=,,,可以自提吗,13,2,2026-05-26 14:38:57,本科生,0,0,normal
c_ext_00003990,p_ext_001790,u_ext_00123,,,还在吗,3,2,2026-02-12 16:21:57,资深坛友,0,0,normal
c_ext_00003991,p_ext_001095,u_ext_00326,,,时间合适的话可以,27,1,2026-03-11 18:06:57,普通用户,0,0,normal
c_ext_00003992,p_ext_001407,u_ext_00279,,,在哪个校区交易,29,2,2026-04-21 22:16:57,普通用户,0,0,normal
c_ext_00003993,p_ext_000416,u_ext_00472,,,感谢分享,10,0,2026-06-01 23:17:57,普通用户,0,0,normal
c_ext_00003994,p_ext_000853,dFk2aWE0UzVyNmVMdUw3UmxwK3dkNVc2aUgrTGRvaWlqcUtXczVxa3VhN0VqV05zaGFpdmczNlUwTHVGaXBPRWhzK2RycHFlakl1SmlXSjI=,,,蹲一个搭子,17,2,2026-05-02 03:06:57,小学生,0,0,normal
c_ext_00003995,p_ext_000520,u_ext_00476,,,可以内推吗,14,0,2026-03-29 18:06:57,活跃同学,0,0,normal
c_ext_00003996,p_ext_000559,u_ext_00106,,,活动还有名额吗,28,1,2026-04-21 05:59:57,活跃同学,0,0,normal
c_ext_00003997,p_ext_001191,u_ext_00328,,,这个窗口确实不错,26,3,2026-03-11 22:12:57,校园达人,0,0,normal
c_ext_00003998,p_ext_001785,cjMrZWFZV1dxNHAva3REYmhhK25hSU8yaDYrS2RLcUxqbnFpcEpxQnJhNjJpNmV3aExtemlJcVR1cVNZamJTZWxybW1qWnVhYjRtRmlXSjI=,,,这个窗口确实不错,0,3,2026-05-12 16:08:57,高中生,0,0,normal
c_ext_00003999,p_ext_001301,dFd0MWZJbXFxNnVFcDZuWGdhQ3ZxNU9uZUlxUnE0eCtobjJFZ1p1bnZhNnlhSG1xbDZpV25vZTJ6NUtJWjZlc2tyZUFib2hobm4rSWlXSjI=,,,在哪个校区交易,10,0,2026-04-26 07:55:57,高中生,0,0,normal
c_ext_00004000,p_ext_000474,u_ext_00487,,,时间合适的话可以,9,0,2026-04-13 22:15:57,活跃同学,0,0,normal
c_ext_00004001,p_ext_001134,eEtTZWJaYlExWHFJemFxWGhZdW9yb3ZNZjJtUW5vU0VpbzJXaEltbHVkQ3pvbzJ5bGRISmc1YTZ0c3VNak5LR2xMZVdyb1ZrbnBtSGlXSjI=,,,在哪个校区交易,10,2,2026-02-23 00:22:57,硕士生,0,0,normal
c_ext_00004002,2101621570,u_ext_00228,,,可以自提吗,8,0,2026-05-07 02:42:57,资深坛友,0,0,normal
c_ext_00004003,p_ext_001547,u_ext_00274,,,还在吗,28,1,2026-03-08 11:59:57,活跃同学,0,0,normal
c_ext_00004004,p_ext_001652,u_ext_00132,,,在哪个校区交易,20,3,2026-04-04 04:22:57,校园达人,0,0,normal
c_ext_00004005,2101543105,u_ext_00401,,,这个窗口确实不错,2,0,2026-03-07 10:37:57,校园达人,0,0,normal
c_ext_00004006,p_ext_001688,u_ext_00414,,,时间合适的话可以,5,1,2026-05-22 09:59:57,资深坛友,0,0,normal
c_ext_00004007,p_ext_001132,u_ext_00401,,,这个窗口确实不错,30,1,2026-03-28 10:05:57,校园达人,0,0,normal
c_ext_00004008,p_ext_000619,u_ext_00474,,,时间合适的话可以,22,3,2026-04-08 10:09:57,普通用户,0,0,normal
c_ext_00004009,p_ext_001685,u_ext_00148,,,这个窗口确实不错,15,3,2026-05-02 12:55:57,资深坛友,0,0,normal
c_ext_00004010,p_ext_000431,dFk2aWE0UzVyNmVMdUw3UmxwK3dkNVc2aUgrTGRvaWlqcUtXczVxa3VhN0VqV05zaGFpdmczNlUwTHVGaXBPRWhzK2RycHFlakl1SmlXSjI=,,,我也想参加,9,3,2026-03-21 23:41:57,小学生,0,0,normal
c_ext_00004011,p_ext_001256,u_ext_00221,,,可以自提吗,21,1,2026-03-31 23:44:57,资深坛友,0,0,normal
c_ext_00004012,p_ext_000665,u_ext_00230,,,活动还有名额吗,25,2,2026-05-06 02:04:57,活跃同学,0,0,normal
c_ext_00004013,p_ext_001375,u_ext_00292,,,在哪个校区交易,11,0,2026-02-12 06:58:57,资深坛友,0,0,normal
c_ext_00004014,p_ext_001665,dzJxanFaZXB4WWVWdWEzVGphRzBvWDNjZElxUW5xNTZtS0dlYklTQXg4ZkVwWDJRaHRDVmEzNnAxSk9JZWJDS2hxbVdyNXFjb29PRGVXSjI=,,,这个窗口确实不错,19,0,2026-03-03 23:54:57,初中生,0,0,normal
c_ext_00004015,p_ext_001472,u_ext_00212,,,在哪个校区交易,9,1,2026-02-11 11:25:57,活跃同学,0,0,normal
c_ext_00004016,2101572645,u_ext_00182,,,这个窗口确实不错,19,2,2026-04-21 13:49:57,校园达人,0,0,normal
c_ext_00004017,p_ext_001680,u_ext_00268,,,在哪个校区交易,2,1,2026-04-21 11:21:57,资深坛友,0,0,normal
c_ext_00004018,p_ext_000577,u_ext_00432,,,我也想参加,29,1,2026-05-10 18:51:57,资深坛友,0,0,normal
c_ext_00004019,p_ext_000803,u_ext_00135,,,多少钱,30,1,2026-02-24 21:29:57,活跃同学,0,0,normal
c_ext_00004020,p_ext_001876,dEk5a2duK3JxcStJcVpYUWhtYThqWVdwbGE2TmRtdU9pSDJhcEllUnBkRzdmWUN4ZjVXcWFaS3F6OWlJZkphdGZaT2FiSnBpakxLR2lXSjI=,,,期末重点有吗,14,2,2026-04-06 18:40:57,高中生,0,0,normal
c_ext_00004021,p_ext_001260,u_ext_00258,,,在哪个校区交易,0,0,2026-05-23 08:42:57,普通用户,0,0,normal
c_ext_00004022,2101527263,u_ext_00401,,,还在吗,8,3,2026-03-31 19:50:57,校园达人,0,0,normal
c_ext_00004023,p_ext_001710,u_ext_00354,,,时间合适的话可以,19,1,2026-04-28 03:10:57,资深坛友,0,0,normal
c_ext_00004024,p_ext_001481,u_ext_00404,,,还在吗,23,3,2026-02-21 06:27:57,活跃同学,0,0,normal
c_ext_00004025,p_ext_001292,u_ext_00222,,,活动还有名额吗,4,2,2026-03-23 09:16:57,活跃同学,0,0,normal
c_ext_00004026,p_ext_001222,u_ext_00405,,,在哪个校区交易,0,1,2026-04-03 04:31:57,活跃同学,0,0,normal
c_ext_00004027,p_ext_001292,u_ext_00122,,,活动还有名额吗,15,0,2026-05-12 02:10:57,活跃同学,0,0,normal
c_ext_00004028,p_ext_001730,u_ext_00464,,,可以自提吗,13,1,2026-04-06 07:22:57,普通用户,0,0,normal
c_ext_00004029,p_ext_001625,u_ext_00397,,,期末重点有吗,7,1,2026-05-23 18:07:57,普通用户,0,0,normal
c_ext_00004030,p_ext_001865,u_ext_00292,,,可以自提吗,28,3,2026-05-16 12:13:57,资深坛友,0,0,normal
c_ext_00004031,p_ext_001347,u_ext_00240,,,还在吗,23,1,2026-03-02 22:11:57,活跃同学,0,0,normal
c_ext_00004032,p_ext_000869,u_ext_00469,,,蹲一个复习整理,0,0,2026-05-24 10:53:57,校园达人,0,0,normal
c_ext_00004033,p_ext_000384,u_ext_00324,,,多少钱,3,0,2026-03-18 07:18:57,校园达人,0,0,normal
c_ext_00004034,p_ext_001905,u_ext_00142,,,还在吗,24,0,2026-03-16 11:32:57,资深坛友,0,0,normal
c_ext_00004035,p_ext_001493,u_ext_00357,,,多少钱,24,2,2026-02-08 16:24:57,普通用户,0,0,normal
c_ext_00004036,p_ext_001931,dTRDQnNZTzZ4WXlVdXRETWhLK2tnWWlscGErYVpJaXJncDVxYll5Qng2NjFqcGF5bDdqRmE1S3F2cmlHb2M1a2k4K3FnWngyWjZtTnIySjI=,,,还在吗,15,2,2026-06-02 23:58:57,本科生,0,0,normal
c_ext_00004037,p_ext_000812,u_ext_00262,,,可以自提吗,26,2,2026-05-18 10:59:57,普通用户,0,0,normal
c_ext_00004038,p_ext_000930,u_ext_00213,,,这个窗口确实不错,21,1,2026-04-09 10:41:57,资深坛友,0,0,normal
c_ext_00004039,p_ext_001108,u_ext_00303,,,我也想参加,6,0,2026-04-08 23:05:57,资深坛友,0,0,normal
c_ext_00004040,p_ext_000850,eFkrRms1UE56YkNDdGRlV2lXaXNuSlBRbFd5YWhZUi9tWTJJZTVxbnNhaTZhcCtBakpXYXBKVzJ2dENIak5acGdyZW1hbzEzZkgyRmlXSjI=,,,可以自提吗,25,2,2026-05-27 01:30:57,高中生,0,0,normal
c_ext_00004041,p_ext_001598,u_ext_00314,,,可以自提吗,27,1,2026-02-13 15:47:57,普通用户,0,0,normal
c_ext_00004042,p_ext_000394,u_ext_00107,,,需要什么技术栈,3,2,2026-02-19 14:48:57,普通用户,0,0,normal
c_ext_00004043,p_ext_000716,u_ext_00136,,,还在吗,0,0,2026-03-15 11:41:57,校园达人,0,0,normal
c_ext_00004044,p_ext_001237,eEg5cnM1V1Z0NHlJcHFiU2phTFNybitVaUtxRm40K3hobWVlc1lTUnNkYkRvMlNobEpUSmE1Yk4wSmVXYU1hTGhjMXJybzE1b3FtT3IySjI=,,,可以自提吗,15,0,2026-05-02 16:48:57,高中生,0,0,normal
c_ext_00004045,2101518549,u_ext_00289,,,我也想参加,12,2,2026-05-28 15:33:57,普通用户,0,0,normal
c_ext_00004046,p_ext_001127,u_ext_00499,,,可以自提吗,5,1,2026-02-24 23:10:57,资深坛友,0,0,normal
c_ext_00004047,p_ext_001073,u_ext_00276,,,多少钱,18,1,2026-05-18 01:25:57,活跃同学,0,0,normal
c_ext_00004048,p_ext_000189,dFh5ZXNvaVR5YStMdHNpbGw0M09vSWpQZklxTGg0OXNob3FFazVkOXFKYkVhcDV1aEx1emUzNlUwSzZHb0t5Q2lLYUFiSkNIakdtR2lXSjI=,,,多少钱,6,0,2026-03-30 22:46:57,高中生,0,0,normal
c_ext_00004049,p_ext_001805,u_ext_00230,,,需要什么技术栈,27,3,2026-03-30 20:39:57,活跃同学,0,0,normal
c_ext_00004050,p_ext_001811,u_ext_00441,,,多少钱,7,0,2026-04-09 00:46:57,普通用户,0,0,normal
c_ext_00004051,2101557408,u_ext_00245,,,这个窗口确实不错,19,1,2026-04-03 17:32:57,资深坛友,0,0,normal
c_ext_00004052,p_ext_000196,eFkrRms1UE56YkNDdGRlV2lXaXNuSlBRbFd5YWhZUi9tWTJJZTVxbnNhaTZhcCtBakpXYXBKVzJ2dENIak5acGdyZW1hbzEzZkgyRmlXSjI=,,,可以自提吗,2,3,2026-05-23 01:29:57,高中生,0,0,normal
c_ext_00004053,p_ext_001702,u_ext_00269,,,我也想参加,14,1,2026-04-01 12:56:57,普通用户,0,0,normal
c_ext_00004054,p_ext_000450,u_ext_00119,,,可以自提吗,5,2,2026-03-12 10:32:57,普通用户,0,0,normal
c_ext_00004055,p_ext_001450,u_ext_00207,,,可以自提吗,8,1,2026-03-22 20:10:57,普通用户,0,0,normal
c_ext_00004056,p_ext_000601,u_ext_00347,,,蹲一个复习整理,14,1,2026-02-17 11:00:57,资深坛友,0,0,normal
c_ext_00004057,p_ext_001220,u_ext_00188,,,我也想参加,17,2,2026-03-08 08:12:57,资深坛友,0,0,normal
c_ext_00004058,p_ext_001755,dEthZmJaT29zMmlHcXNpWGpZdWpxNVROWTdDUmVLMnVtS0dXa0l5bXFicTFwbmx0aGJpdmpwUzRxWlNFWmJ5RGk4Mk1ocGgybW5xSGlXSjI=,,,还在吗,23,3,2026-05-10 13:00:57,高中生,0,0,normal
c_ext_00004059,p_ext_001306,u_ext_00335,,,多少钱,27,3,2026-03-23 13:54:57,校园达人,0,0,normal
c_ext_00004060,p_ext_000546,u_ext_00180,,,可以自提吗,14,2,2026-03-31 05:32:57,普通用户,0,0,normal
c_ext_00004061,p_ext_000367,u_ext_00215,,,还在吗,21,2,2026-05-29 04:25:57,普通用户,0,0,normal
c_ext_00004062,p_ext_001556,dG42TnEzL091NHVTMEw3T2w2RzRaNVducHFtRlluOXJnNHg0aTRoOXk5M0RwbldEaEpXNmFKVzV0cldIWjlxS2lNNmVvSVdybXFxQmVXSjI=,,,在哪个校区交易,20,3,2026-03-24 20:00:57,本科生,0,0,normal
c_ext_00004063,p_ext_001641,u_ext_00130,,,这个窗口确实不错,3,3,2026-05-22 20:50:57,校园达人,0,0,normal
c_ext_00004064,p_ext_001493,u_ext_00116,,,多少钱,14,0,2026-02-15 17:47:57,普通用户,0,0,normal
c_ext_00004065,p_ext_001794,u_ext_00189,,,多少钱,25,3,2026-04-30 07:19:57,校园达人,0,0,normal
c_ext_00004066,p_ext_000661,u_ext_00250,,,还在吗,6,3,2026-05-22 09:21:57,活跃同学,0,0,normal
c_ext_00004067,p_ext_001588,u_ext_00200,,,蹲一个搭子,22,1,2026-03-23 18:36:57,校园达人,0,0,normal
c_ext_00004068,p_ext_001991,u_ext_00405,,,还在吗,1,0,2026-04-08 04:32:57,活跃同学,0,0,normal
c_ext_00004069,p_ext_001095,u_ext_00463,,,蹲一个搭子,30,2,2026-02-27 03:25:57,资深坛友,0,0,normal
c_ext_00004070,p_ext_001772,u_ext_00201,,,在哪个校区交易,6,2,2026-02-21 21:46:57,校园达人,0,0,normal
c_ext_00004071,p_ext_001350,u_ext_00200,,,在哪个校区交易,24,3,2026-04-22 01:16:57,校园达人,0,0,normal
c_ext_00004072,p_ext_000660,u_ext_00202,,,可以自提吗,2,1,2026-05-15 07:35:57,资深坛友,0,0,normal
c_ext_00004073,p_ext_001272,u_ext_00282,,,多少钱,10,0,2026-05-19 12:00:57,资深坛友,0,0,normal
c_ext_00004074,p_ext_001686,u_ext_00378,,,这个岗位适合大三吗,3,1,2026-04-28 13:36:57,校园达人,0,0,normal
c_ext_00004075,p_ext_000613,dTRDQnNZTzZ4WXlVdXRETWhLK2tnWWlscGErYVpJaXJncDVxYll5Qng2NjFqcGF5bDdqRmE1S3F2cmlHb2M1a2k4K3FnWngyWjZtTnIySjI=,,,还在吗,8,3,2026-05-20 03:10:57,本科生,0,0,normal
c_ext_00004076,p_ext_000723,u_ext_00381,,,这个岗位适合大三吗,25,2,2026-03-26 04:20:57,活跃同学,0,0,normal
c_ext_00004077,p_ext_000980,u_ext_00125,,,蹲一个复习整理,30,1,2026-04-01 16:46:57,活跃同学,0,0,normal
c_ext_00004078,p_ext_001824,u_ext_00335,,,可以自提吗,16,1,2026-02-11 04:29:57,校园达人,0,0,normal
c_ext_00004079,p_ext_001920,u_ext_00136,,,在哪个校区交易,8,3,2026-04-22 11:55:57,校园达人,0,0,normal
c_ext_00004080,p_ext_000480,u_ext_00375,,,在哪个校区交易,27,0,2026-05-20 18:52:57,校园达人,0,0,normal
c_ext_00004081,p_ext_000450,u_ext_00408,,,多少钱,9,2,2026-03-06 15:54:57,校园达人,0,0,normal
c_ext_00004082,p_ext_001249,u_ext_00152,,,还在吗,19,1,2026-04-24 23:31:57,活跃同学,0,0,normal
c_ext_00004083,p_ext_001400,u_ext_00294,,,多少钱,16,3,2026-03-05 08:06:57,校园达人,0,0,normal
c_ext_00004084,p_ext_001980,u_ext_00306,,,多少钱,10,1,2026-05-17 11:12:57,活跃同学,0,0,normal
c_ext_00004085,p_ext_000332,u_ext_00449,,,我也想参加,30,0,2026-04-23 09:29:57,资深坛友,0,0,normal
c_ext_00004086,p_ext_000779,u_ext_00115,,,还在吗,30,1,2026-03-12 23:37:57,活跃同学,0,0,normal
c_ext_00004087,p_ext_000831,u_ext_00320,,,可以自提吗,1,3,2026-04-19 02:06:57,普通用户,0,0,normal
c_ext_00004088,p_ext_000450,dXFLSmlwYW5zNnlVa3FxM2xtVzRycGE0ZDIyT2VZeG9sMmlBb1psOG05N0RrSWh1Z2Flam9aV1UwTmlVcjZPdGk2aWhzSnQ1Z0hxRmlXSjI=,,,多少钱,17,0,2026-05-26 18:41:57,小学生,0,0,normal
c_ext_00004089,2101629901,u_ext_00242,,,多少钱,22,0,2026-02-23 19:51:57,资深坛友,0,0,normal
c_ext_00004090,p_ext_000997,u_ext_00122,,,在哪个校区交易,2,0,2026-02-24 01:54:57,活跃同学,0,0,normal
c_ext_00004091,p_ext_001953,u_ext_00255,,,这个岗位适合大三吗,25,1,2026-03-07 16:39:57,资深坛友,0,0,normal
c_ext_00004092,p_ext_000258,cjMrZWFZV1dxNHAva3REYmhhK25hSU8yaDYrS2RLcUxqbnFpcEpxQnJhNjJpNmV3aExtemlJcVR1cVNZamJTZWxybW1qWnVhYjRtRmlXSjI=,,,还在吗,27,3,2026-04-26 22:51:57,高中生,0,0,normal
c_ext_00004093,2101601867,u_ext_00225,,,这个窗口确实不错,0,0,2026-02-10 20:09:57,普通用户,0,0,normal
c_ext_00004094,p_ext_001136,dG42TnEzL091NHVTMEw3T2w2RzRaNVducHFtRlluOXJnNHg0aTRoOXk5M0RwbldEaEpXNmFKVzV0cldIWjlxS2lNNmVvSVdybXFxQmVXSjI=,,,这个窗口确实不错,18,0,2026-02-23 06:57:57,本科生,0,0,normal
c_ext_00004095,p_ext_000537,u_ext_00150,,,在哪个校区交易,8,0,2026-05-30 20:02:57,普通用户,0,0,normal
c_ext_00004096,p_ext_001390,u_ext_00252,,,多少钱,19,0,2026-03-23 09:15:57,校园达人,0,0,normal
c_ext_00004097,p_ext_001491,u_ext_00350,,,在哪个校区交易,7,2,2026-02-15 15:08:57,校园达人,0,0,normal
c_ext_00004098,p_ext_001629,d21xQmg0aVRrbytHcXFxNm1JbkdwMzY2b2JDY25KbXdpNHllZzVtT201aXZhNStsbHMydXFJV25sSkdZb3Bkb2xaS0hycGlFYjRlSWlXSjI=,,,在哪个校区交易,30,1,2026-03-05 06:01:57,初中生,0,0,normal
c_ext_00004099,p_ext_001469,u_ext_00106,,,我也想参加,18,0,2026-03-05 04:16:57,活跃同学,0,0,normal
c_ext_00004100,p_ext_001856,u_ext_00294,,,可以自提吗,25,1,2026-02-25 22:30:57,校园达人,0,0,normal
c_ext_00004101,p_ext_000816,u_ext_00116,,,活动还有名额吗,24,1,2026-04-18 19:16:57,普通用户,0,0,normal
c_ext_00004102,2101525731,dzZXQmdJTzZsckNGdDVXcWZtaWtxSk81aUt1RmlZK3dpcUdhanBxbHZiKzBwWDE5bHFqSXJJS1VxdEdZbjdoN2c5dHJzbzJjaEltS2lXSjI=,,,在哪个校区交易,10,1,2026-04-14 17:27:57,本科生,0,0,normal
c_ext_00004103,p_ext_001186,u_ext_00496,,,在哪个校区交易,15,2,2026-03-31 18:46:57,校园达人,0,0,normal
c_ext_00004104,p_ext_000659,u_ext_00497,,,这个窗口确实不错,6,3,2026-04-20 03:55:57,普通用户,0,0,normal
c_ext_00004105,p_ext_000532,u_ext_00348,,,可以自提吗,10,1,2026-04-28 02:08:57,普通用户,0,0,normal
c_ext_00004106,p_ext_000590,dzR1bXNvZW5zNjJTcU5TbW1IeW9qSVM2ZUtLSWhvQnRnNHFpajVxbHRhdkRpMngrazVPV2JJYVRxcktYakxoL2xkQ1dpNXgzZzJpWHIySjI=,,,蹲一个搭子,30,2,2026-05-08 06:32:57,博士生,0,0,normal
c_ext_00004107,p_ext_000425,u_ext_00281,,,多少钱,12,1,2026-05-17 19:49:57,活跃同学,0,0,normal
c_ext_00004108,p_ext_000670,u_ext_00348,,,这个窗口确实不错,27,0,2026-02-23 06:29:57,普通用户,0,0,normal
c_ext_00004109,p_ext_000570,eEg5cnM1V1Z0NHlJcHFiU2phTFNybitVaUtxRm40K3hobWVlc1lTUnNkYkRvMlNobEpUSmE1Yk4wSmVXYU1hTGhjMXJybzE1b3FtT3IySjI=,,,还在吗,20,0,2026-03-30 02:28:57,高中生,0,0,normal
c_ext_00004110,p_ext_000370,c3BDRWE1YmRzNmFXdDVqWmlxUE9nWWpQZUg2RmVKNktsNHQ4azRlUXg5YXpmYUtyaEttcmZaT1NxcGVFcjdSOGc3YWFnSTJjYjJtWHIySjI=,,,这个窗口确实不错,21,2,2026-03-13 13:52:57,本科生,0,0,normal
c_ext_00004111,p_ext_001533,czMxbnNaU251NUNBcHI2cGlHVzhkNGE2ZktXRlk2S0poMmlpZ28rbTA5dkZvMzJ5Z0xpN2VwV295TnVIWnNxTmhaUjhwSnFGaklTRGVXSjI=,,,多少钱,13,1,2026-02-22 10:50:57,高中生,0,0,normal
c_ext_00004112,p_ext_001649,u_ext_00459,,,在哪个校区交易,7,3,2026-04-25 21:33:57,普通用户,0,0,normal
c_ext_00004113,p_ext_000888,dXFXbnJaU3FrcStTMjUzT2dhTFdvSWJOYTZDRVlZeVJnb3VJcllTQTA5ZXpmMmV5aTg2V3JJYlBxcEdCZkx5b2h0eWFiSmlibVd5RGVXSjI=,,,这个窗口确实不错,5,0,2026-02-24 04:07:57,高中生,0,0,normal
c_ext_00004114,p_ext_001758,u_ext_00383,,,可以自提吗,10,2,2026-03-26 14:59:57,普通用户,0,0,normal
c_ext_00004115,p_ext_001921,u_ext_00388,,,多少钱,24,3,2026-05-08 17:10:57,资深坛友,0,0,normal
c_ext_00004116,p_ext_001549,u_ext_00480,,,在哪个校区交易,28,1,2026-02-19 18:12:57,校园达人,0,0,normal
c_ext_00004117,p_ext_000325,u_ext_00158,,,还在吗,20,3,2026-04-04 06:40:57,校园达人,0,0,normal
c_ext_00004118,p_ext_001789,eEpDYnE0UFB5WjZMemN6SmxxSzBkNVBNbWJHS2g0Ujhqbmltc0lTenlwaTNzb1ZyZ05HanFvT3FwZHQvWnJ5RWt0eDRwSXFlb3FDR2lXSjI=,,,在哪个校区交易,19,3,2026-05-13 19:17:57,硕士生,0,0,normal
c_ext_00004119,p_ext_001027,u_ext_00208,,,这个岗位适合大三吗,19,1,2026-02-28 10:07:57,校园达人,0,0,normal
c_ext_00004120,p_ext_000615,u_ext_00115,,,我也想参加,1,3,2026-05-28 02:18:57,活跃同学,0,0,normal
c_ext_00004121,p_ext_001083,u_ext_00478,,,多少钱,19,1,2026-05-21 15:29:57,校园达人,0,0,normal
c_ext_00004122,p_ext_001425,u_ext_00376,,,还在吗,4,3,2026-03-18 02:05:57,活跃同学,0,0,normal
c_ext_00004123,p_ext_001252,u_ext_00434,,,多少钱,17,1,2026-05-11 20:18:57,活跃同学,0,0,normal
c_ext_00004124,p_ext_001633,u_ext_00203,,,蹲一个搭子,10,0,2026-03-20 23:27:57,活跃同学,0,0,normal
c_ext_00004125,p_ext_001742,u_ext_00432,,,这个窗口确实不错,6,2,2026-03-12 07:22:57,资深坛友,0,0,normal
c_ext_00004126,p_ext_000588,eEk5OXBvZk9tbjk4bE5UVGhYcktwSC9RZEsrRVlwcDlsbWg0Z29xenVKakRmMnh0bEx1eWE0V3BsYzJYZTdobGZwT01pWXVKZ0xLS2lXSjI=,,,还在吗,6,0,2026-03-07 13:41:57,本科生,0,0,normal
c_ext_00004127,p_ext_001544,u_ext_00134,,,蹲一个搭子,21,3,2026-02-03 17:21:57,活跃同学,0,0,normal
c_ext_00004128,p_ext_000512,u_ext_00298,,,还在吗,20,0,2026-02-25 11:22:57,资深坛友,0,0,normal
c_ext_00004129,p_ext_001225,dG4yZnBJaXJzcTUrcXE2b2wyZXNhSlc2aDIyTWlhR3dpcDkzYllPTnh0eTFwV051ZjdxU3BIN2N0ckdCZWJoNmhyZDhwWkNkZklXV3IySjI=,,,时间合适的话可以,12,2,2026-02-17 09:53:57,高中生,0,0,normal
c_ext_00004130,p_ext_001882,eFkrRms1UE56YkNDdGRlV2lXaXNuSlBRbFd5YWhZUi9tWTJJZTVxbnNhaTZhcCtBakpXYXBKVzJ2dENIak5acGdyZW1hbzEzZkgyRmlXSjI=,,,多少钱,12,1,2026-02-24 04:07:57,高中生,0,0,normal
c_ext_00004131,p_ext_001071,u_ext_00336,,,感谢分享,7,3,2026-05-28 11:43:57,校园达人,0,0,normal
c_ext_00004132,p_ext_000640,cjMrZWFZV1dxNHAva3REYmhhK25hSU8yaDYrS2RLcUxqbnFpcEpxQnJhNjJpNmV3aExtemlJcVR1cVNZamJTZWxybW1qWnVhYjRtRmlXSjI=,,,还在吗,3,3,2026-03-12 18:27:57,高中生,0,0,normal
c_ext_00004133,p_ext_000585,u_ext_00276,,,这个岗位适合大三吗,0,3,2026-04-12 18:13:57,活跃同学,0,0,normal
c_ext_00004134,p_ext_001726,d24ramduK1VzcTkvdHI2VGdYbTRubjYzaUk2TllxS2ttWXQ4b28xK3ViU3prSXlyZzd1bmk1T24wTFNXZTlKM2Y1U1dpSXFHaEk2TGlXSjI=,,,还在吗,28,0,2026-02-19 19:12:57,小学生,0,0,normal
c_ext_00004135,p_ext_000296,u_ext_00152,,,多少钱,23,3,2026-02-20 05:34:57,活跃同学,0,0,normal
c_ext_00004136,p_ext_000694,u_ext_00454,,,可以自提吗,1,0,2026-05-09 23:42:57,普通用户,0,0,normal
c_ext_00004137,p_ext_001954,u_ext_00458,,,可以自提吗,29,1,2026-05-20 21:51:57,资深坛友,0,0,normal
c_ext_00004138,p_ext_001516,u_ext_00308,,,多少钱,26,2,2026-02-20 22:26:57,资深坛友,0,0,normal
c_ext_00004139,p_ext_000328,u_ext_00281,,,这个窗口确实不错,1,0,2026-06-02 12:28:57,活跃同学,0,0,normal
c_ext_00004140,p_ext_001926,u_ext_00351,,,可以自提吗,4,2,2026-02-19 00:17:57,活跃同学,0,0,normal
c_ext_00004141,p_ext_000648,u_ext_00463,,,在哪个校区交易,14,3,2026-03-04 23:57:57,资深坛友,0,0,normal
c_ext_00004142,p_ext_001200,eFkrRms1UE56YkNDdGRlV2lXaXNuSlBRbFd5YWhZUi9tWTJJZTVxbnNhaTZhcCtBakpXYXBKVzJ2dENIak5acGdyZW1hbzEzZkgyRmlXSjI=,,,多少钱,23,1,2026-04-28 02:02:57,高中生,0,0,normal
c_ext_00004143,p_ext_001856,d24rcmJvQzN4R2w4bEpuSmlaK3NncE9TaElHQ1k1cHVpWDJoc1lPUHJiTzdmWnVIakxuTmwzN05uYzJZZkxoOGhaS01yWTJyaktxRGVXSjI=,,,多少钱,24,0,2026-03-23 20:21:57,本科生,0,0,normal
c_ext_00004144,p_ext_000298,u_ext_00332,,,这个窗口确实不错,15,3,2026-03-05 18:47:57,活跃同学,0,0,normal
c_ext_00004145,p_ext_001648,eEtTZWJaYlExWHFJemFxWGhZdW9yb3ZNZjJtUW5vU0VpbzJXaEltbHVkQ3pvbzJ5bGRISmc1YTZ0c3VNak5LR2xMZVdyb1ZrbnBtSGlXSjI=,,,可以自提吗,20,0,2026-06-02 02:32:57,硕士生,0,0,normal
c_ext_00004146,2101621570,u_ext_00398,,,可以自提吗,13,3,2026-05-06 10:36:57,活跃同学,0,0,normal
c_ext_00004147,p_ext_000602,u_ext_00295,,,还在吗,18,2,2026-04-01 04:33:57,活跃同学,0,0,normal
c_ext_00004148,p_ext_001593,u_ext_00132,,,还在吗,30,1,2026-04-17 19:04:57,校园达人,0,0,normal
c_ext_00004149,p_ext_001484,u_ext_00129,,,可以内推吗,16,2,2026-05-26 08:27:57,校园达人,0,0,normal
c_ext_00004150,p_ext_000619,u_ext_00131,,,活动还有名额吗,13,0,2026-02-24 18:21:57,普通用户,0,0,normal
c_ext_00004151,p_ext_001342,u_ext_00116,,,这个窗口确实不错,25,2,2026-02-19 01:33:57,普通用户,0,0,normal
c_ext_00004152,p_ext_000121,u_ext_00373,,,这个窗口确实不错,29,0,2026-02-05 11:21:57,普通用户,0,0,normal
c_ext_00004153,p_ext_000366,u_ext_00418,,,还在吗,4,3,2026-03-04 23:28:57,普通用户,0,0,normal
c_ext_00004154,p_ext_000769,u_ext_00471,,,活动还有名额吗,9,3,2026-02-28 11:42:57,资深坛友,0,0,normal
c_ext_00004155,p_ext_000700,u_ext_00376,,,多少钱,1,2,2026-03-26 10:17:57,活跃同学,0,0,normal
c_ext_00004156,p_ext_001498,u_ext_00359,,,感谢分享,4,3,2026-05-06 22:20:57,校园达人,0,0,normal
c_ext_00004157,p_ext_001745,u_ext_00289,,,多少钱,6,3,2026-04-14 07:39:57,普通用户,0,0,normal
c_ext_00004158,p_ext_001202,u_ext_00268,,,多少钱,25,1,2026-04-15 14:57:57,资深坛友,0,0,normal
c_ext_00004159,p_ext_001102,dXFWamFaUzQwV2VEdUxHU2w2T3paMytWb3BDYmlHdURoNHlkcTRtUHg2eXlwSUdMaEtxbnFZZTNyWlNHaXB1dGhLaWlnNE5rbm9HQmVXSjI=,,,在哪个校区交易,2,2,2026-05-09 16:40:57,硕士生,0,0,normal
c_ext_00004160,p_ext_000558,u_ext_00215,,,蹲一个复习整理,19,3,2026-04-08 05:31:57,普通用户,0,0,normal
c_ext_00004161,p_ext_000632,eEpDYnE0UFB5WjZMemN6SmxxSzBkNVBNbWJHS2g0Ujhqbmltc0lTenlwaTNzb1ZyZ05HanFvT3FwZHQvWnJ5RWt0eDRwSXFlb3FDR2lXSjI=,,,这个窗口确实不错,12,2,2026-02-05 05:00:57,硕士生,0,0,normal
c_ext_00004162,p_ext_001118,u_ext_00380,,,在哪个校区交易,21,3,2026-03-23 02:52:57,校园达人,0,0,normal
c_ext_00004163,p_ext_000270,u_ext_00197,,,可以自提吗,12,3,2026-05-09 06:46:57,普通用户,0,0,normal
c_ext_00004164,p_ext_001575,u_ext_00464,,,这个窗口确实不错,24,1,2026-05-01 00:53:57,普通用户,0,0,normal
c_ext_00004165,p_ext_000941,eEg2ZmtJYVd0Nm1WdHFxN2dYdTBkNE9VZ0tTT2VZZHRnWWltaUppT3ZOM0VqNFdOaGMzRm5vYXExTXFDZmNaOWhxWjRycENHWjIyRGVXSjI=,,,还在吗,24,3,2026-02-19 17:31:57,本科生,0,0,normal
c_ext_00004166,p_ext_001475,dGFKNGFZQ1QxWWFIMExiUWwyYTRoMzY0bW9lUmVLMXBsNkdMYVkyaTE5T3dmWmVFaGFpV3JwUE4zTGlJcjhxTWk2cWlzcG1Jakh1WHIySjI=,,,这个窗口确实不错,9,0,2026-03-16 12:58:57,硕士生,0,0,normal
c_ext_00004167,p_ext_000679,u_ext_00358,,,时间合适的话可以,16,0,2026-05-04 09:55:57,活跃同学,0,0,normal
c_ext_00004168,p_ext_001756,u_ext_00285,,,这个窗口确实不错,9,1,2026-02-12 22:59:57,资深坛友,0,0,normal
c_ext_00004169,p_ext_001787,u_ext_00230,,,在哪个校区交易,2,2,2026-05-20 13:40:57,活跃同学,0,0,normal
c_ext_00004170,p_ext_000134,u_ext_00322,,,多少钱,9,0,2026-03-25 11:45:57,资深坛友,0,0,normal
c_ext_00004171,p_ext_001919,u_ext_00154,,,可以自提吗,0,3,2026-02-03 12:57:57,校园达人,0,0,normal
c_ext_00004172,p_ext_001276,u_ext_00356,,,这个窗口确实不错,19,0,2026-04-28 11:14:57,活跃同学,0,0,normal
c_ext_00004173,p_ext_000330,u_ext_00160,,,这个窗口确实不错,22,0,2026-04-22 03:24:57,资深坛友,0,0,normal
c_ext_00004174,p_ext_000575,u_ext_00447,,,在哪个校区交易,3,1,2026-05-04 20:27:57,活跃同学,0,0,normal
c_ext_00004175,p_ext_000510,u_ext_00119,,,这个窗口确实不错,29,0,2026-05-10 07:39:57,普通用户,0,0,normal
c_ext_00004176,p_ext_000433,u_ext_00241,,,时间合适的话可以,15,0,2026-02-25 16:06:57,资深坛友,0,0,normal
c_ext_00004177,p_ext_001249,u_ext_00150,,,可以自提吗,20,1,2026-02-27 14:56:57,普通用户,0,0,normal
c_ext_00004178,p_ext_000538,u_ext_00273,,,可以自提吗,26,2,2026-02-06 22:03:57,校园达人,0,0,normal
c_ext_00004179,p_ext_001877,eFdwb29wZlJ5YStGazYyVmdLTFNpSlMyakxLTWQ2WnRsbnhuYm95T3k2eTNwcHF5Zjg3RmpvYTVxc3lJakplRWk1V0VxNW1jZ0s2Q2VXSjI=,,,这个窗口确实不错,19,3,2026-04-19 10:52:57,高中生,0,0,normal
c_ext_00004180,p_ext_000163,u_ext_00419,,,还在吗,11,1,2026-02-18 20:16:57,资深坛友,0,0,normal
c_ext_00004181,2101514503,dzZXQmdJTzZsckNGdDVXcWZtaWtxSk81aUt1RmlZK3dpcUdhanBxbHZiKzBwWDE5bHFqSXJJS1VxdEdZbjdoN2c5dHJzbzJjaEltS2lXSjI=,,,多少钱,25,0,2026-06-02 03:33:57,本科生,0,0,normal
c_ext_00004182,p_ext_000678,u_ext_00414,,,在哪个校区交易,13,0,2026-03-26 16:51:57,资深坛友,0,0,normal
c_ext_00004183,p_ext_001559,u_ext_00313,,,还在吗,17,2,2026-06-02 18:36:57,普通用户,0,0,normal
c_ext_00004184,p_ext_000616,u_ext_00447,,,这个岗位适合大三吗,6,3,2026-04-08 11:28:57,活跃同学,0,0,normal
c_ext_00004185,p_ext_000320,u_ext_00260,,,这个窗口确实不错,3,1,2026-03-21 16:04:57,普通用户,0,0,normal
c_ext_00004186,p_ext_001397,cm95WGhwZTZ1NFNLbE1pNGdaK25aNHJRZUt5YWRvQ2toWXBqczVlQW5KYTBwSW1TZ0x2RVozKzN6TFNDakp0bmxybUFoSmgxa0c2TGlXSjI=,,,这个窗口确实不错,1,1,2026-02-02 20:11:57,高中生,0,0,normal
c_ext_00004187,p_ext_001482,u_ext_00454,,,在哪个校区交易,1,0,2026-03-10 14:45:57,普通用户,0,0,normal
c_ext_00004188,p_ext_001912,u_ext_00268,,,在哪个校区交易,5,0,2026-04-09 12:25:57,资深坛友,0,0,normal
c_ext_00004189,p_ext_001954,u_ext_00181,,,可以自提吗,21,0,2026-03-30 17:19:57,校园达人,0,0,normal
c_ext_00004190,p_ext_000118,dG42TnEzL091NHVTMEw3T2w2RzRaNVducHFtRlluOXJnNHg0aTRoOXk5M0RwbldEaEpXNmFKVzV0cldIWjlxS2lNNmVvSVdybXFxQmVXSjI=,,,可以自提吗,11,2,2026-04-11 03:12:57,本科生,0,0,normal
c_ext_00004191,p_ext_001327,u_ext_00458,,,感谢分享,14,0,2026-03-27 21:13:57,资深坛友,0,0,normal
c_ext_00004192,p_ext_001282,u_ext_00209,,,可以自提吗,0,3,2026-05-23 05:37:57,资深坛友,0,0,normal
c_ext_00004193,p_ext_000127,u_ext_00165,,,这个窗口确实不错,30,2,2026-03-13 06:45:57,活跃同学,0,0,normal
c_ext_00004194,p_ext_001071,u_ext_00347,,,感谢分享,29,2,2026-02-04 16:48:57,资深坛友,0,0,normal
c_ext_00004195,p_ext_001883,u_ext_00331,,,可以内推吗,24,3,2026-03-02 07:01:57,普通用户,0,0,normal
c_ext_00004196,p_ext_001483,u_ext_00334,,,还在吗,4,0,2026-04-03 06:42:57,资深坛友,0,0,normal
c_ext_00004197,p_ext_001355,u_ext_00119,,,还在吗,27,2,2026-03-31 03:50:57,普通用户,0,0,normal
c_ext_00004198,p_ext_001825,u_ext_00328,,,可以自提吗,10,3,2026-04-04 19:03:57,校园达人,0,0,normal
c_ext_00004199,p_ext_001232,u_ext_00422,,,在哪个校区交易,0,2,2026-04-18 05:11:57,资深坛友,0,0,normal
c_ext_00004200,p_ext_000541,dTRDQnNZTzZ4WXlVdXRETWhLK2tnWWlscGErYVpJaXJncDVxYll5Qng2NjFqcGF5bDdqRmE1S3F2cmlHb2M1a2k4K3FnWngyWjZtTnIySjI=,,,这个窗口确实不错,4,3,2026-04-27 07:30:57,本科生,0,0,normal
c_ext_00004201,p_ext_000518,u_ext_00195,,,时间合适的话可以,7,0,2026-04-24 18:37:57,普通用户,0,0,normal
c_ext_00004202,p_ext_001830,u_ext_00126,,,可以自提吗,29,1,2026-04-20 03:05:57,校园达人,0,0,normal
c_ext_00004203,p_ext_000804,u_ext_00415,,,多少钱,15,0,2026-03-24 02:33:57,活跃同学,0,0,normal
c_ext_00004204,p_ext_001041,cjdLWGpuK1V5R2VTcWNpdWwzcXduWWVTcG95T2hwNXJpWXQ0Zkl5Tng3aTJmbzF1aExpYWJJUzUxNWFXWjgxcGxiZUloSnVGZjJ1SmlXSjI=,,,蹲一个搭子,5,1,2026-05-20 08:35:57,初中生,0,0,normal
c_ext_00004205,p_ext_001366,u_ext_00462,,,还在吗,30,0,2026-04-24 19:14:57,活跃同学,0,0,normal
c_ext_00004206,p_ext_000682,u_ext_00334,,,多少钱,27,0,2026-05-27 23:44:57,资深坛友,0,0,normal
c_ext_00004207,p_ext_000547,u_ext_00103,,,期末重点有吗,4,3,2026-02-16 14:02:57,校园达人,0,0,normal
c_ext_00004208,p_ext_001878,u_ext_00379,,,需要什么技术栈,5,2,2026-04-08 11:28:57,活跃同学,0,0,normal
c_ext_00004209,2101523397,u_ext_00394,,,这个窗口确实不错,0,0,2026-05-08 09:50:57,校园达人,0,0,normal
c_ext_00004210,p_ext_001112,cm95WGhwZTZ1NFNLbE1pNGdaK25aNHJRZUt5YWRvQ2toWXBqczVlQW5KYTBwSW1TZ0x2RVozKzN6TFNDakp0bmxybUFoSmgxa0c2TGlXSjI=,,,活动还有名额吗,13,1,2026-03-14 01:57:57,高中生,0,0,normal
c_ext_00004211,p_ext_001606,u_ext_00475,,,还在吗,7,0,2026-05-08 05:39:57,活跃同学,0,0,normal
c_ext_00004212,p_ext_001715,u_ext_00243,,,在哪个校区交易,10,3,2026-02-28 20:24:57,活跃同学,0,0,normal
c_ext_00004213,p_ext_001488,u_ext_00233,,,在哪个校区交易,12,3,2026-02-23 17:34:57,资深坛友,0,0,normal
c_ext_00004214,2101629214,u_ext_00403,,,可以自提吗,13,2,2026-02-22 20:23:57,资深坛友,0,0,normal
c_ext_00004215,p_ext_001942,u_ext_00157,,,简历要怎么投,30,3,2026-05-06 02:20:57,普通用户,0,0,normal
c_ext_00004216,p_ext_001709,u_ext_00402,,,这个窗口确实不错,8,2,2026-04-17 04:05:57,校园达人,0,0,normal
c_ext_00004217,p_ext_001998,u_ext_00139,,,可以自提吗,10,2,2026-03-05 06:35:57,活跃同学,0,0,normal
c_ext_00004218,p_ext_000224,u_ext_00394,,,这个窗口确实不错,26,2,2026-04-22 09:12:57,校园达人,0,0,normal
c_ext_00004219,p_ext_000736,u_ext_00461,,,时间合适的话可以,3,0,2026-05-27 23:34:57,普通用户,0,0,normal
c_ext_00004220,p_ext_000686,u_ext_00475,,,在哪个校区交易,25,0,2026-05-15 18:38:57,活跃同学,0,0,normal
c_ext_00004221,p_ext_001262,u_ext_00183,,,还在吗,20,3,2026-04-23 20:26:57,活跃同学,0,0,normal
c_ext_00004222,p_ext_000414,dzR1bXNvZW5zNjJTcU5TbW1IeW9qSVM2ZUtLSWhvQnRnNHFpajVxbHRhdkRpMngrazVPV2JJYVRxcktYakxoL2xkQ1dpNXgzZzJpWHIySjI=,,,可以自提吗,12,0,2026-02-28 05:48:57,博士生,0,0,normal
c_ext_00004223,p_ext_000309,u_ext_00104,,,还在吗,18,2,2026-03-19 20:17:57,普通用户,0,0,normal
c_ext_00004224,p_ext_001578,u_ext_00409,,,这个窗口确实不错,16,0,2026-03-15 18:18:57,普通用户,0,0,normal
c_ext_00004225,p_ext_000224,dFd0MWZJbXFxNnVFcDZuWGdhQ3ZxNU9uZUlxUnE0eCtobjJFZ1p1bnZhNnlhSG1xbDZpV25vZTJ6NUtJWjZlc2tyZUFib2hobm4rSWlXSjI=,,,在哪个校区交易,2,2,2026-05-05 18:32:57,高中生,0,0,normal
c_ext_00004226,p_ext_000615,u_ext_00146,,,蹲一个搭子,24,3,2026-04-23 14:41:57,校园达人,0,0,normal
c_ext_00004227,p_ext_001766,u_ext_00478,,,可以内推吗,16,0,2026-05-10 14:18:57,校园达人,0,0,normal
c_ext_00004228,p_ext_001915,czMxb2s1V3ExWWFIemN5bWhLR29wWWVTaktDSllXdDdpcUJqYnBta3RaYXVqMzE4bFphcmZuMlR6OW1XcjdDQWs3cUltWWlJWnJDWHIySjI=,,,这个窗口确实不错,12,2,2026-04-15 15:28:57,本科生,0,0,normal
c_ext_00004229,p_ext_001919,u_ext_00169,,,可以自提吗,0,1,2026-03-14 14:02:57,活跃同学,0,0,normal
c_ext_00004230,p_ext_000424,dTJtZmdwZTIxYStUcUxYVGxHV1RvNGUzZUtLWmQ0ZHRpR2lJcVpsL3g3UERvb2l3bGRHcnE0UzRwcm1BZXErdWxaT0lzWVNFYjJpSmlXSjI=,,,多少钱,28,2,2026-06-02 08:07:57,硕士生,0,0,normal
c_ext_00004231,p_ext_001287,u_ext_00332,,,这个窗口确实不错,29,2,2026-05-21 05:16:57,活跃同学,0,0,normal
c_ext_00004232,p_ext_001443,u_ext_00392,,,这个岗位适合大三吗,20,1,2026-05-29 17:51:57,普通用户,0,0,normal
c_ext_00004233,p_ext_000623,u_ext_00125,,,在哪个校区交易,16,0,2026-03-31 11:46:57,活跃同学,0,0,normal
c_ext_00004234,p_ext_001147,u_ext_00400,,,在哪个校区交易,22,2,2026-02-04 11:53:57,校园达人,0,0,normal
c_ext_00004235,p_ext_000510,u_ext_00259,,,多少钱,28,0,2026-04-25 03:42:57,活跃同学,0,0,normal
c_ext_00004236,p_ext_001753,u_ext_00266,,,简历要怎么投,6,2,2026-05-26 07:11:57,资深坛友,0,0,normal
c_ext_00004237,p_ext_000524,dzR5RnNJVFFybWFHM0xhNWdudThvNHVuZzdDSmRZU3JnWXA0a28rano5M0ZqM21EbGMzRm5vaXBzWmFVWjVPRGlybU1tWkdJZ0c2WXIySjI=,,,这个窗口确实不错,12,3,2026-03-04 07:21:57,本科生,0,0,normal
c_ext_00004238,p_ext_001223,u_ext_00477,,,可以自提吗,14,0,2026-05-02 16:21:57,资深坛友,0,0,normal
c_ext_00004239,p_ext_000241,u_ext_00281,,,这个窗口确实不错,7,3,2026-05-06 09:35:57,活跃同学,0,0,normal
c_ext_00004240,p_ext_000553,u_ext_00195,,,时间合适的话可以,14,2,2026-05-11 06:09:57,普通用户,0,0,normal
c_ext_00004241,p_ext_000383,u_ext_00184,,,这个窗口确实不错,30,3,2026-05-07 16:57:57,校园达人,0,0,normal
c_ext_00004242,p_ext_000880,u_ext_00151,,,蹲一个搭子,20,2,2026-02-16 18:21:57,活跃同学,0,0,normal
c_ext_00004243,p_ext_001122,d24rcmJvQzN4R2w4bEpuSmlaK3NncE9TaElHQ1k1cHVpWDJoc1lPUHJiTzdmWnVIakxuTmwzN05uYzJZZkxoOGhaS01yWTJyaktxRGVXSjI=,,,可以自提吗,1,0,2026-02-05 00:38:57,本科生,0,0,normal
c_ext_00004244,p_ext_001922,u_ext_00150,,,可以自提吗,26,3,2026-06-01 04:49:57,普通用户,0,0,normal
c_ext_00004245,p_ext_001907,u_ext_00233,,,在哪个校区交易,30,2,2026-04-08 11:35:57,资深坛友,0,0,normal
c_ext_00004246,p_ext_000833,eFkxNWo0ZTdxNHVMazZxdGw0dTRkMzY2ZktxT2hZU3NsMmVWYklXTnJkMnZmNStEZjVUTmVZT1RzcWFZaXF5Vms3bWxhNXRocldpTGlXSjI=,,,蹲一个搭子,6,1,2026-03-19 06:08:57,高中生,0,0,normal
c_ext_00004247,p_ext_000769,dUkyTmk0RGRzNnVHek5DbmlIeTRxSUtUb1cySlk1QnNsMldFa29la3ROaTFqblN4bHM2WlpvV1MxTnFHZkxTQmlMbUVnNDJkZUl1SGlXSjI=,,,时间合适的话可以,30,2,2026-02-04 03:19:57,本科生,0,0,normal
c_ext_00004248,p_ext_001627,u_ext_00471,,,这个窗口确实不错,19,3,2026-03-30 17:14:57,资深坛友,0,0,normal
c_ext_00004249,p_ext_001188,u_ext_00307,,,还在吗,12,0,2026-05-04 07:06:57,资深坛友,0,0,normal
c_ext_00004250,p_ext_001283,u_ext_00133,,,还在吗,0,3,2026-04-30 22:51:57,校园达人,0,0,normal
c_ext_00004251,p_ext_000579,u_ext_00134,,,活动还有名额吗,21,0,2026-02-11 03:30:57,活跃同学,0,0,normal
c_ext_00004252,p_ext_000572,u_ext_00426,,,多少钱,3,1,2026-04-13 04:05:57,活跃同学,0,0,normal
c_ext_00004253,p_ext_001584,u_ext_00131,,,在哪个校区交易,9,2,2026-02-17 05:24:57,普通用户,0,0,normal
c_ext_00004254,p_ext_000804,u_ext_00212,,,多少钱,8,2,2026-05-17 03:20:57,活跃同学,0,0,normal
c_ext_00004255,p_ext_000577,u_ext_00243,,,时间合适的话可以,22,0,2026-05-09 04:29:57,活跃同学,0,0,normal
c_ext_00004256,p_ext_001999,u_ext_00417,,,还在吗,13,0,2026-03-04 00:13:57,资深坛友,0,0,normal
c_ext_00004257,p_ext_001644,u_ext_00300,,,多少钱,29,2,2026-04-02 10:58:57,校园达人,0,0,normal
c_ext_00004258,p_ext_001170,eEk5OXBvZk9tbjk4bE5UVGhYcktwSC9RZEsrRVlwcDlsbWg0Z29xenVKakRmMnh0bEx1eWE0V3BsYzJYZTdobGZwT01pWXVKZ0xLS2lXSjI=,,,活动还有名额吗,26,2,2026-02-07 08:47:57,本科生,0,0,normal
c_ext_00004259,p_ext_001388,u_ext_00259,,,可以自提吗,0,0,2026-02-14 07:10:57,活跃同学,0,0,normal
c_ext_00004260,p_ext_000533,u_ext_00473,,,可以自提吗,26,3,2026-03-06 04:31:57,活跃同学,0,0,normal
c_ext_00004261,p_ext_000925,u_ext_00206,,,这个窗口确实不错,7,1,2026-03-08 12:25:57,普通用户,0,0,normal
c_ext_00004262,p_ext_001277,u_ext_00156,,,时间合适的话可以,11,3,2026-05-21 11:54:57,校园达人,0,0,normal
c_ext_00004263,p_ext_001281,eFkxNWo0ZTdxNHVMazZxdGw0dTRkMzY2ZktxT2hZU3NsMmVWYklXTnJkMnZmNStEZjVUTmVZT1RzcWFZaXF5Vms3bWxhNXRocldpTGlXSjI=,,,感谢分享,21,3,2026-04-15 08:00:57,高中生,0,0,normal
c_ext_00004264,p_ext_000622,u_ext_00366,,,可以自提吗,5,1,2026-04-06 01:57:57,普通用户,0,0,normal
c_ext_00004265,p_ext_000379,u_ext_00479,,,这个窗口确实不错,9,3,2026-03-10 08:02:57,普通用户,0,0,normal
c_ext_00004266,p_ext_000568,u_ext_00432,,,还在吗,14,3,2026-04-17 06:21:57,资深坛友,0,0,normal
c_ext_00004267,p_ext_000513,u_ext_00133,,,在哪个校区交易,1,1,2026-04-06 20:48:57,校园达人,0,0,normal
c_ext_00004268,p_ext_000752,u_ext_00168,,,这个窗口确实不错,28,1,2026-03-27 09:35:57,活跃同学,0,0,normal
c_ext_00004269,p_ext_001686,u_ext_00144,,,简历要怎么投,13,1,2026-02-09 05:04:57,校园达人,0,0,normal
c_ext_00004270,p_ext_001037,u_ext_00214,,,这个窗口确实不错,15,1,2026-02-22 14:12:57,普通用户,0,0,normal
c_ext_00004271,p_ext_001431,u_ext_00398,,,我也想参加,18,3,2026-05-20 13:45:57,活跃同学,0,0,normal
c_ext_00004272,p_ext_001155,dG1tSmZJZXJ1NEdEM01pMmpZcTBhcFMybm9pSW01MXRsWHlJcDRwK3FiMjRqNFJyaHBXbWFaU3F2czZHakxPdGc4OWpzb3FjZTJtSmlXSjI=,,,这个窗口确实不错,22,0,2026-02-20 10:14:57,高中生,0,0,normal
c_ext_00004273,p_ext_001925,u_ext_00248,,,在哪个校区交易,23,1,2026-02-03 22:58:57,校园达人,0,0,normal
c_ext_00004274,p_ext_001512,u_ext_00219,,,可以自提吗,4,0,2026-02-18 01:15:57,普通用户,0,0,normal
c_ext_00004275,p_ext_000423,cjdLWGpuK1V5R2VTcWNpdWwzcXduWWVTcG95T2hwNXJpWXQ0Zkl5Tng3aTJmbzF1aExpYWJJUzUxNWFXWjgxcGxiZUloSnVGZjJ1SmlXSjI=,,,这个窗口确实不错,28,2,2026-02-06 16:49:57,初中生,0,0,normal
c_ext_00004276,p_ext_001625,u_ext_00188,,,蹲一个复习整理,3,2,2026-04-28 08:07:57,资深坛友,0,0,normal
c_ext_00004277,p_ext_000891,u_ext_00415,,,还在吗,21,3,2026-05-25 15:25:57,活跃同学,0,0,normal
c_ext_00004278,p_ext_000772,u_ext_00128,,,还在吗,8,1,2026-04-05 05:18:57,校园达人,0,0,normal
c_ext_00004279,p_ext_001270,u_ext_00426,,,蹲一个搭子,18,1,2026-02-03 23:35:57,活跃同学,0,0,normal
c_ext_00004280,p_ext_000876,dXFXbnJaU3FrcStTMjUzT2dhTFdvSWJOYTZDRVlZeVJnb3VJclp1TnZiQzBhR1NoZ05Demg0clExTnFJb2Nab2haS0VmWU5qcW4rT3IySjI=,,,可以自提吗,20,2,2026-04-16 04:05:57,高中生,0,0,normal
c_ext_00004281,p_ext_000543,u_ext_00155,,,还在吗,18,0,2026-02-04 20:46:57,校园达人,0,0,normal
c_ext_00004282,p_ext_001513,u_ext_00197,,,多少钱,11,1,2026-02-24 09:43:57,普通用户,0,0,normal
c_ext_00004283,p_ext_000445,u_ext_00292,,,这个岗位适合大三吗,18,2,2026-02-24 11:23:57,资深坛友,0,0,normal
c_ext_00004284,p_ext_000506,czMxbnNaU251NUNBcHI2cGlHVzhkNGE2ZktXRlk2S0poMmlpZ28rbTA5dkZvMzJ5Z0xpN2VwV295TnVIWnNxTmhaUjhwSnFGaklTRGVXSjI=,,,时间合适的话可以,10,1,2026-03-25 08:25:57,高中生,0,0,normal
c_ext_00004285,p_ext_001161,u_ext_00287,,,时间合适的话可以,19,1,2026-03-30 15:51:57,活跃同学,0,0,normal
c_ext_00004286,p_ext_001926,u_ext_00477,,,可以自提吗,19,1,2026-03-24 01:27:57,资深坛友,0,0,normal
c_ext_00004287,2101519045,u_ext_00225,,,蹲一个搭子,6,0,2026-05-24 11:50:57,普通用户,0,0,normal
c_ext_00004288,p_ext_000263,u_ext_00148,,,可以自提吗,30,3,2026-02-08 13:25:57,资深坛友,0,0,normal
c_ext_00004289,p_ext_000626,u_ext_00201,,,这个岗位适合大三吗,17,3,2026-05-14 08:01:57,校园达人,0,0,normal
c_ext_00004290,p_ext_001870,dFd0MWZJbXFxNnVFcDZuWGdhQ3ZxNU9uZUlxUnE0eCtobjJFZ1p1bnZhNnlhSG1xbDZpV25vZTJ6NUtJWjZlc2tyZUFib2hobm4rSWlXSjI=,,,这个窗口确实不错,19,3,2026-03-14 17:45:57,高中生,0,0,normal
c_ext_00004291,p_ext_000921,u_ext_00235,,,多少钱,29,2,2026-04-28 05:18:57,校园达人,0,0,normal
c_ext_00004292,p_ext_001281,u_ext_00334,,,感谢分享,14,1,2026-05-26 20:30:57,资深坛友,0,0,normal
c_ext_00004293,p_ext_001173,ckdsMWFvdlJyMzErdWJhdWlXYXNab0s2b29TUm5YaXRqYUJyc0lSOXRadkNhNXVRZnQzTlpvQ25zdEtOWjdDcmhiVnJrb1ZraUhxQmVXSjI=,,,可以内推吗,22,0,2026-04-12 18:12:57,本科生,0,0,normal
c_ext_00004294,p_ext_000672,u_ext_00270,,,时间合适的话可以,4,0,2026-04-13 11:17:57,校园达人,0,0,normal
c_ext_00004295,p_ext_000233,u_ext_00248,,,还在吗,11,0,2026-04-04 07:31:57,校园达人,0,0,normal
c_ext_00004296,p_ext_001157,u_ext_00220,,,在哪个校区交易,26,3,2026-04-25 06:20:57,校园达人,0,0,normal
c_ext_00004297,p_ext_000136,u_ext_00158,,,我也想参加,18,1,2026-04-19 01:23:57,校园达人,0,0,normal
c_ext_00004298,p_ext_000529,u_ext_00417,,,在哪个校区交易,14,2,2026-05-13 20:53:57,资深坛友,0,0,normal
c_ext_00004299,p_ext_001519,u_ext_00257,,,可以自提吗,23,3,2026-04-21 17:22:57,活跃同学,0,0,normal
c_ext_00004300,p_ext_000396,u_ext_00405,,,还在吗,16,3,2026-04-05 16:19:57,活跃同学,0,0,normal
c_ext_00004301,p_ext_001739,u_ext_00146,,,多少钱,0,2,2026-03-20 04:26:57,校园达人,0,0,normal
c_ext_00004302,p_ext_000616,dzQ5b2JJYTYwWXVLdHN5cGwzeXNacGFwaEdxT201cDhpNG1Nam94cnNlQ3ZhbXhwaTlETlpwV1MyS21ZakxTT2tyZDNzSVdlYjRHWHIySjI=,,,这个岗位适合大三吗,22,0,2026-04-26 11:40:57,本科生,0,0,normal
c_ext_00004303,p_ext_000612,u_ext_00119,,,时间合适的话可以,11,1,2026-04-28 13:41:57,普通用户,0,0,normal
c_ext_00004304,p_ext_001629,u_ext_00236,,,在哪个校区交易,4,2,2026-02-16 22:44:57,资深坛友,0,0,normal
c_ext_00004305,p_ext_000489,u_ext_00233,,,这个窗口确实不错,12,2,2026-06-02 23:33:57,资深坛友,0,0,normal
c_ext_00004306,p_ext_001601,u_ext_00426,,,这个窗口确实不错,10,2,2026-03-04 04:04:57,活跃同学,0,0,normal
c_ext_00004307,p_ext_001427,u_ext_00308,,,还在吗,21,1,2026-04-15 04:27:57,资深坛友,0,0,normal
c_ext_00004308,p_ext_001614,u_ext_00223,,,还在吗,24,1,2026-04-24 08:04:57,普通用户,0,0,normal
c_ext_00004309,p_ext_001157,u_ext_00296,,,在哪个校区交易,13,0,2026-03-29 06:57:57,资深坛友,0,0,normal
c_ext_00004310,p_ext_001278,u_ext_00395,,,在哪个校区交易,6,2,2026-03-31 08:44:57,活跃同学,0,0,normal
c_ext_00004311,p_ext_001276,dG42TnEzL091NHVTMEw3T2w2RzRaNVducHFtRlluOXJnNHg0aTRoOXk5M0RwbldEaEpXNmFKVzV0cldIWjlxS2lNNmVvSVdybXFxQmVXSjI=,,,可以自提吗,15,3,2026-03-17 12:34:57,本科生,0,0,normal
c_ext_00004312,p_ext_001737,czQrRmdaV3IwWW1FcHNpa2xwK2tycFduZUt1WVpKcUFqb2w4ajQyT25LeTRqWmVUZnBQVWFuK1NzdEdHbjg1K2k4MkVzSm1GaUhxRmlXSjI=,,,在哪个校区交易,25,0,2026-04-19 18:29:57,初中生,0,0,normal
c_ext_00004313,p_ext_000547,cm9DQWJZYlF1MmFTdU15MWxtZXNhSkxPaUdpTG5vQ2tmNjkwYVl0cXo3MjNmNGx1bDdxdmZvWE9wczJFYU1wb2ZKU1dnSW1KZUpLVnIySjI=,,,感谢分享,23,3,2026-02-27 12:44:57,硕士生,0,0,normal
c_ext_00004314,p_ext_001921,u_ext_00130,,,多少钱,3,2,2026-05-10 00:21:57,校园达人,0,0,normal
c_ext_00004315,p_ext_000347,u_ext_00323,,,在哪个校区交易,2,1,2026-02-05 00:30:57,活跃同学,0,0,normal
c_ext_00004316,p_ext_000381,u_ext_00401,,,还在吗,8,3,2026-05-22 22:23:57,校园达人,0,0,normal
c_ext_00004317,p_ext_000359,dGFKNGFZQ1QxWWFIMExiUWwyYTRoMzY0bW9lUmVLMXBsNkdMYVkyaTE5T3dmWmVFaGFpV3JwUE4zTGlJcjhxTWk2cWlzcG1Jakh1WHIySjI=,,,这个窗口确实不错,3,1,2026-04-08 01:32:57,硕士生,0,0,normal
c_ext_00004318,p_ext_000504,u_ext_00150,,,多少钱,26,1,2026-04-30 13:15:57,普通用户,0,0,normal
c_ext_00004319,2101585112,u_ext_00158,,,多少钱,20,1,2026-05-18 22:55:57,校园达人,0,0,normal
c_ext_00004320,p_ext_000283,u_ext_00394,,,多少钱,13,3,2026-05-16 10:45:57,校园达人,0,0,normal
c_ext_00004321,p_ext_001413,eFkxNWo0ZTdxNHVMazZxdGw0dTRkMzY2ZktxT2hZU3NsMmVWYklXTnJkMnZmNStEZjVUTmVZT1RzcWFZaXF5Vms3bWxhNXRocldpTGlXSjI=,,,还在吗,3,2,2026-05-12 20:19:57,高中生,0,0,normal
c_ext_00004322,p_ext_001676,u_ext_00484,,,还在吗,1,2,2026-05-15 20:51:57,活跃同学,0,0,normal
c_ext_00004323,2101629901,u_ext_00284,,,还在吗,4,2,2026-04-11 19:00:57,资深坛友,0,0,normal
c_ext_00004324,p_ext_001901,cm11YmY0YlIwWHlHdHJLeG1IbXNoSWZQaUt5SWg1Q0hnV2lMc1lOK3JkVEZhcVp0aU0rN2pZU3F1dG1VWnNhZmxhaC9hNHhrZzdDV3IySjI=,,,多少钱,12,0,2026-03-10 03:02:57,初中生,0,0,normal
c_ext_00004325,p_ext_001814,czMxbnNaU251NUNBcHI2cGlHVzhkNGE2ZktXRlk2S0poMmlpZ28rbTA5dkZvMzJ5Z0xpN2VwV295TnVIWnNxTmhaUjhwSnFGaklTRGVXSjI=,,,简历要怎么投,0,1,2026-04-26 17:58:57,高中生,0,0,normal
c_ext_00004326,p_ext_000609,u_ext_00448,,,在哪个校区交易,27,0,2026-03-29 12:17:57,普通用户,0,0,normal
c_ext_00004327,p_ext_000275,u_ext_00226,,,还在吗,12,1,2026-05-13 19:30:57,活跃同学,0,0,normal
c_ext_00004328,p_ext_000928,u_ext_00323,,,还在吗,26,1,2026-06-02 13:09:57,活跃同学,0,0,normal
c_ext_00004329,p_ext_001970,u_ext_00259,,,在哪个校区交易,21,1,2026-02-19 03:05:57,活跃同学,0,0,normal
c_ext_00004330,p_ext_001073,u_ext_00376,,,这个窗口确实不错,11,1,2026-05-12 02:21:57,活跃同学,0,0,normal
c_ext_00004331,p_ext_000689,u_ext_00236,,,可以自提吗,0,3,2026-02-04 11:47:57,资深坛友,0,0,normal
c_ext_00004332,p_ext_001765,u_ext_00121,,,还在吗,11,0,2026-03-28 08:05:57,活跃同学,0,0,normal
c_ext_00004333,p_ext_000447,dFg2QmZJdVZxMzJIMExLemduM1NucE9VbG91Q1laQ1JpM3Q0cW9xT21LbTdnS04vaU16VWE1Yk50cWVOWjhhS2xzK3FiSXljbW4yTnIySjI=,,,还在吗,8,1,2026-02-06 12:08:57,初中生,0,0,normal
c_ext_00004334,p_ext_001511,u_ext_00370,,,在哪个校区交易,30,0,2026-04-25 23:46:57,普通用户,0,0,normal
c_ext_00004335,p_ext_001093,u_ext_00264,,,可以自提吗,11,1,2026-05-09 06:20:57,活跃同学,0,0,normal
c_ext_00004336,p_ext_001361,u_ext_00386,,,时间合适的话可以,30,2,2026-02-12 08:26:57,校园达人,0,0,normal
c_ext_00004337,p_ext_000493,u_ext_00223,,,可以自提吗,28,1,2026-02-19 15:27:57,普通用户,0,0,normal
c_ext_00004338,p_ext_001664,u_ext_00131,,,这个窗口确实不错,1,0,2026-03-08 11:27:57,普通用户,0,0,normal
c_ext_00004339,p_ext_000248,u_ext_00146,,,活动还有名额吗,17,3,2026-04-25 10:55:57,校园达人,0,0,normal
c_ext_00004340,p_ext_001638,u_ext_00205,,,求资料,29,1,2026-04-16 21:53:57,校园达人,0,0,normal
c_ext_00004341,p_ext_000601,u_ext_00464,,,期末重点有吗,22,0,2026-05-27 15:38:57,普通用户,0,0,normal
c_ext_00004342,p_ext_000436,u_ext_00419,,,还在吗,23,0,2026-04-09 19:01:57,资深坛友,0,0,normal
c_ext_00004343,p_ext_001216,u_ext_00152,,,感谢分享,12,2,2026-05-21 10:44:57,活跃同学,0,0,normal
c_ext_00004344,p_ext_001611,ckdsMWFvdlJyMzErdWJhdWlXYXNab0s2b29TUm5YaXRqYUJyc0lSOXRadkNhNXVRZnQzTlpvQ25zdEtOWjdDcmhiVnJrb1ZraUhxQmVXSjI=,,,可以内推吗,0,2,2026-02-18 21:28:57,本科生,0,0,normal
c_ext_00004345,p_ext_000261,u_ext_00494,,,时间合适的话可以,25,2,2026-05-22 09:10:57,活跃同学,0,0,normal
c_ext_00004346,p_ext_001494,u_ext_00161,,,这个岗位适合大三吗,20,3,2026-05-27 11:51:57,资深坛友,0,0,normal
c_ext_00004347,p_ext_001326,cm55WHBYKzZ4WVdWbGJxcmpLS3dkbituWjdLRnEzeUNoMlY4ZjVpbXo5Q3pvbld4aHJ1cnI0V1QxSzJXamNhT2xybUloSVdhcW5xWHIySjI=,,,活动还有名额吗,27,1,2026-05-18 06:08:57,本科生,0,0,normal
c_ext_00004348,p_ext_001200,u_ext_00284,,,多少钱,3,1,2026-04-28 02:34:57,资深坛友,0,0,normal
c_ext_00004349,2101541641,u_ext_00238,,,在哪个校区交易,14,1,2026-02-05 08:36:57,普通用户,0,0,normal
c_ext_00004350,p_ext_001842,u_ext_00215,,,时间合适的话可以,24,3,2026-06-02 02:54:57,普通用户,0,0,normal
c_ext_00004351,p_ext_000278,u_ext_00324,,,期末重点有吗,12,2,2026-03-26 08:04:57,校园达人,0,0,normal
c_ext_00004352,p_ext_001837,u_ext_00259,,,这个窗口确实不错,7,1,2026-04-11 19:10:57,活跃同学,0,0,normal
c_ext_00004353,p_ext_001787,u_ext_00377,,,多少钱,15,1,2026-05-28 05:23:57,资深坛友,0,0,normal
c_ext_00004354,p_ext_000503,dzMyYm9ZU3FrbmlTcXFyQ2xLTzBxWXZNZkdpUnE0dHNpV1ZucDRpUnFiVzFzV3l1Zzl5YW9YMlVtSkorWmJocGhwS1dzWkNHb21pWHIySjI=,,,可以自提吗,13,3,2026-05-02 19:59:57,本科生,0,0,normal
c_ext_00004355,p_ext_000787,u_ext_00232,,,可以自提吗,1,2,2026-06-03 09:59:57,普通用户,0,0,normal
c_ext_00004356,p_ext_001761,u_ext_00415,,,多少钱,27,0,2026-05-02 06:11:57,活跃同学,0,0,normal
c_ext_00004357,p_ext_001851,u_ext_00126,,,在哪个校区交易,3,3,2026-03-19 17:31:57,校园达人,0,0,normal
c_ext_00004358,p_ext_000377,u_ext_00273,,,这个窗口确实不错,23,2,2026-02-27 03:33:57,校园达人,0,0,normal
c_ext_00004359,p_ext_000780,u_ext_00359,,,活动还有名额吗,10,1,2026-04-15 13:08:57,校园达人,0,0,normal
c_ext_00004360,p_ext_000228,u_ext_00179,,,活动还有名额吗,4,1,2026-05-30 23:47:57,活跃同学,0,0,normal
c_ext_00004361,p_ext_001474,dG42TnEzL091NHVTMEw3T2w2RzRaNVducHFtRlluOXJnNHg0aTRoOXk5M0RwbldEaEpXNmFKVzV0cldIWjlxS2lNNmVvSVdybXFxQmVXSjI=,,,多少钱,5,3,2026-02-22 18:01:57,本科生,0,0,normal
c_ext_00004362,p_ext_000652,u_ext_00244,,,还在吗,17,2,2026-03-22 17:45:57,校园达人,0,0,normal
c_ext_00004363,p_ext_001685,u_ext_00379,,,在哪个校区交易,28,2,2026-04-15 00:42:57,活跃同学,0,0,normal
c_ext_00004364,2101613371,u_ext_00426,,,多少钱,10,0,2026-04-20 21:14:57,活跃同学,0,0,normal
c_ext_00004365,p_ext_000761,u_ext_00257,,,活动还有名额吗,15,1,2026-05-01 02:49:57,活跃同学,0,0,normal
c_ext_00004366,p_ext_000407,cjVCNGE0ek5wNjZGenE3VGpXZTNaSC9PYzZxRmVJaXRpbnBucm9scXp0MjFnSUdobHJpbnNJV3AzS3lCb2M2bmc3aDByWTEzZjJxV3IySjI=,,,还在吗,3,1,2026-05-15 08:55:57,高中生,0,0,normal
c_ext_00004367,p_ext_001164,u_ext_00280,,,蹲一个搭子,9,1,2026-05-24 09:31:57,校园达人,0,0,normal
c_ext_00004368,p_ext_000365,u_ext_00349,,,可以自提吗,22,3,2026-02-07 11:06:57,资深坛友,0,0,normal
c_ext_00004369,p_ext_001740,u_ext_00331,,,多少钱,0,1,2026-02-11 12:21:57,普通用户,0,0,normal
c_ext_00004370,p_ext_000459,u_ext_00113,,,这个岗位适合大三吗,17,1,2026-05-30 16:21:57,活跃同学,0,0,normal
c_ext_00004371,p_ext_001940,u_ext_00157,,,在哪个校区交易,20,1,2026-04-23 18:31:57,普通用户,0,0,normal
c_ext_00004372,p_ext_001717,u_ext_00112,,,需要什么技术栈,27,3,2026-03-08 20:41:57,资深坛友,0,0,normal
c_ext_00004373,p_ext_000965,u_ext_00475,,,这个窗口确实不错,13,3,2026-04-13 16:25:57,活跃同学,0,0,normal
c_ext_00004374,p_ext_001762,dGFONWhJUE5xNkdEdWI2NWZtalNaWXFVZUxHTmg2S0FqV2RqZ0p1bng5bTBqNWVTbExtN2FYMlVsYkdJak01cGhhbUVlNXA1aEsyQ2VXSjI=,,,蹲一个搭子,19,2,2026-03-01 12:38:57,幼儿园,0,0,normal
c_ext_00004375,p_ext_000757,u_ext_00272,,,多少钱,16,0,2026-03-26 20:07:57,普通用户,0,0,normal
c_ext_00004376,p_ext_001848,u_ext_00460,,,在哪个校区交易,25,3,2026-04-09 13:11:57,校园达人,0,0,normal
c_ext_00004377,p_ext_001128,u_ext_00232,,,这个窗口确实不错,15,0,2026-05-16 14:13:57,普通用户,0,0,normal
c_ext_00004378,p_ext_001114,u_ext_00415,,,蹲一个搭子,22,2,2026-05-30 23:39:57,活跃同学,0,0,normal
c_ext_00004379,p_ext_000834,u_ext_00200,,,这个窗口确实不错,25,3,2026-04-08 21:00:57,校园达人,0,0,normal
c_ext_00004380,p_ext_000980,u_ext_00480,,,蹲一个复习整理,25,1,2026-05-10 10:14:57,校园达人,0,0,normal
c_ext_00004381,p_ext_000875,u_ext_00178,,,感谢分享,20,2,2026-03-24 18:20:57,活跃同学,0,0,normal
c_ext_00004382,p_ext_002000,u_ext_00377,,,可以自提吗,21,1,2026-05-16 07:38:57,资深坛友,0,0,normal
c_ext_00004383,p_ext_000488,u_ext_00386,,,求资料,15,3,2026-02-28 11:55:57,校园达人,0,0,normal
c_ext_00004384,p_ext_001750,czMxbnNaU251NUNBcHI2cGlHVzhkNGE2ZktXRlk2S0poMmlpZ28rbTA5dkZvMzJ5Z0xpN2VwV295TnVIWnNxTmhaUjhwSnFGaklTRGVXSjI=,,,可以自提吗,30,0,2026-02-08 10:37:57,高中生,0,0,normal
c_ext_00004385,p_ext_001872,u_ext_00374,,,这个窗口确实不错,1,3,2026-03-15 04:32:57,普通用户,0,0,normal
c_ext_00004386,p_ext_000718,cjJpcWJJblFyNE9UdHJLdWlHYTRqcFBPZEcyY25JQ3BpWHFlYnBlUXJiK3Zhb1dLaEpiUnJwV21wdHFGZTlLR2hhbDRxSnRrZUtHQ2VXSjI=,,,这个窗口确实不错,18,3,2026-04-29 00:20:57,副教授,0,0,normal
c_ext_00004387,p_ext_000526,dEthZmJaT29zMmlHcXNpWGpZdWpxNVROWTdDUmVLMnVtS0dXa0l5bXFicTFwbmx0aGJpdmpwUzRxWlNFWmJ5RGk4Mk1ocGgybW5xSGlXSjI=,,,在哪个校区交易,15,0,2026-03-07 10:08:57,高中生,0,0,normal
c_ext_00004388,p_ext_001610,u_ext_00130,,,还在吗,25,0,2026-05-16 19:21:57,校园达人,0,0,normal
c_ext_00004389,p_ext_001712,u_ext_00229,,,在哪个校区交易,18,0,2026-05-08 02:45:57,校园达人,0,0,normal
c_ext_00004390,p_ext_001901,dG8yWGtaYlFyNCtHMExLUmxYcldhWlRRZUg2Wm0zaWxpSDJEc0kybXg4NjdwbjJPbGRDU3FJZW11czZYZWNaNmY3aUlmb3VmZUlLTGlXSjI=,,,还在吗,12,0,2026-04-22 03:12:57,初中生,0,0,normal
c_ext_00004391,2101576190,u_ext_00220,,,可以自提吗,20,3,2026-02-26 21:44:57,校园达人,0,0,normal
c_ext_00004392,p_ext_001125,u_ext_00154,,,可以自提吗,20,0,2026-04-21 03:13:57,校园达人,0,0,normal
c_ext_00004393,p_ext_000146,u_ext_00301,,,多少钱,14,0,2026-05-10 13:16:57,资深坛友,0,0,normal
c_ext_00004394,p_ext_001338,dXFXbnJaU3FrcStTMjUzT2dhTFdvSWJOYTZDRVlZeVJnb3VJclp1TnZiQzBhR1NoZ05Demg0clExTnFJb2Nab2haS0VmWU5qcW4rT3IySjI=,,,求资料,20,3,2026-04-10 02:01:57,高中生,0,0,normal
c_ext_00004395,p_ext_001757,u_ext_00184,,,这个窗口确实不错,0,0,2026-04-09 07:56:57,校园达人,0,0,normal
c_ext_00004396,p_ext_000214,u_ext_00441,,,这个窗口确实不错,24,2,2026-05-26 14:55:57,普通用户,0,0,normal
c_ext_00004397,p_ext_001627,cjVCNGE0ek5wNjZGenE3VGpXZTNaSC9PYzZxRmVJaXRpbnBucm9scXp0MjFnSUdobHJpbnNJV3AzS3lCb2M2bmc3aDByWTEzZjJxV3IySjI=,,,可以自提吗,9,0,2026-04-11 07:34:57,高中生,0,0,normal
c_ext_00004398,p_ext_000440,u_ext_00230,,,在哪个校区交易,29,0,2026-02-21 17:15:57,活跃同学,0,0,normal
c_ext_00004399,p_ext_001897,c0h4NWlJelF0bXAvdHNlVmYyZkdqSlMzZ0lHWXE2S25pWHFXcklWKzI3akZmSmVBbHFtN3FaU25zcGFXbjZTTGhxbVphNFZob3FtSGlXSjI=,,,在哪个校区交易,27,0,2026-03-08 02:51:57,高中生,0,0,normal
c_ext_00004400,p_ext_001121,u_ext_00146,,,我也想参加,30,1,2026-04-22 08:54:57,校园达人,0,0,normal
c_ext_00004401,p_ext_001177,u_ext_00173,,,简历要怎么投,22,0,2026-03-31 14:45:57,校园达人,0,0,normal
c_ext_00004402,p_ext_001657,dzMyYm9ZU3FrbmlTcXFyQ2xLTzBxWXZNZkdpUnE0dHNpV1ZucDRpUnFiVzFzV3l1Zzl5YW9YMlVtSkorWmJocGhwS1dzWkNHb21pWHIySjI=,,,可以自提吗,13,0,2026-04-07 00:12:57,本科生,0,0,normal
c_ext_00004403,p_ext_000524,dHBCMW81U254WDZEemEyVmhhRGFkbjdPZ0lDUllwbHBsNHFtb1l0OXJiVERzb0J0ZjVhM2lwYTYwOU9WZkp0NWxLaUFqWkYwYjRlSWlXSjI=,,,在哪个校区交易,13,3,2026-05-24 12:17:57,硕士生,0,0,normal
c_ext_00004404,p_ext_001881,u_ext_00249,,,可以内推吗,30,2,2026-05-17 14:32:57,资深坛友,0,0,normal
c_ext_00004405,p_ext_001748,u_ext_00316,,,感谢分享,10,0,2026-03-05 15:02:57,校园达人,0,0,normal
c_ext_00004406,p_ext_001506,u_ext_00195,,,多少钱,13,2,2026-03-01 15:32:57,普通用户,0,0,normal
c_ext_00004407,p_ext_001395,u_ext_00439,,,还在吗,5,3,2026-05-22 18:13:57,资深坛友,0,0,normal
c_ext_00004408,p_ext_000605,u_ext_00230,,,可以自提吗,15,3,2026-05-21 11:44:57,活跃同学,0,0,normal
c_ext_00004409,p_ext_001014,cm1pYmlZU3BycTJDemFtV2xHZk9wSXVWZ0txTmQ0T3FpNHlpaUppa3k2dTBmNTlzaTVhdmpaTzEyTk9LbzdTbWt0eDhvcGwzakgrWXIySjI=,,,在哪个校区交易,21,2,2026-05-10 00:40:57,本科生,0,0,normal
c_ext_00004410,p_ext_001955,u_ext_00473,,,多少钱,5,3,2026-03-19 04:06:57,活跃同学,0,0,normal
c_ext_00004411,p_ext_001033,dG1tSmZJZXJ1NEdEM01pMmpZcTBhcFMybm9pSW01MXRsWHlJcDRwK3FiMjRqNFJyaHBXbWFaU3F2czZHakxPdGc4OWpzb3FjZTJtSmlXSjI=,,,蹲一个搭子,3,1,2026-04-21 18:59:57,高中生,0,0,normal
c_ext_00004412,p_ext_001613,dDJ1WHNZQ25vMzJGdHI3UGlZck5aNFhRZUl1Sm5LcUpnb3hucVl5eno3QzRqcDZ3bE4yN3BwVGN2cStOWnNXcWlwT01wWVY1cGFxQmVXSjI=,,,多少钱,16,1,2026-05-21 18:43:57,初中生,0,0,normal
c_ext_00004413,2101544463,u_ext_00367,,,还在吗,21,3,2026-04-04 13:31:57,活跃同学,0,0,normal
c_ext_00004414,p_ext_001625,cjMrZWFZV1dxNHAva3REYmhhK25hSU8yaDYrS2RLcUxqbnFpcEpxQnJhNjJpNmV3aExtemlJcVR1cVNZamJTZWxybW1qWnVhYjRtRmlXSjI=,,,期末重点有吗,23,0,2026-03-11 19:07:57,高中生,0,0,normal
c_ext_00004415,p_ext_001769,u_ext_00371,,,求资料,22,2,2026-04-05 08:02:57,资深坛友,0,0,normal
c_ext_00004416,p_ext_001397,c294NW9veTdwNWVUenJIVGlveTBlNVRQWW1pWW0zaWhpbnVhaEl5a25NQzNqNmRxaTdtdnJJdTV1cW1FaXBlVmdzMTNhb21yZkg2WXIySjI=,,,可以自提吗,22,1,2026-05-08 14:22:57,高中生,0,0,normal
c_ext_00004417,p_ext_001631,u_ext_00346,,,我也想参加,21,2,2026-02-27 09:12:57,校园达人,0,0,normal
c_ext_00004418,p_ext_001941,cjZGc2lJdTZwNCtGcWFxMWhwL0daWCtUaEtPYm5tYXZncTkwcDRGc3JKdkRvb2h0bEpXV29vVFFydGlKbjZpTmhKT2llcHRqbm51QmVXSjI=,,,还在吗,1,1,2026-05-07 01:49:57,讲师,0,0,normal
c_ext_00004419,p_ext_001031,u_ext_00146,,,可以内推吗,16,1,2026-02-28 07:43:57,校园达人,0,0,normal
c_ext_00004420,p_ext_001301,u_ext_00327,,,还在吗,3,2,2026-06-02 06:40:57,活跃同学,0,0,normal
c_ext_00004421,p_ext_001875,u_ext_00432,,,在哪个校区交易,13,2,2026-02-10 21:20:57,资深坛友,0,0,normal
c_ext_00004422,p_ext_001971,dzVCMXI0WFB5WTJGbExYWGpZcTRub3FUb29LRllhNnRtWXVFaDRlUnk3ckZqNDJCaTlHM3JJdXB1dGFHZTZScGZxZUFhSm1Gbm02R2lXSjI=,,,活动还有名额吗,14,2,2026-03-06 08:50:57,博士生,0,0,normal
c_ext_00004423,p_ext_000937,u_ext_00199,,,多少钱,27,1,2026-04-28 23:19:57,活跃同学,0,0,normal
c_ext_00004424,p_ext_000170,czQrTmdYK3FyNFdVcDh6S2xvcXdoNVRNZUdpUmQ1MXFsbWVIc1lPbHZidTFhNStSbHFtbmk0dTFuWldYb05LRmZOeUlpWnA1ZkllVnIySjI=,,,活动还有名额吗,6,1,2026-03-28 15:48:57,本科生,0,0,normal
c_ext_00004425,p_ext_000372,u_ext_00169,,,在哪个校区交易,10,0,2026-04-03 22:09:57,活跃同学,0,0,normal
c_ext_00004426,p_ext_001735,u_ext_00458,,,可以自提吗,14,0,2026-02-19 15:58:57,资深坛友,0,0,normal
c_ext_00004427,2101612909,eFdwb29wZlJ5YStGazYyVmdLTFNpSlMyakxLTWQ2WnRsbnhuYm95T3k2eTNwcHF5Zjg3RmpvYTVxc3lJakplRWk1V0VxNW1jZ0s2Q2VXSjI=,,,时间合适的话可以,10,3,2026-03-06 03:40:57,高中生,0,0,normal
c_ext_00004428,p_ext_001954,u_ext_00328,,,可以自提吗,26,3,2026-04-04 21:18:57,校园达人,0,0,normal
c_ext_00004429,2101582125,u_ext_00387,,,多少钱,17,2,2026-05-03 13:38:57,活跃同学,0,0,normal
c_ext_00004430,p_ext_000800,dzR5RnNJVFFybWFHM0xhNWdudThvNHVuZzdDSmRZU3JnWXA0a28rano5M0ZqM21EbGMzRm5vaXBzWmFVWjVPRGlybU1tWkdJZ0c2WXIySjI=,,,可以自提吗,5,0,2026-02-28 12:17:57,本科生,0,0,normal
c_ext_00004431,p_ext_001907,u_ext_00220,,,还在吗,11,3,2026-03-26 14:57:57,校园达人,0,0,normal
c_ext_00004432,p_ext_001471,u_ext_00248,,,可以自提吗,11,0,2026-03-24 18:54:57,校园达人,0,0,normal
c_ext_00004433,p_ext_001513,u_ext_00480,,,在哪个校区交易,12,2,2026-05-18 14:06:57,校园达人,0,0,normal
c_ext_00004434,p_ext_001697,u_ext_00416,,,多少钱,12,2,2026-02-17 21:40:57,普通用户,0,0,normal
c_ext_00004435,p_ext_001275,u_ext_00238,,,还在吗,18,2,2026-03-27 23:54:57,普通用户,0,0,normal
c_ext_00004436,2101516892,u_ext_00467,,,我也想参加,20,3,2026-04-11 16:13:57,活跃同学,0,0,normal
c_ext_00004437,p_ext_001998,u_ext_00311,,,这个窗口确实不错,6,3,2026-03-26 21:24:57,普通用户,0,0,normal
c_ext_00004438,p_ext_000408,dXFXbnJaU3FrcStTMjUzT2dhTFdvSWJOYTZDRVlZeVJnb3VJclp1TnZiQzBhR1NoZ05Demg0clExTnFJb2Nab2haS0VmWU5qcW4rT3IySjI=,,,时间合适的话可以,7,3,2026-03-29 16:02:57,高中生,0,0,normal
c_ext_00004439,p_ext_001309,u_ext_00412,,,可以自提吗,17,2,2026-03-22 02:36:57,资深坛友,0,0,normal
c_ext_00004440,p_ext_001773,dG42TnEzL091NHVTMEw3T2w2RzRaNVducHFtRlluOXJnNHg0aTRoOXk5M0RwbldEaEpXNmFKVzV0cldIWjlxS2lNNmVvSVdybXFxQmVXSjI=,,,在哪个校区交易,18,0,2026-02-06 08:26:57,本科生,0,0,normal
c_ext_00004441,p_ext_000294,dEk2YnFKVzQyR2lTenE2NmlZM1NmWlRjbXFXTGVKbXZpM3Flc1pkcnZkckZhbm1JaHN5YXNKTzVzdHFOak5hbWhKV2VzcEdGZ0txS2lXSjI=,,,需要什么技术栈,9,0,2026-03-16 15:15:57,硕士生,0,0,normal
c_ext_00004442,p_ext_001776,u_ext_00379,,,这个窗口确实不错,9,3,2026-02-22 11:54:57,活跃同学,0,0,normal
c_ext_00004443,p_ext_000401,u_ext_00227,,,期末重点有吗,20,2,2026-02-17 15:01:57,活跃同学,0,0,normal
c_ext_00004444,p_ext_001124,u_ext_00457,,,求资料,8,0,2026-04-23 00:03:57,普通用户,0,0,normal
c_ext_00004445,p_ext_001518,eFdsOWtZeXAwWDZWenE3UGpHWE9vWDZxZEpDT2Q2S0FtWXQ0cklGcms1ckdvNSt5ZlpTN2tJZVVycnFBWnFTbGs2cWFpWnlmaUh5SGlXSjI=,,,还在吗,16,3,2026-04-06 04:36:57,本科生,0,0,normal
c_ext_00004446,p_ext_001045,u_ext_00496,,,多少钱,27,3,2026-03-14 10:06:57,校园达人,0,0,normal
c_ext_00004447,p_ext_000881,u_ext_00443,,,我也想参加,21,1,2026-05-22 08:00:57,普通用户,0,0,normal
c_ext_00004448,p_ext_001819,u_ext_00446,,,在哪个校区交易,29,3,2026-02-24 02:53:57,普通用户,0,0,normal
c_ext_00004449,p_ext_000553,dEk5a2duK3JxcStJcVpYUWhtYThqWVdwbGE2TmRtdU9pSDJhcEllUnBkRzdmWUN4ZjVXcWFaS3F6OWlJZkphdGZaT2FiSnBpakxLR2lXSjI=,,,我也想参加,26,1,2026-03-23 22:17:57,高中生,0,0,normal
c_ext_00004450,p_ext_001939,u_ext_00294,,,多少钱,3,2,2026-03-01 22:27:57,校园达人,0,0,normal
c_ext_00004451,p_ext_001223,u_ext_00174,,,还在吗,12,3,2026-04-02 10:52:57,校园达人,0,0,normal
c_ext_00004452,p_ext_001837,dzQ5OWFZU1Rsb0NBdU5DMGlxR3dpSVMzYXJHR2VZZHBsNHVoYllWK3RjNnprSDJ4aWMzSWE1S21ycmlHaTd1bWZKS0FqNFoyb29lSWlXSjI=,,,多少钱,10,0,2026-02-28 18:32:57,小学生,0,0,normal
c_ext_00004453,p_ext_000362,u_ext_00174,,,这个窗口确实不错,29,0,2026-04-24 00:31:57,校园达人,0,0,normal
c_ext_00004454,p_ext_001736,u_ext_00285,,,蹲一个复习整理,29,2,2026-04-09 07:43:57,资深坛友,0,0,normal
c_ext_00004455,p_ext_000289,u_ext_00304,,,在哪个校区交易,18,3,2026-02-24 15:09:57,资深坛友,0,0,normal
c_ext_00004456,p_ext_001833,dDM5c2U1T29yNmlEdXFtU2xxTzNhSlc0YzJ1RWRwQ3NqbnByb1lPUHk2dTNhbVNxaHF1cXJvWFFxckdLb3NxbWxycUliWXhqaktLT3IySjI=,,,在哪个校区交易,0,0,2026-05-23 20:13:57,高中生,0,0,normal
c_ext_00004457,p_ext_000526,u_ext_00405,,,这个窗口确实不错,7,1,2026-04-15 12:01:57,活跃同学,0,0,normal
c_ext_00004458,p_ext_001814,u_ext_00255,,,这个岗位适合大三吗,19,0,2026-03-09 12:18:57,资深坛友,0,0,normal
c_ext_00004459,p_ext_001539,u_ext_00370,,,可以自提吗,13,0,2026-04-03 00:30:57,普通用户,0,0,normal
c_ext_00004460,p_ext_000596,u_ext_00141,,,需要什么技术栈,4,3,2026-03-27 09:11:57,普通用户,0,0,normal
c_ext_00004461,p_ext_000767,dzZTYXE1YW9sbzZXdUwyV2dLQzBabnpjbW4rRllaNnVqcUNNaFlKc3pwbTRmNnR2ZzdxM2lJdTJwcXlZb2FSL2ZzMW5mbzZKcG1tRGVXSjI=,,,求资料,19,3,2026-04-15 04:15:57,硕士生,0,0,normal
c_ext_00004462,p_ext_002000,u_ext_00347,,,多少钱,16,3,2026-02-25 01:44:57,资深坛友,0,0,normal
c_ext_00004463,p_ext_000616,u_ext_00462,,,这个岗位适合大三吗,15,1,2026-05-09 06:20:57,活跃同学,0,0,normal
c_ext_00004464,p_ext_001120,u_ext_00494,,,这个窗口确实不错,6,2,2026-02-25 21:28:57,活跃同学,0,0,normal
c_ext_00004465,p_ext_001112,eEdxWGlwU1dzbXFTdXNqV2xIckdmNFROaUt5YWlJaW9sNGwwYkltTnVkQ3lqSVZwbEtpV2ZKT1VsYzZZamFpTGhLZG5oNHliZ0llSGlXSjI=,,,时间合适的话可以,25,1,2026-04-09 03:46:57,高中生,0,0,normal
c_ext_00004466,p_ext_000400,u_ext_00287,,,需要什么技术栈,13,2,2026-05-28 14:04:57,活跃同学,0,0,normal
c_ext_00004467,p_ext_001677,dzZXQmdJTzZsckNGdDVXcWZtaWtxSk81aUt1RmlZK3dpcUdhanBxbHZiKzBwWDE5bHFqSXJJS1VxdEdZbjdoN2c5dHJzbzJjaEltS2lXSjI=,,,时间合适的话可以,1,2,2026-02-06 22:05:57,本科生,0,0,normal
c_ext_00004468,p_ext_000546,eEg2ZmtJYVd0Nm1WdHFxN2dYdTBkNE9VZ0tTT2VZZHRnWWltaUppT3ZOM0VqNFdOaGMzRm5vYXExTXFDZmNaOWhxWjRycENHWjIyRGVXSjI=,,,可以自提吗,2,2,2026-02-24 08:21:57,本科生,0,0,normal
c_ext_00004469,p_ext_000239,eEtTZWJaYlExWHFJemFxWGhZdW9yb3ZNZjJtUW5vU0VpbzJXaEltbHVkQ3pvbzJ5bGRISmc1YTZ0c3VNak5LR2xMZVdyb1ZrbnBtSGlXSjI=,,,可以自提吗,24,3,2026-02-16 08:24:57,硕士生,0,0,normal
c_ext_00004470,p_ext_001522,u_ext_00495,,,我也想参加,27,0,2026-02-20 14:21:57,普通用户,0,0,normal
c_ext_00004471,p_ext_001083,u_ext_00191,,,还在吗,15,2,2026-02-25 09:15:57,普通用户,0,0,normal
c_ext_00004472,p_ext_001378,eEg5cnM1V1Z0NHlJcHFiU2phTFNybitVaUtxRm40K3hobWVlc1lTUnNkYkRvMlNobEpUSmE1Yk4wSmVXYU1hTGhjMXJybzE1b3FtT3IySjI=,,,多少钱,12,1,2026-05-22 00:48:57,高中生,0,0,normal
c_ext_00004473,p_ext_000745,c0h4NWlJelF0bXAvdHNlVmYyZkdqSlMzZ0lHWXE2S25pWHFXckpwcDE3ZTJpMnlLbGN5YWpJdmJuY0tCbzgxa2dMZWloWTZJcHBHSGlXSjI=,,,蹲一个复习整理,11,1,2026-05-24 23:21:57,高中生,0,0,normal
c_ext_00004474,p_ext_000748,dXFXbnJaU3FrcStTMjUzT2dhTFdvSWJOYTZDRVlZeVJnb3VJcllTQTA5ZXpmMmV5aTg2V3JJYlBxcEdCZkx5b2h0eWFiSmlibVd5RGVXSjI=,,,可以自提吗,26,2,2026-05-28 22:14:57,高中生,0,0,normal
c_ext_00004475,p_ext_001242,u_ext_00129,,,可以自提吗,4,0,2026-02-15 09:06:57,校园达人,0,0,normal
c_ext_00004476,p_ext_000748,u_ext_00287,,,可以自提吗,26,3,2026-03-21 13:22:57,活跃同学,0,0,normal
c_ext_00004477,p_ext_001336,u_ext_00386,,,多少钱,15,2,2026-05-25 07:51:57,校园达人,0,0,normal
c_ext_00004478,p_ext_001216,u_ext_00164,,,期末重点有吗,21,1,2026-05-06 17:44:57,资深坛友,0,0,normal
c_ext_00004479,p_ext_001584,u_ext_00474,,,可以自提吗,10,2,2026-03-20 14:32:57,普通用户,0,0,normal
c_ext_00004480,p_ext_001529,u_ext_00320,,,感谢分享,22,0,2026-05-06 13:26:57,普通用户,0,0,normal
c_ext_00004481,p_ext_001801,eEpDYnE0UFB5WjZMemN6SmxxSzBkNVBNbWJHS2g0Ujhqbmltc0lTenlwaTNzb1ZyZ05HanFvT3FwZHQvWnJ5RWt0eDRwSXFlb3FDR2lXSjI=,,,可以自提吗,23,1,2026-05-03 06:04:57,硕士生,0,0,normal
c_ext_00004482,p_ext_000888,u_ext_00450,,,还在吗,0,0,2026-04-04 18:27:57,资深坛友,0,0,normal
c_ext_00004483,2101513711,u_ext_00265,,,可以自提吗,7,1,2026-03-25 14:11:57,校园达人,0,0,normal
c_ext_00004484,p_ext_000826,u_ext_00468,,,多少钱,10,2,2026-05-19 02:45:57,校园达人,0,0,normal
c_ext_00004485,p_ext_001340,u_ext_00163,,,蹲一个搭子,30,0,2026-03-15 21:50:57,校园达人,0,0,normal
c_ext_00004486,p_ext_000775,c3FLZnFaZTQxWitTekxLdGlYck9oSVdVWXJHUmhaNkNqcUpqZjVlaW5OWERhSjl1Z0x1em40VE9wcE9Kbjg2Z2dyaWVib2FJYjZXSWlXSjI=,,,蹲一个搭子,26,2,2026-04-19 00:41:57,初中生,0,0,normal
c_ext_00004487,p_ext_000202,u_ext_00248,,,这个窗口确实不错,8,0,2026-05-26 16:43:57,校园达人,0,0,normal
c_ext_00004488,p_ext_001552,u_ext_00482,,,可以自提吗,2,1,2026-02-18 16:07:57,活跃同学,0,0,normal
c_ext_00004489,p_ext_001529,u_ext_00435,,,期末重点有吗,21,0,2026-05-20 16:34:57,资深坛友,0,0,normal
c_ext_00004490,p_ext_000482,u_ext_00136,,,多少钱,28,3,2026-05-23 01:18:57,校园达人,0,0,normal
c_ext_00004491,p_ext_000946,u_ext_00484,,,时间合适的话可以,25,2,2026-02-23 11:29:57,活跃同学,0,0,normal
c_ext_00004492,p_ext_000876,u_ext_00290,,,可以自提吗,9,1,2026-03-03 06:53:57,普通用户,0,0,normal
c_ext_00004493,p_ext_001451,u_ext_00257,,,还在吗,17,1,2026-04-03 04:36:57,活跃同学,0,0,normal
c_ext_00004494,p_ext_001679,u_ext_00280,,,多少钱,21,3,2026-03-06 14:03:57,校园达人,0,0,normal
c_ext_00004495,p_ext_001897,u_ext_00179,,,可以自提吗,10,0,2026-04-17 02:34:57,活跃同学,0,0,normal
c_ext_00004496,2101556378,u_ext_00415,,,多少钱,19,3,2026-03-23 00:30:57,活跃同学,0,0,normal
c_ext_00004497,p_ext_000481,u_ext_00423,,,可以自提吗,18,0,2026-04-13 21:04:57,活跃同学,0,0,normal
c_ext_00004498,2101556932,u_ext_00161,,,多少钱,22,2,2026-04-17 23:33:57,资深坛友,0,0,normal
c_ext_00004499,p_ext_000990,u_ext_00123,,,可以自提吗,2,2,2026-05-04 08:47:57,资深坛友,0,0,normal
c_ext_00004500,p_ext_000955,u_ext_00430,,,还在吗,21,1,2026-05-22 15:04:57,校园达人,0,0,normal
c_ext_00004501,2101516892,u_ext_00376,,,蹲一个搭子,13,1,2026-02-10 01:40:57,活跃同学,0,0,normal
c_ext_00004502,p_ext_000544,u_ext_00215,,,需要什么技术栈,19,0,2026-04-14 13:51:57,普通用户,0,0,normal
c_ext_00004503,p_ext_000169,u_ext_00275,,,这个岗位适合大三吗,1,2,2026-04-04 06:01:57,普通用户,0,0,normal
c_ext_00004504,p_ext_001119,u_ext_00473,,,蹲一个复习整理,11,3,2026-02-17 00:05:57,活跃同学,0,0,normal
c_ext_00004505,p_ext_001729,u_ext_00473,,,活动还有名额吗,29,2,2026-04-18 06:19:57,活跃同学,0,0,normal
c_ext_00004506,p_ext_000659,u_ext_00367,,,多少钱,18,3,2026-03-07 09:29:57,活跃同学,0,0,normal
c_ext_00004507,p_ext_001198,u_ext_00234,,,求资料,10,1,2026-02-28 05:22:57,活跃同学,0,0,normal
c_ext_00004508,p_ext_001661,u_ext_00328,,,需要什么技术栈,11,2,2026-03-24 11:48:57,校园达人,0,0,normal
c_ext_00004509,p_ext_001053,dzQ5b2JJYTYwWXVLdHN5cGwzeXNacGFwaEdxT201cDhpNG1Nam94cnNlQ3ZhbXhwaTlETlpwV1MyS21ZakxTT2tyZDNzSVdlYjRHWHIySjI=,,,这个窗口确实不错,10,3,2026-02-14 00:03:57,本科生,0,0,normal
c_ext_00004510,p_ext_000767,u_ext_00188,,,求资料,18,3,2026-05-15 19:31:57,资深坛友,0,0,normal
c_ext_00004511,p_ext_001430,u_ext_00483,,,还在吗,17,0,2026-03-12 15:09:57,资深坛友,0,0,normal
c_ext_00004512,p_ext_001691,u_ext_00160,,,这个窗口确实不错,15,0,2026-02-12 00:10:57,资深坛友,0,0,normal
c_ext_00004513,p_ext_001986,u_ext_00243,,,可以自提吗,7,2,2026-05-10 16:09:57,活跃同学,0,0,normal
c_ext_00004514,p_ext_001295,u_ext_00346,,,还在吗,4,1,2026-04-20 07:04:57,校园达人,0,0,normal
c_ext_00004515,p_ext_001679,u_ext_00488,,,这个窗口确实不错,7,2,2026-03-04 05:09:57,活跃同学,0,0,normal
c_ext_00004516,p_ext_001725,u_ext_00337,,,这个窗口确实不错,7,3,2026-02-09 05:35:57,资深坛友,0,0,normal
c_ext_00004517,p_ext_000523,u_ext_00439,,,在哪个校区交易,22,1,2026-05-20 20:47:57,资深坛友,0,0,normal
c_ext_00004518,p_ext_001679,eGFXcXNYK1Z0Nk4vdWN5cmxXaXJyb0tWaEhxWm41cURobnVpc1lxbXg1eXphR2lTak4zTmE0ZVQxTktWZTgydGhaUmpyWTUwYjRXV3IySjI=,,,在哪个校区交易,13,3,2026-03-05 05:36:57,硕士生,0,0,normal
c_ext_00004519,p_ext_000168,u_ext_00177,,,多少钱,21,2,2026-03-02 16:58:57,校园达人,0,0,normal
c_ext_00004520,p_ext_001292,u_ext_00464,,,我也想参加,29,1,2026-04-22 07:10:57,普通用户,0,0,normal
c_ext_00004521,p_ext_000829,u_ext_00224,,,还在吗,0,1,2026-05-04 10:22:57,普通用户,0,0,normal
c_ext_00004522,p_ext_000240,u_ext_00456,,,在哪个校区交易,10,2,2026-05-05 00:06:57,资深坛友,0,0,normal
c_ext_00004523,p_ext_000103,cmJLYnM0UE96WCtWM0xxMGxLSFNmWWZOb251RW5YaU5ocU9Fb1ltQngrRERvNXQvaGFxM2VJUzR1dEtYaXBKb2ZKS2FxSVNGZklTS2lXSjI=,,,可以自提吗,28,3,2026-03-07 02:51:57,初中生,0,0,normal
c_ext_00004524,p_ext_000269,u_ext_00195,,,可以自提吗,11,1,2026-04-28 23:04:57,普通用户,0,0,normal
c_ext_00004525,p_ext_001551,u_ext_00443,,,可以自提吗,8,2,2026-02-21 16:44:57,普通用户,0,0,normal
c_ext_00004526,p_ext_001879,dzVCMXI0WFB5WTJGbExYWGpZcTRub3FUb29LRllhNnRtWXVFaDRlTW01bXVzbml2aEpXU2tJak50ZGlNakxSNGtxZG5hSVI0ZkpLS2lXSjI=,,,在哪个校区交易,28,0,2026-02-06 17:55:57,博士生,0,0,normal
c_ext_00004527,2101110140,dG8yWGtaYlFyNCtHMExLUmxYcldhWlRRZUg2Wm0zaWxpSDJEc0kybXg4NjdwbjJPbGRDU3FJZW11czZYZWNaNmY3aUlmb3VmZUlLTGlXSjI=,,,可以自提吗,30,3,2026-02-12 14:43:57,初中生,0,0,normal
c_ext_00004528,p_ext_001495,cm82QnJvemRxbW1Va3JuYmpJdXNycFBRaUsrUWlZQjhsWHBqYXBoOXZiQzNmNDJIaHFxdmFZZlB5NVNHamNtdWhxWjBob2llaEpHWHIySjI=,,,在哪个校区交易,7,2,2026-02-04 09:14:57,硕士生,0,0,normal
c_ext_00004529,p_ext_000679,u_ext_00273,,,活动还有名额吗,27,0,2026-02-28 10:10:57,校园达人,0,0,normal
c_ext_00004530,p_ext_001243,u_ext_00402,,,在哪个校区交易,24,2,2026-03-08 18:14:57,校园达人,0,0,normal
c_ext_00004531,p_ext_000994,u_ext_00242,,,还在吗,4,3,2026-03-17 22:10:57,资深坛友,0,0,normal
c_ext_00004532,p_ext_001741,u_ext_00352,,,还在吗,5,0,2026-03-15 04:32:57,校园达人,0,0,normal
c_ext_00004533,p_ext_001592,u_ext_00129,,,可以自提吗,30,0,2026-05-21 16:39:57,校园达人,0,0,normal
c_ext_00004534,p_ext_000755,u_ext_00257,,,这个窗口确实不错,25,0,2026-03-10 17:13:57,活跃同学,0,0,normal
c_ext_00004535,p_ext_000969,dUkyTmk0RGRzNnVHek5DbmlIeTRxSUtUb1cySlk1QnNsMldFa29la3ROaTFqblN4bHM2WlpvV1MxTnFHZkxTQmlMbUVnNDJkZUl1SGlXSjI=,,,还在吗,30,1,2026-02-19 17:58:57,本科生,0,0,normal
c_ext_00004536,p_ext_000902,u_ext_00119,,,求资料,30,0,2026-06-01 20:20:57,普通用户,0,0,normal
c_ext_00004537,p_ext_000933,u_ext_00415,,,还在吗,20,0,2026-02-06 18:26:57,活跃同学,0,0,normal
c_ext_00004538,p_ext_001401,dHFWNWU0ZVV5YTZFdHJuWGhxL09xNGVub1dxSWhxRm9pV2Q0am9sc3o4REdwbjJrZ2F2Tmg0U290ckdVWjd5Qmk4eUVqcHA0Zkd1SmlXSjI=,,,这个窗口确实不错,23,0,2026-05-08 15:01:57,初中生,0,0,normal
c_ext_00004539,p_ext_000581,u_ext_00361,,,在哪个校区交易,30,0,2026-05-03 21:39:57,活跃同学,0,0,normal
c_ext_00004540,p_ext_001130,u_ext_00445,,,可以自提吗,27,3,2026-04-07 13:28:57,活跃同学,0,0,normal
c_ext_00004541,p_ext_000169,u_ext_00313,,,可以内推吗,17,2,2026-03-22 18:42:57,普通用户,0,0,normal
c_ext_00004542,p_ext_001343,u_ext_00138,,,求资料,4,3,2026-04-07 11:54:57,活跃同学,0,0,normal
c_ext_00004543,p_ext_000902,u_ext_00496,,,蹲一个复习整理,29,0,2026-02-15 04:40:57,校园达人,0,0,normal
c_ext_00004544,p_ext_001620,dUkyTmk0RGRzNnVHek5DbmlIeTRxSUtUb1cySlk1QnNsMldFa29la3ROaTFqblN4bHM2WlpvV1MxTnFHZkxTQmlMbUVnNDJkZUl1SGlXSjI=,,,还在吗,16,2,2026-03-12 05:58:57,本科生,0,0,normal
c_ext_00004545,p_ext_001989,u_ext_00382,,,这个窗口确实不错,7,2,2026-02-19 16:26:57,活跃同学,0,0,normal
c_ext_00004546,p_ext_000982,dHBCMW81U254WDZEemEyVmhhRGFkbjdPZ0lDUllwbHBsNHFtb1l0OXJiVERzb0J0ZjVhM2lwYTYwOU9WZkp0NWxLaUFqWkYwYjRlSWlXSjI=,,,在哪个校区交易,1,2,2026-04-10 05:12:57,硕士生,0,0,normal
c_ext_00004547,p_ext_001743,cm1pYmlZU3BycTJDemFtV2xHZk9wSXVWZ0txTmQ0T3FpNHlpaUppa3k2dTBmNTlzaTVhdmpaTzEyTk9LbzdTbWt0eDhvcGwzakgrWXIySjI=,,,还在吗,15,3,2026-05-16 05:15:57,本科生,0,0,normal
c_ext_00004548,p_ext_000187,u_ext_00265,,,在哪个校区交易,17,3,2026-03-17 22:12:57,校园达人,0,0,normal
c_ext_00004549,p_ext_001621,u_ext_00212,,,可以自提吗,27,0,2026-03-16 08:45:57,活跃同学,0,0,normal
c_ext_00004550,p_ext_001465,u_ext_00282,,,在哪个校区交易,24,2,2026-05-22 13:55:57,资深坛友,0,0,normal
c_ext_00004551,p_ext_001682,u_ext_00115,,,可以自提吗,26,1,2026-03-31 12:12:57,活跃同学,0,0,normal
c_ext_00004552,p_ext_000463,u_ext_00284,,,需要什么技术栈,11,1,2026-03-29 18:01:57,资深坛友,0,0,normal
c_ext_00004553,p_ext_001831,u_ext_00261,,,我也想参加,4,1,2026-04-22 03:29:57,校园达人,0,0,normal
c_ext_00004554,p_ext_000118,u_ext_00262,,,还在吗,9,0,2026-04-30 15:46:57,普通用户,0,0,normal
c_ext_00004555,p_ext_000896,u_ext_00470,,,在哪个校区交易,24,1,2026-03-21 14:08:57,活跃同学,0,0,normal
c_ext_00004556,p_ext_001957,u_ext_00277,,,还在吗,20,1,2026-05-10 10:47:57,资深坛友,0,0,normal
c_ext_00004557,p_ext_001357,u_ext_00370,,,还在吗,5,3,2026-02-12 04:02:57,普通用户,0,0,normal
c_ext_00004558,p_ext_001079,u_ext_00344,,,可以自提吗,0,3,2026-05-10 09:20:57,活跃同学,0,0,normal
c_ext_00004559,p_ext_001148,u_ext_00369,,,蹲一个搭子,30,1,2026-05-16 11:22:57,普通用户,0,0,normal
c_ext_00004560,p_ext_000650,u_ext_00287,,,还在吗,0,3,2026-04-30 10:08:57,活跃同学,0,0,normal
c_ext_00004561,p_ext_000161,u_ext_00111,,,简历要怎么投,16,2,2026-05-17 20:30:57,校园达人,0,0,normal
c_ext_00004562,p_ext_001680,u_ext_00425,,,还在吗,28,3,2026-06-01 06:04:57,资深坛友,0,0,normal
c_ext_00004563,p_ext_001601,dDM5c2U1T29yNmlEdXFtU2xxTzNhSlc0YzJ1RWRwQ3NqbnByb1lPUHk2dTNhbVNxaHF1cXJvWFFxckdLb3NxbWxycUliWXhqaktLT3IySjI=,,,还在吗,18,2,2026-04-15 12:11:57,高中生,0,0,normal
c_ext_00004564,p_ext_001678,u_ext_00281,,,多少钱,11,0,2026-02-03 11:53:57,活跃同学,0,0,normal
c_ext_00004565,p_ext_001895,u_ext_00286,,,活动还有名额吗,9,0,2026-02-22 04:53:57,资深坛友,0,0,normal
c_ext_00004566,p_ext_001710,c28rQmlJdlF4SzZIemE3YmdZM05aWk9UZEtTYVlZU0NoWXVpb3BxTnlwZkZwSUN6bGFlM1pvYTN6OXFLZk5xT2hMYUlvNG1HZklLSmlXSjI=,,,蹲一个搭子,9,3,2026-06-01 18:08:57,硕士生,0,0,normal
c_ext_00004567,p_ext_001852,u_ext_00240,,,多少钱,8,0,2026-04-09 05:53:57,活跃同学,0,0,normal
c_ext_00004568,p_ext_000234,u_ext_00136,,,还在吗,10,2,2026-03-24 02:39:57,校园达人,0,0,normal
c_ext_00004569,2101613371,u_ext_00349,,,这个窗口确实不错,11,3,2026-05-09 20:16:57,资深坛友,0,0,normal
c_ext_00004570,p_ext_000682,u_ext_00177,,,还在吗,3,2,2026-02-14 17:09:57,校园达人,0,0,normal
c_ext_00004571,p_ext_001439,u_ext_00238,,,可以自提吗,10,1,2026-05-27 01:11:57,普通用户,0,0,normal
c_ext_00004572,p_ext_000646,u_ext_00461,,,我也想参加,18,2,2026-04-11 21:38:57,普通用户,0,0,normal
c_ext_00004573,p_ext_001737,u_ext_00340,,,可以自提吗,12,2,2026-03-14 18:38:57,校园达人,0,0,normal
c_ext_00004574,p_ext_001439,u_ext_00228,,,还在吗,5,1,2026-02-07 00:44:57,资深坛友,0,0,normal
c_ext_00004575,p_ext_001484,u_ext_00410,,,简历要怎么投,16,2,2026-05-19 17:16:57,活跃同学,0,0,normal
c_ext_00004576,p_ext_001131,u_ext_00106,,,还在吗,22,3,2026-03-26 12:53:57,活跃同学,0,0,normal
c_ext_00004577,p_ext_001640,dGFKNGFZQ1QxWWFIMExiUWwyYTRoMzY0bW9lUmVLMXBsNkdMYVkyaTE5T3dmWmVFaGFpV3JwUE4zTGlJcjhxTWk2cWlzcG1Jakh1WHIySjI=,,,可以自提吗,5,0,2026-05-04 22:08:57,硕士生,0,0,normal
c_ext_00004578,2101604866,u_ext_00317,,,在哪个校区交易,19,0,2026-04-30 19:10:57,资深坛友,0,0,normal
c_ext_00004579,p_ext_001175,u_ext_00380,,,还在吗,10,3,2026-04-30 14:12:57,校园达人,0,0,normal
c_ext_00004580,p_ext_001902,u_ext_00453,,,还在吗,16,2,2026-05-17 14:05:57,资深坛友,0,0,normal
c_ext_00004581,p_ext_001340,u_ext_00249,,,蹲一个搭子,23,1,2026-03-18 01:05:57,资深坛友,0,0,normal
c_ext_00004582,p_ext_001346,eEg5cnM1V1Z0NHlJcHFiU2phTFNybitVaUtxRm40K3hobWVlc1lTUnNkYkRvMlNobEpUSmE1Yk4wSmVXYU1hTGhjMXJybzE1b3FtT3IySjI=,,,多少钱,20,1,2026-02-06 01:18:57,高中生,0,0,normal
c_ext_00004583,2101575959,u_ext_00184,,,这个窗口确实不错,30,2,2026-03-25 14:24:57,校园达人,0,0,normal
c_ext_00004584,p_ext_001939,dEk5a2duK3JxcStJcVpYUWhtYThqWVdwbGE2TmRtdU9pSDJhcEllUnBkRzdmWUN4ZjVXcWFaS3F6OWlJZkphdGZaT2FiSnBpakxLR2lXSjI=,,,多少钱,4,1,2026-04-05 04:01:57,高中生,0,0,normal
c_ext_00004585,p_ext_001479,u_ext_00494,,,多少钱,27,0,2026-03-19 01:55:57,活跃同学,0,0,normal
c_ext_00004586,p_ext_001397,dEtLYm1vTzYwWjZMdDlTNmdYdk5yWVNvb3FTTGRaMnZoYUdhb29pUnJkbXpqbjJObHJpWmE0VzV1clNZaXNsa2xiZUVhb1dlZktXWXIySjI=,,,可以自提吗,20,1,2026-02-14 16:38:57,初中生,0,0,normal
c_ext_00004587,p_ext_001553,u_ext_00328,,,时间合适的话可以,16,0,2026-04-21 03:56:57,校园达人,0,0,normal
c_ext_00004588,p_ext_000199,u_ext_00283,,,时间合适的话可以,21,3,2026-04-23 07:27:57,普通用户,0,0,normal
c_ext_00004589,p_ext_001086,u_ext_00168,,,活动还有名额吗,23,1,2026-02-12 23:26:57,活跃同学,0,0,normal
c_ext_00004590,p_ext_000646,u_ext_00489,,,我也想参加,6,3,2026-03-30 09:26:57,普通用户,0,0,normal
c_ext_00004591,p_ext_000511,u_ext_00274,,,在哪个校区交易,16,0,2026-05-30 03:22:57,活跃同学,0,0,normal
c_ext_00004592,p_ext_000379,u_ext_00186,,,还在吗,3,0,2026-05-25 07:00:57,普通用户,0,0,normal
c_ext_00004593,p_ext_001330,u_ext_00344,,,这个岗位适合大三吗,17,1,2026-03-06 17:04:57,活跃同学,0,0,normal
c_ext_00004594,p_ext_001012,eGFXcXNYK1Z0Nk4vdWN5cmxXaXJyb0tWaEhxWm41cURobnVpc1lxbXg1eXphR2lTak4zTmE0ZVQxTktWZTgydGhaUmpyWTUwYjRXV3IySjI=,,,多少钱,23,0,2026-03-01 01:45:57,硕士生,0,0,normal
c_ext_00004595,p_ext_000218,u_ext_00207,,,这个窗口确实不错,14,2,2026-04-25 07:28:57,普通用户,1,0,normal
c_ext_00004596,p_ext_001508,eEg2ZmtJYVd0Nm1WdHFxN2dYdTBkNE9VZ0tTT2VZZHRnWWltaUppT3ZOM0VqNFdOaGMzRm5vYXExTXFDZmNaOWhxWjRycENHWjIyRGVXSjI=,,,多少钱,17,0,2026-04-11 02:55:57,本科生,0,0,normal
c_ext_00004597,p_ext_000993,u_ext_00491,,,时间合适的话可以,0,0,2026-05-20 07:58:57,活跃同学,0,0,normal
c_ext_00004598,p_ext_000375,u_ext_00475,,,多少钱,24,1,2026-02-19 18:44:57,活跃同学,0,0,normal
c_ext_00004599,p_ext_001032,u_ext_00180,,,在哪个校区交易,22,1,2026-03-29 05:46:57,普通用户,0,0,normal
c_ext_00004600,2101532187,u_ext_00298,,,可以自提吗,1,1,2026-05-24 01:04:57,资深坛友,0,0,normal
c_ext_00004601,p_ext_000420,u_ext_00392,,,可以自提吗,10,0,2026-04-28 01:58:57,普通用户,0,0,normal
c_ext_00004602,p_ext_001758,u_ext_00267,,,这个窗口确实不错,5,1,2026-02-23 17:53:57,普通用户,0,0,normal
c_ext_00004603,p_ext_000944,u_ext_00320,,,蹲一个复习整理,26,1,2026-04-07 01:29:57,普通用户,0,0,normal
c_ext_00004604,p_ext_000341,dFpDSWJaTzVwMzE4M016U2g0MmpaWlNUZTIyRlk0ZHRqWXVFb1krbnFONjRmSit5aTlDVnJvdVMzSmVVaTZldWk2aU1wbzE0a0lDQmVXSjI=,,,在哪个校区交易,14,3,2026-04-26 12:28:57,讲师,0,0,normal
c_ext_00004605,p_ext_001274,u_ext_00105,,,求资料,1,0,2026-06-02 14:33:57,普通用户,0,0,normal
c_ext_00004606,p_ext_000747,u_ext_00355,,,还在吗,8,1,2026-03-18 21:53:57,资深坛友,0,0,normal
c_ext_00004607,p_ext_001542,u_ext_00415,,,这个窗口确实不错,27,2,2026-05-01 11:02:57,活跃同学,0,0,normal
c_ext_00004608,p_ext_000426,u_ext_00483,,,多少钱,12,2,2026-05-12 08:12:57,资深坛友,0,0,normal
c_ext_00004609,p_ext_001078,u_ext_00420,,,可以内推吗,25,3,2026-04-04 03:31:57,普通用户,0,0,normal
c_ext_00004610,p_ext_001464,u_ext_00179,,,这个窗口确实不错,15,0,2026-03-21 17:35:57,活跃同学,0,0,normal
c_ext_00004611,p_ext_000155,u_ext_00109,,,多少钱,28,0,2026-02-13 23:11:57,校园达人,0,0,normal
c_ext_00004612,p_ext_001223,u_ext_00336,,,多少钱,18,1,2026-03-12 00:35:57,校园达人,0,0,normal
c_ext_00004613,p_ext_000241,u_ext_00404,,,在哪个校区交易,7,0,2026-02-28 14:23:57,活跃同学,0,0,normal
c_ext_00004614,p_ext_000457,eGFXcXNYK1Z0Nk4vdWN5cmxXaXJyb0tWaEhxWm41cURobnVpc1lxbXg1eXphR2lTak4zTmE0ZVQxTktWZTgydGhaUmpyWTUwYjRXV3IySjI=,,,可以自提吗,30,3,2026-04-12 23:17:57,硕士生,0,0,normal
c_ext_00004615,p_ext_001955,u_ext_00426,,,这个窗口确实不错,13,2,2026-05-05 03:26:57,活跃同学,0,0,normal
c_ext_00004616,p_ext_001664,u_ext_00433,,,还在吗,2,0,2026-02-26 17:27:57,资深坛友,0,0,normal
c_ext_00004617,p_ext_001767,eFgyamdvR28xR2lTdWRqTmg2KzhuNFROcG9HYm5KQ0ppcCthZTVDUDB0MnZqNk9JaHMyamVvak12cWFYaXBPbWY4MmVrSW1lYjRPSWlXSjI=,,,这个窗口确实不错,18,0,2026-02-09 04:40:57,初中生,0,0,normal
c_ext_00004618,p_ext_001329,u_ext_00342,,,可以自提吗,28,2,2026-05-30 22:26:57,资深坛友,0,0,normal
c_ext_00004619,p_ext_000944,u_ext_00419,,,期末重点有吗,21,1,2026-02-27 05:24:57,资深坛友,0,0,normal
c_ext_00004620,p_ext_001552,u_ext_00272,,,可以自提吗,8,1,2026-02-24 18:58:57,普通用户,0,0,normal
c_ext_00004621,p_ext_001960,u_ext_00483,,,求资料,5,1,2026-04-04 03:03:57,资深坛友,0,0,normal
c_ext_00004622,p_ext_001452,u_ext_00323,,,还在吗,9,0,2026-04-17 01:51:57,活跃同学,0,0,normal
c_ext_00004623,p_ext_000960,dTRDRmFwWFJwNDJVejc3WWdHYk5aNFRRbldpY2lIeVNpV2VJaW9kcHZKYXRhS3VSbGJqVWFaU3BuZEtVYU1xbWs2aVdmb1NKcHFtRGVXSjI=,,,这个窗口确实不错,15,3,2026-04-03 21:00:57,本科生,0,0,normal
c_ext_00004624,p_ext_001978,u_ext_00302,,,求资料,18,3,2026-04-28 15:58:57,活跃同学,0,0,normal
c_ext_00004625,p_ext_000355,u_ext_00378,,,在哪个校区交易,0,2,2026-05-08 22:27:57,校园达人,0,0,normal
c_ext_00004626,p_ext_001012,u_ext_00367,,,多少钱,15,2,2026-02-12 17:35:57,活跃同学,0,0,normal
c_ext_00004627,p_ext_001043,u_ext_00204,,,可以自提吗,17,2,2026-02-27 19:41:57,资深坛友,0,0,normal
c_ext_00004628,p_ext_000584,u_ext_00119,,,活动还有名额吗,4,0,2026-05-08 22:19:57,普通用户,0,0,normal
c_ext_00004629,p_ext_000391,u_ext_00192,,,期末重点有吗,27,3,2026-05-07 19:26:57,校园达人,0,0,normal
c_ext_00004630,p_ext_000441,u_ext_00116,,,活动还有名额吗,23,3,2026-04-04 01:21:57,普通用户,0,0,normal
c_ext_00004631,p_ext_001909,u_ext_00113,,,蹲一个搭子,29,0,2026-05-16 12:25:57,活跃同学,0,0,normal
c_ext_00004632,p_ext_000195,u_ext_00382,,,还在吗,13,1,2026-02-03 23:57:57,活跃同学,0,0,normal
c_ext_00004633,p_ext_000355,u_ext_00183,,,还在吗,3,0,2026-02-15 17:55:57,活跃同学,0,0,normal
c_ext_00004634,p_ext_000526,u_ext_00382,,,可以自提吗,23,1,2026-03-22 17:54:57,活跃同学,0,0,normal
c_ext_00004635,p_ext_001658,u_ext_00264,,,活动还有名额吗,30,0,2026-03-27 09:59:57,活跃同学,0,0,normal
c_ext_00004636,p_ext_001468,u_ext_00436,,,感谢分享,3,1,2026-04-21 19:00:57,活跃同学,0,0,normal
c_ext_00004637,p_ext_001066,u_ext_00250,,,这个窗口确实不错,21,1,2026-02-14 11:58:57,活跃同学,0,0,normal
c_ext_00004638,p_ext_001824,u_ext_00312,,,在哪个校区交易,30,1,2026-02-25 01:32:57,资深坛友,0,0,normal
c_ext_00004639,p_ext_001189,u_ext_00221,,,在哪个校区交易,19,3,2026-06-01 04:30:57,资深坛友,0,0,normal
c_ext_00004640,p_ext_001285,u_ext_00357,,,可以自提吗,3,3,2026-02-04 10:56:57,普通用户,0,0,normal
c_ext_00004641,p_ext_001427,u_ext_00244,,,还在吗,4,0,2026-03-31 06:14:57,校园达人,0,0,normal
c_ext_00004642,p_ext_000560,u_ext_00141,,,在哪个校区交易,2,1,2026-05-28 17:50:57,普通用户,0,0,normal
c_ext_00004643,p_ext_000655,u_ext_00406,,,这个窗口确实不错,7,0,2026-04-25 20:37:57,校园达人,0,0,normal
c_ext_00004644,p_ext_000506,u_ext_00461,,,活动还有名额吗,7,2,2026-04-27 09:16:57,普通用户,0,0,normal
c_ext_00004645,p_ext_001122,u_ext_00183,,,还在吗,3,0,2026-03-21 22:32:57,活跃同学,0,0,normal
c_ext_00004646,p_ext_000123,u_ext_00407,,,在哪个校区交易,1,3,2026-03-09 18:20:57,校园达人,0,0,normal
c_ext_00004647,p_ext_001738,u_ext_00428,,,时间合适的话可以,7,1,2026-03-09 16:01:57,活跃同学,0,0,normal
c_ext_00004648,p_ext_000747,u_ext_00272,,,在哪个校区交易,4,2,2026-05-29 15:17:57,普通用户,0,0,normal
c_ext_00004649,p_ext_000586,d24rcmJvQzN4R2w4bEpuSmlaK3NncE9TaElHQ1k1cHVpWDJoc1lPUHJiTzdmWnVIakxuTmwzN05uYzJZZkxoOGhaS01yWTJyaktxRGVXSjI=,,,简历要怎么投,23,3,2026-04-09 03:17:57,本科生,0,0,normal
c_ext_00004650,p_ext_000535,u_ext_00390,,,这个窗口确实不错,4,0,2026-02-04 11:02:57,校园达人,0,0,normal
c_ext_00004651,p_ext_001480,czQrRmdaV3IwWW1FcHNpa2xwK2tycFduZUt1WVpKcUFqb2w4ajQyT25LeTRqWmVUZnBQVWFuK1NzdEdHbjg1K2k4MkVzSm1GaUhxRmlXSjI=,,,可以自提吗,15,0,2026-03-21 07:35:57,初中生,0,0,normal
c_ext_00004652,p_ext_001003,u_ext_00426,,,多少钱,6,3,2026-03-14 02:55:57,活跃同学,0,0,normal
c_ext_00004653,p_ext_000676,u_ext_00354,,,在哪个校区交易,15,0,2026-04-15 18:48:57,资深坛友,0,0,normal
c_ext_00004654,2101519045,u_ext_00421,,,时间合适的话可以,8,0,2026-02-24 15:48:57,普通用户,0,0,normal
c_ext_00004655,p_ext_001029,dTRDQnNZTzZ4WXlVdXRETWhLK2tnWWlscGErYVpJaXJncDVxYll5Qng2NjFqcGF5bDdqRmE1S3F2cmlHb2M1a2k4K3FnWngyWjZtTnIySjI=,,,可以自提吗,24,0,2026-05-29 20:30:57,本科生,0,0,normal
c_ext_00004656,p_ext_001454,dEtLYm1vTzYwWjZMdDlTNmdYdk5yWVNvb3FTTGRaMnZoYUdhb29pUnJkbXpqbjJObHJpWmE0VzV1clNZaXNsa2xiZUVhb1dlZktXWXIySjI=,,,时间合适的话可以,18,1,2026-03-22 01:12:57,初中生,0,0,normal
c_ext_00004657,p_ext_001776,u_ext_00149,,,可以自提吗,8,1,2026-04-29 20:21:57,普通用户,0,0,normal
c_ext_00004658,p_ext_001591,u_ext_00207,,,多少钱,15,1,2026-05-11 03:10:57,普通用户,0,0,normal
c_ext_00004659,p_ext_000810,u_ext_00163,,,多少钱,25,3,2026-02-23 04:49:57,校园达人,0,0,normal
c_ext_00004660,p_ext_000122,u_ext_00240,,,还在吗,18,3,2026-05-05 07:29:57,活跃同学,0,0,normal
c_ext_00004661,2101587925,u_ext_00432,,,在哪个校区交易,13,0,2026-03-31 15:32:57,资深坛友,0,0,normal
c_ext_00004662,2101629214,u_ext_00351,,,多少钱,30,0,2026-03-12 01:02:57,活跃同学,0,0,normal
c_ext_00004663,p_ext_000488,u_ext_00303,,,求资料,1,3,2026-03-09 19:45:57,资深坛友,0,0,normal
c_ext_00004664,p_ext_000765,u_ext_00413,,,蹲一个复习整理,9,3,2026-04-02 17:27:57,普通用户,0,0,normal
c_ext_00004665,2101597153,u_ext_00381,,,在哪个校区交易,4,2,2026-02-16 08:42:57,活跃同学,0,0,normal
c_ext_00004666,p_ext_000348,u_ext_00469,,,可以自提吗,9,0,2026-04-20 19:05:57,校园达人,0,0,normal
c_ext_00004667,p_ext_000755,u_ext_00316,,,在哪个校区交易,19,0,2026-05-29 02:21:57,校园达人,0,0,normal
c_ext_00004668,p_ext_000765,u_ext_00306,,,感谢分享,25,3,2026-04-23 08:59:57,活跃同学,0,0,normal
c_ext_00004669,p_ext_001608,u_ext_00482,,,这个岗位适合大三吗,4,2,2026-03-07 15:08:57,活跃同学,0,0,normal
c_ext_00004670,2101519045,u_ext_00378,,,我也想参加,2,0,2026-03-30 22:49:57,校园达人,0,0,normal
c_ext_00004671,p_ext_000141,u_ext_00113,,,蹲一个复习整理,30,3,2026-02-24 09:16:57,活跃同学,0,0,normal
c_ext_00004672,p_ext_000746,u_ext_00260,,,还在吗,15,2,2026-04-28 12:26:57,普通用户,0,0,normal
c_ext_00004673,p_ext_001844,u_ext_00237,,,还在吗,8,0,2026-05-04 00:29:57,资深坛友,0,0,normal
c_ext_00004674,2101504655,cjMrRms1ZXJyNE4vcWR2YWlJdktySkxjbHFlTG5hYXJpNkdpajVxbTA2KzFrSFd6bHMrN281UFF0cTZJZTZTRGdMcUxhWkNkZkdpQ2VXSjI=,,,我也想参加,15,2,2026-02-27 10:35:57,硕士生,0,0,normal
c_ext_00004675,p_ext_001611,cjdLWGpuK1V5R2VTcWNpdWwzcXduWWVTcG95T2hwNXJpWXQ0Zkl5Tng3aTJmbzF1aExpYWJJUzUxNWFXWjgxcGxiZUloSnVGZjJ1SmlXSjI=,,,需要什么技术栈,30,0,2026-04-03 11:00:57,初中生,0,0,normal
c_ext_00004676,p_ext_001462,u_ext_00275,,,蹲一个搭子,26,0,2026-05-18 00:55:57,普通用户,0,0,normal
c_ext_00004677,p_ext_000648,u_ext_00269,,,这个窗口确实不错,15,3,2026-04-15 06:12:57,普通用户,0,0,normal
c_ext_00004678,p_ext_001275,u_ext_00161,,,在哪个校区交易,6,2,2026-04-05 20:21:57,资深坛友,0,0,normal
c_ext_00004679,p_ext_000904,u_ext_00325,,,多少钱,23,2,2026-06-02 07:50:57,资深坛友,0,0,normal
c_ext_00004680,p_ext_000737,u_ext_00441,,,求资料,29,0,2026-04-25 17:43:57,普通用户,0,0,normal
c_ext_00004681,p_ext_001552,eEg2ZmtJYVd0Nm1WdHFxN2dYdTBkNE9VZ0tTT2VZZHRnWWltaUppT3ZOM0VqNFdOaGMzRm5vYXExTXFDZmNaOWhxWjRycENHWjIyRGVXSjI=,,,这个窗口确实不错,4,1,2026-05-12 19:32:57,本科生,0,0,normal
c_ext_00004682,p_ext_000123,u_ext_00376,,,这个窗口确实不错,6,0,2026-05-20 19:32:57,活跃同学,0,0,normal
c_ext_00004683,p_ext_001648,u_ext_00173,,,多少钱,15,1,2026-03-03 22:51:57,校园达人,0,0,normal
c_ext_00004684,p_ext_001768,u_ext_00416,,,这个窗口确实不错,15,3,2026-05-08 11:40:57,普通用户,0,0,normal
c_ext_00004685,p_ext_001521,u_ext_00174,,,还在吗,9,0,2026-02-17 20:56:57,校园达人,0,0,normal
c_ext_00004686,p_ext_000968,u_ext_00122,,,时间合适的话可以,19,1,2026-05-08 12:44:57,活跃同学,0,0,normal
c_ext_00004687,p_ext_001165,u_ext_00479,,,多少钱,30,0,2026-04-12 20:53:57,普通用户,0,0,normal
c_ext_00004688,p_ext_001246,dFpDSWJaTzVwMzE4M016U2g0MmpaWlNUZTIyRlk0ZHRqWXVFb1krbnFONjRmSit5aTlDVnJvdVMzSmVVaTZldWk2aU1wbzE0a0lDQmVXSjI=,,,这个窗口确实不错,28,1,2026-05-19 05:53:57,讲师,0,0,normal
c_ext_00004689,p_ext_000406,dTRDQnNZTzZ4WXlVdXRETWhLK2tnWWlscGErYVpJaXJncDVxYll5Qng2NjFqcGF5bDdqRmE1S3F2cmlHb2M1a2k4K3FnWngyWjZtTnIySjI=,,,这个窗口确实不错,2,1,2026-03-26 10:50:57,本科生,0,0,normal
c_ext_00004690,p_ext_000601,u_ext_00257,,,蹲一个复习整理,1,0,2026-03-21 06:12:57,活跃同学,0,0,normal
c_ext_00004691,p_ext_001484,dGFONWhJUE5xNkdEdWI2NWZtalNaWXFVZUxHTmg2S0FqV2RqZ0p1bng5bTBqNWVTbExtN2FYMlVsYkdJak01cGhhbUVlNXA1aEsyQ2VXSjI=,,,需要什么技术栈,25,2,2026-04-17 21:49:57,幼儿园,0,0,normal
c_ext_00004692,p_ext_000470,dTQ2TmZJemRxbWw5azY2MWpYcThnNHFTbnEySm5ZeHRnWitNcElxa3ZiQ3ZqWDJ4ZjlDU2U1SzZwcldVZmJpRmhhbXFwWXVHbnF1SGlXSjI=,,,多少钱,19,2,2026-05-06 08:24:57,本科生,0,0,normal
c_ext_00004693,2101544463,u_ext_00150,,,这个窗口确实不错,20,1,2026-05-07 00:54:57,普通用户,0,0,normal
c_ext_00004694,p_ext_001160,u_ext_00404,,,这个窗口确实不错,1,3,2026-04-07 22:46:57,活跃同学,0,0,normal
c_ext_00004695,p_ext_001175,u_ext_00388,,,在哪个校区交易,17,3,2026-02-12 06:24:57,资深坛友,0,0,normal
c_ext_00004696,p_ext_000193,u_ext_00414,,,这个窗口确实不错,30,3,2026-03-29 17:14:57,资深坛友,0,0,normal
c_ext_00004697,p_ext_000172,eEdxWGlwU1dzbXFTdXNqV2xIckdmNFROaUt5YWlJaW9sNGwwYkltTnVkQ3lqSVZwbEtpV2ZKT1VsYzZZamFpTGhLZG5oNHliZ0llSGlXSjI=,,,还在吗,29,2,2026-05-02 06:06:57,高中生,0,0,normal
c_ext_00004698,p_ext_000326,u_ext_00369,,,可以自提吗,30,0,2026-05-17 16:45:57,普通用户,0,0,normal
c_ext_00004699,p_ext_001622,u_ext_00275,,,多少钱,15,2,2026-04-12 23:57:57,普通用户,0,0,normal
c_ext_00004700,p_ext_001916,u_ext_00252,,,多少钱,10,0,2026-02-24 18:16:57,校园达人,0,0,normal
c_ext_00004701,p_ext_001959,u_ext_00147,,,需要什么技术栈,3,0,2026-05-28 20:58:57,校园达人,0,0,normal
c_ext_00004702,p_ext_001553,u_ext_00422,,,时间合适的话可以,27,2,2026-02-22 02:52:57,资深坛友,0,0,normal
c_ext_00004703,p_ext_000762,dElDZmU0VzYwV2VHemRpcmxxSFNwSVdTcXFpYVlaNTltSHBqcTRGc3FjNnZnSVdPZ0xpbmVvdXBxcnVXZmJCbWdLcWhiSnAzZkh1SGlXSjI=,,,在哪个校区交易,18,0,2026-04-16 17:38:57,高中生,0,0,normal
c_ext_00004704,p_ext_000104,dG9DanFaZlJ0bWFMcHJLV2dHZXdqSk9tZ0tpTFpJQ0VtR2VxcElTTno3N0RnSDJ0aGFxVnFIN1Fxc3lWZXM2R2hicUlySXVyaUkrSGlXSjI=,,,蹲一个复习整理,21,0,2026-05-30 10:44:57,博士生,0,0,normal
c_ext_00004705,p_ext_000315,u_ext_00210,,,可以自提吗,1,2,2026-03-19 05:59:57,校园达人,0,0,normal
c_ext_00004706,p_ext_000768,u_ext_00232,,,可以自提吗,0,1,2026-04-20 21:38:57,普通用户,0,0,normal
c_ext_00004707,p_ext_000621,u_ext_00421,,,可以内推吗,15,1,2026-02-18 07:42:57,普通用户,0,0,normal
c_ext_00004708,p_ext_001550,eEg5cnM1V1Z0NHlJcHFiU2phTFNybitVaUtxRm40K3hobWVlc1lTUnNkYkRvMlNobEpUSmE1Yk4wSmVXYU1hTGhjMXJybzE1b3FtT3IySjI=,,,可以自提吗,17,3,2026-03-28 23:20:57,高中生,0,0,normal
c_ext_00004709,p_ext_001309,u_ext_00426,,,在哪个校区交易,5,0,2026-03-17 01:21:57,活跃同学,0,0,normal
c_ext_00004710,p_ext_000995,u_ext_00104,,,感谢分享,11,1,2026-04-15 00:41:57,普通用户,0,0,normal
c_ext_00004711,p_ext_000671,cm9DQWJZYlF1MmFTdU15MWxtZXNhSkxPaUdpTG5vQ2tmNjkwYVl0cXo3MjNmNGx1bDdxdmZvWE9wczJFYU1wb2ZKU1dnSW1KZUpLVnIySjI=,,,在哪个校区交易,28,0,2026-03-18 21:32:57,硕士生,0,0,normal
c_ext_00004712,p_ext_001049,u_ext_00160,,,这个岗位适合大三吗,11,3,2026-05-15 08:14:57,资深坛友,0,0,normal
c_ext_00004713,p_ext_000683,u_ext_00134,,,蹲一个搭子,21,0,2026-02-20 00:47:57,活跃同学,0,0,normal
c_ext_00004714,p_ext_001911,u_ext_00498,,,蹲一个搭子,2,1,2026-05-27 17:01:57,校园达人,0,0,normal
c_ext_00004715,p_ext_001068,u_ext_00463,,,这个窗口确实不错,16,3,2026-05-06 08:56:57,资深坛友,0,0,normal
c_ext_00004716,p_ext_001568,c28ybnJJelEwSzZHbExhNWxZM09xSlBOYTRPTmlKQ0lsYUNtallSL3FkbXZrSmVwZzlDM2hYL1BzcytCaTZOcGZ0eUFwWnFmbld1WHIySjI=,,,可以自提吗,9,0,2026-04-30 13:41:57,本科生,0,0,normal
c_ext_00004717,p_ext_000126,u_ext_00353,,,还在吗,9,1,2026-03-06 00:39:57,资深坛友,0,0,normal
c_ext_00004718,p_ext_001262,u_ext_00430,,,可以自提吗,21,0,2026-05-11 20:28:57,校园达人,0,0,normal
c_ext_00004719,p_ext_000197,u_ext_00427,,,多少钱,12,2,2026-03-02 04:04:57,校园达人,0,0,normal
c_ext_00004720,p_ext_001187,u_ext_00106,,,这个窗口确实不错,8,0,2026-04-25 09:24:57,活跃同学,0,0,normal
c_ext_00004721,p_ext_001240,u_ext_00130,,,这个窗口确实不错,7,2,2026-03-04 18:09:57,校园达人,0,0,normal
c_ext_00004722,p_ext_001831,u_ext_00101,,,我也想参加,3,0,2026-03-30 12:15:57,资深坛友,0,0,normal
c_ext_00004723,p_ext_000632,u_ext_00476,,,这个窗口确实不错,2,1,2026-04-20 15:12:57,活跃同学,0,0,normal
c_ext_00004724,p_ext_001808,u_ext_00215,,,可以自提吗,28,2,2026-03-18 07:16:57,普通用户,0,0,normal
c_ext_00004725,p_ext_000303,u_ext_00396,,,可以自提吗,29,1,2026-02-28 23:24:57,普通用户,0,0,normal
c_ext_00004726,p_ext_000369,eHFPRWJaV25xMnFUemE2bmxtYW5aSmFxZktXWllZaUJtWitJZll0K25OU3Zmbld3aDgydmlZWGNwWkdLbjhhaGg1S2VpSnRqZklHT3IySjI=,,,多少钱,21,2,2026-05-16 03:21:57,幼儿园,0,0,normal
c_ext_00004727,p_ext_001204,dFkybnBuL2RzNm1XdDY2eGpJdk9nb2FTZUlpY25wMnZoNjVyckkyUHJiaTRmSnVqbHF2RWFvQzNyckdIaXJPc2dzMTRoSVdIZDY2SmlXSjI=,,,可以自提吗,15,3,2026-02-12 06:23:57,初中生,0,0,normal
c_ext_00004728,p_ext_001403,dXFLSmlwYW5zNnlVa3FxM2xtVzRycGE0ZDIyT2VZeG9sMmlBb1psOG05N0RrSWh1Z2Flam9aV1UwTmlVcjZPdGk2aWhzSnQ1Z0hxRmlXSjI=,,,还在吗,6,3,2026-05-26 08:00:57,小学生,0,0,normal
c_ext_00004729,p_ext_000242,u_ext_00134,,,活动还有名额吗,16,3,2026-06-02 07:10:57,活跃同学,0,0,normal
c_ext_00004730,p_ext_000820,u_ext_00141,,,求资料,24,1,2026-05-17 22:00:57,普通用户,0,0,normal
c_ext_00004731,p_ext_001172,u_ext_00271,,,这个窗口确实不错,15,0,2026-04-22 21:54:57,普通用户,0,0,normal
c_ext_00004732,p_ext_001877,u_ext_00491,,,在哪个校区交易,30,0,2026-04-16 01:18:57,活跃同学,0,0,normal
c_ext_00004733,p_ext_001218,u_ext_00345,,,可以内推吗,12,3,2026-02-22 18:04:57,活跃同学,0,0,normal
c_ext_00004734,p_ext_000886,u_ext_00392,,,这个窗口确实不错,19,2,2026-04-06 13:46:57,普通用户,0,0,normal
c_ext_00004735,p_ext_001706,u_ext_00380,,,可以自提吗,28,2,2026-04-29 10:29:57,校园达人,0,0,normal
c_ext_00004736,p_ext_000803,u_ext_00165,,,这个窗口确实不错,2,1,2026-04-09 23:11:57,活跃同学,0,0,normal
c_ext_00004737,p_ext_001161,dHBCMW81U254WDZEemEyVmhhRGFkbjdPZ0lDUllwbHBsNHFtb1l0OXJiVERzb0J0ZjVhM2lwYTYwOU9WZkp0NWxLaUFqWkYwYjRlSWlXSjI=,,,蹲一个搭子,13,1,2026-03-02 10:12:57,硕士生,0,0,normal
c_ext_00004738,p_ext_000728,dzJxanFaZXB4WWVWdWEzVGphRzBvWDNjZElxUW5xNTZtS0dlYklTQXg4ZkVwWDJRaHRDVmEzNnAxSk9JZWJDS2hxbVdyNXFjb29PRGVXSjI=,,,还在吗,27,1,2026-05-20 20:04:57,初中生,0,0,normal
c_ext_00004739,p_ext_001191,u_ext_00201,,,可以自提吗,3,2,2026-05-27 07:13:57,校园达人,0,0,normal
c_ext_00004740,p_ext_000744,u_ext_00379,,,时间合适的话可以,27,2,2026-05-08 21:34:57,活跃同学,0,0,normal
c_ext_00004741,p_ext_001725,u_ext_00232,,,这个窗口确实不错,14,2,2026-04-23 06:25:57,普通用户,0,0,normal
c_ext_00004742,p_ext_000363,u_ext_00181,,,可以自提吗,14,1,2026-05-07 10:18:57,校园达人,0,0,normal
c_ext_00004743,p_ext_000831,u_ext_00269,,,多少钱,9,0,2026-03-13 00:23:57,普通用户,0,0,normal
c_ext_00004744,p_ext_001785,u_ext_00348,,,多少钱,17,0,2026-03-21 10:28:57,普通用户,0,0,normal
c_ext_00004745,p_ext_001845,u_ext_00412,,,多少钱,13,2,2026-03-14 01:44:57,资深坛友,0,0,normal
c_ext_00004746,p_ext_001682,u_ext_00374,,,这个窗口确实不错,9,2,2026-05-21 01:12:57,普通用户,0,0,normal
c_ext_00004747,p_ext_001263,u_ext_00380,,,还在吗,1,1,2026-06-01 17:19:57,校园达人,0,0,normal
c_ext_00004748,p_ext_001248,u_ext_00289,,,还在吗,12,0,2026-04-27 06:49:57,普通用户,0,0,normal
c_ext_00004749,p_ext_001752,u_ext_00241,,,在哪个校区交易,27,2,2026-05-20 00:37:57,资深坛友,0,0,normal
c_ext_00004750,p_ext_001570,u_ext_00192,,,在哪个校区交易,0,2,2026-03-01 12:46:57,校园达人,0,0,normal
c_ext_00004751,p_ext_001031,u_ext_00242,,,简历要怎么投,22,1,2026-02-23 22:08:57,资深坛友,0,0,normal
c_ext_00004752,p_ext_000333,dzVCMXI0WFB5WTJGbExYWGpZcTRub3FUb29LRllhNnRtWXVFaDRlTW01bXVzbml2aEpXU2tJak50ZGlNakxSNGtxZG5hSVI0ZkpLS2lXSjI=,,,可以自提吗,28,0,2026-03-29 02:22:57,博士生,0,0,normal
c_ext_00004753,p_ext_001556,u_ext_00248,,,还在吗,7,1,2026-04-03 03:56:57,校园达人,0,0,normal
c_ext_00004754,p_ext_001655,u_ext_00259,,,活动还有名额吗,26,0,2026-05-16 16:39:57,活跃同学,0,0,normal
c_ext_00004755,p_ext_000845,u_ext_00462,,,活动还有名额吗,9,2,2026-05-16 02:59:57,活跃同学,0,0,normal
c_ext_00004756,p_ext_000133,u_ext_00362,,,在哪个校区交易,5,0,2026-05-25 11:32:57,普通用户,0,0,normal
c_ext_00004757,p_ext_001343,cjZGc2lJdTZwNCtGcWFxMWhwL0daWCtUaEtPYm5tYXZncTkwcDRGc3JKdkRvb2h0bEpXV29vVFFydGlKbjZpTmhKT2llcHRqbm51QmVXSjI=,,,期末重点有吗,21,3,2026-02-20 03:36:57,讲师,0,0,normal
c_ext_00004758,p_ext_000616,u_ext_00134,,,这个岗位适合大三吗,9,2,2026-04-20 21:02:57,活跃同学,0,0,normal
c_ext_00004759,p_ext_000915,dG42TnEzL091NHVTMEw3T2w2RzRaNVducHFtRlluOXJnNHg0aTRoOXk5M0RwbldEaEpXNmFKVzV0cldIWjlxS2lNNmVvSVdybXFxQmVXSjI=,,,还在吗,6,2,2026-03-26 21:15:57,本科生,0,0,normal
c_ext_00004760,p_ext_001178,u_ext_00194,,,简历要怎么投,23,2,2026-05-16 23:09:57,资深坛友,0,0,normal
c_ext_00004761,p_ext_000212,u_ext_00393,,,在哪个校区交易,29,1,2026-04-28 12:14:57,校园达人,0,0,normal
c_ext_00004762,p_ext_001870,u_ext_00210,,,还在吗,1,1,2026-03-02 00:02:57,校园达人,0,0,normal
c_ext_00004763,p_ext_000183,u_ext_00208,,,我也想参加,27,3,2026-04-24 23:23:57,校园达人,0,0,normal
c_ext_00004764,p_ext_000800,u_ext_00128,,,可以自提吗,0,2,2026-04-17 05:24:57,校园达人,0,0,normal
c_ext_00004765,p_ext_000924,u_ext_00458,,,在哪个校区交易,26,1,2026-03-23 23:30:57,资深坛友,0,0,normal
c_ext_00004766,p_ext_000176,u_ext_00127,,,在哪个校区交易,9,2,2026-04-15 06:08:57,校园达人,0,0,normal
c_ext_00004767,p_ext_001753,u_ext_00221,,,简历要怎么投,23,3,2026-05-30 13:45:57,资深坛友,0,0,normal
c_ext_00004768,p_ext_000551,dG9DanFaZlJ0bWFMcHJLV2dHZXdqSk9tZ0tpTFpJQ0VtR2VxcElTTno3N0RnSDJ0aGFxVnFIN1Fxc3lWZXM2R2hicUlySXVyaUkrSGlXSjI=,,,我也想参加,13,1,2026-05-06 22:41:57,博士生,0,0,normal
c_ext_00004769,p_ext_001958,u_ext_00433,,,可以自提吗,27,3,2026-04-17 09:03:57,资深坛友,0,0,normal
c_ext_00004770,p_ext_000247,eEk5OXBvZk9tbjk4bE5UVGhYcktwSC9RZEsrRVlwcDlsbWg0Z29xenVKakRmMnh0bEx1eWE0V3BsYzJYZTdobGZwT01pWXVKZ0xLS2lXSjI=,,,还在吗,1,3,2026-03-09 10:30:57,本科生,0,0,normal
c_ext_00004771,p_ext_000789,u_ext_00372,,,在哪个校区交易,16,1,2026-06-01 17:44:57,资深坛友,0,0,normal
c_ext_00004772,p_ext_000113,eEpDYnE0UFB5WjZMemN6SmxxSzBkNVBNbWJHS2g0Ujhqbmltc0lTenlwaTNzb1ZyZ05HanFvT3FwZHQvWnJ5RWt0eDRwSXFlb3FDR2lXSjI=,,,还在吗,17,3,2026-04-23 04:52:57,硕士生,0,0,normal
c_ext_00004773,p_ext_001093,dXFXbnJaU3FrcStTMjUzT2dhTFdvSWJOYTZDRVlZeVJnb3VJclp1TnZiQzBhR1NoZ05Demg0clExTnFJb2Nab2haS0VmWU5qcW4rT3IySjI=,,,多少钱,14,3,2026-03-29 06:43:57,高中生,0,0,normal
c_ext_00004774,p_ext_000366,u_ext_00254,,,这个窗口确实不错,15,3,2026-04-28 16:52:57,活跃同学,0,0,normal
c_ext_00004775,p_ext_001609,u_ext_00350,,,可以自提吗,5,3,2026-05-12 14:14:57,校园达人,0,0,normal
c_ext_00004776,p_ext_001931,dzMyYm9ZU3FrbmlTcXFyQ2xLTzBxWXZNZkdpUnE0dHNpV1ZucDRpUnFiVzFzV3l1Zzl5YW9YMlVtSkorWmJocGhwS1dzWkNHb21pWHIySjI=,,,这个窗口确实不错,24,2,2026-02-03 07:40:57,本科生,0,0,normal
c_ext_00004777,p_ext_000118,u_ext_00263,,,这个窗口确实不错,14,1,2026-02-06 11:17:57,普通用户,0,0,normal
c_ext_00004778,p_ext_001449,u_ext_00211,,,多少钱,11,1,2026-05-27 09:23:57,校园达人,0,0,normal
c_ext_00004779,p_ext_000634,d21xQmg0aVRrbytHcXFxNm1JbkdwMzY2b2JDY25KbXdpNHllZzVtT201aXZhNStsbHMydXFJV25sSkdZb3Bkb2xaS0hycGlFYjRlSWlXSjI=,,,多少钱,8,2,2026-04-10 23:48:57,初中生,0,0,normal
c_ext_00004780,p_ext_001307,u_ext_00355,,,还在吗,11,3,2026-02-28 05:58:57,资深坛友,0,0,normal
c_ext_00004781,p_ext_000795,cjVCNGE0ek5wNjZGenE3VGpXZTNaSC9PYzZxRmVJaXRpbnBucm9scXp0MjFnSUdobHJpbnNJV3AzS3lCb2M2bmc3aDByWTEzZjJxV3IySjI=,,,还在吗,3,2,2026-05-25 15:00:57,高中生,0,0,normal
c_ext_00004782,p_ext_000934,u_ext_00419,,,这个窗口确实不错,19,1,2026-03-27 21:39:57,资深坛友,0,0,normal
c_ext_00004783,p_ext_000788,u_ext_00233,,,这个窗口确实不错,29,1,2026-04-24 19:18:57,资深坛友,0,0,normal
c_ext_00004784,p_ext_001613,u_ext_00107,,,这个窗口确实不错,2,0,2026-03-19 08:12:57,普通用户,0,0,normal
c_ext_00004785,p_ext_001436,u_ext_00139,,,可以自提吗,2,2,2026-02-26 04:18:57,活跃同学,0,0,normal
c_ext_00004786,p_ext_000462,u_ext_00179,,,可以自提吗,7,1,2026-02-28 20:48:57,活跃同学,0,0,normal
c_ext_00004787,p_ext_001851,u_ext_00292,,,在哪个校区交易,9,1,2026-03-17 08:48:57,资深坛友,0,0,normal
c_ext_00004788,p_ext_001969,dFk2aWE0UzVyNmVMdUw3UmxwK3dkNVc2aUgrTGRvaWlqcUtXczVxa3VhN0VqV05zaGFpdmczNlUwTHVGaXBPRWhzK2RycHFlakl1SmlXSjI=,,,多少钱,17,1,2026-04-27 20:00:57,小学生,0,0,normal
c_ext_00004789,p_ext_001756,dG9DanFaZlJ0bWFMcHJLV2dHZXdqSk9tZ0tpTFpJQ0VtR2VxcElTTno3N0RnSDJ0aGFxVnFIN1Fxc3lWZXM2R2hicUlySXVyaUkrSGlXSjI=,,,这个窗口确实不错,9,0,2026-03-30 12:29:57,博士生,0,0,normal
c_ext_00004790,p_ext_001849,u_ext_00221,,,求资料,19,0,2026-04-27 22:53:57,资深坛友,0,0,normal
c_ext_00004791,p_ext_000408,u_ext_00364,,,蹲一个搭子,18,3,2026-03-06 22:57:57,普通用户,0,0,normal
c_ext_00004792,p_ext_000802,u_ext_00154,,,还在吗,18,1,2026-02-25 06:14:57,校园达人,0,0,normal
c_ext_00004793,p_ext_001236,u_ext_00241,,,可以自提吗,22,1,2026-04-14 05:27:57,资深坛友,0,0,normal
c_ext_00004794,p_ext_000928,u_ext_00164,,,多少钱,16,1,2026-02-09 02:37:57,资深坛友,0,0,normal
c_ext_00004795,p_ext_000472,cjMrRms1ZXJyNE4vcWR2YWlJdktySkxjbHFlTG5hYXJpNkdpajVxbTA2KzFrSFd6bHMrN281UFF0cTZJZTZTRGdMcUxhWkNkZkdpQ2VXSjI=,,,还在吗,8,1,2026-03-19 17:21:57,硕士生,0,0,normal
c_ext_00004796,p_ext_000321,dzVCMXI0WFB5WTJGbExYWGpZcTRub3FUb29LRllhNnRtWXVFaDRlUnk3ckZqNDJCaTlHM3JJdXB1dGFHZTZScGZxZUFhSm1Gbm02R2lXSjI=,,,这个窗口确实不错,23,2,2026-03-08 08:21:57,博士生,0,0,normal
c_ext_00004797,p_ext_000266,u_ext_00165,,,这个窗口确实不错,20,3,2026-03-07 04:36:57,活跃同学,0,0,normal
c_ext_00004798,p_ext_001047,u_ext_00462,,,还在吗,21,2,2026-02-09 22:59:57,活跃同学,0,0,normal
c_ext_00004799,p_ext_000860,dEk2YnFKVzQyR2lTenE2NmlZM1NmWlRjbXFXTGVKbXZpM3Flc1pkcnZkckZhbm1JaHN5YXNKTzVzdHFOak5hbWhKV2VzcEdGZ0txS2lXSjI=,,,这个窗口确实不错,0,2,2026-05-24 21:23:57,硕士生,0,0,normal
c_ext_00004800,p_ext_000486,u_ext_00462,,,这个窗口确实不错,24,0,2026-03-09 14:44:57,活跃同学,0,0,normal
c_ext_00004801,p_ext_001043,czQrTmdYK3FyNFdVcDh6S2xvcXdoNVRNZUdpUmQ1MXFsbWVIc1lPbHZidTFhNStSbHFtbmk0dTFuWldYb05LRmZOeUlpWnA1ZkllVnIySjI=,,,多少钱,10,1,2026-05-17 00:14:57,本科生,0,0,normal
c_ext_00004802,p_ext_000816,u_ext_00356,,,我也想参加,17,1,2026-04-18 20:54:57,活跃同学,0,0,normal
c_ext_00004803,p_ext_001258,u_ext_00225,,,多少钱,20,2,2026-05-24 05:51:57,普通用户,0,0,normal
c_ext_00004804,p_ext_001132,u_ext_00257,,,这个窗口确实不错,16,0,2026-02-22 09:01:57,活跃同学,0,0,normal
c_ext_00004805,p_ext_000505,u_ext_00447,,,在哪个校区交易,3,3,2026-04-18 21:07:57,活跃同学,0,0,normal
c_ext_00004806,2101589433,u_ext_00412,,,活动还有名额吗,28,2,2026-03-12 12:59:57,资深坛友,0,0,normal
c_ext_00004807,p_ext_000293,u_ext_00252,,,这个岗位适合大三吗,3,1,2026-04-23 13:48:57,校园达人,0,0,normal
c_ext_00004808,2101587925,u_ext_00491,,,多少钱,4,1,2026-02-10 10:00:57,活跃同学,0,0,normal
c_ext_00004809,p_ext_000952,u_ext_00421,,,还在吗,0,0,2026-02-22 12:26:57,普通用户,0,0,normal
c_ext_00004810,2101600478,u_ext_00474,,,在哪个校区交易,24,0,2026-03-23 20:49:57,普通用户,0,0,normal
c_ext_00004811,p_ext_000578,u_ext_00364,,,这个窗口确实不错,21,0,2026-02-16 05:27:57,普通用户,0,0,normal
c_ext_00004812,2101566293,u_ext_00273,,,多少钱,20,1,2026-04-23 02:52:57,校园达人,0,0,normal
c_ext_00004813,p_ext_000899,u_ext_00325,,,还在吗,19,1,2026-02-19 02:25:57,资深坛友,0,0,normal
c_ext_00004814,p_ext_001292,eEg5cnM1V1Z0NHlJcHFiU2phTFNybitVaUtxRm40K3hobWVlc1lTUnNkYkRvMlNobEpUSmE1Yk4wSmVXYU1hTGhjMXJybzE1b3FtT3IySjI=,,,我也想参加,13,1,2026-05-27 15:01:57,高中生,0,0,normal
c_ext_00004815,p_ext_000549,u_ext_00308,,,简历要怎么投,5,1,2026-03-11 14:55:57,资深坛友,0,0,normal
c_ext_00004816,p_ext_000465,u_ext_00282,,,求资料,24,1,2026-03-02 22:37:57,资深坛友,0,0,normal
c_ext_00004817,p_ext_000740,u_ext_00435,,,在哪个校区交易,19,2,2026-03-27 09:14:57,资深坛友,0,0,normal
c_ext_00004818,p_ext_001170,u_ext_00227,,,我也想参加,6,1,2026-03-18 14:30:57,活跃同学,0,0,normal
c_ext_00004819,p_ext_000786,u_ext_00141,,,活动还有名额吗,18,0,2026-03-03 02:20:57,普通用户,0,0,normal
c_ext_00004820,2101623364,u_ext_00378,,,可以自提吗,27,3,2026-02-17 17:30:57,校园达人,0,0,normal
c_ext_00004821,2101527263,u_ext_00363,,,多少钱,21,3,2026-03-19 04:09:57,普通用户,0,0,normal
c_ext_00004822,p_ext_001754,u_ext_00211,,,还在吗,10,0,2026-03-31 22:20:57,校园达人,0,0,normal
c_ext_00004823,p_ext_000835,u_ext_00264,,,我也想参加,24,2,2026-02-07 18:17:57,活跃同学,0,0,normal
c_ext_00004824,p_ext_001168,u_ext_00417,,,这个窗口确实不错,6,0,2026-04-25 10:00:57,资深坛友,0,0,normal
c_ext_00004825,p_ext_001328,u_ext_00365,,,多少钱,19,2,2026-04-12 22:29:57,普通用户,0,0,normal
c_ext_00004826,p_ext_000519,dFk2aWE0UzVyNmVMdUw3UmxwK3dkNVc2aUgrTGRvaWlqcUtXczVxa3VhN0VqV05zaGFpdmczNlUwTHVGaXBPRWhzK2RycHFlakl1SmlXSjI=,,,可以自提吗,3,0,2026-05-13 00:17:57,小学生,0,0,normal
c_ext_00004827,p_ext_001045,u_ext_00229,,,在哪个校区交易,9,1,2026-05-23 23:49:57,校园达人,0,0,normal
c_ext_00004828,p_ext_000895,u_ext_00383,,,我也想参加,7,0,2026-04-05 12:48:57,普通用户,0,0,normal
c_ext_00004829,p_ext_001201,u_ext_00322,,,多少钱,9,2,2026-05-05 11:13:57,资深坛友,0,0,normal
c_ext_00004830,2101614176,u_ext_00397,,,多少钱,18,2,2026-04-03 00:10:57,普通用户,0,0,normal
c_ext_00004831,p_ext_001493,u_ext_00131,,,多少钱,18,1,2026-05-02 18:29:57,普通用户,0,0,normal
c_ext_00004832,p_ext_000538,u_ext_00182,,,这个窗口确实不错,23,2,2026-02-10 18:13:57,校园达人,0,0,normal
c_ext_00004833,p_ext_001912,u_ext_00203,,,这个窗口确实不错,19,1,2026-04-25 10:05:57,活跃同学,0,0,normal
c_ext_00004834,p_ext_001692,u_ext_00235,,,可以自提吗,21,0,2026-05-25 14:06:57,校园达人,0,0,normal
c_ext_00004835,p_ext_000962,u_ext_00322,,,蹲一个搭子,22,2,2026-04-12 04:00:57,资深坛友,0,0,normal
c_ext_00004836,p_ext_001121,u_ext_00111,,,活动还有名额吗,13,2,2026-03-26 02:05:57,校园达人,0,0,normal
c_ext_00004837,2101601503,u_ext_00332,,,在哪个校区交易,8,0,2026-03-17 06:51:57,活跃同学,0,0,normal
c_ext_00004838,2101621570,dUkyTmk0RGRzNnVHek5DbmlIeTRxSUtUb1cySlk1QnNsMldFa29la3ROaTFqblN4bHM2WlpvV1MxTnFHZkxTQmlMbUVnNDJkZUl1SGlXSjI=,,,在哪个校区交易,10,1,2026-05-18 02:36:57,本科生,0,0,normal
c_ext_00004839,p_ext_000714,u_ext_00354,,,需要什么技术栈,16,2,2026-02-03 16:30:57,资深坛友,0,0,normal
c_ext_00004840,p_ext_000288,u_ext_00290,,,期末重点有吗,16,3,2026-04-23 09:29:57,普通用户,0,0,normal
c_ext_00004841,p_ext_000488,u_ext_00315,,,感谢分享,17,1,2026-03-07 09:50:57,普通用户,0,0,normal
c_ext_00004842,p_ext_000111,u_ext_00236,,,多少钱,23,1,2026-02-25 23:57:57,资深坛友,0,0,normal
c_ext_00004843,p_ext_001376,u_ext_00194,,,还在吗,29,2,2026-02-27 15:21:57,资深坛友,0,0,normal
c_ext_00004844,p_ext_000721,dDZPbm8zMlZrb1NEbEsyVWdhQ3doWmE0aElPUW02SjdqYStBc3BlbnZadTFqcU9LZ0tpWnNJUzRzdGFNamRLQWtwV2FtWkZpZklhQ2VXSjI=,,,可以自提吗,26,0,2026-05-28 02:01:57,本科生,0,0,normal
c_ext_00004845,p_ext_001441,u_ext_00388,,,我也想参加,14,3,2026-02-28 22:25:57,资深坛友,0,0,normal
c_ext_00004846,p_ext_001443,u_ext_00388,,,需要什么技术栈,21,1,2026-05-21 00:27:57,资深坛友,0,0,normal
c_ext_00004847,p_ext_001626,u_ext_00339,,,在哪个校区交易,14,2,2026-04-08 12:24:57,校园达人,0,0,normal
c_ext_00004848,p_ext_000510,u_ext_00479,,,可以自提吗,20,1,2026-03-05 19:38:57,普通用户,0,0,normal
c_ext_00004849,p_ext_001288,c0h4NWlJelF0bXAvdHNlVmYyZkdqSlMzZ0lHWXE2S25pWHFXckpwcDE3ZTJpMnlLbGN5YWpJdmJuY0tCbzgxa2dMZWloWTZJcHBHSGlXSjI=,,,还在吗,24,0,2026-02-06 03:44:57,高中生,0,0,normal
c_ext_00004850,p_ext_000694,u_ext_00259,,,还在吗,3,2,2026-02-06 04:49:57,活跃同学,0,0,normal
c_ext_00004851,p_ext_001197,u_ext_00315,,,可以自提吗,26,3,2026-02-19 12:53:57,普通用户,0,0,normal
c_ext_00004852,p_ext_000863,u_ext_00206,,,可以自提吗,27,0,2026-04-01 04:40:57,普通用户,0,0,normal
c_ext_00004853,p_ext_000158,dFh5ZXNvaVR5YStMdHNpbGw0M09vSWpQZklxTGg0OXNob3FFazVkOXFKYkVhcDV1aEx1emUzNlUwSzZHb0t5Q2lLYUFiSkNIakdtR2lXSjI=,,,还在吗,4,2,2026-02-26 16:22:57,高中生,0,0,normal
c_ext_00004854,p_ext_001718,u_ext_00166,,,还在吗,10,3,2026-02-05 04:31:57,活跃同学,0,0,normal
c_ext_00004855,p_ext_000192,dFg2QmZJdVZxMzJIMExLemduM1NucE9VbG91Q1laQ1JpM3Q0cW9xT21LbTdnS04vaU16VWE1Yk50cWVOWjhhS2xzK3FiSXljbW4yTnIySjI=,,,时间合适的话可以,11,0,2026-04-16 02:02:57,初中生,0,0,normal
c_ext_00004856,p_ext_000274,u_ext_00496,,,在哪个校区交易,4,3,2026-05-27 22:26:57,校园达人,0,0,normal
c_ext_00004857,p_ext_000225,u_ext_00475,,,多少钱,6,2,2026-02-10 16:54:57,活跃同学,0,0,normal
c_ext_00004858,p_ext_000792,u_ext_00383,,,多少钱,17,1,2026-04-01 12:43:57,普通用户,0,0,normal
c_ext_00004859,p_ext_000779,u_ext_00197,,,可以自提吗,5,0,2026-05-11 10:41:57,普通用户,0,0,normal
c_ext_00004860,p_ext_001260,u_ext_00257,,,这个窗口确实不错,27,1,2026-02-17 21:37:57,活跃同学,0,0,normal
c_ext_00004861,p_ext_001598,dHFWNWU0ZVV5YTZFdHJuWGhxL09xNGVub1dxSWhxRm9pV2Q0am9sc3o4REdwbjJrZ2F2Tmg0U290ckdVWjd5Qmk4eUVqcHA0Zkd1SmlXSjI=,,,这个窗口确实不错,27,2,2026-04-13 23:06:57,初中生,0,0,normal
c_ext_00004862,p_ext_001167,u_ext_00317,,,多少钱,12,3,2026-02-03 00:59:57,资深坛友,0,0,normal
c_ext_00004863,p_ext_001456,u_ext_00353,,,在哪个校区交易,18,2,2026-04-29 16:35:57,资深坛友,0,0,normal
c_ext_00004864,p_ext_000563,u_ext_00394,,,这个窗口确实不错,19,1,2026-03-26 16:52:57,校园达人,0,0,normal
c_ext_00004865,p_ext_000107,u_ext_00429,,,在哪个校区交易,29,0,2026-03-26 19:45:57,普通用户,0,0,normal
c_ext_00004866,p_ext_001775,dFg2QmZJdVZxMzJIMExLemduM1NucE9VbG91Q1laQ1JpM3Q0cW9xT21LbTdnS04vaU16VWE1Yk50cWVOWjhhS2xzK3FiSXljbW4yTnIySjI=,,,在哪个校区交易,4,2,2026-02-25 08:58:57,初中生,0,0,normal
c_ext_00004867,p_ext_001556,u_ext_00153,,,可以自提吗,0,1,2026-05-24 19:24:57,普通用户,0,0,normal
c_ext_00004868,p_ext_001270,u_ext_00331,,,活动还有名额吗,30,1,2026-02-08 21:42:57,普通用户,0,0,normal
c_ext_00004869,p_ext_000718,u_ext_00108,,,可以自提吗,14,1,2026-02-24 09:21:57,活跃同学,0,0,normal
c_ext_00004870,p_ext_001923,dGFONWhJUE5xNkdEdWI2NWZtalNaWXFVZUxHTmg2S0FqV2RqZ0p1bng5bTBqNWVTbExtN2FYMlVsYkdJak01cGhhbUVlNXA1aEsyQ2VXSjI=,,,可以内推吗,25,3,2026-04-05 05:24:57,幼儿园,0,0,normal
c_ext_00004871,2101580742,czQrRmdaV3IwWW1FcHNpa2xwK2tycFduZUt1WVpKcUFqb2w4ajQyT25LeTRqWmVUZnBQVWFuK1NzdEdHbjg1K2k4MkVzSm1GaUhxRmlXSjI=,,,多少钱,13,2,2026-03-21 16:45:57,初中生,0,0,normal
c_ext_00004872,p_ext_001319,u_ext_00500,,,还在吗,6,3,2026-03-30 07:38:57,活跃同学,0,0,normal
c_ext_00004873,p_ext_000840,dzVCMXI0WFB5WTJGbExYWGpZcTRub3FUb29LRllhNnRtWXVFaDRlUnk3ckZqNDJCaTlHM3JJdXB1dGFHZTZScGZxZUFhSm1Gbm02R2lXSjI=,,,蹲一个搭子,24,0,2026-04-25 07:27:57,博士生,0,0,normal
c_ext_00004874,p_ext_001278,u_ext_00145,,,在哪个校区交易,6,0,2026-04-22 15:36:57,活跃同学,0,0,normal
c_ext_00004875,p_ext_001109,u_ext_00368,,,还在吗,16,0,2026-03-11 07:42:57,活跃同学,0,0,normal
c_ext_00004876,p_ext_001264,u_ext_00426,,,这个窗口确实不错,4,1,2026-02-12 22:35:57,活跃同学,0,0,normal
c_ext_00004877,p_ext_001112,u_ext_00454,,,我也想参加,17,2,2026-04-10 00:13:57,普通用户,0,0,normal
c_ext_00004878,p_ext_000949,u_ext_00169,,,我也想参加,4,0,2026-02-06 16:47:57,活跃同学,0,0,normal
c_ext_00004879,p_ext_001284,u_ext_00472,,,简历要怎么投,22,3,2026-05-09 05:10:57,普通用户,0,0,normal
c_ext_00004880,p_ext_001801,eFdwb29wZlJ5YStGazYyVmdLTFNpSlMyakxLTWQ2WnRsbnhuYm95T3k2eTNwcHF5Zjg3RmpvYTVxc3lJakplRWk1V0VxNW1jZ0s2Q2VXSjI=,,,还在吗,3,3,2026-04-17 01:36:57,高中生,0,0,normal
c_ext_00004881,p_ext_001518,u_ext_00377,,,在哪个校区交易,16,3,2026-04-01 02:33:57,资深坛友,0,0,normal
c_ext_00004882,p_ext_001506,u_ext_00261,,,这个窗口确实不错,24,3,2026-05-12 23:49:57,校园达人,0,0,normal
c_ext_00004883,p_ext_000147,u_ext_00170,,,还在吗,15,3,2026-03-11 09:10:57,普通用户,0,0,normal
c_ext_00004884,p_ext_001616,dzR5RnNJVFFybWFHM0xhNWdudThvNHVuZzdDSmRZU3JnWXA0a28rano5M0ZqM21EbGMzRm5vaXBzWmFVWjVPRGlybU1tWkdJZ0c2WXIySjI=,,,活动还有名额吗,23,3,2026-04-09 08:25:57,本科生,0,0,normal
c_ext_00004885,p_ext_001458,eEtTZWJaYlExWHFJemFxWGhZdW9yb3ZNZjJtUW5vU0VpbzJXaEltbHVkQ3pvbzJ5bGRISmc1YTZ0c3VNak5LR2xMZVdyb1ZrbnBtSGlXSjI=,,,还在吗,4,0,2026-05-06 06:56:57,硕士生,0,0,normal
c_ext_00004886,p_ext_001518,u_ext_00449,,,还在吗,17,1,2026-04-26 14:33:57,资深坛友,0,0,normal
c_ext_00004887,p_ext_001961,u_ext_00212,,,在哪个校区交易,19,0,2026-03-30 01:51:57,活跃同学,0,0,normal
c_ext_00004888,p_ext_000479,u_ext_00324,,,还在吗,9,2,2026-03-28 18:40:57,校园达人,0,0,normal
c_ext_00004889,p_ext_001923,u_ext_00489,,,需要什么技术栈,6,2,2026-05-07 00:58:57,普通用户,0,0,normal
c_ext_00004890,p_ext_000524,u_ext_00455,,,在哪个校区交易,14,0,2026-04-06 06:25:57,活跃同学,0,0,normal
c_ext_00004891,p_ext_000717,cm1pYmlZU3BycTJDemFtV2xHZk9wSXVWZ0txTmQ0T3FpNHlpaUppa3k2dTBmNTlzaTVhdmpaTzEyTk9LbzdTbWt0eDhvcGwzakgrWXIySjI=,,,还在吗,10,2,2026-03-22 04:05:57,本科生,0,0,normal
c_ext_00004892,p_ext_000782,u_ext_00443,,,蹲一个搭子,11,1,2026-03-28 19:29:57,普通用户,0,0,normal
c_ext_00004893,p_ext_000733,u_ext_00356,,,时间合适的话可以,9,2,2026-03-26 11:23:57,活跃同学,0,0,normal
c_ext_00004894,p_ext_001402,u_ext_00111,,,期末重点有吗,9,1,2026-05-15 21:37:57,校园达人,0,0,normal
c_ext_00004895,p_ext_002000,u_ext_00440,,,多少钱,16,0,2026-03-16 16:47:57,校园达人,0,0,normal
c_ext_00004896,p_ext_001830,c0h4NWlJelF0bXAvdHNlVmYyZkdqSlMzZ0lHWXE2S25pWHFXckpwcDE3ZTJpMnlLbGN5YWpJdmJuY0tCbzgxa2dMZWloWTZJcHBHSGlXSjI=,,,多少钱,9,2,2026-05-03 01:06:57,高中生,0,0,normal
c_ext_00004897,p_ext_001278,c21pZm9ZeXFsbytVemRDemxXZmFxNUtWaEs2TW5hYW1oWitWYklxUXo4ZXZhb0duaHFyRmhZcVVxWlNWZk5acWxxaWVyNWgybnJDV3IySjI=,,,可以自提吗,0,0,2026-02-24 21:41:57,小学生,0,0,normal
c_ext_00004898,p_ext_001332,u_ext_00448,,,还在吗,11,2,2026-03-24 06:18:57,普通用户,0,0,normal
c_ext_00004899,p_ext_001282,u_ext_00326,,,多少钱,28,2,2026-02-07 04:04:57,普通用户,0,0,normal
c_ext_00004900,p_ext_000393,dEthZmJaT29zMmlHcXNpWGpZdWpxNVROWTdDUmVLMnVtS0dXa0l5bXFicTFwbmx0aGJpdmpwUzRxWlNFWmJ5RGk4Mk1ocGgybW5xSGlXSjI=,,,这个窗口确实不错,19,3,2026-04-06 04:21:57,高中生,0,0,normal
c_ext_00004901,p_ext_001528,dXFXbnJaU3FrcStTMjUzT2dhTFdvSWJOYTZDRVlZeVJnb3VJcllTQTA5ZXpmMmV5aTg2V3JJYlBxcEdCZkx5b2h0eWFiSmlibVd5RGVXSjI=,,,可以自提吗,6,2,2026-05-26 17:37:57,高中生,0,0,normal
c_ext_00004902,p_ext_001342,u_ext_00221,,,多少钱,17,1,2026-02-12 05:36:57,资深坛友,0,0,normal
c_ext_00004903,p_ext_001660,dGFKNGFZQ1QxWWFIMExiUWwyYTRoMzY0bW9lUmVLMXBsNkdMYVkyaTE5T3dmWmVFaGFpV3JwUE4zTGlJcjhxTWk2cWlzcG1Jakh1WHIySjI=,,,感谢分享,29,3,2026-04-14 12:00:57,硕士生,0,0,normal
c_ext_00004904,p_ext_001711,u_ext_00485,,,可以自提吗,4,3,2026-04-04 12:09:57,活跃同学,0,0,normal
c_ext_00004905,p_ext_001405,u_ext_00457,,,还在吗,13,1,2026-05-15 18:41:57,普通用户,0,0,normal
c_ext_00004906,p_ext_000811,u_ext_00452,,,多少钱,6,0,2026-04-03 03:35:57,普通用户,0,0,normal
c_ext_00004907,p_ext_000601,dTRDRmFwWFJwNDJVejc3WWdHYk5aNFRRbldpY2lIeVNpV2VJaW9kcHZKYXRhS3VSbGJqVWFaU3BuZEtVYU1xbWs2aVdmb1NKcHFtRGVXSjI=,,,感谢分享,29,3,2026-03-20 20:14:57,本科生,0,0,normal
c_ext_00004908,p_ext_001843,u_ext_00472,,,我也想参加,9,1,2026-04-25 05:35:57,普通用户,0,0,normal
c_ext_00004909,p_ext_001576,u_ext_00178,,,多少钱,24,2,2026-05-12 21:32:57,活跃同学,0,0,normal
c_ext_00004910,p_ext_001094,cm55WHBYKzZ4WVdWbGJxcmpLS3dkbituWjdLRnEzeUNoMlY4ZjVpbXo5Q3pvbld4aHJ1cnI0V1QxSzJXamNhT2xybUloSVdhcW5xWHIySjI=,,,可以自提吗,25,0,2026-03-28 16:59:57,本科生,0,0,normal
c_ext_00004911,p_ext_001954,u_ext_00241,,,多少钱,29,1,2026-05-18 03:58:57,资深坛友,0,0,normal
c_ext_00004912,p_ext_000381,u_ext_00264,,,还在吗,16,2,2026-04-01 01:48:57,活跃同学,0,0,normal
c_ext_00004913,p_ext_000129,cmJLYnM0UE96WCtWM0xxMGxLSFNmWWZOb251RW5YaU5ocU9Fb1ltQngrRERvNXQvaGFxM2VJUzR1dEtYaXBKb2ZKS2FxSVNGZklTS2lXSjI=,,,这个窗口确实不错,28,1,2026-03-07 03:17:57,初中生,0,0,normal
c_ext_00004914,p_ext_000113,u_ext_00193,,,可以自提吗,26,2,2026-04-09 00:08:57,资深坛友,0,0,normal
c_ext_00004915,p_ext_000816,u_ext_00407,,,活动还有名额吗,13,1,2026-02-24 06:02:57,校园达人,0,0,normal
c_ext_00004916,p_ext_001570,u_ext_00459,,,在哪个校区交易,22,2,2026-03-19 17:32:57,普通用户,0,0,normal
c_ext_00004917,p_ext_001072,u_ext_00386,,,蹲一个搭子,12,3,2026-04-02 14:22:57,校园达人,0,0,normal
c_ext_00004918,p_ext_000792,u_ext_00259,,,还在吗,28,2,2026-04-01 16:09:57,活跃同学,0,0,normal
c_ext_00004919,p_ext_001495,dGFONWhJUE5xNkdEdWI2NWZtalNaWXFVZUxHTmg2S0FqV2RqZ0p1bng5bTBqNWVTbExtN2FYMlVsYkdJak01cGhhbUVlNXA1aEsyQ2VXSjI=,,,还在吗,13,2,2026-04-21 23:12:57,幼儿园,0,0,normal
c_ext_00004920,p_ext_000856,cjZGc2lJdTZwNCtGcWFxMWhwL0daWCtUaEtPYm5tYXZncTkwcDRGc3JKdkRvb2h0bEpXV29vVFFydGlKbjZpTmhKT2llcHRqbm51QmVXSjI=,,,多少钱,23,3,2026-05-20 12:48:57,讲师,0,0,normal
c_ext_00004921,p_ext_000456,u_ext_00473,,,需要什么技术栈,0,2,2026-04-21 05:30:57,活跃同学,0,0,normal
c_ext_00004922,p_ext_000871,u_ext_00296,,,多少钱,3,3,2026-04-09 10:38:57,资深坛友,0,0,normal
c_ext_00004923,p_ext_000258,u_ext_00102,,,这个窗口确实不错,5,0,2026-03-28 05:38:57,校园达人,0,0,normal
c_ext_00004924,p_ext_001639,u_ext_00410,,,蹲一个搭子,16,0,2026-04-22 20:45:57,活跃同学,0,0,normal
c_ext_00004925,p_ext_001561,u_ext_00384,,,可以自提吗,9,0,2026-04-25 11:26:57,校园达人,0,0,normal
c_ext_00004926,p_ext_001938,u_ext_00133,,,可以自提吗,10,1,2026-05-27 00:44:57,校园达人,0,0,normal
c_ext_00004927,p_ext_000717,dTVDWHJKZk51MzkvcHFhbWlhTzhoSmFvbG95YWlJeVJsb3BqcUlHenBKbXdqcDZ3aWREWXFJZVMwTmFCWnM1bmhxZHFhWnlHZ0lLRmlXSjI=,,,还在吗,25,1,2026-04-01 15:52:57,高中生,0,0,normal
c_ext_00004928,p_ext_001921,dDQ1MWk1ZTN4YkIvazY2MmxYcXdvSU8zZktHWWhxWm9tR2RqYVptUnZhN0NwWTJLaDZlM1pwWE9wcFNNWnJSK2twSnJlcGxpa0krTGlXSjI=,,,还在吗,23,3,2026-04-08 10:07:57,本科生,0,0,normal
c_ext_00004929,p_ext_001270,u_ext_00176,,,蹲一个搭子,21,0,2026-03-04 04:25:57,资深坛友,0,0,normal
c_ext_00004930,p_ext_001158,u_ext_00148,,,这个窗口确实不错,20,1,2026-04-07 01:17:57,资深坛友,0,0,normal
c_ext_00004931,p_ext_000763,u_ext_00275,,,多少钱,28,0,2026-04-27 17:32:57,普通用户,0,0,normal
c_ext_00004932,p_ext_001859,u_ext_00176,,,活动还有名额吗,21,1,2026-02-22 22:52:57,资深坛友,0,0,normal
c_ext_00004933,p_ext_001685,u_ext_00325,,,在哪个校区交易,27,3,2026-04-20 18:16:57,资深坛友,0,0,normal
c_ext_00004934,p_ext_000298,u_ext_00371,,,这个窗口确实不错,23,3,2026-04-15 12:42:57,资深坛友,0,0,normal
c_ext_00004935,2101528808,u_ext_00313,,,多少钱,0,3,2026-02-25 18:39:57,普通用户,0,0,normal
c_ext_00004936,p_ext_001092,dTVDWHJKZk51MzkvcHFhbWlhTzhoSmFvbG95YWlJeVJsb3BqcUlHenBKbXdqcDZ3aWREWXFJZVMwTmFCWnM1bmhxZHFhWnlHZ0lLRmlXSjI=,,,这个窗口确实不错,28,3,2026-02-08 14:04:57,高中生,0,0,normal
c_ext_00004937,p_ext_000270,u_ext_00329,,,还在吗,17,0,2026-04-21 10:22:57,校园达人,0,0,normal
c_ext_00004938,p_ext_001467,cjdLWGpuK1V5R2VTcWNpdWwzcXduWWVTcG95T2hwNXJpWXQ0Zkl5Tng3aTJmbzF1aExpYWJJUzUxNWFXWjgxcGxiZUloSnVGZjJ1SmlXSjI=,,,在哪个校区交易,9,0,2026-04-21 10:15:57,初中生,0,0,normal
c_ext_00004939,p_ext_001798,dDZOa2ZJeTRyMzZIbExhV2hJbkdvbnlWbm8rRWlZdHJoNitla1pwcXhwcXpqV1NrbHF1anI0QzZxZHFOZk5xQWY4K0FqNGFIcHBtWXIySjI=,,,这个窗口确实不错,21,3,2026-04-18 11:43:57,本科生,0,0,normal
c_ext_00004940,p_ext_000548,u_ext_00241,,,还在吗,11,2,2026-03-10 19:51:57,资深坛友,0,0,normal
c_ext_00004941,p_ext_000489,u_ext_00245,,,还在吗,5,2,2026-03-23 06:51:57,资深坛友,0,0,normal
c_ext_00004942,p_ext_000673,u_ext_00241,,,还在吗,19,3,2026-06-01 08:36:57,资深坛友,0,0,normal
c_ext_00004943,p_ext_000327,u_ext_00351,,,这个窗口确实不错,19,2,2026-04-10 04:23:57,活跃同学,0,0,normal
c_ext_00004944,2101633377,dzQ5OWFZU1Rsb0NBdU5DMGlxR3dpSVMzYXJHR2VZZHBsNHVoYllWK3RjNnprSDJ4aWMzSWE1S21ycmlHaTd1bWZKS0FqNFoyb29lSWlXSjI=,,,可以自提吗,3,1,2026-03-18 11:33:57,小学生,0,0,normal
c_ext_00004945,p_ext_001913,dzMyYm9ZU3FrbmlTcXFyQ2xLTzBxWXZNZkdpUnE0dHNpV1ZucDRpUnFiVzFzV3l1Zzl5YW9YMlVtSkorWmJocGhwS1dzWkNHb21pWHIySjI=,,,可以自提吗,6,2,2026-03-11 14:50:57,本科生,0,0,normal
c_ext_00004946,p_ext_000187,dXFXbnJaU3FrcStTMjUzT2dhTFdvSWJOYTZDRVlZeVJnb3VJclp1TnZiQzBhR1NoZ05Demg0clExTnFJb2Nab2haS0VmWU5qcW4rT3IySjI=,,,多少钱,11,0,2026-03-17 13:04:57,高中生,0,0,normal
c_ext_00004947,p_ext_000892,cjdLWGpuK1V5R2VTcWNpdWwzcXduWWVTcG95T2hwNXJpWXQ0Zkl5Tng3aTJmbzF1aExpYWJJUzUxNWFXWjgxcGxiZUloSnVGZjJ1SmlXSjI=,,,活动还有名额吗,15,2,2026-04-18 10:28:57,初中生,0,0,normal
c_ext_00004948,p_ext_000611,dXFXbnJaU3FrcStTMjUzT2dhTFdvSWJOYTZDRVlZeVJnb3VJclp1TnZiQzBhR1NoZ05Demg0clExTnFJb2Nab2haS0VmWU5qcW4rT3IySjI=,,,可以自提吗,13,1,2026-05-03 16:19:57,高中生,0,0,normal
c_ext_00004949,p_ext_001327,u_ext_00179,,,感谢分享,10,2,2026-04-23 08:31:57,活跃同学,0,0,normal
c_ext_00004950,p_ext_001578,u_ext_00470,,,多少钱,26,1,2026-05-10 12:41:57,活跃同学,0,0,normal
c_ext_00004951,p_ext_000495,czQrTmdYK3FyNFdVcDh6S2xvcXdoNVRNZUdpUmQ1MXFsbWVIc1lPbHZidTFhNStSbHFtbmk0dTFuWldYb05LRmZOeUlpWnA1ZkllVnIySjI=,,,多少钱,7,3,2026-03-22 03:46:57,本科生,0,0,normal
c_ext_00004952,p_ext_001481,u_ext_00121,,,在哪个校区交易,12,1,2026-03-07 00:53:57,活跃同学,0,0,normal
c_ext_00004953,p_ext_000560,czMxb2s1V3ExWWFIemN5bWhLR29wWWVTaktDSllXdDdpcUJqYnBta3RaYXVqMzE4bFphcmZuMlR6OW1XcjdDQWs3cUltWWlJWnJDWHIySjI=,,,这个窗口确实不错,16,0,2026-04-26 22:38:57,本科生,0,0,normal
c_ext_00004954,p_ext_000694,u_ext_00307,,,在哪个校区交易,4,2,2026-03-30 09:11:57,资深坛友,0,0,normal
c_ext_00004955,p_ext_001437,u_ext_00215,,,可以自提吗,3,3,2026-05-21 20:38:57,普通用户,0,0,normal
c_ext_00004956,p_ext_001159,u_ext_00148,,,在哪个校区交易,28,2,2026-04-22 09:44:57,资深坛友,0,0,normal
c_ext_00004957,p_ext_000213,u_ext_00437,,,蹲一个复习整理,25,2,2026-02-10 13:45:57,普通用户,0,0,normal
c_ext_00004958,p_ext_000653,u_ext_00463,,,蹲一个搭子,13,3,2026-05-22 11:09:57,资深坛友,0,0,normal
c_ext_00004959,p_ext_001435,u_ext_00313,,,还在吗,10,3,2026-03-04 23:26:57,普通用户,0,0,normal
c_ext_00004960,p_ext_000475,u_ext_00117,,,我也想参加,15,0,2026-03-31 23:51:57,校园达人,0,0,normal
c_ext_00004961,2101582125,u_ext_00238,,,还在吗,14,1,2026-03-03 08:12:57,普通用户,0,0,normal
c_ext_00004962,p_ext_000305,u_ext_00318,,,蹲一个搭子,16,3,2026-05-05 01:49:57,资深坛友,0,0,normal
c_ext_00004963,p_ext_000547,u_ext_00154,,,蹲一个复习整理,29,2,2026-02-13 23:21:57,校园达人,0,0,normal
c_ext_00004964,p_ext_000701,u_ext_00272,,,可以自提吗,16,3,2026-04-17 16:18:57,普通用户,0,0,normal
c_ext_00004965,p_ext_000160,u_ext_00251,,,在哪个校区交易,12,2,2026-02-20 00:23:57,活跃同学,0,0,normal
c_ext_00004966,p_ext_001834,u_ext_00202,,,在哪个校区交易,8,1,2026-03-19 15:29:57,资深坛友,0,0,normal
c_ext_00004967,p_ext_000966,u_ext_00413,,,这个窗口确实不错,2,3,2026-03-03 09:09:57,普通用户,0,0,normal
c_ext_00004968,p_ext_000887,u_ext_00265,,,这个窗口确实不错,23,3,2026-03-28 01:10:57,校园达人,0,0,normal
c_ext_00004969,p_ext_000930,dEk5a2duK3JxcStJcVpYUWhtYThqWVdwbGE2TmRtdU9pSDJhcEllUnBkRzdmWUN4ZjVXcWFaS3F6OWlJZkphdGZaT2FiSnBpakxLR2lXSjI=,,,这个窗口确实不错,22,3,2026-06-01 01:25:57,高中生,0,0,normal
c_ext_00004970,p_ext_000689,dTJtZmdwZTIxYStUcUxYVGxHV1RvNGUzZUtLWmQ0ZHRpR2lJcVpsL3g3UERvb2l3bGRHcnE0UzRwcm1BZXErdWxaT0lzWVNFYjJpSmlXSjI=,,,在哪个校区交易,17,2,2026-02-22 14:35:57,硕士生,0,0,normal
c_ext_00004971,p_ext_001481,u_ext_00207,,,多少钱,13,0,2026-03-10 14:41:57,普通用户,0,0,normal
c_ext_00004972,p_ext_000471,u_ext_00305,,,多少钱,25,1,2026-04-17 09:07:57,活跃同学,0,0,normal
c_ext_00004973,p_ext_001033,u_ext_00166,,,我也想参加,6,2,2026-04-17 04:31:57,活跃同学,0,0,normal
c_ext_00004974,p_ext_001916,u_ext_00338,,,这个窗口确实不错,19,3,2026-02-18 00:20:57,资深坛友,0,0,normal
c_ext_00004975,p_ext_001363,u_ext_00128,,,还在吗,28,3,2026-06-01 11:38:57,校园达人,0,0,normal
c_ext_00004976,p_ext_001518,u_ext_00434,,,在哪个校区交易,27,2,2026-02-13 16:07:57,活跃同学,0,0,normal
c_ext_00004977,p_ext_000984,u_ext_00474,,,多少钱,30,3,2026-02-26 13:02:57,普通用户,0,0,normal
c_ext_00004978,p_ext_000944,u_ext_00103,,,求资料,9,0,2026-02-07 14:28:57,校园达人,0,0,normal
c_ext_00004979,p_ext_000597,u_ext_00202,,,在哪个校区交易,13,3,2026-02-03 17:50:57,资深坛友,0,0,normal
c_ext_00004980,p_ext_001196,u_ext_00270,,,还在吗,24,3,2026-02-12 14:24:57,校园达人,0,0,normal
c_ext_00004981,p_ext_001227,u_ext_00337,,,这个窗口确实不错,13,1,2026-05-21 17:01:57,资深坛友,0,0,normal
c_ext_00004982,p_ext_000189,u_ext_00470,,,在哪个校区交易,22,3,2026-02-04 16:46:57,活跃同学,0,0,normal
c_ext_00004983,p_ext_000165,u_ext_00417,,,在哪个校区交易,15,2,2026-05-11 11:00:57,资深坛友,0,0,normal
c_ext_00004984,p_ext_000784,cjMrRms1ZXJyNE4vcWR2YWlJdktySkxjbHFlTG5hYXJpNkdpajVxbTA2KzFrSFd6bHMrN281UFF0cTZJZTZTRGdMcUxhWkNkZkdpQ2VXSjI=,,,蹲一个搭子,23,3,2026-06-01 02:05:57,硕士生,0,0,normal
c_ext_00004985,p_ext_001310,u_ext_00359,,,可以自提吗,26,2,2026-03-05 10:26:57,校园达人,0,0,normal
c_ext_00004986,p_ext_000583,u_ext_00257,,,时间合适的话可以,9,1,2026-05-31 08:33:57,活跃同学,0,0,normal
c_ext_00004987,p_ext_001889,u_ext_00463,,,还在吗,26,1,2026-02-27 02:20:57,资深坛友,0,0,normal
c_ext_00004988,p_ext_000877,u_ext_00263,,,多少钱,15,2,2026-04-04 11:24:57,普通用户,0,0,normal
c_ext_00004989,p_ext_000777,u_ext_00280,,,在哪个校区交易,24,0,2026-06-01 07:39:57,校园达人,0,0,normal
c_ext_00004990,p_ext_001008,u_ext_00305,,,多少钱,29,2,2026-05-27 14:44:57,活跃同学,0,0,normal
c_ext_00004991,p_ext_001774,u_ext_00338,,,在哪个校区交易,24,0,2026-04-15 19:13:57,资深坛友,0,0,normal
c_ext_00004992,p_ext_001566,u_ext_00199,,,这个窗口确实不错,12,1,2026-05-07 08:40:57,活跃同学,0,0,normal
c_ext_00004993,p_ext_000172,dTRDQnNZTzZ4WXlVdXRETWhLK2tnWWlscGErYVpJaXJncDVxYll5Qng2NjFqcGF5bDdqRmE1S3F2cmlHb2M1a2k4K3FnWngyWjZtTnIySjI=,,,这个窗口确实不错,9,3,2026-02-07 08:49:57,本科生,0,0,normal
c_ext_00004994,p_ext_000913,c21pZm9ZeXFsbytVemRDemxXZmFxNUtWaEs2TW5hYW1oWitWYklxUXo4ZXZhb0duaHFyRmhZcVVxWlNWZk5acWxxaWVyNWgybnJDV3IySjI=,,,多少钱,20,2,2026-03-01 21:14:57,小学生,0,0,normal
c_ext_00004995,p_ext_001615,dFg2QmZJdVZxMzJIMExLemduM1NucE9VbG91Q1laQ1JpM3Q0cW9xT21LbTdnS04vaU16VWE1Yk50cWVOWjhhS2xzK3FiSXljbW4yTnIySjI=,,,蹲一个搭子,28,1,2026-03-20 22:47:57,初中生,0,0,normal
c_ext_00004996,2101576983,u_ext_00382,,,可以自提吗,3,0,2026-03-12 08:23:57,活跃同学,0,0,normal
c_ext_00004997,p_ext_000873,dG8yWGtaYlFyNCtHMExLUmxYcldhWlRRZUg2Wm0zaWxpSDJEc0kybXg4NjdwbjJPbGRDU3FJZW11czZYZWNaNmY3aUlmb3VmZUlLTGlXSjI=,,,在哪个校区交易,10,3,2026-02-19 03:10:57,初中生,0,0,normal
c_ext_00004998,p_ext_000125,cjMrRms1ZXJyNE4vcWR2YWlJdktySkxjbHFlTG5hYXJpNkdpajVxbTA2KzFrSFd6bHMrN281UFF0cTZJZTZTRGdMcUxhWkNkZkdpQ2VXSjI=,,,感谢分享,12,2,2026-05-16 08:22:57,硕士生,0,0,normal
c_ext_00004999,p_ext_001541,u_ext_00120,,,这个窗口确实不错,13,1,2026-02-26 14:22:57,普通用户,0,0,normal
c_ext_00005000,p_ext_001515,u_ext_00323,,,在哪个校区交易,24,3,2026-04-16 12:52:57,活跃同学,0,0,normal
c_ext_00005001,p_ext_000845,u_ext_00487,,,时间合适的话可以,4,2,2026-04-27 21:20:57,活跃同学,0,0,normal
c_ext_00005002,p_ext_001047,u_ext_00450,,,可以自提吗,16,0,2026-04-27 08:32:57,资深坛友,0,0,normal
c_ext_00005003,p_ext_000716,u_ext_00261,,,可以自提吗,23,2,2026-02-27 12:50:57,校园达人,0,0,normal
c_ext_00005004,p_ext_001462,u_ext_00216,,,我也想参加,22,1,2026-03-07 02:19:57,普通用户,0,0,normal
c_ext_00005005,p_ext_001199,u_ext_00242,,,蹲一个复习整理,12,2,2026-02-27 17:00:57,资深坛友,0,0,normal
c_ext_00005006,p_ext_001641,u_ext_00484,,,多少钱,5,0,2026-04-08 08:43:57,活跃同学,0,0,normal
c_ext_00005007,p_ext_001940,u_ext_00340,,,这个窗口确实不错,29,3,2026-05-05 16:10:57,校园达人,0,0,normal
c_ext_00005008,p_ext_000518,u_ext_00178,,,时间合适的话可以,29,1,2026-04-05 02:16:57,活跃同学,0,0,normal
c_ext_00005009,p_ext_001618,eEtTZWJaYlExWHFJemFxWGhZdW9yb3ZNZjJtUW5vU0VpbzJXaEltbHVkQ3pvbzJ5bGRISmc1YTZ0c3VNak5LR2xMZVdyb1ZrbnBtSGlXSjI=,,,还在吗,11,0,2026-03-18 22:43:57,硕士生,0,0,normal
c_ext_00005010,p_ext_000776,u_ext_00219,,,这个窗口确实不错,18,0,2026-05-16 20:28:57,普通用户,0,0,normal
c_ext_00005011,p_ext_001103,dUtSNWI0UzNxbWFTcU5DN2w2SzBwNUxQcW9lWW5LMnhpWXBtYkltQnRhckNhcU9qaTg2N2ZwSzUzTmVZaXE5bGdwSjRhWkdkcHF1S2lXSjI=,,,多少钱,20,2,2026-03-08 17:02:57,高中生,0,0,normal
c_ext_00005012,p_ext_000236,u_ext_00273,,,还在吗,30,0,2026-05-30 19:35:57,校园达人,0,0,normal
c_ext_00005013,p_ext_001709,u_ext_00482,,,多少钱,11,2,2026-05-11 11:49:57,活跃同学,0,0,normal
c_ext_00005014,p_ext_000242,u_ext_00315,,,时间合适的话可以,18,2,2026-04-18 16:01:57,普通用户,0,0,normal
c_ext_00005015,p_ext_001900,u_ext_00271,,,活动还有名额吗,13,2,2026-02-24 07:36:57,普通用户,0,0,normal
c_ext_00005016,p_ext_000374,u_ext_00337,,,可以自提吗,23,2,2026-05-05 20:25:57,资深坛友,0,0,normal
c_ext_00005017,p_ext_000814,d24rcmJvQzN4R2w4bEpuSmlaK3NncE9TaElHQ1k1cHVpWDJoc1lPUHJiTzdmWnVIakxuTmwzN05uYzJZZkxoOGhaS01yWTJyaktxRGVXSjI=,,,活动还有名额吗,3,1,2026-05-22 23:52:57,本科生,0,0,normal
c_ext_00005018,p_ext_001411,u_ext_00422,,,可以自提吗,12,1,2026-05-10 18:11:57,资深坛友,0,0,normal
c_ext_00005019,p_ext_000556,u_ext_00418,,,在哪个校区交易,3,1,2026-05-13 02:13:57,普通用户,0,0,normal
c_ext_00005020,p_ext_001862,u_ext_00235,,,这个窗口确实不错,5,2,2026-02-10 22:56:57,校园达人,0,0,normal
c_ext_00005021,p_ext_000550,u_ext_00172,,,多少钱,9,2,2026-04-28 05:47:57,普通用户,0,0,normal
c_ext_00005022,p_ext_001809,u_ext_00158,,,在哪个校区交易,24,2,2026-05-14 13:06:57,校园达人,0,0,normal
c_ext_00005023,p_ext_001283,u_ext_00169,,,可以自提吗,7,2,2026-03-12 18:11:57,活跃同学,0,0,normal
c_ext_00005024,p_ext_001958,dG8yWGtaYlFyNCtHMExLUmxYcldhWlRRZUg2Wm0zaWxpSDJEc0kybXg4NjdwbjJPbGRDU3FJZW11czZYZWNaNmY3aUlmb3VmZUlLTGlXSjI=,,,还在吗,3,3,2026-04-13 16:38:57,初中生,0,0,normal
c_ext_00005025,p_ext_000241,u_ext_00177,,,可以自提吗,3,2,2026-03-20 05:22:57,校园达人,0,0,normal
c_ext_00005026,p_ext_000155,u_ext_00283,,,多少钱,28,0,2026-03-06 20:10:57,普通用户,0,0,normal
c_ext_00005027,p_ext_000450,u_ext_00400,,,还在吗,26,2,2026-03-17 20:56:57,校园达人,0,0,normal
c_ext_00005028,p_ext_001920,u_ext_00286,,,这个窗口确实不错,23,1,2026-03-22 18:51:57,资深坛友,0,0,normal
c_ext_00005029,p_ext_001569,u_ext_00275,,,多少钱,0,2,2026-02-07 01:29:57,普通用户,0,0,normal
c_ext_00005030,p_ext_000854,u_ext_00141,,,这个窗口确实不错,8,1,2026-02-09 03:35:57,普通用户,0,0,normal
c_ext_00005031,p_ext_001762,u_ext_00469,,,活动还有名额吗,2,0,2026-05-14 20:34:57,校园达人,0,0,normal
c_ext_00005032,p_ext_001217,u_ext_00250,,,在哪个校区交易,10,3,2026-03-15 01:29:57,活跃同学,0,0,normal
c_ext_00005033,p_ext_000547,u_ext_00489,,,求资料,7,2,2026-02-05 22:41:57,普通用户,0,0,normal
c_ext_00005034,p_ext_000861,u_ext_00264,,,活动还有名额吗,16,2,2026-04-27 16:01:57,活跃同学,0,0,normal
c_ext_00005035,p_ext_000595,u_ext_00208,,,求资料,8,3,2026-05-30 04:11:57,校园达人,0,0,normal
c_ext_00005036,p_ext_000430,u_ext_00119,,,简历要怎么投,11,2,2026-03-13 13:54:57,普通用户,0,0,normal
c_ext_00005037,p_ext_000700,u_ext_00353,,,还在吗,3,2,2026-04-07 05:34:57,资深坛友,0,0,normal
c_ext_00005038,p_ext_001698,u_ext_00263,,,这个窗口确实不错,22,0,2026-02-14 22:45:57,普通用户,0,0,normal
c_ext_00005039,p_ext_001427,u_ext_00480,,,可以自提吗,14,2,2026-04-30 17:44:57,校园达人,0,0,normal
c_ext_00005040,p_ext_001364,u_ext_00448,,,我也想参加,5,3,2026-05-28 05:50:57,普通用户,0,0,normal
c_ext_00005041,p_ext_000849,dUtWc2lJaW9scUtTdWRDNGhubXpaSUMzbm5xRm5wbXdobzJpbzVDbTI5ckVmcHRyaHM2U29KVE8xTkNKWjdTVmxxcWVob3ViaDdDTnIySjI=,,,还在吗,9,0,2026-02-28 09:47:57,硕士生,0,0,normal
c_ext_00005042,p_ext_001677,dTQ2TmZJemRxbWw5azY2MWpYcThnNHFTbnEySm5ZeHRnWitNcElxa3ZiQ3ZqWDJ4ZjlDU2U1SzZwcldVZmJpRmhhbXFwWXVHbnF1SGlXSjI=,,,我也想参加,3,3,2026-05-27 01:26:57,本科生,0,0,normal
c_ext_00005043,p_ext_000235,u_ext_00400,,,可以自提吗,6,3,2026-02-17 11:21:57,校园达人,0,0,normal
c_ext_00005044,p_ext_000613,u_ext_00374,,,可以自提吗,5,0,2026-02-11 03:20:57,普通用户,0,0,normal
c_ext_00005045,p_ext_001125,u_ext_00156,,,多少钱,27,1,2026-05-16 22:56:57,校园达人,0,0,normal
c_ext_00005046,p_ext_001815,cm82QnJvemRxbW1Va3JuYmpJdXNycFBRaUsrUWlZQjhsWHBqYXBoOXZiQzNmNDJIaHFxdmFZZlB5NVNHamNtdWhxWjBob2llaEpHWHIySjI=,,,可以自提吗,18,3,2026-03-03 11:17:57,硕士生,0,0,normal
c_ext_00005047,p_ext_001823,u_ext_00113,,,活动还有名额吗,17,0,2026-03-03 01:11:57,活跃同学,0,0,normal
c_ext_00005048,p_ext_001575,u_ext_00341,,,还在吗,18,1,2026-04-12 09:34:57,资深坛友,0,0,normal
c_ext_00005049,p_ext_001393,u_ext_00200,,,简历要怎么投,13,0,2026-04-25 13:10:57,校园达人,0,0,normal
c_ext_00005050,p_ext_001998,u_ext_00137,,,可以自提吗,4,0,2026-02-25 18:04:57,资深坛友,0,0,normal
c_ext_00005051,p_ext_001229,u_ext_00203,,,多少钱,26,1,2026-03-18 19:00:57,活跃同学,0,0,normal
c_ext_00005052,p_ext_000710,u_ext_00275,,,可以自提吗,1,3,2026-04-06 21:10:57,普通用户,0,0,normal
c_ext_00005053,p_ext_001470,u_ext_00263,,,蹲一个搭子,8,0,2026-05-05 00:03:57,普通用户,0,0,normal
c_ext_00005054,p_ext_001753,u_ext_00407,,,需要什么技术栈,2,3,2026-05-01 00:39:57,校园达人,0,0,normal
c_ext_00005055,p_ext_001134,dzZTYXE1YW9sbzZXdUwyV2dLQzBabnpjbW4rRllaNnVqcUNNaFlKc3pwbTRmNnR2ZzdxM2lJdTJwcXlZb2FSL2ZzMW5mbzZKcG1tRGVXSjI=,,,还在吗,1,3,2026-03-06 18:54:57,硕士生,0,0,normal
c_ext_00005056,p_ext_000312,u_ext_00111,,,这个岗位适合大三吗,9,1,2026-05-15 01:08:57,校园达人,0,0,normal
c_ext_00005057,p_ext_001340,dFk2aWE0UzVyNmVMdUw3UmxwK3dkNVc2aUgrTGRvaWlqcUtXczVxa3VhN0VqV05zaGFpdmczNlUwTHVGaXBPRWhzK2RycHFlakl1SmlXSjI=,,,我也想参加,13,2,2026-05-27 05:26:57,小学生,0,0,normal
c_ext_00005058,p_ext_001159,u_ext_00431,,,这个窗口确实不错,4,3,2026-03-28 17:07:57,普通用户,0,0,normal
c_ext_00005059,p_ext_000951,cmJLYnM0UE96WCtWM0xxMGxLSFNmWWZOb251RW5YaU5ocU9Fb1ltQngrRERvNXQvaGFxM2VJUzR1dEtYaXBKb2ZKS2FxSVNGZklTS2lXSjI=,,,还在吗,26,3,2026-05-17 06:53:57,初中生,0,0,normal
c_ext_00005060,p_ext_000340,cm55Qm1uNlRrcTZJemJhVWYyV3JwcFNWaUtlWW5xNm1sb3VBaEpocjBwYTZwSTE5aTdxcmdaS3Fzc3lZZk1xQWs1UmpwNDFrbm15R2lXSjI=,,,简历要怎么投,27,2,2026-03-10 18:26:57,初中生,0,0,normal
c_ext_00005061,p_ext_000220,u_ext_00298,,,时间合适的话可以,15,3,2026-04-25 23:10:57,资深坛友,0,0,normal
c_ext_00005062,p_ext_000460,u_ext_00336,,,多少钱,5,1,2026-02-23 06:14:57,校园达人,0,0,normal
c_ext_00005063,p_ext_001431,u_ext_00128,,,活动还有名额吗,27,2,2026-05-06 03:20:57,校园达人,0,0,normal
c_ext_00005064,p_ext_001214,u_ext_00439,,,这个窗口确实不错,20,3,2026-06-02 19:55:57,资深坛友,0,0,normal
c_ext_00005065,p_ext_000464,u_ext_00226,,,可以自提吗,22,2,2026-04-15 18:10:57,活跃同学,0,0,normal
c_ext_00005066,p_ext_001648,u_ext_00390,,,还在吗,17,0,2026-04-20 03:07:57,校园达人,0,0,normal
c_ext_00005067,p_ext_001748,dXFXbnJaU3FrcStTMjUzT2dhTFdvSWJOYTZDRVlZeVJnb3VJclp1TnZiQzBhR1NoZ05Demg0clExTnFJb2Nab2haS0VmWU5qcW4rT3IySjI=,,,感谢分享,9,1,2026-04-06 01:14:57,高中生,0,0,normal
c_ext_00005068,p_ext_000888,u_ext_00498,,,多少钱,0,3,2026-04-14 06:11:57,校园达人,0,0,normal
c_ext_00005069,p_ext_000901,u_ext_00353,,,在哪个校区交易,2,0,2026-03-05 11:06:57,资深坛友,0,0,normal
c_ext_00005070,p_ext_000214,u_ext_00261,,,这个窗口确实不错,10,2,2026-04-05 23:13:57,校园达人,0,0,normal
c_ext_00005071,p_ext_000956,u_ext_00309,,,在哪个校区交易,4,0,2026-03-19 07:51:57,活跃同学,0,0,normal
c_ext_00005072,p_ext_001087,u_ext_00423,,,多少钱,20,0,2026-03-29 07:50:57,活跃同学,0,0,normal
c_ext_00005073,p_ext_000655,dEthZmJaT29zMmlHcXNpWGpZdWpxNVROWTdDUmVLMnVtS0dXa0l5bXFicTFwbmx0aGJpdmpwUzRxWlNFWmJ5RGk4Mk1ocGgybW5xSGlXSjI=,,,在哪个校区交易,30,3,2026-02-13 23:23:57,高中生,0,0,normal
c_ext_00005074,p_ext_001124,u_ext_00131,,,期末重点有吗,20,0,2026-05-13 11:49:57,普通用户,0,0,normal
c_ext_00005075,p_ext_000531,u_ext_00102,,,我也想参加,2,0,2026-03-08 22:08:57,校园达人,0,0,normal
c_ext_00005076,p_ext_000981,dTRDRmFwWFJwNDJVejc3WWdHYk5aNFRRbldpY2lIeVNpV2VJaW9kcHZKYXRhS3VSbGJqVWFaU3BuZEtVYU1xbWs2aVdmb1NKcHFtRGVXSjI=,,,多少钱,21,2,2026-05-04 05:34:57,本科生,0,0,normal
c_ext_00005077,p_ext_001387,cjJpcWJJblFyNE9UdHJLdWlHYTRqcFBPZEcyY25JQ3BpWHFlYnBlUXJiK3Zhb1dLaEpiUnJwV21wdHFGZTlLR2hhbDRxSnRrZUtHQ2VXSjI=,,,期末重点有吗,28,1,2026-03-23 03:03:57,副教授,0,0,normal
c_ext_00005078,p_ext_001566,u_ext_00213,,,在哪个校区交易,4,0,2026-03-18 15:55:57,资深坛友,0,0,normal
c_ext_00005079,p_ext_001308,u_ext_00294,,,还在吗,7,0,2026-04-18 09:38:57,校园达人,0,0,normal
c_ext_00005080,p_ext_001929,u_ext_00251,,,在哪个校区交易,11,0,2026-02-12 21:54:57,活跃同学,0,0,normal
c_ext_00005081,p_ext_000747,u_ext_00299,,,在哪个校区交易,25,2,2026-05-11 23:55:57,校园达人,0,0,normal
c_ext_00005082,p_ext_001665,dTRDRmFwWFJwNDJVejc3WWdHYk5aNFRRbldpY2lIeVNpV2VJaW9kcHZKYXRhS3VSbGJqVWFaU3BuZEtVYU1xbWs2aVdmb1NKcHFtRGVXSjI=,,,这个窗口确实不错,7,3,2026-03-19 15:01:57,本科生,0,0,normal
c_ext_00005083,p_ext_000870,u_ext_00148,,,我也想参加,26,1,2026-02-27 03:30:57,资深坛友,0,0,normal
c_ext_00005084,p_ext_000168,u_ext_00408,,,还在吗,21,2,2026-06-02 18:41:57,校园达人,0,0,normal
c_ext_00005085,p_ext_001827,eEg2ZmtJYVd0Nm1WdHFxN2dYdTBkNE9VZ0tTT2VZZHRnWWltaUppT3ZOM0VqNFdOaGMzRm5vYXExTXFDZmNaOWhxWjRycENHWjIyRGVXSjI=,,,时间合适的话可以,4,3,2026-05-13 22:06:57,本科生,0,0,normal
c_ext_00005086,p_ext_001950,u_ext_00331,,,蹲一个搭子,3,0,2026-04-02 01:15:57,普通用户,0,0,normal
c_ext_00005087,p_ext_000911,dDN5QmZJbXF1cXlFME5DcGxxT29sWktwWTRpSW5tNnhnR1dMc0ppQXl0eXpqWUdFbHBXdVozNm4xTktJaksrdWZ0Q2FnNXQxb29hSWlXSjI=,,,这个岗位适合大三吗,5,0,2026-02-07 06:10:57,本科生,0,0,normal
c_ext_00005088,p_ext_001774,dDQ1MWk1ZTN4YkIvazY2MmxYcXdvSU8zZktHWWhxWm9tR2RqYVptUnZhN0NwWTJLaDZlM1pwWE9wcFNNWnJSK2twSnJlcGxpa0krTGlXSjI=,,,这个窗口确实不错,28,0,2026-03-24 00:55:57,本科生,0,0,normal
c_ext_00005089,p_ext_001956,u_ext_00179,,,还在吗,8,0,2026-03-10 07:50:57,活跃同学,0,0,normal
c_ext_00005090,p_ext_001247,u_ext_00422,,,多少钱,20,0,2026-05-07 10:59:57,资深坛友,0,0,normal
c_ext_00005091,p_ext_001107,u_ext_00316,,,感谢分享,16,0,2026-04-05 20:55:57,校园达人,0,0,normal
c_ext_00005092,p_ext_000856,u_ext_00226,,,还在吗,2,0,2026-03-17 05:45:57,活跃同学,0,0,normal
c_ext_00005093,p_ext_001761,u_ext_00154,,,这个窗口确实不错,15,0,2026-02-18 02:27:57,校园达人,0,0,normal
c_ext_00005094,p_ext_001837,u_ext_00248,,,这个窗口确实不错,19,2,2026-02-24 06:37:57,校园达人,0,0,normal
c_ext_00005095,p_ext_000543,c28ybnJJelEwSzZHbExhNWxZM09xSlBOYTRPTmlKQ0lsYUNtallSL3FkbXZrSmVwZzlDM2hYL1BzcytCaTZOcGZ0eUFwWnFmbld1WHIySjI=,,,可以自提吗,17,1,2026-03-14 17:41:57,本科生,0,0,normal
c_ext_00005096,p_ext_001588,u_ext_00210,,,时间合适的话可以,3,1,2026-02-11 15:07:57,校园达人,0,0,normal
c_ext_00005097,p_ext_000801,u_ext_00475,,,可以自提吗,24,0,2026-05-06 15:43:57,活跃同学,0,0,normal
c_ext_00005098,p_ext_000442,u_ext_00245,,,在哪个校区交易,24,1,2026-04-14 20:06:57,资深坛友,0,0,normal
c_ext_00005099,p_ext_000861,u_ext_00165,,,时间合适的话可以,22,0,2026-04-04 10:26:57,活跃同学,0,0,normal
c_ext_00005100,p_ext_001558,u_ext_00321,,,蹲一个搭子,3,3,2026-02-02 20:33:57,校园达人,0,0,normal
c_ext_00005101,p_ext_001479,u_ext_00458,,,还在吗,10,0,2026-05-19 13:10:57,资深坛友,0,0,normal
c_ext_00005102,p_ext_000503,c0h4NWlJelF0bXAvdHNlVmYyZkdqSlMzZ0lHWXE2S25pWHFXckpwcDE3ZTJpMnlLbGN5YWpJdmJuY0tCbzgxa2dMZWloWTZJcHBHSGlXSjI=,,,多少钱,22,3,2026-04-30 14:09:57,高中生,0,0,normal
c_ext_00005103,p_ext_001512,u_ext_00354,,,这个窗口确实不错,16,0,2026-03-23 23:54:57,资深坛友,0,0,normal
c_ext_00005104,p_ext_001996,dTJtZmdwZTIxYStUcUxYVGxHV1RvNGUzZUtLWmQ0ZHRpR2lJcVpsL3g3UERvb2l3bGRHcnE0UzRwcm1BZXErdWxaT0lzWVNFYjJpSmlXSjI=,,,我也想参加,11,1,2026-02-19 20:44:57,硕士生,0,0,normal
c_ext_00005105,p_ext_000682,u_ext_00488,,,多少钱,13,3,2026-04-29 09:12:57,活跃同学,0,0,normal
c_ext_00005106,p_ext_001336,c21pZm9ZeXFsbytVemRDemxXZmFxNUtWaEs2TW5hYW1oWitWYklxUXo4ZXZhb0duaHFyRmhZcVVxWlNWZk5acWxxaWVyNWgybnJDV3IySjI=,,,还在吗,14,3,2026-04-05 20:40:57,小学生,0,0,normal
c_ext_00005107,p_ext_000622,u_ext_00500,,,这个窗口确实不错,29,0,2026-02-08 00:15:57,活跃同学,0,0,normal
c_ext_00005108,p_ext_000818,c294NW9veTdwNWVUenJIVGlveTBlNVRQWW1pWW0zaWhpbnVhaEl5a25NQzNqNmRxaTdtdnJJdTV1cW1FaXBlVmdzMTNhb21yZkg2WXIySjI=,,,在哪个校区交易,0,1,2026-03-05 11:17:57,高中生,0,0,normal
c_ext_00005109,p_ext_000277,u_ext_00262,,,蹲一个搭子,10,3,2026-05-30 23:52:57,普通用户,0,0,normal
c_ext_00005110,p_ext_000312,u_ext_00302,,,简历要怎么投,5,2,2026-05-03 01:47:57,活跃同学,0,0,normal
c_ext_00005111,p_ext_001358,u_ext_00348,,,在哪个校区交易,27,1,2026-05-06 05:51:57,普通用户,0,0,normal
c_ext_00005112,p_ext_000295,dEtLYm1vTzYwWjZMdDlTNmdYdk5yWVNvb3FTTGRaMnZoYUdhb29pUnJkbXpqbjJObHJpWmE0VzV1clNZaXNsa2xiZUVhb1dlZktXWXIySjI=,,,求资料,25,3,2026-04-22 03:46:57,初中生,0,0,normal
c_ext_00005113,p_ext_001764,u_ext_00425,,,活动还有名额吗,1,1,2026-03-04 14:57:57,资深坛友,0,0,normal
c_ext_00005114,p_ext_000668,u_ext_00482,,,还在吗,16,3,2026-06-02 16:06:57,活跃同学,0,0,normal
c_ext_00005115,p_ext_000348,u_ext_00170,,,还在吗,28,1,2026-03-01 06:20:57,普通用户,0,0,normal
c_ext_00005116,p_ext_001790,u_ext_00448,,,还在吗,3,2,2026-03-12 19:57:57,普通用户,0,0,normal
c_ext_00005117,p_ext_000963,u_ext_00145,,,可以自提吗,9,0,2026-02-19 12:49:57,活跃同学,0,0,normal
c_ext_00005118,p_ext_001168,u_ext_00149,,,可以自提吗,19,3,2026-02-15 22:28:57,普通用户,0,0,normal
c_ext_00005119,p_ext_001502,u_ext_00346,,,多少钱,17,2,2026-02-17 18:43:57,校园达人,0,0,normal
c_ext_00005120,p_ext_000267,u_ext_00249,,,时间合适的话可以,19,3,2026-05-23 02:40:57,资深坛友,0,0,normal
c_ext_00005121,p_ext_000979,u_ext_00450,,,这个窗口确实不错,25,2,2026-04-10 01:34:57,资深坛友,0,0,normal
c_ext_00005122,p_ext_000548,u_ext_00397,,,在哪个校区交易,21,0,2026-03-27 09:38:57,普通用户,0,0,normal
c_ext_00005123,p_ext_001025,u_ext_00400,,,简历要怎么投,10,1,2026-04-16 13:23:57,校园达人,0,0,normal
c_ext_00005124,p_ext_001417,u_ext_00275,,,还在吗,4,0,2026-06-01 15:58:57,普通用户,0,0,normal
c_ext_00005125,p_ext_000422,u_ext_00283,,,还在吗,22,2,2026-04-13 13:08:57,普通用户,0,0,normal
c_ext_00005126,p_ext_001278,u_ext_00267,,,可以自提吗,30,1,2026-03-28 05:22:57,普通用户,0,0,normal
c_ext_00005127,p_ext_001224,dDQ1MWk1ZTN4YkIvazY2MmxYcXdvSU8zZktHWWhxWm9tR2RqYVptUnZhN0NwWTJLaDZlM1pwWE9wcFNNWnJSK2twSnJlcGxpa0krTGlXSjI=,,,还在吗,22,1,2026-04-13 19:37:57,本科生,0,0,normal
c_ext_00005128,p_ext_000922,u_ext_00420,,,期末重点有吗,14,3,2026-05-26 23:59:57,普通用户,0,0,normal
c_ext_00005129,p_ext_001065,u_ext_00312,,,还在吗,30,2,2026-05-25 22:10:57,资深坛友,0,0,normal
c_ext_00005130,p_ext_000791,u_ext_00385,,,活动还有名额吗,29,2,2026-04-14 12:25:57,普通用户,0,0,normal
c_ext_00005131,p_ext_001253,u_ext_00346,,,还在吗,10,1,2026-03-12 14:33:57,校园达人,0,0,normal
c_ext_00005132,p_ext_000974,u_ext_00123,,,多少钱,9,3,2026-05-20 16:01:57,资深坛友,0,0,normal
c_ext_00005133,p_ext_001656,u_ext_00269,,,可以自提吗,29,2,2026-04-01 02:43:57,普通用户,0,0,normal
c_ext_00005134,p_ext_000851,u_ext_00396,,,可以自提吗,17,1,2026-05-16 22:47:57,普通用户,0,0,normal
c_ext_00005135,p_ext_001427,u_ext_00119,,,在哪个校区交易,9,1,2026-05-08 14:46:57,普通用户,0,0,normal
c_ext_00005136,p_ext_000185,cjMrRms1ZXJyNE4vcWR2YWlJdktySkxjbHFlTG5hYXJpNkdpajVxbTA2KzFrSFd6bHMrN281UFF0cTZJZTZTRGdMcUxhWkNkZkdpQ2VXSjI=,,,感谢分享,9,1,2026-03-07 22:39:57,硕士生,0,0,normal
c_ext_00005137,p_ext_000133,u_ext_00398,,,这个窗口确实不错,4,2,2026-03-28 15:27:57,活跃同学,0,0,normal
c_ext_00005138,p_ext_001615,u_ext_00156,,,蹲一个搭子,16,0,2026-04-29 17:13:57,校园达人,0,0,normal
c_ext_00005139,p_ext_001980,u_ext_00374,,,这个窗口确实不错,9,1,2026-04-29 14:24:57,普通用户,0,0,normal
c_ext_00005140,p_ext_000175,u_ext_00257,,,还在吗,4,2,2026-04-25 07:15:57,活跃同学,0,0,normal
c_ext_00005141,p_ext_001521,u_ext_00393,,,多少钱,15,3,2026-04-18 21:33:57,校园达人,0,0,normal
c_ext_00005142,p_ext_001574,u_ext_00124,,,多少钱,25,3,2026-03-06 15:21:57,普通用户,0,0,normal
c_ext_00005143,p_ext_000371,u_ext_00291,,,可以自提吗,20,3,2026-05-02 12:24:57,活跃同学,0,0,normal
c_ext_00005144,p_ext_001869,eHFPRWJaV25xMnFUemE2bmxtYW5aSmFxZktXWllZaUJtWitJZll0K25OU3Zmbld3aDgydmlZWGNwWkdLbjhhaGg1S2VpSnRqZklHT3IySjI=,,,还在吗,21,2,2026-05-02 01:40:57,幼儿园,0,0,normal
c_ext_00005145,p_ext_000408,u_ext_00486,,,我也想参加,3,0,2026-02-13 07:30:57,普通用户,0,0,normal
c_ext_00005146,p_ext_001426,u_ext_00419,,,多少钱,25,2,2026-04-29 13:54:57,资深坛友,0,0,normal
c_ext_00005147,p_ext_001051,u_ext_00428,,,多少钱,18,3,2026-02-08 16:39:57,活跃同学,0,0,normal
c_ext_00005148,p_ext_000876,u_ext_00394,,,这个窗口确实不错,8,0,2026-02-27 11:34:57,校园达人,0,0,normal
c_ext_00005149,p_ext_000410,u_ext_00289,,,还在吗,30,0,2026-04-16 15:47:57,普通用户,0,0,normal
c_ext_00005150,p_ext_000844,u_ext_00294,,,求资料,28,0,2026-05-23 12:23:57,校园达人,0,0,normal
c_ext_00005151,p_ext_001411,u_ext_00327,,,可以自提吗,6,0,2026-03-14 20:17:57,活跃同学,0,0,normal
c_ext_00005152,p_ext_001658,u_ext_00286,,,时间合适的话可以,3,0,2026-05-16 01:24:57,资深坛友,0,0,normal
c_ext_00005153,p_ext_000628,u_ext_00495,,,还在吗,3,2,2026-05-09 08:50:57,普通用户,0,0,normal
c_ext_00005154,p_ext_000961,u_ext_00393,,,这个窗口确实不错,4,2,2026-04-29 09:02:57,校园达人,0,0,normal
c_ext_00005155,2101598143,u_ext_00112,,,还在吗,29,2,2026-03-09 04:32:57,资深坛友,0,0,normal
c_ext_00005156,p_ext_000209,u_ext_00340,,,可以自提吗,7,2,2026-02-11 02:02:57,校园达人,0,0,normal
c_ext_00005157,p_ext_001238,dzQ5b2JJYTYwWXVLdHN5cGwzeXNacGFwaEdxT201cDhpNG1Nam94cnNlQ3ZhbXhwaTlETlpwV1MyS21ZakxTT2tyZDNzSVdlYjRHWHIySjI=,,,在哪个校区交易,26,0,2026-05-10 08:07:57,本科生,0,0,normal
c_ext_00005158,p_ext_000737,eEpDYnE0UFB5WjZMemN6SmxxSzBkNVBNbWJHS2g0Ujhqbmltc0lTenlwaTNzb1ZyZ05HanFvT3FwZHQvWnJ5RWt0eDRwSXFlb3FDR2lXSjI=,,,感谢分享,15,0,2026-02-13 06:55:57,硕士生,0,0,normal
c_ext_00005159,p_ext_001549,u_ext_00274,,,可以自提吗,4,3,2026-04-09 14:07:57,活跃同学,0,0,normal
c_ext_00005160,p_ext_001488,u_ext_00108,,,多少钱,16,2,2026-05-14 04:28:57,活跃同学,0,0,normal
c_ext_00005161,p_ext_001116,cjJpcWJJblFyNE9UdHJLdWlHYTRqcFBPZEcyY25JQ3BpWHFlYnBlUXJiK3Zhb1dLaEpiUnJwV21wdHFGZTlLR2hhbDRxSnRrZUtHQ2VXSjI=,,,可以内推吗,17,3,2026-05-25 22:16:57,副教授,0,0,normal
c_ext_00005162,p_ext_000724,u_ext_00294,,,还在吗,23,2,2026-02-16 02:27:57,校园达人,0,0,normal
c_ext_00005163,p_ext_001561,u_ext_00224,,,可以自提吗,13,0,2026-06-01 18:04:57,普通用户,0,0,normal
c_ext_00005164,p_ext_001377,dG4yZnBJaXJzcTUrcXE2b2wyZXNhSlc2aDIyTWlhR3dpcDkzYllPTnh0eTFwV051ZjdxU3BIN2N0ckdCZWJoNmhyZDhwWkNkZklXV3IySjI=,,,在哪个校区交易,5,3,2026-04-18 12:41:57,高中生,0,0,normal
c_ext_00005165,p_ext_001198,u_ext_00375,,,蹲一个复习整理,22,1,2026-03-04 21:06:57,校园达人,0,0,normal
c_ext_00005166,p_ext_000717,u_ext_00495,,,多少钱,30,0,2026-04-10 00:34:57,普通用户,0,0,normal
c_ext_00005167,p_ext_001006,dzQ5OWFZU1Rsb0NBdU5DMGlxR3dpSVMzYXJHR2VZZHBsNHVoYllWK3RjNnprSDJ4aWMzSWE1S21ycmlHaTd1bWZKS0FqNFoyb29lSWlXSjI=,,,这个岗位适合大三吗,18,1,2026-04-26 15:04:57,小学生,0,0,normal
c_ext_00005168,p_ext_001618,u_ext_00317,,,多少钱,14,3,2026-03-25 06:28:57,资深坛友,0,0,normal
c_ext_00005169,p_ext_000721,u_ext_00358,,,这个窗口确实不错,3,3,2026-05-26 19:17:57,活跃同学,0,0,normal
c_ext_00005170,2101531847,u_ext_00241,,,可以自提吗,0,1,2026-02-05 02:57:57,资深坛友,0,0,normal
c_ext_00005171,p_ext_000157,u_ext_00399,,,多少钱,1,3,2026-03-19 20:47:57,普通用户,0,0,normal
c_ext_00005172,p_ext_001890,u_ext_00262,,,多少钱,8,1,2026-02-20 17:46:57,普通用户,0,0,normal
c_ext_00005173,p_ext_000518,u_ext_00270,,,我也想参加,4,1,2026-03-08 10:03:57,校园达人,0,0,normal
c_ext_00005174,p_ext_000108,d29DSWJJelBvNHlGemN2WGluck5xNWJPaEthWlk1Q29ncU9NZ3BlTng2KzdnSnB0aDZldXI0ZTQxTmlDZkp1ZmhOQjhtWW1maDZxRGVXSjI=,,,多少钱,29,3,2026-04-15 17:54:57,硕士生,0,0,normal
c_ext_00005175,p_ext_000479,u_ext_00266,,,在哪个校区交易,12,0,2026-03-11 14:30:57,资深坛友,0,0,normal
c_ext_00005176,p_ext_000904,u_ext_00269,,,在哪个校区交易,12,2,2026-05-27 21:49:57,普通用户,0,0,normal
c_ext_00005177,p_ext_001405,cm1pYmlZU3BycTJDemFtV2xHZk9wSXVWZ0txTmQ0T3FpNHlpaUppa3k2dTBmNTlzaTVhdmpaTzEyTk9LbzdTbWt0eDhvcGwzakgrWXIySjI=,,,在哪个校区交易,22,1,2026-05-13 22:20:57,本科生,0,0,normal
c_ext_00005178,p_ext_000203,cm95WGhwZTZ1NFNLbE1pNGdaK25aNHJRZUt5YWRvQ2toWXBqczVlQW5KYTBwSW1TZ0x2RVozKzN6TFNDakp0bmxybUFoSmgxa0c2TGlXSjI=,,,需要什么技术栈,20,0,2026-04-01 14:04:57,高中生,0,0,normal
c_ext_00005179,p_ext_000528,u_ext_00283,,,还在吗,18,0,2026-03-26 12:56:57,普通用户,0,0,normal
c_ext_00005180,p_ext_000657,dFg2QmZJdVZxMzJIMExLemduM1NucE9VbG91Q1laQ1JpM3Q0cW9xT21LbTdnS04vaU16VWE1Yk50cWVOWjhhS2xzK3FiSXljbW4yTnIySjI=,,,多少钱,4,1,2026-04-24 01:22:57,初中生,0,0,normal
c_ext_00005181,p_ext_001364,u_ext_00133,,,蹲一个搭子,28,1,2026-05-30 03:55:57,校园达人,0,0,normal
c_ext_00005182,2101514503,u_ext_00226,,,还在吗,30,0,2026-03-30 00:20:57,活跃同学,0,0,normal
c_ext_00005183,p_ext_000975,u_ext_00174,,,我也想参加,18,3,2026-04-23 19:47:57,校园达人,0,0,normal
c_ext_00005184,p_ext_001967,u_ext_00282,,,在哪个校区交易,26,2,2026-02-11 20:10:57,资深坛友,0,0,normal
c_ext_00005185,p_ext_001677,dDJsMWtaYTZ5WG1IdDZxbGdHWEdaWlNvbm1pRWVJU25ocU56YkptT3VkRzdwSFd6aTlDYWg1T3FxcXlXcjhaNWs1S1dxNHAxajJpTGlXSjI=,,,时间合适的话可以,30,3,2026-02-22 02:43:57,本科生,0,0,normal
c_ext_00005186,p_ext_000403,u_ext_00370,,,在哪个校区交易,2,2,2026-02-05 08:40:57,普通用户,0,0,normal
c_ext_00005187,p_ext_001365,dG42TnEzL091NHVTMEw3T2w2RzRaNVducHFtRlluOXJnNHg0aTRoOXk5M0RwbldEaEpXNmFKVzV0cldIWjlxS2lNNmVvSVdybXFxQmVXSjI=,,,时间合适的话可以,0,3,2026-04-08 07:00:57,本科生,0,0,normal
c_ext_00005188,p_ext_001504,u_ext_00115,,,还在吗,16,0,2026-04-09 23:24:57,活跃同学,0,0,normal
c_ext_00005189,p_ext_000367,u_ext_00229,,,这个窗口确实不错,23,1,2026-04-25 02:12:57,校园达人,0,0,normal
c_ext_00005190,p_ext_001302,u_ext_00356,,,活动还有名额吗,11,0,2026-04-08 05:14:57,活跃同学,0,0,normal
c_ext_00005191,p_ext_000505,u_ext_00365,,,还在吗,7,0,2026-03-30 12:38:57,普通用户,0,0,normal
c_ext_00005192,p_ext_001100,c21xQXM0dk5wNnVIdVptNWhXYThmMytuZ0tPRW4zaWtpSXByajVkK3FOKzBzbjJ4aGM2V25vV25uYytOamJTQ2Y3bXFoWkY0WjMrSWlXSjI=,,,这个窗口确实不错,24,2,2026-06-01 17:04:57,初中生,0,0,normal
c_ext_00005193,2101634205,u_ext_00280,,,在哪个校区交易,18,2,2026-03-13 15:44:57,校园达人,0,0,normal
c_ext_00005194,p_ext_001699,d21xQmg0aVRrbytHcXFxNm1JbkdwMzY2b2JDY25KbXdpNHllZzVtT201aXZhNStsbHMydXFJV25sSkdZb3Bkb2xaS0hycGlFYjRlSWlXSjI=,,,还在吗,0,1,2026-02-27 23:34:57,初中生,0,0,normal
c_ext_00005195,p_ext_001115,u_ext_00243,,,活动还有名额吗,10,3,2026-03-22 04:15:57,活跃同学,0,0,normal
c_ext_00005196,p_ext_000105,u_ext_00231,,,蹲一个复习整理,2,1,2026-04-24 11:17:57,校园达人,0,0,normal
c_ext_00005197,p_ext_001574,u_ext_00147,,,可以自提吗,14,3,2026-06-03 05:27:57,校园达人,0,0,normal
c_ext_00005198,p_ext_000915,u_ext_00450,,,多少钱,15,2,2026-03-07 15:30:57,资深坛友,0,0,normal
c_ext_00005199,p_ext_001834,u_ext_00419,,,在哪个校区交易,24,1,2026-03-08 20:20:57,资深坛友,0,0,normal
c_ext_00005200,p_ext_001425,u_ext_00424,,,多少钱,18,1,2026-04-12 22:11:57,活跃同学,0,0,normal
c_ext_00005201,p_ext_000499,dzQ5b2JJYTYwWXVLdHN5cGwzeXNacGFwaEdxT201cDhpNG1Nam94cnNlQ3ZhbXhwaTlETlpwV1MyS21ZakxTT2tyZDNzSVdlYjRHWHIySjI=,,,可以自提吗,2,1,2026-02-08 06:22:57,本科生,0,0,normal
c_ext_00005202,p_ext_001410,u_ext_00226,,,可以内推吗,4,1,2026-05-17 07:51:57,活跃同学,0,0,normal
c_ext_00005203,p_ext_001817,u_ext_00397,,,还在吗,25,1,2026-04-28 05:17:57,普通用户,0,0,normal
c_ext_00005204,p_ext_001598,u_ext_00277,,,这个窗口确实不错,13,3,2026-04-07 16:19:57,资深坛友,0,0,normal
c_ext_00005205,2101569969,dDZPbm8zMlZrb1NEbEsyVWdhQ3doWmE0aElPUW02SjdqYStBc3BlbnZadTFqcU9LZ0tpWnNJUzRzdGFNamRLQWtwV2FtWkZpZklhQ2VXSjI=,,,在哪个校区交易,14,1,2026-02-21 04:40:57,本科生,0,0,normal
c_ext_00005206,p_ext_001883,u_ext_00445,,,简历要怎么投,14,0,2026-05-20 14:16:57,活跃同学,0,0,normal
c_ext_00005207,p_ext_000443,dEthZmJaT29zMmlHcXNpWGpZdWpxNVROWTdDUmVLMnVtS0dXa0l5bXFicTFwbmx0aGJpdmpwUzRxWlNFWmJ5RGk4Mk1ocGgybW5xSGlXSjI=,,,可以自提吗,24,3,2026-03-24 09:09:57,高中生,0,0,normal
c_ext_00005208,p_ext_000795,u_ext_00446,,,这个窗口确实不错,12,1,2026-06-01 05:11:57,普通用户,0,0,normal
c_ext_00005209,p_ext_001578,u_ext_00344,,,多少钱,29,0,2026-05-21 19:46:57,活跃同学,0,0,normal
c_ext_00005210,p_ext_001120,u_ext_00402,,,在哪个校区交易,2,1,2026-02-18 03:47:57,校园达人,0,0,normal
c_ext_00005211,p_ext_000927,u_ext_00412,,,蹲一个搭子,28,1,2026-04-25 15:41:57,资深坛友,0,0,normal
c_ext_00005212,p_ext_000569,u_ext_00468,,,还在吗,28,0,2026-02-04 18:57:57,校园达人,0,0,normal
c_ext_00005213,p_ext_000971,u_ext_00320,,,多少钱,9,1,2026-04-19 18:08:57,普通用户,0,0,normal
c_ext_00005214,p_ext_001613,u_ext_00164,,,在哪个校区交易,28,0,2026-03-28 08:18:57,资深坛友,0,0,normal
c_ext_00005215,p_ext_000452,u_ext_00482,,,可以自提吗,2,2,2026-03-16 12:47:57,活跃同学,0,0,normal
c_ext_00005216,p_ext_001142,cjdLWGpuK1V5R2VTcWNpdWwzcXduWWVTcG95T2hwNXJpWXQ0Zkl5Tng3aTJmbzF1aExpYWJJUzUxNWFXWjgxcGxiZUloSnVGZjJ1SmlXSjI=,,,还在吗,24,3,2026-05-01 17:00:57,初中生,0,0,normal
c_ext_00005217,p_ext_001815,dzQ5OWFZU1Rsb0NBdU5DMGlxR3dpSVMzYXJHR2VZZHBsNHVoYllWK3RjNnprSDJ4aWMzSWE1S21ycmlHaTd1bWZKS0FqNFoyb29lSWlXSjI=,,,可以自提吗,8,3,2026-02-24 06:06:57,小学生,0,0,normal
c_ext_00005218,p_ext_000283,dTQ2TmZJemRxbWw5azY2MWpYcThnNHFTbnEySm5ZeHRnWitNcElxa3ZiQ3ZqWDJ4ZjlDU2U1SzZwcldVZmJpRmhhbXFwWXVHbnF1SGlXSjI=,,,还在吗,10,3,2026-05-29 21:51:57,本科生,0,0,normal
c_ext_00005219,p_ext_001393,u_ext_00210,,,需要什么技术栈,1,0,2026-02-20 12:53:57,校园达人,0,0,normal
c_ext_00005220,p_ext_001310,dXFWamFaUzQwV2VEdUxHU2w2T3paMytWb3BDYmlHdURoNHlkcTRtUHg2eXlwSUdMaEtxbnFZZTNyWlNHaXB1dGhLaWlnNE5rbm9HQmVXSjI=,,,可以自提吗,29,2,2026-04-03 08:00:57,硕士生,0,0,normal
c_ext_00005221,p_ext_001721,dTQ2TmZJemRxbWw5azY2MWpYcThnNHFTbnEySm5ZeHRnWitNcElxa3ZiQ3ZqWDJ4ZjlDU2U1SzZwcldVZmJpRmhhbXFwWXVHbnF1SGlXSjI=,,,这个窗口确实不错,16,2,2026-04-17 02:04:57,本科生,0,0,normal
c_ext_00005222,p_ext_001424,u_ext_00255,,,可以自提吗,11,3,2026-02-10 18:44:57,资深坛友,0,0,normal
c_ext_00005223,p_ext_001596,u_ext_00489,,,在哪个校区交易,10,2,2026-03-15 00:41:57,普通用户,0,0,normal
c_ext_00005224,p_ext_001463,u_ext_00325,,,活动还有名额吗,29,3,2026-03-19 13:19:57,资深坛友,0,0,normal
c_ext_00005225,p_ext_001953,czQrRmdaV3IwWW1FcHNpa2xwK2tycFduZUt1WVpKcUFqb2w4ajQyT25LeTRqWmVUZnBQVWFuK1NzdEdHbjg1K2k4MkVzSm1GaUhxRmlXSjI=,,,可以内推吗,10,0,2026-03-17 09:31:57,初中生,0,0,normal
c_ext_00005226,p_ext_001574,u_ext_00242,,,还在吗,7,0,2026-05-20 02:58:57,资深坛友,0,0,normal
c_ext_00005227,p_ext_001600,dG4yZnBJaXJzcTUrcXE2b2wyZXNhSlc2aDIyTWlhR3dpcDkzYllPTnh0eTFwV051ZjdxU3BIN2N0ckdCZWJoNmhyZDhwWkNkZklXV3IySjI=,,,这个窗口确实不错,16,3,2026-04-30 13:11:57,高中生,0,0,normal
c_ext_00005228,p_ext_000672,eFdsOWtZeXAwWDZWenE3UGpHWE9vWDZxZEpDT2Q2S0FtWXQ0cklGcms1ckdvNSt5ZlpTN2tJZVVycnFBWnFTbGs2cWFpWnlmaUh5SGlXSjI=,,,蹲一个搭子,0,0,2026-02-17 23:55:57,本科生,0,0,normal
c_ext_00005229,p_ext_000782,u_ext_00199,,,蹲一个搭子,11,2,2026-04-10 23:39:57,活跃同学,0,0,normal
c_ext_00005230,p_ext_001339,dFpDSWJaTzVwMzE4M016U2g0MmpaWlNUZTIyRlk0ZHRqWXVFb1krbnFONjRmSit5aTlDVnJvdVMzSmVVaTZldWk2aU1wbzE0a0lDQmVXSjI=,,,这个窗口确实不错,11,0,2026-04-14 04:18:57,讲师,0,0,normal
c_ext_00005231,p_ext_000308,u_ext_00249,,,在哪个校区交易,14,0,2026-05-23 11:43:57,资深坛友,0,0,normal
c_ext_00005232,p_ext_000196,u_ext_00420,,,可以自提吗,0,3,2026-04-07 23:16:57,普通用户,0,0,normal
c_ext_00005233,2101519051,u_ext_00294,,,在哪个校区交易,30,0,2026-04-20 02:34:57,校园达人,0,0,normal
c_ext_00005234,p_ext_001642,u_ext_00478,,,蹲一个搭子,29,2,2026-03-18 09:52:57,校园达人,0,0,normal
c_ext_00005235,2101541641,dG1tSmZJZXJ1NEdEM01pMmpZcTBhcFMybm9pSW01MXRsWHlJcDRwK3FiMjRqNFJyaHBXbWFaU3F2czZHakxPdGc4OWpzb3FjZTJtSmlXSjI=,,,这个窗口确实不错,4,0,2026-03-14 14:18:57,高中生,1,0,normal
c_ext_00005236,p_ext_000656,u_ext_00174,,,这个窗口确实不错,14,2,2026-03-15 10:39:57,校园达人,0,0,normal
c_ext_00005237,p_ext_000482,u_ext_00311,,,可以自提吗,16,2,2026-03-24 17:37:57,普通用户,0,0,normal
c_ext_00005238,p_ext_000624,u_ext_00194,,,时间合适的话可以,23,3,2026-03-09 11:16:57,资深坛友,0,0,normal
c_ext_00005239,p_ext_000479,cm95WGhwZTZ1NFNLbE1pNGdaK25aNHJRZUt5YWRvQ2toWXBqczVlQW5KYTBwSW1TZ0x2RVozKzN6TFNDakp0bmxybUFoSmgxa0c2TGlXSjI=,,,多少钱,2,1,2026-03-22 23:10:57,高中生,0,0,normal
c_ext_00005240,p_ext_001297,u_ext_00307,,,可以自提吗,8,3,2026-05-09 17:29:57,资深坛友,0,0,normal
c_ext_00005241,p_ext_000667,u_ext_00312,,,这个窗口确实不错,25,3,2026-05-12 06:14:57,资深坛友,0,0,normal
c_ext_00005242,p_ext_000127,u_ext_00257,,,在哪个校区交易,5,3,2026-05-28 00:55:57,活跃同学,0,0,normal
c_ext_00005243,p_ext_000781,u_ext_00493,,,还在吗,9,0,2026-03-12 05:19:57,资深坛友,0,0,normal
c_ext_00005244,p_ext_000896,u_ext_00379,,,可以自提吗,0,0,2026-03-29 14:09:57,活跃同学,0,0,normal
c_ext_00005245,p_ext_001716,u_ext_00101,,,感谢分享,17,1,2026-03-02 10:34:57,资深坛友,0,0,normal
c_ext_00005246,p_ext_000448,u_ext_00341,,,多少钱,7,3,2026-04-06 03:34:57,资深坛友,0,0,normal
c_ext_00005247,p_ext_001646,dDJsMWtaYTZ5WG1IdDZxbGdHWEdaWlNvbm1pRWVJU25ocU56YkptT3VkRzdwSFd6aTlDYWg1T3FxcXlXcjhaNWs1S1dxNHAxajJpTGlXSjI=,,,在哪个校区交易,24,0,2026-03-12 14:30:57,本科生,0,0,normal
c_ext_00005248,p_ext_000470,u_ext_00354,,,在哪个校区交易,5,0,2026-03-04 05:50:57,资深坛友,0,0,normal
c_ext_00005249,p_ext_001637,u_ext_00447,,,我也想参加,5,0,2026-04-28 20:14:57,活跃同学,0,0,normal
c_ext_00005250,p_ext_000966,u_ext_00140,,,这个窗口确实不错,6,2,2026-03-26 04:16:57,校园达人,0,0,normal
c_ext_00005251,p_ext_001197,dG42TnEzL091NHVTMEw3T2w2RzRaNVducHFtRlluOXJnNHg0aTRoOXk5M0RwbldEaEpXNmFKVzV0cldIWjlxS2lNNmVvSVdybXFxQmVXSjI=,,,多少钱,22,1,2026-02-22 16:45:57,本科生,0,0,normal
c_ext_00005252,p_ext_000802,u_ext_00429,,,在哪个校区交易,6,1,2026-02-08 06:04:57,普通用户,0,0,normal
c_ext_00005253,2101560280,u_ext_00162,,,这个窗口确实不错,28,3,2026-04-04 05:57:57,资深坛友,0,0,normal
c_ext_00005254,2101556378,u_ext_00288,,,可以自提吗,1,0,2026-02-22 13:46:57,活跃同学,0,0,normal
c_ext_00005255,p_ext_001076,u_ext_00229,,,这个窗口确实不错,3,0,2026-05-25 00:29:57,校园达人,0,0,normal
c_ext_00005256,p_ext_000517,u_ext_00362,,,多少钱,2,0,2026-05-22 03:20:57,普通用户,0,0,normal
c_ext_00005257,p_ext_001686,u_ext_00305,,,可以内推吗,23,0,2026-04-14 22:34:57,活跃同学,0,0,normal
c_ext_00005258,p_ext_000135,u_ext_00234,,,还在吗,27,2,2026-03-20 05:50:57,活跃同学,0,0,normal
c_ext_00005259,p_ext_000720,u_ext_00231,,,这个窗口确实不错,14,3,2026-03-15 13:34:57,校园达人,0,0,normal
c_ext_00005260,p_ext_000762,u_ext_00210,,,这个窗口确实不错,24,0,2026-04-20 00:56:57,校园达人,0,0,normal
c_ext_00005261,p_ext_000169,u_ext_00483,,,需要什么技术栈,14,1,2026-03-27 05:05:57,资深坛友,0,0,normal
c_ext_00005262,p_ext_001195,u_ext_00118,,,还在吗,16,1,2026-03-11 18:59:57,资深坛友,0,0,normal
c_ext_00005263,p_ext_001794,u_ext_00288,,,在哪个校区交易,3,3,2026-05-27 10:26:57,活跃同学,0,0,normal
c_ext_00005264,p_ext_000250,u_ext_00397,,,多少钱,29,2,2026-03-13 22:15:57,普通用户,0,0,normal
c_ext_00005265,p_ext_000503,u_ext_00235,,,多少钱,7,2,2026-02-24 08:47:57,校园达人,0,0,normal
c_ext_00005266,p_ext_000440,u_ext_00279,,,在哪个校区交易,24,3,2026-05-02 21:06:57,普通用户,0,0,normal
c_ext_00005267,p_ext_001729,u_ext_00278,,,时间合适的话可以,28,1,2026-04-19 00:02:57,普通用户,0,0,normal
c_ext_00005268,p_ext_001824,u_ext_00323,,,还在吗,19,0,2026-04-19 17:46:57,活跃同学,0,0,normal
c_ext_00005269,p_ext_000594,u_ext_00439,,,还在吗,4,2,2026-04-12 01:25:57,资深坛友,0,0,normal
c_ext_00005270,p_ext_000994,u_ext_00341,,,还在吗,22,2,2026-03-27 22:23:57,资深坛友,0,0,normal
c_ext_00005271,p_ext_000963,u_ext_00266,,,多少钱,26,1,2026-05-21 02:21:57,资深坛友,0,0,normal
c_ext_00005272,2101539504,u_ext_00274,,,多少钱,6,3,2026-03-03 04:19:57,活跃同学,0,0,normal
c_ext_00005273,p_ext_001058,u_ext_00465,,,还在吗,28,3,2026-05-01 16:25:57,资深坛友,0,0,normal
c_ext_00005274,p_ext_000666,eEg5cnM1V1Z0NHlJcHFiU2phTFNybitVaUtxRm40K3hobWVlc1lTUnNkYkRvMlNobEpUSmE1Yk4wSmVXYU1hTGhjMXJybzE1b3FtT3IySjI=,,,在哪个校区交易,1,2,2026-03-15 12:07:57,高中生,0,0,normal
c_ext_00005275,p_ext_000266,dFkybnBuL2RzNm1XdDY2eGpJdk9nb2FTZUlpY25wMnZoNjVyckkyUHJiaTRmSnVqbHF2RWFvQzNyckdIaXJPc2dzMTRoSVdIZDY2SmlXSjI=,,,可以自提吗,7,2,2026-02-04 10:05:57,初中生,0,0,normal
c_ext_00005276,p_ext_001599,dEk5a2duK3JxcStJcVpYUWhtYThqWVdwbGE2TmRtdU9pSDJhcEllUnBkRzdmWUN4ZjVXcWFaS3F6OWlJZkphdGZaT2FiSnBpakxLR2lXSjI=,,,还在吗,0,2,2026-02-05 00:31:57,高中生,0,0,normal
c_ext_00005277,p_ext_000732,u_ext_00146,,,活动还有名额吗,25,0,2026-05-13 15:43:57,校园达人,0,0,normal
c_ext_00005278,p_ext_000854,u_ext_00245,,,多少钱,21,0,2026-05-03 13:40:57,资深坛友,0,0,normal
c_ext_00005279,p_ext_000544,u_ext_00368,,,这个岗位适合大三吗,14,3,2026-04-14 18:58:57,活跃同学,0,0,normal
c_ext_00005280,p_ext_000959,u_ext_00382,,,这个窗口确实不错,2,3,2026-03-28 05:45:57,活跃同学,0,0,normal
c_ext_00005281,p_ext_000782,u_ext_00176,,,时间合适的话可以,19,3,2026-03-20 12:25:57,资深坛友,0,0,normal
c_ext_00005282,p_ext_000499,u_ext_00484,,,还在吗,4,3,2026-02-20 11:46:57,活跃同学,0,0,normal
c_ext_00005283,p_ext_000884,u_ext_00270,,,多少钱,2,2,2026-02-02 17:17:57,校园达人,0,0,normal
c_ext_00005284,p_ext_000631,u_ext_00388,,,求资料,14,0,2026-05-02 20:13:57,资深坛友,0,0,normal
c_ext_00005285,p_ext_000262,dzQrWGhaYTV6V3FGdDlUTGdudW9yb1dUbld5TmhvQnFqbWlJcTQrbXk5SERwcHVobFpYVmdZYXBsYWlHZkp0K2hhcUVlcHVjWnFxRGVXSjI=,,,在哪个校区交易,18,2,2026-05-04 00:27:57,高中生,0,0,normal
c_ext_00005286,p_ext_000502,dzMyYm9ZU3FrbmlTcXFyQ2xLTzBxWXZNZkdpUnE0dHNpV1ZucDRpUnFiVzFzV3l1Zzl5YW9YMlVtSkorWmJocGhwS1dzWkNHb21pWHIySjI=,,,我也想参加,27,0,2026-04-07 19:34:57,本科生,0,0,normal
c_ext_00005287,p_ext_000116,u_ext_00500,,,这个窗口确实不错,28,1,2026-04-30 12:53:57,活跃同学,0,0,normal
c_ext_00005288,p_ext_001135,u_ext_00111,,,这个窗口确实不错,28,1,2026-04-02 12:59:57,校园达人,0,0,normal
c_ext_00005289,p_ext_000246,dUtSNWI0UzNxbWFTcU5DN2w2SzBwNUxQcW9lWW5LMnhpWXBtYkltQnRhckNhcU9qaTg2N2ZwSzUzTmVZaXE5bGdwSjRhWkdkcHF1S2lXSjI=,,,我也想参加,20,2,2026-03-18 01:47:57,高中生,0,0,normal
c_ext_00005290,p_ext_001203,u_ext_00431,,,活动还有名额吗,22,1,2026-04-07 08:08:57,普通用户,0,0,normal
c_ext_00005291,p_ext_001680,u_ext_00443,,,这个窗口确实不错,23,2,2026-02-10 04:45:57,普通用户,0,0,normal
c_ext_00005292,p_ext_000805,c0h4NWlJelF0bXAvdHNlVmYyZkdqSlMzZ0lHWXE2S25pWHFXcklWKzI3akZmSmVBbHFtN3FaU25zcGFXbjZTTGhxbVphNFZob3FtSGlXSjI=,,,可以自提吗,14,0,2026-05-07 16:24:57,高中生,0,0,normal
c_ext_00005293,p_ext_000800,u_ext_00216,,,在哪个校区交易,30,0,2026-05-20 17:14:57,普通用户,0,0,normal
c_ext_00005294,p_ext_001071,u_ext_00478,,,求资料,7,3,2026-03-20 09:08:57,校园达人,0,0,normal
c_ext_00005295,p_ext_001760,u_ext_00382,,,蹲一个复习整理,9,0,2026-03-29 18:11:57,活跃同学,0,0,normal
c_ext_00005296,p_ext_000986,u_ext_00260,,,可以内推吗,10,3,2026-02-05 02:28:57,普通用户,0,0,normal
c_ext_00005297,p_ext_000624,u_ext_00102,,,我也想参加,1,0,2026-02-05 00:54:57,校园达人,0,0,normal
c_ext_00005298,p_ext_001917,u_ext_00416,,,还在吗,29,3,2026-05-30 07:57:57,普通用户,0,0,normal
c_ext_00005299,2101572727,dFk2aWE0UzVyNmVMdUw3UmxwK3dkNVc2aUgrTGRvaWlqcUtXczVxa3VhN0VqV05zaGFpdmczNlUwTHVGaXBPRWhzK2RycHFlakl1SmlXSjI=,,,多少钱,7,2,2026-05-08 00:53:57,小学生,0,0,normal
c_ext_00005300,p_ext_000608,u_ext_00208,,,还在吗,2,3,2026-05-29 21:14:57,校园达人,0,0,normal
c_ext_00005301,p_ext_001950,u_ext_00374,,,我也想参加,20,2,2026-02-05 19:42:57,普通用户,0,0,normal
c_ext_00005302,2101589433,u_ext_00391,,,时间合适的话可以,10,2,2026-04-27 14:00:57,普通用户,0,0,normal
c_ext_00005303,p_ext_001916,u_ext_00118,,,在哪个校区交易,29,1,2026-03-19 14:56:57,资深坛友,0,0,normal
c_ext_00005304,p_ext_001273,u_ext_00483,,,可以自提吗,13,1,2026-04-11 19:16:57,资深坛友,0,0,normal
c_ext_00005305,p_ext_000658,dGFKNGFZQ1QxWWFIMExiUWwyYTRoMzY0bW9lUmVLMXBsNkdMYVkyaTE5T3dmWmVFaGFpV3JwUE4zTGlJcjhxTWk2cWlzcG1Jakh1WHIySjI=,,,可以自提吗,0,2,2026-03-30 09:49:57,硕士生,0,0,normal
c_ext_00005306,p_ext_001304,u_ext_00413,,,还在吗,5,2,2026-04-09 21:16:57,普通用户,0,0,normal
c_ext_00005307,p_ext_000397,u_ext_00295,,,这个窗口确实不错,26,1,2026-02-12 21:00:57,活跃同学,0,0,normal
c_ext_00005308,p_ext_001711,dG42TnEzL091NHVTMEw3T2w2RzRaNVducHFtRlluOXJnNHg0aTRoOXk5M0RwbldEaEpXNmFKVzV0cldIWjlxS2lNNmVvSVdybXFxQmVXSjI=,,,这个窗口确实不错,10,2,2026-04-01 02:07:57,本科生,0,0,normal
c_ext_00005309,p_ext_000930,u_ext_00298,,,多少钱,20,0,2026-04-27 19:39:57,资深坛友,0,0,normal
c_ext_00005310,p_ext_000747,u_ext_00180,,,可以自提吗,15,0,2026-03-12 18:15:57,普通用户,0,0,normal
c_ext_00005311,p_ext_001772,u_ext_00291,,,这个窗口确实不错,0,2,2026-06-02 11:02:57,活跃同学,0,0,normal
c_ext_00005312,p_ext_000350,u_ext_00245,,,还在吗,25,0,2026-04-25 18:23:57,资深坛友,0,0,normal
c_ext_00005313,p_ext_000178,u_ext_00311,,,多少钱,19,0,2026-03-02 07:39:57,普通用户,0,0,normal
c_ext_00005314,p_ext_000867,u_ext_00386,,,多少钱,29,0,2026-05-17 11:14:57,校园达人,0,0,normal
c_ext_00005315,p_ext_001419,u_ext_00459,,,蹲一个复习整理,25,0,2026-03-20 06:30:57,普通用户,0,0,normal
c_ext_00005316,p_ext_001979,u_ext_00351,,,还在吗,16,1,2026-04-23 17:44:57,活跃同学,0,0,normal
c_ext_00005317,p_ext_000966,u_ext_00153,,,在哪个校区交易,4,3,2026-05-04 21:25:57,普通用户,0,0,normal
c_ext_00005318,p_ext_001775,dHBCMW81U254WDZEemEyVmhhRGFkbjdPZ0lDUllwbHBsNHFtb1l0OXJiVERzb0J0ZjVhM2lwYTYwOU9WZkp0NWxLaUFqWkYwYjRlSWlXSjI=,,,这个窗口确实不错,14,3,2026-06-01 00:19:57,硕士生,0,0,normal
c_ext_00005319,p_ext_001847,c294NW9veTdwNWVUenJIVGlveTBlNVRQWW1pWW0zaWhpbnVhaEl5a25NQzNqNmRxaTdtdnJJdTV1cW1FaXBlVmdzMTNhb21yZkg2WXIySjI=,,,还在吗,7,2,2026-04-03 12:41:57,高中生,0,0,normal
c_ext_00005320,p_ext_001760,u_ext_00489,,,蹲一个复习整理,16,1,2026-02-22 09:34:57,普通用户,0,0,normal
c_ext_00005321,p_ext_001385,u_ext_00237,,,活动还有名额吗,17,0,2026-03-26 20:37:57,资深坛友,0,0,normal
c_ext_00005322,p_ext_000892,dTRDQnNZTzZ4WXlVdXRETWhLK2tnWWlscGErYVpJaXJncDVxYll5Qng2NjFqcGF5bDdqRmE1S3F2cmlHb2M1a2k4K3FnWngyWjZtTnIySjI=,,,蹲一个搭子,18,2,2026-05-30 15:10:57,本科生,0,0,normal
c_ext_00005323,p_ext_001148,u_ext_00395,,,我也想参加,3,2,2026-04-18 03:20:57,活跃同学,0,0,normal
c_ext_00005324,p_ext_001225,cjJpcWJJblFyNE9UdHJLdWlHYTRqcFBPZEcyY25JQ3BpWHFlYnBlUXJiK3Zhb1dLaEpiUnJwV21wdHFGZTlLR2hhbDRxSnRrZUtHQ2VXSjI=,,,我也想参加,17,2,2026-04-03 15:52:57,副教授,0,0,normal
c_ext_00005325,p_ext_001450,u_ext_00206,,,多少钱,14,0,2026-03-23 23:16:57,普通用户,0,0,normal
c_ext_00005326,p_ext_001933,u_ext_00126,,,还在吗,8,1,2026-05-19 05:05:57,校园达人,0,0,normal
c_ext_00005327,p_ext_001882,u_ext_00428,,,还在吗,0,1,2026-04-09 00:44:57,活跃同学,0,0,normal
c_ext_00005328,p_ext_001451,u_ext_00344,,,在哪个校区交易,14,0,2026-03-17 00:58:57,活跃同学,0,0,normal
c_ext_00005329,p_ext_001775,u_ext_00443,,,这个窗口确实不错,0,1,2026-02-05 05:15:57,普通用户,0,0,normal
c_ext_00005330,p_ext_001364,cjZGc2lJdTZwNCtGcWFxMWhwL0daWCtUaEtPYm5tYXZncTkwcDRGc3JKdkRvb2h0bEpXV29vVFFydGlKbjZpTmhKT2llcHRqbm51QmVXSjI=,,,蹲一个搭子,22,3,2026-03-13 11:38:57,讲师,0,0,normal
c_ext_00005331,p_ext_000580,u_ext_00437,,,蹲一个搭子,2,2,2026-05-01 14:15:57,普通用户,0,0,normal
c_ext_00005332,p_ext_000892,dzQ5b2JJYTYwWXVLdHN5cGwzeXNacGFwaEdxT201cDhpNG1Nam94cnNlQ3ZhbXhwaTlETlpwV1MyS21ZakxTT2tyZDNzSVdlYjRHWHIySjI=,,,蹲一个搭子,14,3,2026-03-15 21:01:57,本科生,0,0,normal
c_ext_00005333,p_ext_001482,u_ext_00378,,,多少钱,19,2,2026-04-25 07:28:57,校园达人,0,0,normal
c_ext_00005334,2101576983,u_ext_00188,,,还在吗,23,2,2026-02-28 03:21:57,资深坛友,0,0,normal
c_ext_00005335,p_ext_001180,u_ext_00195,,,这个窗口确实不错,5,0,2026-03-28 01:06:57,普通用户,0,0,normal
c_ext_00005336,p_ext_001325,u_ext_00351,,,求资料,29,0,2026-04-09 08:14:57,活跃同学,0,0,normal
c_ext_00005337,p_ext_000214,u_ext_00411,,,这个窗口确实不错,7,0,2026-02-13 17:46:57,普通用户,0,0,normal
c_ext_00005338,p_ext_001752,eFgyamdvR28xR2lTdWRqTmg2KzhuNFROcG9HYm5KQ0ppcCthZTVDUDB0MnZqNk9JaHMyamVvak12cWFYaXBPbWY4MmVrSW1lYjRPSWlXSjI=,,,还在吗,12,1,2026-04-13 03:54:57,初中生,0,0,normal
c_ext_00005339,p_ext_000250,u_ext_00386,,,还在吗,2,1,2026-02-05 06:23:57,校园达人,0,0,normal
c_ext_00005340,p_ext_000785,u_ext_00441,,,这个窗口确实不错,29,0,2026-04-23 06:42:57,普通用户,0,0,normal
c_ext_00005341,p_ext_000897,u_ext_00245,,,多少钱,30,2,2026-03-24 19:43:57,资深坛友,0,0,normal
c_ext_00005342,p_ext_001632,u_ext_00351,,,这个窗口确实不错,19,0,2026-03-11 22:17:57,活跃同学,0,0,normal
c_ext_00005343,p_ext_001529,u_ext_00246,,,感谢分享,17,3,2026-05-17 15:19:57,活跃同学,0,0,normal
c_ext_00005344,p_ext_001312,ckdsMWFvdlJyMzErdWJhdWlXYXNab0s2b29TUm5YaXRqYUJyc0lSOXRadkNhNXVRZnQzTlpvQ25zdEtOWjdDcmhiVnJrb1ZraUhxQmVXSjI=,,,求资料,21,2,2026-03-13 11:48:57,本科生,0,0,normal
c_ext_00005345,p_ext_000698,u_ext_00340,,,时间合适的话可以,12,0,2026-03-04 12:03:57,校园达人,0,0,normal
c_ext_00005346,p_ext_000692,u_ext_00330,,,还在吗,17,1,2026-04-25 07:18:57,活跃同学,0,0,normal
c_ext_00005347,p_ext_001744,u_ext_00145,,,在哪个校区交易,18,1,2026-05-01 04:07:57,活跃同学,0,0,normal
c_ext_00005348,p_ext_001663,u_ext_00489,,,蹲一个搭子,3,3,2026-04-06 20:12:57,普通用户,0,0,normal
c_ext_00005349,p_ext_001783,u_ext_00142,,,可以自提吗,0,0,2026-02-12 17:36:57,资深坛友,0,0,normal
c_ext_00005350,p_ext_000899,u_ext_00378,,,还在吗,9,1,2026-04-30 04:29:57,校园达人,0,0,normal
c_ext_00005351,p_ext_001317,u_ext_00315,,,还在吗,10,0,2026-04-15 02:47:57,普通用户,0,0,normal
c_ext_00005352,p_ext_001753,dHFWNWU0ZVV5YTZFdHJuWGhxL09xNGVub1dxSWhxRm9pV2Q0am9sc3o4REdwbjJrZ2F2Tmg0U290ckdVWjd5Qmk4eUVqcHA0Zkd1SmlXSjI=,,,这个岗位适合大三吗,9,1,2026-04-24 23:55:57,初中生,0,0,normal
c_ext_00005353,p_ext_000521,u_ext_00129,,,多少钱,27,1,2026-03-22 04:25:57,校园达人,0,0,normal
c_ext_00005354,p_ext_001211,u_ext_00352,,,在哪个校区交易,14,0,2026-03-30 10:53:57,校园达人,0,0,normal
c_ext_00005355,p_ext_000560,czMxb2s1V3ExWWFIemN5bWhLR29wWWVTaktDSllXdDdpcUJqYnBta3RaYXVqMzE4bFphcmZuMlR6OW1XcjdDQWs3cUltWWlJWnJDWHIySjI=,,,可以自提吗,17,2,2026-03-15 03:06:57,本科生,0,0,normal
c_ext_00005356,p_ext_000483,u_ext_00184,,,还在吗,22,2,2026-03-17 16:05:57,校园达人,0,0,normal
c_ext_00005357,p_ext_000630,u_ext_00173,,,在哪个校区交易,17,0,2026-04-26 01:56:57,校园达人,0,0,normal
c_ext_00005358,p_ext_000216,u_ext_00370,,,在哪个校区交易,3,2,2026-06-02 15:00:57,普通用户,0,0,normal
c_ext_00005359,p_ext_001611,u_ext_00129,,,可以内推吗,5,1,2026-05-05 19:08:57,校园达人,0,0,normal
c_ext_00005360,p_ext_000318,czMxbnNaU251NUNBcHI2cGlHVzhkNGE2ZktXRlk2S0poMmlpZ28rbTA5dkZvMzJ5Z0xpN2VwV295TnVIWnNxTmhaUjhwSnFGaklTRGVXSjI=,,,可以内推吗,27,2,2026-04-27 08:31:57,高中生,0,0,normal
c_ext_00005361,p_ext_000313,u_ext_00169,,,可以自提吗,10,0,2026-02-19 07:38:57,活跃同学,0,0,normal
c_ext_00005362,p_ext_000240,u_ext_00495,,,在哪个校区交易,25,2,2026-02-17 23:17:57,普通用户,0,0,normal
c_ext_00005363,p_ext_001531,u_ext_00500,,,期末重点有吗,28,0,2026-04-28 03:14:57,活跃同学,0,0,normal
c_ext_00005364,p_ext_000977,u_ext_00266,,,蹲一个搭子,16,0,2026-02-17 14:54:57,资深坛友,0,0,normal
c_ext_00005365,p_ext_001704,eHFPRWJaV25xMnFUemE2bmxtYW5aSmFxZktXWllZaUJtWitJZll0K25OU3Zmbld3aDgydmlZWGNwWkdLbjhhaGg1S2VpSnRqZklHT3IySjI=,,,多少钱,6,1,2026-03-13 17:39:57,幼儿园,0,0,normal
c_ext_00005366,p_ext_001570,u_ext_00208,,,在哪个校区交易,15,1,2026-03-29 08:33:57,校园达人,0,0,normal
c_ext_00005367,p_ext_000143,u_ext_00244,,,多少钱,26,1,2026-04-29 06:31:57,校园达人,0,0,normal
c_ext_00005368,p_ext_000894,u_ext_00276,,,多少钱,28,1,2026-02-03 12:09:57,活跃同学,0,0,normal
c_ext_00005369,p_ext_000613,u_ext_00354,,,可以自提吗,30,0,2026-04-24 04:20:57,资深坛友,0,0,normal
c_ext_00005370,2101608154,u_ext_00419,,,时间合适的话可以,12,0,2026-05-18 22:37:57,资深坛友,0,0,normal
c_ext_00005371,p_ext_000698,dGFONWhJUE5xNkdEdWI2NWZtalNaWXFVZUxHTmg2S0FqV2RqZ0p1bng5bTBqNWVTbExtN2FYMlVsYkdJak01cGhhbUVlNXA1aEsyQ2VXSjI=,,,我也想参加,30,2,2026-02-16 12:38:57,幼儿园,0,0,normal
c_ext_00005372,p_ext_000798,u_ext_00172,,,时间合适的话可以,6,1,2026-05-08 08:55:57,普通用户,0,0,normal
c_ext_00005373,p_ext_001830,u_ext_00255,,,多少钱,11,3,2026-04-13 14:14:57,资深坛友,0,0,normal
c_ext_00005374,p_ext_001367,u_ext_00225,,,还在吗,24,1,2026-05-30 23:19:57,普通用户,0,0,normal
c_ext_00005375,p_ext_001677,dDQxa2k1T3JvNnlHcWEzWW1JcXZyWWFTaElDTWhacUxqWjkwaDVDenFhaTBmMmV2aUpTamdZU1Z2dG1VWlp1VmY3aUVhWnRqYjZxQ2VXSjI=,,,时间合适的话可以,28,0,2026-04-11 09:16:57,本科生,0,0,normal
c_ext_00005376,p_ext_000982,u_ext_00128,,,还在吗,10,2,2026-04-14 09:01:57,校园达人,0,0,normal
c_ext_00005377,p_ext_001372,u_ext_00120,,,多少钱,4,0,2026-02-14 12:44:57,普通用户,0,0,normal
c_ext_00005378,p_ext_000576,u_ext_00239,,,在哪个校区交易,22,0,2026-02-11 15:36:57,普通用户,0,0,normal
c_ext_00005379,p_ext_001641,u_ext_00183,,,还在吗,28,1,2026-02-07 06:04:57,活跃同学,0,0,normal
c_ext_00005380,p_ext_000749,u_ext_00257,,,这个窗口确实不错,9,1,2026-06-03 09:09:57,活跃同学,0,0,normal
c_ext_00005381,2101608154,c28rQmlJdlF4SzZIemE3YmdZM05aWk9UZEtTYVlZU0NoWXVpb3BxTnlwZkZwSUN6bGFlM1pvYTN6OXFLZk5xT2hMYUlvNG1HZklLSmlXSjI=,,,时间合适的话可以,21,3,2026-02-02 14:59:57,硕士生,0,0,normal
c_ext_00005382,p_ext_000190,u_ext_00324,,,时间合适的话可以,7,0,2026-03-11 12:53:57,校园达人,0,0,normal
c_ext_00005383,p_ext_000491,cjZGc2lJdTZwNCtGcWFxMWhwL0daWCtUaEtPYm5tYXZncTkwcDRGc3JKdkRvb2h0bEpXV29vVFFydGlKbjZpTmhKT2llcHRqbm51QmVXSjI=,,,可以自提吗,1,3,2026-05-10 17:06:57,讲师,0,0,normal
c_ext_00005384,p_ext_001659,u_ext_00352,,,可以自提吗,6,1,2026-05-01 18:21:57,校园达人,0,0,normal
c_ext_00005385,p_ext_000777,u_ext_00117,,,可以自提吗,24,2,2026-03-10 07:11:57,校园达人,0,0,normal
c_ext_00005386,p_ext_001973,u_ext_00109,,,还在吗,9,0,2026-03-24 12:33:57,校园达人,0,0,normal
c_ext_00005387,p_ext_001966,eEpDYnE0UFB5WjZMemN6SmxxSzBkNVBNbWJHS2g0Ujhqbmltc0lTenlwaTNzb1ZyZ05HanFvT3FwZHQvWnJ5RWt0eDRwSXFlb3FDR2lXSjI=,,,可以自提吗,4,0,2026-03-26 06:19:57,硕士生,0,0,normal
c_ext_00005388,p_ext_000798,dDQxa2k1T3JvNnlHcWEzWW1JcXZyWWFTaElDTWhacUxqWjkwaDVDenFhaTBmMmV2aUpTamdZU1Z2dG1VWlp1VmY3aUVhWnRqYjZxQ2VXSjI=,,,蹲一个搭子,19,1,2026-03-25 06:28:57,本科生,0,0,normal
c_ext_00005389,p_ext_000857,u_ext_00264,,,在哪个校区交易,0,0,2026-04-21 16:27:57,活跃同学,0,0,normal
c_ext_00005390,p_ext_001055,u_ext_00209,,,可以自提吗,1,3,2026-03-24 07:30:57,资深坛友,0,0,normal
c_ext_00005391,p_ext_000956,u_ext_00218,,,多少钱,18,2,2026-02-08 08:22:57,资深坛友,0,0,normal
c_ext_00005392,p_ext_001067,u_ext_00386,,,还在吗,16,3,2026-03-26 16:11:57,校园达人,0,0,normal
c_ext_00005393,p_ext_000625,u_ext_00184,,,期末重点有吗,28,1,2026-02-20 18:49:57,校园达人,0,0,normal
c_ext_00005394,p_ext_001194,u_ext_00188,,,在哪个校区交易,25,0,2026-03-02 09:11:57,资深坛友,0,0,normal
c_ext_00005395,p_ext_000143,dDQxa2k1T3JvNnlHcWEzWW1JcXZyWWFTaElDTWhacUxqWjkwaDVDenFhaTBmMmV2aUpTamdZU1Z2dG1VWlp1VmY3aUVhWnRqYjZxQ2VXSjI=,,,多少钱,25,2,2026-04-10 15:28:57,本科生,0,0,normal
c_ext_00005396,p_ext_001725,u_ext_00150,,,可以自提吗,14,2,2026-03-17 11:27:57,普通用户,0,0,normal
c_ext_00005397,p_ext_001302,u_ext_00195,,,活动还有名额吗,24,2,2026-03-13 05:01:57,普通用户,0,0,normal
c_ext_00005398,p_ext_000852,u_ext_00265,,,还在吗,24,2,2026-03-26 03:28:57,校园达人,0,0,normal
c_ext_00005399,p_ext_000495,eFkxNWo0ZTdxNHVMazZxdGw0dTRkMzY2ZktxT2hZU3NsMmVWYklXTnJkMnZmNStEZjVUTmVZT1RzcWFZaXF5Vms3bWxhNXRocldpTGlXSjI=,,,这个窗口确实不错,11,1,2026-04-27 02:37:57,高中生,0,0,normal
c_ext_00005400,p_ext_001602,dXFWamFaUzQwV2VEdUxHU2w2T3paMytWb3BDYmlHdURoNHlkcTRtUHg2eXlwSUdMaEtxbnFZZTNyWlNHaXB1dGhLaWlnNE5rbm9HQmVXSjI=,,,在哪个校区交易,2,0,2026-04-25 08:17:57,硕士生,0,0,normal
c_ext_00005401,p_ext_001901,u_ext_00114,,,这个窗口确实不错,8,3,2026-02-05 08:01:57,校园达人,0,0,normal
c_ext_00005402,p_ext_000964,dTJtZmdwZTIxYStUcUxYVGxHV1RvNGUzZUtLWmQ0ZHRpR2lJcVpsL3g3UERvb2l3bGRHcnE0UzRwcm1BZXErdWxaT0lzWVNFYjJpSmlXSjI=,,,求资料,18,1,2026-03-08 01:27:57,硕士生,0,0,normal
c_ext_00005403,p_ext_000236,u_ext_00119,,,在哪个校区交易,26,0,2026-03-21 00:10:57,普通用户,0,0,normal
c_ext_00005404,p_ext_001859,u_ext_00244,,,时间合适的话可以,19,0,2026-03-03 12:39:57,校园达人,0,0,normal
c_ext_00005405,p_ext_000760,u_ext_00499,,,多少钱,15,1,2026-03-07 13:14:57,资深坛友,0,0,normal
c_ext_00005406,p_ext_000771,u_ext_00441,,,还在吗,6,1,2026-03-05 17:27:57,普通用户,0,0,normal
c_ext_00005407,p_ext_000153,u_ext_00121,,,多少钱,18,1,2026-05-07 02:55:57,活跃同学,0,0,normal
c_ext_00005408,2101580916,u_ext_00290,,,在哪个校区交易,22,1,2026-05-06 04:14:57,普通用户,0,0,normal
c_ext_00005409,p_ext_000800,u_ext_00483,,,在哪个校区交易,1,3,2026-03-15 13:51:57,资深坛友,0,0,normal
c_ext_00005410,p_ext_000869,u_ext_00415,,,期末重点有吗,0,0,2026-04-26 12:51:57,活跃同学,0,0,normal
c_ext_00005411,p_ext_000384,u_ext_00136,,,还在吗,10,1,2026-02-13 02:35:57,校园达人,0,0,normal
c_ext_00005412,2101635776,u_ext_00309,,,多少钱,15,1,2026-05-05 22:27:57,活跃同学,0,0,normal
c_ext_00005413,p_ext_001159,u_ext_00141,,,还在吗,3,2,2026-02-19 01:35:57,普通用户,0,0,normal
c_ext_00005414,p_ext_001978,u_ext_00154,,,蹲一个复习整理,13,1,2026-04-22 13:19:57,校园达人,0,0,normal
c_ext_00005415,p_ext_001647,dHFWNWU0ZVV5YTZFdHJuWGhxL09xNGVub1dxSWhxRm9pV2Q0am9sc3o4REdwbjJrZ2F2Tmg0U290ckdVWjd5Qmk4eUVqcHA0Zkd1SmlXSjI=,,,还在吗,12,0,2026-05-12 16:50:57,初中生,0,0,normal
c_ext_00005416,p_ext_001471,u_ext_00259,,,这个窗口确实不错,26,2,2026-05-31 13:18:57,活跃同学,0,0,normal
c_ext_00005417,p_ext_001900,u_ext_00264,,,我也想参加,26,1,2026-02-03 06:23:57,活跃同学,0,0,normal
c_ext_00005418,p_ext_000566,u_ext_00273,,,活动还有名额吗,7,2,2026-03-03 14:33:57,校园达人,0,0,normal
c_ext_00005419,2101541641,u_ext_00480,,,在哪个校区交易,27,2,2026-03-30 15:15:57,校园达人,0,0,normal
c_ext_00005420,p_ext_001955,u_ext_00373,,,可以自提吗,25,2,2026-05-26 22:04:57,普通用户,0,0,normal
c_ext_00005421,p_ext_000967,cm55WHBYKzZ4WVdWbGJxcmpLS3dkbituWjdLRnEzeUNoMlY4ZjVpbXo5Q3pvbld4aHJ1cnI0V1QxSzJXamNhT2xybUloSVdhcW5xWHIySjI=,,,需要什么技术栈,13,1,2026-02-27 22:53:57,本科生,0,0,normal
c_ext_00005422,p_ext_000511,u_ext_00397,,,这个窗口确实不错,28,1,2026-04-05 21:24:57,普通用户,0,0,normal
c_ext_00005423,p_ext_001426,dHBCMW81U254WDZEemEyVmhhRGFkbjdPZ0lDUllwbHBsNHFtb1l0OXJiVERzb0J0ZjVhM2lwYTYwOU9WZkp0NWxLaUFqWkYwYjRlSWlXSjI=,,,这个窗口确实不错,6,3,2026-03-30 05:28:57,硕士生,0,0,normal
c_ext_00005424,p_ext_001459,u_ext_00244,,,还在吗,0,3,2026-04-27 09:25:57,校园达人,0,0,normal
c_ext_00005425,p_ext_001376,u_ext_00375,,,多少钱,21,0,2026-02-17 19:55:57,校园达人,0,0,normal
c_ext_00005426,p_ext_000483,u_ext_00418,,,这个窗口确实不错,7,1,2026-04-23 07:35:57,普通用户,0,0,normal
c_ext_00005427,p_ext_001284,u_ext_00271,,,简历要怎么投,25,2,2026-05-16 06:57:57,普通用户,0,0,normal
c_ext_00005428,p_ext_001651,u_ext_00141,,,蹲一个搭子,1,1,2026-04-06 18:57:57,普通用户,0,0,normal
c_ext_00005429,p_ext_001977,eFdwb29wZlJ5YStGazYyVmdLTFNpSlMyakxLTWQ2WnRsbnhuYm95T3k2eTNwcHF5Zjg3RmpvYTVxc3lJakplRWk1V0VxNW1jZ0s2Q2VXSjI=,,,简历要怎么投,7,2,2026-02-24 18:49:57,高中生,0,0,normal
c_ext_00005430,p_ext_000148,u_ext_00300,,,时间合适的话可以,7,0,2026-05-05 03:04:57,校园达人,0,0,normal
c_ext_00005431,2101600478,u_ext_00326,,,多少钱,29,1,2026-04-24 19:44:57,普通用户,0,0,normal
c_ext_00005432,p_ext_000436,eFgyamdvR28xR2lTdWRqTmg2KzhuNFROcG9HYm5KQ0ppcCthZTVDUDB0MnZqNk9JaHMyamVvak12cWFYaXBPbWY4MmVrSW1lYjRPSWlXSjI=,,,可以自提吗,2,2,2026-03-28 23:42:57,初中生,0,0,normal
c_ext_00005433,p_ext_000639,u_ext_00439,,,还在吗,0,1,2026-05-05 07:26:57,资深坛友,0,0,normal
c_ext_00005434,p_ext_001960,u_ext_00298,,,感谢分享,13,3,2026-03-15 20:23:57,资深坛友,0,0,normal
c_ext_00005435,p_ext_001763,u_ext_00185,,,在哪个校区交易,9,3,2026-03-26 15:40:57,校园达人,0,0,normal
c_ext_00005436,p_ext_001916,u_ext_00343,,,还在吗,5,0,2026-02-15 02:04:57,资深坛友,0,0,normal
c_ext_00005437,p_ext_000877,cm82QnJvemRxbW1Va3JuYmpJdXNycFBRaUsrUWlZQjhsWHBqYXBoOXZiQzNmNDJIaHFxdmFZZlB5NVNHamNtdWhxWjBob2llaEpHWHIySjI=,,,还在吗,1,0,2026-05-10 18:49:57,硕士生,0,0,normal
c_ext_00005438,p_ext_001422,u_ext_00242,,,还在吗,13,0,2026-04-21 06:46:57,资深坛友,0,0,normal
c_ext_00005439,p_ext_001146,dGFONWhJUE5xNkdEdWI2NWZtalNaWXFVZUxHTmg2S0FqV2RqZ0p1bng5bTBqNWVTbExtN2FYMlVsYkdJak01cGhhbUVlNXA1aEsyQ2VXSjI=,,,期末重点有吗,4,2,2026-04-28 11:57:57,幼儿园,0,0,normal
c_ext_00005440,p_ext_001719,u_ext_00468,,,感谢分享,24,1,2026-02-18 04:33:57,校园达人,0,0,normal
c_ext_00005441,p_ext_001477,u_ext_00151,,,还在吗,30,0,2026-04-28 18:09:57,活跃同学,0,0,normal
c_ext_00005442,p_ext_001189,u_ext_00200,,,这个窗口确实不错,14,1,2026-04-01 00:29:57,校园达人,0,0,normal
c_ext_00005443,p_ext_001017,dDM5c2U1T29yNmlEdXFtU2xxTzNhSlc0YzJ1RWRwQ3NqbnByb1lPUHk2dTNhbVNxaHF1cXJvWFFxckdLb3NxbWxycUliWXhqaktLT3IySjI=,,,还在吗,7,3,2026-05-16 12:40:57,高中生,0,0,normal
c_ext_00005444,p_ext_001447,u_ext_00350,,,可以自提吗,1,0,2026-05-20 12:52:57,校园达人,0,0,normal
c_ext_00005445,p_ext_001726,dG8yWGtaYlFyNCtHMExLUmxYcldhWlRRZUg2Wm0zaWxpSDJEc0kybXg4NjdwbjJPbGRDU3FJZW11czZYZWNaNmY3aUlmb3VmZUlLTGlXSjI=,,,这个窗口确实不错,5,2,2026-04-20 22:31:57,初中生,0,0,normal
c_ext_00005446,p_ext_000674,cm55WHBYKzZ4WVdWbGJxcmpLS3dkbituWjdLRnEzeUNoMlY4ZjVpbXo5Q3pvbld4aHJ1cnI0V1QxSzJXamNhT2xybUloSVdhcW5xWHIySjI=,,,在哪个校区交易,9,3,2026-05-01 02:19:57,本科生,0,0,normal
c_ext_00005447,2101549384,eGFXcXNYK1Z0Nk4vdWN5cmxXaXJyb0tWaEhxWm41cURobnVpc1lxbXg1eXphR2lTak4zTmE0ZVQxTktWZTgydGhaUmpyWTUwYjRXV3IySjI=,,,在哪个校区交易,15,0,2026-04-16 12:38:57,硕士生,0,0,normal
c_ext_00005448,p_ext_000125,u_ext_00253,,,蹲一个复习整理,15,0,2026-04-08 22:25:57,校园达人,0,0,normal
c_ext_00005449,p_ext_001340,u_ext_00372,,,我也想参加,10,1,2026-05-16 17:02:57,资深坛友,0,0,normal
c_ext_00005450,p_ext_000347,u_ext_00197,,,还在吗,4,3,2026-03-12 06:44:57,普通用户,0,0,normal
c_ext_00005451,p_ext_000757,cm55Qm1uNlRrcTZJemJhVWYyV3JwcFNWaUtlWW5xNm1sb3VBaEpocjBwYTZwSTE5aTdxcmdaS3Fzc3lZZk1xQWs1UmpwNDFrbm15R2lXSjI=,,,多少钱,23,1,2026-04-05 05:30:57,初中生,0,0,normal
c_ext_00005452,p_ext_000755,u_ext_00375,,,这个窗口确实不错,29,0,2026-05-17 21:02:57,校园达人,0,0,normal
c_ext_00005453,p_ext_000119,u_ext_00445,,,还在吗,13,0,2026-02-26 21:30:57,活跃同学,0,0,normal
c_ext_00005454,p_ext_001398,u_ext_00434,,,在哪个校区交易,21,3,2026-03-19 15:06:57,活跃同学,0,0,normal
c_ext_00005455,p_ext_000192,u_ext_00352,,,时间合适的话可以,2,0,2026-03-15 16:00:57,校园达人,0,0,normal
c_ext_00005456,p_ext_000710,u_ext_00152,,,可以自提吗,4,1,2026-03-14 01:06:57,活跃同学,0,0,normal
c_ext_00005457,p_ext_000276,u_ext_00215,,,在哪个校区交易,27,3,2026-03-17 00:45:57,普通用户,0,0,normal
c_ext_00005458,p_ext_001789,u_ext_00235,,,这个窗口确实不错,29,3,2026-03-26 01:49:57,校园达人,0,0,normal
c_ext_00005459,p_ext_001201,u_ext_00433,,,还在吗,2,1,2026-04-09 23:40:57,资深坛友,0,0,normal
c_ext_00005460,p_ext_001979,dG4yZnBJaXJzcTUrcXE2b2wyZXNhSlc2aDIyTWlhR3dpcDkzYllPTnh0eTFwV051ZjdxU3BIN2N0ckdCZWJoNmhyZDhwWkNkZklXV3IySjI=,,,多少钱,15,2,2026-05-15 21:54:57,高中生,0,0,normal
c_ext_00005461,p_ext_000649,u_ext_00483,,,活动还有名额吗,8,0,2026-04-08 05:27:57,资深坛友,0,0,normal
c_ext_00005462,p_ext_001775,dDM5c2U1T29yNmlEdXFtU2xxTzNhSlc0YzJ1RWRwQ3NqbnByb1lPUHk2dTNhbVNxaHF1cXJvWFFxckdLb3NxbWxycUliWXhqaktLT3IySjI=,,,在哪个校区交易,28,3,2026-02-07 22:08:57,高中生,0,0,normal
c_ext_00005463,p_ext_001063,u_ext_00172,,,还在吗,7,1,2026-05-05 22:58:57,普通用户,0,0,normal
c_ext_00005464,p_ext_001472,u_ext_00498,,,还在吗,1,2,2026-02-20 01:57:57,校园达人,0,0,normal
c_ext_00005465,p_ext_000265,u_ext_00410,,,在哪个校区交易,16,2,2026-02-13 23:39:57,活跃同学,0,0,normal
c_ext_00005466,p_ext_000494,dDN5QmZJbXF1cXlFME5DcGxxT29sWktwWTRpSW5tNnhnR1dMc0ppQXl0eXpqWUdFbHBXdVozNm4xTktJaksrdWZ0Q2FnNXQxb29hSWlXSjI=,,,还在吗,29,0,2026-02-07 19:58:57,本科生,0,0,normal
c_ext_00005467,p_ext_001753,dDN5QmZJbXF1cXlFME5DcGxxT29sWktwWTRpSW5tNnhnR1dMc0ppQXl0eXpqWUdFbHBXdVozNm4xTktJaksrdWZ0Q2FnNXQxb29hSWlXSjI=,,,这个岗位适合大三吗,30,2,2026-05-12 05:48:57,本科生,0,0,normal
c_ext_00005468,p_ext_001624,u_ext_00179,,,这个窗口确实不错,15,2,2026-04-12 15:28:57,活跃同学,0,0,normal
c_ext_00005469,p_ext_001895,u_ext_00216,,,活动还有名额吗,15,0,2026-05-05 23:00:57,普通用户,0,0,normal
c_ext_00005470,2101519846,dXFXbnJaU3FrcStTMjUzT2dhTFdvSWJOYTZDRVlZeVJnb3VJclp1TnZiQzBhR1NoZ05Demg0clExTnFJb2Nab2haS0VmWU5qcW4rT3IySjI=,,,我也想参加,27,0,2026-04-28 23:01:57,高中生,0,0,normal
c_ext_00005471,p_ext_001648,u_ext_00348,,,在哪个校区交易,30,3,2026-05-17 17:59:57,普通用户,0,0,normal
c_ext_00005472,p_ext_000269,u_ext_00222,,,多少钱,14,0,2026-04-08 09:19:57,活跃同学,0,0,normal
c_ext_00005473,p_ext_000162,u_ext_00218,,,在哪个校区交易,10,1,2026-03-26 06:05:57,资深坛友,0,0,normal
c_ext_00005474,p_ext_000737,cjdLWGpuK1V5R2VTcWNpdWwzcXduWWVTcG95T2hwNXJpWXQ0Zkl5Tng3aTJmbzF1aExpYWJJUzUxNWFXWjgxcGxiZUloSnVGZjJ1SmlXSjI=,,,蹲一个复习整理,23,2,2026-04-27 16:24:57,初中生,0,0,normal
c_ext_00005475,p_ext_000557,u_ext_00341,,,还在吗,17,2,2026-05-29 17:01:57,资深坛友,0,0,normal
c_ext_00005476,p_ext_001992,u_ext_00466,,,可以自提吗,29,3,2026-04-16 10:13:57,校园达人,0,0,normal
c_ext_00005477,p_ext_000236,u_ext_00266,,,多少钱,30,0,2026-03-01 15:00:57,资深坛友,0,0,normal
c_ext_00005478,p_ext_000365,dEtLYm1vTzYwWjZMdDlTNmdYdk5yWVNvb3FTTGRaMnZoYUdhb29pUnJkbXpqbjJObHJpWmE0VzV1clNZaXNsa2xiZUVhb1dlZktXWXIySjI=,,,可以自提吗,18,3,2026-04-13 20:18:57,初中生,0,0,normal
c_ext_00005479,p_ext_001704,u_ext_00144,,,在哪个校区交易,20,0,2026-05-06 11:18:57,校园达人,0,0,normal
c_ext_00005480,p_ext_001026,u_ext_00115,,,这个窗口确实不错,27,0,2026-05-26 16:55:57,活跃同学,0,0,normal
c_ext_00005481,p_ext_001834,eGFXcXNYK1Z0Nk4vdWN5cmxXaXJyb0tWaEhxWm41cURobnVpc1lxbXg1eXphR2lTak4zTmE0ZVQxTktWZTgydGhaUmpyWTUwYjRXV3IySjI=,,,在哪个校区交易,20,1,2026-04-23 12:28:57,硕士生,0,0,normal
c_ext_00005482,p_ext_000896,u_ext_00442,,,多少钱,17,2,2026-03-17 12:29:57,普通用户,0,0,normal
c_ext_00005483,p_ext_000840,u_ext_00456,,,活动还有名额吗,7,0,2026-04-30 16:30:57,资深坛友,0,0,normal
c_ext_00005484,p_ext_001068,ckdsMWFvdlJyMzErdWJhdWlXYXNab0s2b29TUm5YaXRqYUJyc0lSOXRadkNhNXVRZnQzTlpvQ25zdEtOWjdDcmhiVnJrb1ZraUhxQmVXSjI=,,,还在吗,22,2,2026-03-15 12:04:57,本科生,0,0,normal
c_ext_00005485,p_ext_001145,u_ext_00410,,,在哪个校区交易,6,0,2026-03-06 23:14:57,活跃同学,0,0,normal
c_ext_00005486,p_ext_000194,u_ext_00206,,,简历要怎么投,19,0,2026-05-31 02:29:57,普通用户,0,0,normal
c_ext_00005487,p_ext_001913,u_ext_00487,,,可以自提吗,24,3,2026-04-07 06:12:57,活跃同学,0,0,normal
c_ext_00005488,p_ext_001033,u_ext_00221,,,我也想参加,10,3,2026-04-09 23:03:57,资深坛友,0,0,normal
c_ext_00005489,p_ext_001113,u_ext_00483,,,还在吗,10,0,2026-03-05 16:17:57,资深坛友,0,0,normal
c_ext_00005490,p_ext_000271,u_ext_00243,,,可以自提吗,25,2,2026-02-07 07:53:57,活跃同学,0,0,normal
c_ext_00005491,p_ext_001953,dzQ5OWFZU1Rsb0NBdU5DMGlxR3dpSVMzYXJHR2VZZHBsNHVoYllWK3RjNnprSDJ4aWMzSWE1S21ycmlHaTd1bWZKS0FqNFoyb29lSWlXSjI=,,,需要什么技术栈,24,3,2026-02-17 06:25:57,小学生,0,0,normal
c_ext_00005492,p_ext_001906,u_ext_00161,,,在哪个校区交易,11,2,2026-03-29 20:46:57,资深坛友,0,0,normal
c_ext_00005493,p_ext_001283,u_ext_00485,,,在哪个校区交易,3,2,2026-02-27 18:10:57,活跃同学,0,0,normal
c_ext_00005494,p_ext_001101,u_ext_00344,,,这个窗口确实不错,15,0,2026-03-18 09:52:57,活跃同学,0,0,normal
c_ext_00005495,p_ext_000109,u_ext_00463,,,多少钱,21,2,2026-03-14 04:37:57,资深坛友,0,0,normal
c_ext_00005496,p_ext_001007,u_ext_00481,,,可以自提吗,20,3,2026-04-05 17:52:57,活跃同学,0,0,normal
c_ext_00005497,p_ext_001766,u_ext_00139,,,可以内推吗,29,3,2026-02-18 15:27:57,活跃同学,0,0,normal
c_ext_00005498,p_ext_000859,u_ext_00143,,,还在吗,23,1,2026-03-22 14:43:57,活跃同学,0,0,normal
c_ext_00005499,p_ext_001886,u_ext_00439,,,还在吗,10,1,2026-03-05 10:06:57,资深坛友,0,0,normal
c_ext_00005500,p_ext_001807,u_ext_00439,,,可以自提吗,27,2,2026-05-05 22:22:57,资深坛友,0,0,normal
c_ext_00005501,p_ext_001541,u_ext_00410,,,可以自提吗,18,1,2026-04-05 22:10:57,活跃同学,0,0,normal
c_ext_00005502,p_ext_000879,u_ext_00465,,,在哪个校区交易,15,3,2026-05-14 13:24:57,资深坛友,0,0,normal
c_ext_00005503,p_ext_000940,u_ext_00176,,,感谢分享,23,0,2026-04-26 20:18:57,资深坛友,0,0,normal
c_ext_00005504,p_ext_001021,u_ext_00415,,,多少钱,7,1,2026-03-03 22:16:57,活跃同学,0,0,normal
c_ext_00005505,p_ext_000530,u_ext_00332,,,在哪个校区交易,13,2,2026-02-25 15:37:57,活跃同学,0,0,normal
c_ext_00005506,p_ext_000553,u_ext_00367,,,蹲一个搭子,27,3,2026-03-11 10:21:57,活跃同学,0,0,normal
c_ext_00005507,p_ext_001355,cjMrRms1ZXJyNE4vcWR2YWlJdktySkxjbHFlTG5hYXJpNkdpajVxbTA2KzFrSFd6bHMrN281UFF0cTZJZTZTRGdMcUxhWkNkZkdpQ2VXSjI=,,,在哪个校区交易,28,2,2026-03-14 14:47:57,硕士生,0,0,normal
c_ext_00005508,p_ext_000870,u_ext_00163,,,活动还有名额吗,9,3,2026-02-06 07:14:57,校园达人,0,0,normal
c_ext_00005509,p_ext_000241,u_ext_00381,,,多少钱,0,3,2026-05-29 19:27:57,活跃同学,0,0,normal
c_ext_00005510,p_ext_001421,u_ext_00211,,,多少钱,2,3,2026-03-12 04:20:57,校园达人,0,0,normal
c_ext_00005511,p_ext_001265,u_ext_00459,,,可以自提吗,9,3,2026-04-29 23:18:57,普通用户,0,0,normal
c_ext_00005512,p_ext_001520,dDJsMWtaYTZ5WG1IdDZxbGdHWEdaWlNvbm1pRWVJU25ocU56YkptT3VkRzdwSFd6aTlDYWg1T3FxcXlXcjhaNWs1S1dxNHAxajJpTGlXSjI=,,,在哪个校区交易,30,2,2026-03-27 05:45:57,本科生,0,0,normal
c_ext_00005513,p_ext_000639,u_ext_00244,,,这个窗口确实不错,8,3,2026-03-06 03:00:57,校园达人,0,0,normal
c_ext_00005514,p_ext_001618,u_ext_00171,,,可以自提吗,11,1,2026-02-28 14:27:57,资深坛友,0,0,normal
c_ext_00005515,p_ext_001272,u_ext_00462,,,多少钱,17,0,2026-03-09 19:27:57,活跃同学,0,0,normal
c_ext_00005516,p_ext_001986,u_ext_00297,,,还在吗,22,3,2026-02-16 12:08:57,校园达人,0,0,normal
c_ext_00005517,p_ext_001224,u_ext_00294,,,多少钱,11,0,2026-04-03 22:26:57,校园达人,0,0,normal
c_ext_00005518,p_ext_000484,u_ext_00388,,,在哪个校区交易,4,0,2026-04-12 11:00:57,资深坛友,0,0,normal
c_ext_00005519,p_ext_001109,u_ext_00283,,,可以自提吗,3,1,2026-03-19 16:55:57,普通用户,0,0,normal
c_ext_00005520,p_ext_000525,u_ext_00134,,,感谢分享,1,2,2026-03-03 04:20:57,活跃同学,0,0,normal
c_ext_00005521,p_ext_000464,cjdLWGpuK1V5R2VTcWNpdWwzcXduWWVTcG95T2hwNXJpWXQ0Zkl5Tng3aTJmbzF1aExpYWJJUzUxNWFXWjgxcGxiZUloSnVGZjJ1SmlXSjI=,,,还在吗,5,0,2026-03-03 21:47:57,初中生,0,0,normal
c_ext_00005522,p_ext_000737,c294NW9veTdwNWVUenJIVGlveTBlNVRQWW1pWW0zaWhpbnVhaEl5a25NQzNqNmRxaTdtdnJJdTV1cW1FaXBlVmdzMTNhb21yZkg2WXIySjI=,,,蹲一个复习整理,18,1,2026-02-22 16:00:57,高中生,0,0,normal
c_ext_00005523,2101575959,cjQycmtJeTN0NGQrejh6Q2xuelNlSCszbm1pRWQ2Si9nbjEzcjRGcHNiYkNqYWVCbGMvTmdINlYxTXlCbzdkbWs2WjhyNWxoZkkyWHIySjI=,,,在哪个校区交易,25,0,2026-02-13 23:17:57,高中生,0,0,normal
c_ext_00005524,2101580742,dEtLYm1vTzYwWjZMdDlTNmdYdk5yWVNvb3FTTGRaMnZoYUdhb29pUnJkbXpqbjJObHJpWmE0VzV1clNZaXNsa2xiZUVhb1dlZktXWXIySjI=,,,可以自提吗,0,3,2026-04-21 22:09:57,初中生,0,0,normal
c_ext_00005525,p_ext_001788,u_ext_00312,,,这个窗口确实不错,6,3,2026-03-09 02:07:57,资深坛友,0,0,normal
c_ext_00005526,p_ext_000501,u_ext_00419,,,蹲一个复习整理,16,3,2026-02-16 17:16:57,资深坛友,0,0,normal
c_ext_00005527,p_ext_000843,u_ext_00223,,,还在吗,1,3,2026-03-07 09:01:57,普通用户,0,0,normal
c_ext_00005528,p_ext_001351,u_ext_00315,,,多少钱,17,0,2026-05-16 05:16:57,普通用户,0,0,normal
c_ext_00005529,p_ext_001128,dzZXQmdJTzZsckNGdDVXcWZtaWtxSk81aUt1RmlZK3dpcUdhanBxbHZiKzBwWDE5bHFqSXJJS1VxdEdZbjdoN2c5dHJzbzJjaEltS2lXSjI=,,,这个窗口确实不错,26,3,2026-03-07 02:13:57,本科生,0,0,normal
c_ext_00005530,p_ext_001438,cm55Qm1uNlRrcTZJemJhVWYyV3JwcFNWaUtlWW5xNm1sb3VBaEpocjBwYTZwSTE5aTdxcmdaS3Fzc3lZZk1xQWs1UmpwNDFrbm15R2lXSjI=,,,还在吗,24,3,2026-03-22 08:38:57,初中生,0,0,normal
c_ext_00005531,p_ext_000813,u_ext_00358,,,这个窗口确实不错,12,0,2026-05-19 09:06:57,活跃同学,0,0,normal
c_ext_00005532,p_ext_000943,u_ext_00472,,,多少钱,23,3,2026-03-03 06:03:57,普通用户,0,0,normal
c_ext_00005533,p_ext_001263,u_ext_00360,,,这个窗口确实不错,2,3,2026-05-11 16:06:57,资深坛友,0,0,normal
c_ext_00005534,p_ext_000416,u_ext_00196,,,期末重点有吗,28,2,2026-04-06 19:10:57,普通用户,0,0,normal
c_ext_00005535,p_ext_000780,u_ext_00392,,,时间合适的话可以,9,3,2026-02-17 10:48:57,普通用户,0,0,normal
c_ext_00005536,p_ext_001208,u_ext_00223,,,时间合适的话可以,28,1,2026-04-20 16:51:57,普通用户,0,0,normal
c_ext_00005537,p_ext_000579,u_ext_00378,,,时间合适的话可以,26,0,2026-02-08 08:12:57,校园达人,0,0,normal
c_ext_00005538,p_ext_000726,u_ext_00424,,,在哪个校区交易,1,1,2026-04-30 17:58:57,活跃同学,0,0,normal
c_ext_00005539,p_ext_001980,u_ext_00387,,,这个窗口确实不错,12,3,2026-05-22 21:16:57,活跃同学,0,0,normal
c_ext_00005540,2101513711,u_ext_00429,,,多少钱,21,1,2026-03-19 20:22:57,普通用户,0,0,normal
c_ext_00005541,p_ext_000779,u_ext_00186,,,可以自提吗,21,2,2026-05-09 22:48:57,普通用户,0,0,normal
c_ext_00005542,p_ext_000736,d21xQmg0aVRrbytHcXFxNm1JbkdwMzY2b2JDY25KbXdpNHllZzVtT201aXZhNStsbHMydXFJV25sSkdZb3Bkb2xaS0hycGlFYjRlSWlXSjI=,,,蹲一个搭子,22,2,2026-04-13 01:33:57,初中生,0,0,normal
c_ext_00005543,p_ext_001475,c0h4NWlJelF0bXAvdHNlVmYyZkdqSlMzZ0lHWXE2S25pWHFXcklWKzI3akZmSmVBbHFtN3FaU25zcGFXbjZTTGhxbVphNFZob3FtSGlXSjI=,,,这个窗口确实不错,28,3,2026-03-09 04:11:57,高中生,0,0,normal
c_ext_00005544,p_ext_001621,u_ext_00467,,,在哪个校区交易,14,1,2026-04-12 07:33:57,活跃同学,0,0,normal
c_ext_00005545,p_ext_001294,u_ext_00432,,,感谢分享,0,3,2026-04-03 07:59:57,资深坛友,0,0,normal
c_ext_00005546,p_ext_001402,eFdsOWtZeXAwWDZWenE3UGpHWE9vWDZxZEpDT2Q2S0FtWXQ0cklGcms1ckdvNSt5ZlpTN2tJZVVycnFBWnFTbGs2cWFpWnlmaUh5SGlXSjI=,,,感谢分享,27,3,2026-05-05 19:58:57,本科生,0,0,normal
c_ext_00005547,p_ext_000484,u_ext_00397,,,这个窗口确实不错,22,2,2026-02-17 21:31:57,普通用户,0,0,normal
c_ext_00005548,p_ext_001216,eEtTZWJaYlExWHFJemFxWGhZdW9yb3ZNZjJtUW5vU0VpbzJXaEltbHVkQ3pvbzJ5bGRISmc1YTZ0c3VNak5LR2xMZVdyb1ZrbnBtSGlXSjI=,,,期末重点有吗,13,3,2026-04-21 02:48:57,硕士生,0,0,normal
c_ext_00005549,p_ext_001719,u_ext_00284,,,期末重点有吗,2,3,2026-03-11 22:51:57,资深坛友,0,0,normal
c_ext_00005550,p_ext_001837,u_ext_00165,,,在哪个校区交易,13,2,2026-03-03 01:11:57,活跃同学,0,0,normal
c_ext_00005551,p_ext_000494,u_ext_00441,,,还在吗,29,2,2026-02-13 07:01:57,普通用户,0,0,normal
c_ext_00005552,p_ext_001936,u_ext_00372,,,在哪个校区交易,6,1,2026-04-07 16:52:57,资深坛友,0,0,normal
c_ext_00005553,p_ext_000246,u_ext_00349,,,蹲一个搭子,20,2,2026-02-23 21:35:57,资深坛友,0,0,normal
c_ext_00005554,p_ext_001476,u_ext_00488,,,在哪个校区交易,10,0,2026-04-09 19:41:57,活跃同学,0,0,normal
c_ext_00005555,p_ext_000516,u_ext_00419,,,可以自提吗,26,2,2026-02-11 17:14:57,资深坛友,0,0,normal
c_ext_00005556,p_ext_000136,eEtTZWJaYlExWHFJemFxWGhZdW9yb3ZNZjJtUW5vU0VpbzJXaEltbHVkQ3pvbzJ5bGRISmc1YTZ0c3VNak5LR2xMZVdyb1ZrbnBtSGlXSjI=,,,时间合适的话可以,2,1,2026-04-17 21:19:57,硕士生,0,0,normal
c_ext_00005557,p_ext_001684,u_ext_00294,,,可以自提吗,4,3,2026-02-27 19:05:57,校园达人,0,0,normal
c_ext_00005558,p_ext_001424,u_ext_00110,,,这个窗口确实不错,23,3,2026-05-18 17:00:57,校园达人,0,0,normal
c_ext_00005559,p_ext_000702,u_ext_00382,,,还在吗,9,2,2026-02-24 06:54:57,活跃同学,0,0,normal
c_ext_00005560,p_ext_000214,u_ext_00309,,,可以自提吗,12,0,2026-02-09 21:18:57,活跃同学,0,0,normal
c_ext_00005561,p_ext_001698,czMxb2s1V3ExWWFIemN5bWhLR29wWWVTaktDSllXdDdpcUJqYnBta3RaYXVqMzE4bFphcmZuMlR6OW1XcjdDQWs3cUltWWlJWnJDWHIySjI=,,,还在吗,17,0,2026-02-17 09:16:57,本科生,0,0,normal
c_ext_00005562,p_ext_001066,u_ext_00126,,,这个窗口确实不错,3,1,2026-06-02 00:41:57,校园达人,0,0,normal
c_ext_00005563,p_ext_000483,u_ext_00450,,,在哪个校区交易,19,0,2026-05-31 20:44:57,资深坛友,0,0,normal
c_ext_00005564,p_ext_001409,eGFXcXNYK1Z0Nk4vdWN5cmxXaXJyb0tWaEhxWm41cURobnVpc1lxbXg1eXphR2lTak4zTmE0ZVQxTktWZTgydGhaUmpyWTUwYjRXV3IySjI=,,,还在吗,28,2,2026-04-28 23:09:57,硕士生,0,0,normal
c_ext_00005565,p_ext_001155,u_ext_00109,,,可以自提吗,5,3,2026-04-24 20:25:57,校园达人,0,0,normal
c_ext_00005566,p_ext_001966,u_ext_00289,,,在哪个校区交易,8,2,2026-04-11 20:20:57,普通用户,0,0,normal
c_ext_00005567,p_ext_001311,u_ext_00361,,,可以自提吗,24,0,2026-04-13 09:18:57,活跃同学,0,0,normal
c_ext_00005568,p_ext_000418,u_ext_00263,,,需要什么技术栈,2,0,2026-04-25 16:37:57,普通用户,0,0,normal
c_ext_00005569,p_ext_000518,u_ext_00117,,,蹲一个搭子,30,3,2026-02-13 04:43:57,校园达人,0,0,normal
c_ext_00005570,p_ext_001345,u_ext_00433,,,还在吗,15,0,2026-05-01 23:50:57,资深坛友,0,0,normal
c_ext_00005571,2101622130,eEdxWGlwU1dzbXFTdXNqV2xIckdmNFROaUt5YWlJaW9sNGwwYkltTnVkQ3lqSVZwbEtpV2ZKT1VsYzZZamFpTGhLZG5oNHliZ0llSGlXSjI=,,,这个窗口确实不错,17,1,2026-05-14 12:05:57,高中生,0,0,normal
c_ext_00005572,p_ext_001834,dTJtZmdwZTIxYStUcUxYVGxHV1RvNGUzZUtLWmQ0ZHRpR2lJcVpsL3g3UERvb2l3bGRHcnE0UzRwcm1BZXErdWxaT0lzWVNFYjJpSmlXSjI=,,,这个窗口确实不错,26,2,2026-05-18 02:35:57,硕士生,0,0,normal
c_ext_00005573,p_ext_000196,u_ext_00133,,,在哪个校区交易,25,0,2026-02-15 14:40:57,校园达人,0,0,normal
c_ext_00005574,p_ext_001656,u_ext_00169,,,还在吗,17,1,2026-02-06 21:13:57,活跃同学,0,0,normal
c_ext_00005575,p_ext_001799,u_ext_00393,,,多少钱,0,0,2026-05-14 16:25:57,校园达人,0,0,normal
c_ext_00005576,p_ext_001836,u_ext_00478,,,可以自提吗,5,3,2026-05-06 12:44:57,校园达人,0,0,normal
c_ext_00005577,p_ext_001228,u_ext_00303,,,这个窗口确实不错,15,3,2026-06-01 04:10:57,资深坛友,0,0,normal
c_ext_00005578,p_ext_001594,u_ext_00444,,,时间合适的话可以,3,2,2026-02-23 13:42:57,校园达人,0,0,normal
c_ext_00005579,p_ext_001466,dEk2YnFKVzQyR2lTenE2NmlZM1NmWlRjbXFXTGVKbXZpM3Flc1pkcnZkckZhbm1JaHN5YXNKTzVzdHFOak5hbWhKV2VzcEdGZ0txS2lXSjI=,,,这个岗位适合大三吗,15,3,2026-05-28 02:23:57,硕士生,0,0,normal
c_ext_00005580,p_ext_000383,u_ext_00407,,,还在吗,2,3,2026-04-15 06:00:57,校园达人,0,0,normal
c_ext_00005581,p_ext_000658,u_ext_00377,,,多少钱,19,0,2026-02-05 21:40:57,资深坛友,0,0,normal
c_ext_00005582,p_ext_001585,u_ext_00495,,,还在吗,27,1,2026-03-28 05:23:57,普通用户,0,0,normal
c_ext_00005583,p_ext_001235,u_ext_00138,,,在哪个校区交易,15,0,2026-02-26 06:43:57,活跃同学,0,0,normal
c_ext_00005584,2101513711,c21pZm9ZeXFsbytVemRDemxXZmFxNUtWaEs2TW5hYW1oWitWYklxUXo4ZXZhb0duaHFyRmhZcVVxWlNWZk5acWxxaWVyNWgybnJDV3IySjI=,,,在哪个校区交易,26,0,2026-03-13 11:23:57,小学生,0,0,normal
c_ext_00005585,p_ext_000639,u_ext_00440,,,多少钱,27,0,2026-05-01 09:23:57,校园达人,0,0,normal
c_ext_00005586,p_ext_001872,u_ext_00162,,,多少钱,29,0,2026-04-12 06:44:57,资深坛友,0,0,normal
c_ext_00005587,p_ext_001916,u_ext_00499,,,可以自提吗,25,1,2026-04-16 17:50:57,资深坛友,0,0,normal
c_ext_00005588,p_ext_001810,u_ext_00302,,,蹲一个搭子,26,2,2026-02-20 21:43:57,活跃同学,0,0,normal
c_ext_00005589,p_ext_001327,dGFONWhJUE5xNkdEdWI2NWZtalNaWXFVZUxHTmg2S0FqV2RqZ0p1bng5bTBqNWVTbExtN2FYMlVsYkdJak01cGhhbUVlNXA1aEsyQ2VXSjI=,,,蹲一个复习整理,11,0,2026-02-19 11:55:57,幼儿园,0,0,normal
c_ext_00005590,p_ext_000642,u_ext_00263,,,在哪个校区交易,10,2,2026-04-10 08:53:57,普通用户,0,0,normal
c_ext_00005591,p_ext_001672,u_ext_00300,,,这个窗口确实不错,1,2,2026-02-14 17:01:57,校园达人,0,0,normal
c_ext_00005592,p_ext_001628,u_ext_00106,,,活动还有名额吗,17,1,2026-02-08 13:52:57,活跃同学,0,0,normal
c_ext_00005593,p_ext_000533,u_ext_00226,,,还在吗,16,3,2026-04-14 02:25:57,活跃同学,0,0,normal
c_ext_00005594,p_ext_001570,u_ext_00194,,,还在吗,20,2,2026-05-04 19:27:57,资深坛友,0,0,normal
c_ext_00005595,p_ext_000971,u_ext_00300,,,这个窗口确实不错,20,0,2026-03-25 18:05:57,校园达人,0,0,normal
c_ext_00005596,p_ext_001043,u_ext_00492,,,可以自提吗,14,1,2026-02-11 21:17:57,活跃同学,0,0,normal
c_ext_00005597,2101508313,eEg5cnM1V1Z0NHlJcHFiU2phTFNybitVaUtxRm40K3hobWVlc1lTUnNkYkRvMlNobEpUSmE1Yk4wSmVXYU1hTGhjMXJybzE1b3FtT3IySjI=,,,还在吗,1,0,2026-03-21 04:00:57,高中生,0,0,normal
c_ext_00005598,p_ext_000529,u_ext_00394,,,这个窗口确实不错,21,0,2026-04-27 18:23:57,校园达人,0,0,normal
c_ext_00005599,p_ext_001978,u_ext_00295,,,感谢分享,12,0,2026-05-28 21:54:57,活跃同学,0,0,normal
c_ext_00005600,p_ext_000127,u_ext_00217,,,在哪个校区交易,30,0,2026-05-28 00:38:57,普通用户,0,0,normal
c_ext_00005601,p_ext_001048,u_ext_00122,,,多少钱,29,3,2026-03-17 01:43:57,活跃同学,0,0,normal
c_ext_00005602,p_ext_001374,u_ext_00223,,,还在吗,22,2,2026-04-09 12:24:57,普通用户,0,0,normal
c_ext_00005603,p_ext_001259,u_ext_00395,,,这个窗口确实不错,0,2,2026-03-04 11:59:57,活跃同学,0,0,normal
c_ext_00005604,p_ext_001054,u_ext_00491,,,这个窗口确实不错,4,2,2026-02-09 22:04:57,活跃同学,0,0,normal
c_ext_00005605,p_ext_001357,u_ext_00346,,,这个窗口确实不错,15,2,2026-06-01 08:11:57,校园达人,0,0,normal
c_ext_00005606,p_ext_000899,u_ext_00233,,,可以自提吗,20,3,2026-05-02 17:04:57,资深坛友,0,0,normal
c_ext_00005607,p_ext_001024,dzVCMXI0WFB5WTJGbExYWGpZcTRub3FUb29LRllhNnRtWXVFaDRlUnk3ckZqNDJCaTlHM3JJdXB1dGFHZTZScGZxZUFhSm1Gbm02R2lXSjI=,,,还在吗,17,3,2026-03-10 03:31:57,博士生,0,0,normal
c_ext_00005608,p_ext_001142,u_ext_00247,,,多少钱,22,0,2026-04-11 20:35:57,活跃同学,0,0,normal
c_ext_00005609,p_ext_001595,u_ext_00324,,,这个窗口确实不错,10,1,2026-03-02 17:57:57,校园达人,0,0,normal
c_ext_00005610,p_ext_001500,u_ext_00199,,,期末重点有吗,8,1,2026-03-05 23:36:57,活跃同学,0,0,normal
c_ext_00005611,p_ext_000637,u_ext_00490,,,在哪个校区交易,28,3,2026-03-28 13:56:57,活跃同学,0,0,normal
c_ext_00005612,p_ext_000589,dFh5ZXNvaVR5YStMdHNpbGw0M09vSWpQZklxTGg0OXNob3FFazVkOXFKYkVhcDV1aEx1emUzNlUwSzZHb0t5Q2lLYUFiSkNIakdtR2lXSjI=,,,可以自提吗,18,2,2026-05-07 05:00:57,高中生,0,0,normal
c_ext_00005613,p_ext_000617,u_ext_00255,,,在哪个校区交易,25,3,2026-04-24 03:55:57,资深坛友,0,0,normal
c_ext_00005614,p_ext_001500,u_ext_00189,,,蹲一个复习整理,25,0,2026-05-10 05:47:57,校园达人,0,0,normal
c_ext_00005615,p_ext_001029,eEg5cnM1V1Z0NHlJcHFiU2phTFNybitVaUtxRm40K3hobWVlc1lTUnNkYkRvMlNobEpUSmE1Yk4wSmVXYU1hTGhjMXJybzE1b3FtT3IySjI=,,,在哪个校区交易,30,2,2026-04-06 15:40:57,高中生,0,0,normal
c_ext_00005616,p_ext_000466,u_ext_00479,,,这个窗口确实不错,8,3,2026-05-18 06:07:57,普通用户,0,0,normal
c_ext_00005617,p_ext_001912,u_ext_00152,,,多少钱,12,1,2026-05-11 07:32:57,活跃同学,0,0,normal
c_ext_00005618,p_ext_001114,u_ext_00429,,,时间合适的话可以,18,0,2026-05-28 01:51:57,普通用户,0,0,normal
c_ext_00005619,p_ext_001209,u_ext_00375,,,这个窗口确实不错,8,3,2026-04-11 16:00:57,校园达人,0,0,normal
c_ext_00005620,p_ext_000638,u_ext_00201,,,可以自提吗,16,2,2026-05-14 05:51:57,校园达人,0,0,normal
c_ext_00005621,p_ext_001506,u_ext_00407,,,可以自提吗,5,0,2026-05-18 20:02:57,校园达人,0,0,normal
c_ext_00005622,p_ext_000866,u_ext_00398,,,这个窗口确实不错,7,1,2026-03-08 14:29:57,活跃同学,0,0,normal
c_ext_00005623,p_ext_001076,czQrTmdYK3FyNFdVcDh6S2xvcXdoNVRNZUdpUmQ1MXFsbWVIc1lPbHZidTFhNStSbHFtbmk0dTFuWldYb05LRmZOeUlpWnA1ZkllVnIySjI=,,,可以自提吗,11,2,2026-04-15 05:53:57,本科生,0,0,normal
c_ext_00005624,p_ext_001099,u_ext_00283,,,可以自提吗,1,1,2026-05-26 21:31:57,普通用户,0,0,normal
c_ext_00005625,p_ext_000102,u_ext_00121,,,可以自提吗,18,3,2026-02-16 14:08:57,活跃同学,0,0,normal
c_ext_00005626,p_ext_000624,u_ext_00232,,,活动还有名额吗,5,2,2026-02-11 17:43:57,普通用户,0,0,normal
c_ext_00005627,p_ext_001431,u_ext_00148,,,蹲一个搭子,9,1,2026-04-20 17:36:57,资深坛友,0,0,normal
c_ext_00005628,p_ext_001305,u_ext_00424,,,多少钱,7,2,2026-04-19 05:23:57,活跃同学,0,0,normal
c_ext_00005629,p_ext_000931,u_ext_00255,,,需要什么技术栈,10,3,2026-03-15 11:55:57,资深坛友,0,0,normal
c_ext_00005630,p_ext_000257,u_ext_00394,,,这个窗口确实不错,19,3,2026-02-08 06:50:57,校园达人,0,0,normal
c_ext_00005631,p_ext_001323,u_ext_00150,,,这个岗位适合大三吗,3,1,2026-04-10 11:58:57,普通用户,0,0,normal
c_ext_00005632,p_ext_001405,u_ext_00351,,,这个窗口确实不错,6,0,2026-03-25 18:45:57,活跃同学,0,0,normal
c_ext_00005633,p_ext_000427,u_ext_00243,,,蹲一个复习整理,24,0,2026-04-27 10:10:57,活跃同学,0,0,normal
c_ext_00005634,p_ext_000635,u_ext_00351,,,我也想参加,25,3,2026-03-08 17:37:57,活跃同学,0,0,normal
c_ext_00005635,p_ext_001129,dEk5a2duK3JxcStJcVpYUWhtYThqWVdwbGE2TmRtdU9pSDJhcEllUnBkRzdmWUN4ZjVXcWFaS3F6OWlJZkphdGZaT2FiSnBpakxLR2lXSjI=,,,可以自提吗,4,1,2026-05-31 03:14:57,高中生,0,0,normal
c_ext_00005636,p_ext_000364,u_ext_00258,,,这个窗口确实不错,30,3,2026-05-30 07:47:57,普通用户,0,0,normal
c_ext_00005637,p_ext_001877,u_ext_00443,,,还在吗,18,2,2026-02-04 21:57:57,普通用户,0,0,normal
c_ext_00005638,p_ext_000351,u_ext_00393,,,可以自提吗,13,1,2026-05-30 10:54:57,校园达人,0,0,normal
c_ext_00005639,p_ext_001595,dEthZmJaT29zMmlHcXNpWGpZdWpxNVROWTdDUmVLMnVtS0dXa0l5bXFicTFwbmx0aGJpdmpwUzRxWlNFWmJ5RGk4Mk1ocGgybW5xSGlXSjI=,,,还在吗,8,3,2026-05-19 04:26:57,高中生,0,0,normal
c_ext_00005640,2101516892,u_ext_00322,,,蹲一个搭子,19,3,2026-04-06 02:20:57,资深坛友,0,0,normal
c_ext_00005641,p_ext_001598,cm9DQWJZYlF1MmFTdU15MWxtZXNhSkxPaUdpTG5vQ2tmNjkwYVl0cXo3MjNmNGx1bDdxdmZvWE9wczJFYU1wb2ZKU1dnSW1KZUpLVnIySjI=,,,在哪个校区交易,23,3,2026-02-09 18:51:57,硕士生,0,0,normal
c_ext_00005642,p_ext_001831,u_ext_00404,,,活动还有名额吗,9,3,2026-03-01 02:17:57,活跃同学,0,0,normal
c_ext_00005643,p_ext_001411,u_ext_00500,,,可以自提吗,20,1,2026-05-03 16:45:57,活跃同学,0,0,normal
c_ext_00005644,p_ext_000818,u_ext_00125,,,这个窗口确实不错,7,1,2026-04-30 09:32:57,活跃同学,0,0,normal
c_ext_00005645,p_ext_000633,u_ext_00386,,,可以自提吗,25,3,2026-02-16 00:28:57,校园达人,0,0,normal
c_ext_00005646,p_ext_001085,u_ext_00360,,,可以自提吗,14,0,2026-04-19 13:08:57,资深坛友,0,0,normal
c_ext_00005647,p_ext_001401,u_ext_00386,,,还在吗,7,3,2026-04-06 01:06:57,校园达人,0,0,normal
c_ext_00005648,p_ext_001185,dFg2QmZJdVZxMzJIMExLemduM1NucE9VbG91Q1laQ1JpM3Q0cW9xT21LbTdnS04vaU16VWE1Yk50cWVOWjhhS2xzK3FiSXljbW4yTnIySjI=,,,在哪个校区交易,11,0,2026-05-09 10:13:57,初中生,0,0,normal
c_ext_00005649,p_ext_001593,u_ext_00172,,,这个窗口确实不错,20,0,2026-03-24 03:52:57,普通用户,0,0,normal
c_ext_00005650,p_ext_000477,u_ext_00158,,,多少钱,18,2,2026-03-31 18:36:57,校园达人,0,0,normal
c_ext_00005651,p_ext_000461,u_ext_00272,,,这个窗口确实不错,10,2,2026-02-08 16:14:57,普通用户,0,0,normal
c_ext_00005652,p_ext_001294,u_ext_00174,,,期末重点有吗,7,0,2026-02-12 21:18:57,校园达人,0,0,normal
c_ext_00005653,p_ext_001934,u_ext_00350,,,在哪个校区交易,14,1,2026-02-11 09:36:57,校园达人,0,0,normal
c_ext_00005654,p_ext_000484,dFh5ZXNvaVR5YStMdHNpbGw0M09vSWpQZklxTGg0OXNob3FFazVkOXFKYkVhcDV1aEx1emUzNlUwSzZHb0t5Q2lLYUFiSkNIakdtR2lXSjI=,,,多少钱,8,0,2026-03-20 09:44:57,高中生,0,0,normal
c_ext_00005655,p_ext_000210,u_ext_00330,,,可以自提吗,14,1,2026-02-11 12:17:57,活跃同学,0,0,normal
c_ext_00005656,p_ext_000401,dXFXbnJaU3FrcStTMjUzT2dhTFdvSWJOYTZDRVlZeVJnb3VJcllTQTA5ZXpmMmV5aTg2V3JJYlBxcEdCZkx5b2h0eWFiSmlibVd5RGVXSjI=,,,求资料,20,3,2026-02-13 03:52:57,高中生,0,0,normal
c_ext_00005657,p_ext_001258,eEpDYnE0UFB5WjZMemN6SmxxSzBkNVBNbWJHS2g0Ujhqbmltc0lTenlwaTNzb1ZyZ05HanFvT3FwZHQvWnJ5RWt0eDRwSXFlb3FDR2lXSjI=,,,可以自提吗,12,1,2026-04-19 22:30:57,硕士生,0,0,normal
c_ext_00005658,p_ext_001432,dzR5RnNJVFFybWFHM0xhNWdudThvNHVuZzdDSmRZU3JnWXA0a28rano5M0ZqM21EbGMzRm5vaXBzWmFVWjVPRGlybU1tWkdJZ0c2WXIySjI=,,,多少钱,5,1,2026-02-22 18:57:57,本科生,0,0,normal
c_ext_00005659,p_ext_001631,u_ext_00347,,,我也想参加,18,2,2026-05-15 16:51:57,资深坛友,0,0,normal
c_ext_00005660,p_ext_000109,dDMxb2E0ZmMxYU9XcWR5MGxJMjhwSDdRZElhTXFxcVpnbnlJaW9lbno3RzFmb21uZmQzTmlZUFF1ZGlJb05Hc2lwS2FpSU5qbldxWHIySjI=,,,可以自提吗,17,1,2026-05-18 02:21:57,初中生,0,0,normal
c_ext_00005661,p_ext_000219,eEpDYnE0UFB5WjZMemN6SmxxSzBkNVBNbWJHS2g0Ujhqbmltc0lTenlwaTNzb1ZyZ05HanFvT3FwZHQvWnJ5RWt0eDRwSXFlb3FDR2lXSjI=,,,可以自提吗,13,0,2026-02-06 17:04:57,硕士生,0,0,normal
c_ext_00005662,p_ext_001042,u_ext_00108,,,活动还有名额吗,5,2,2026-05-19 02:11:57,活跃同学,0,0,normal
c_ext_00005663,p_ext_000372,u_ext_00334,,,还在吗,22,0,2026-02-10 03:06:57,资深坛友,0,0,normal
c_ext_00005664,p_ext_001702,u_ext_00114,,,蹲一个搭子,18,2,2026-05-23 12:04:57,校园达人,0,0,normal
c_ext_00005665,p_ext_001404,u_ext_00230,,,多少钱,23,0,2026-04-24 14:58:57,活跃同学,0,0,normal
c_ext_00005666,p_ext_001287,cm55Qm1uNlRrcTZJemJhVWYyV3JwcFNWaUtlWW5xNm1sb3VBaEpocjBwYTZwSTE5aTdxcmdaS3Fzc3lZZk1xQWs1UmpwNDFrbm15R2lXSjI=,,,可以自提吗,10,0,2026-04-10 20:32:57,初中生,0,0,normal
c_ext_00005667,p_ext_000994,u_ext_00101,,,在哪个校区交易,22,0,2026-04-11 20:43:57,资深坛友,0,0,normal
c_ext_00005668,p_ext_001865,u_ext_00406,,,多少钱,22,3,2026-03-03 22:58:57,校园达人,0,0,normal
c_ext_00005669,p_ext_001181,u_ext_00299,,,这个窗口确实不错,23,1,2026-04-29 08:32:57,校园达人,0,0,normal
c_ext_00005670,p_ext_000969,u_ext_00488,,,可以自提吗,24,0,2026-05-03 03:20:57,活跃同学,0,0,normal
c_ext_00005671,p_ext_000242,u_ext_00264,,,我也想参加,26,0,2026-05-19 12:44:57,活跃同学,0,0,normal
c_ext_00005672,p_ext_000757,u_ext_00500,,,可以自提吗,4,1,2026-02-03 16:48:57,活跃同学,0,0,normal
c_ext_00005673,p_ext_001992,u_ext_00440,,,可以自提吗,10,0,2026-02-22 03:05:57,校园达人,0,0,normal
c_ext_00005674,p_ext_001706,u_ext_00114,,,在哪个校区交易,14,2,2026-03-10 15:45:57,校园达人,0,0,normal
c_ext_00005675,p_ext_001765,u_ext_00365,,,可以自提吗,9,0,2026-03-31 03:24:57,普通用户,0,0,normal
c_ext_00005676,p_ext_001592,dFpDSWJaTzVwMzE4M016U2g0MmpaWlNUZTIyRlk0ZHRqWXVFb1krbnFONjRmSit5aTlDVnJvdVMzSmVVaTZldWk2aU1wbzE0a0lDQmVXSjI=,,,这个窗口确实不错,0,3,2026-05-30 21:10:57,讲师,0,0,normal
c_ext_00005677,p_ext_000880,cjdLWGpuK1V5R2VTcWNpdWwzcXduWWVTcG95T2hwNXJpWXQ0Zkl5Tng3aTJmbzF1aExpYWJJUzUxNWFXWjgxcGxiZUloSnVGZjJ1SmlXSjI=,,,时间合适的话可以,10,1,2026-04-17 09:48:57,初中生,0,0,normal
c_ext_00005678,p_ext_001151,czQrRmdaV3IwWW1FcHNpa2xwK2tycFduZUt1WVpKcUFqb2w4ajQyT25LeTRqWmVUZnBQVWFuK1NzdEdHbjg1K2k4MkVzSm1GaUhxRmlXSjI=,,,多少钱,29,3,2026-04-26 17:25:57,初中生,0,0,normal
c_ext_00005679,p_ext_000902,u_ext_00386,,,求资料,4,2,2026-03-22 07:45:57,校园达人,0,0,normal
c_ext_00005680,p_ext_001906,dDJsMWtaYTZ5WG1IdDZxbGdHWEdaWlNvbm1pRWVJU25ocU56YkptT3VkRzdwSFd6aTlDYWg1T3FxcXlXcjhaNWs1S1dxNHAxajJpTGlXSjI=,,,还在吗,19,3,2026-02-28 01:25:57,本科生,0,0,normal
c_ext_00005681,p_ext_000412,u_ext_00147,,,在哪个校区交易,22,0,2026-04-14 14:37:57,校园达人,0,0,normal
c_ext_00005682,p_ext_001853,u_ext_00304,,,这个窗口确实不错,10,1,2026-03-23 15:16:57,资深坛友,0,0,normal
c_ext_00005683,p_ext_001795,cjJpcWJJblFyNE9UdHJLdWlHYTRqcFBPZEcyY25JQ3BpWHFlYnBlUXJiK3Zhb1dLaEpiUnJwV21wdHFGZTlLR2hhbDRxSnRrZUtHQ2VXSjI=,,,还在吗,0,2,2026-03-21 09:49:57,副教授,0,0,normal
c_ext_00005684,p_ext_000427,u_ext_00132,,,感谢分享,21,1,2026-02-17 18:51:57,校园达人,0,0,normal
c_ext_00005685,p_ext_001822,u_ext_00217,,,活动还有名额吗,17,1,2026-05-12 10:12:57,普通用户,0,0,normal
c_ext_00005686,p_ext_001373,u_ext_00384,,,还在吗,24,3,2026-02-23 11:46:57,校园达人,0,0,normal
c_ext_00005687,p_ext_001905,c3FLZnFaZTQxWitTekxLdGlYck9oSVdVWXJHUmhaNkNqcUpqZjVlaW5OWERhSjl1Z0x1em40VE9wcE9Kbjg2Z2dyaWVib2FJYjZXSWlXSjI=,,,这个窗口确实不错,0,1,2026-02-03 12:49:57,初中生,0,0,normal
c_ext_00005688,p_ext_001904,u_ext_00324,,,可以自提吗,13,2,2026-02-10 03:34:57,校园达人,0,0,normal
c_ext_00005689,p_ext_001847,czMxbnNaU251NUNBcHI2cGlHVzhkNGE2ZktXRlk2S0poMmlpZ28rbTA5dkZvMzJ5Z0xpN2VwV295TnVIWnNxTmhaUjhwSnFGaklTRGVXSjI=,,,还在吗,27,0,2026-03-12 13:45:57,高中生,0,0,normal
c_ext_00005690,p_ext_000625,c28rQmlJdlF4SzZIemE3YmdZM05aWk9UZEtTYVlZU0NoWXVpb3BxTnlwZkZwSUN6bGFlM1pvYTN6OXFLZk5xT2hMYUlvNG1HZklLSmlXSjI=,,,期末重点有吗,19,2,2026-05-07 20:03:57,硕士生,0,0,normal
c_ext_00005691,p_ext_000377,cjQycmtJeTN0NGQrejh6Q2xuelNlSCszbm1pRWQ2Si9nbjEzcjRGcHNiYkNqYWVCbGMvTmdINlYxTXlCbzdkbWs2WjhyNWxoZkkyWHIySjI=,,,这个窗口确实不错,3,3,2026-04-08 18:59:57,高中生,0,0,normal
c_ext_00005692,p_ext_000169,u_ext_00466,,,可以内推吗,26,2,2026-05-22 05:46:57,校园达人,0,0,normal
c_ext_00005693,p_ext_000874,u_ext_00194,,,还在吗,20,3,2026-05-04 01:14:57,资深坛友,0,0,normal
c_ext_00005694,p_ext_001796,cm95WGhwZTZ1NFNLbE1pNGdaK25aNHJRZUt5YWRvQ2toWXBqczVlQW5KYTBwSW1TZ0x2RVozKzN6TFNDakp0bmxybUFoSmgxa0c2TGlXSjI=,,,这个窗口确实不错,24,2,2026-02-10 21:47:57,高中生,0,0,normal
c_ext_00005695,p_ext_000467,u_ext_00156,,,在哪个校区交易,27,1,2026-02-07 14:27:57,校园达人,0,0,normal
c_ext_00005696,p_ext_001855,u_ext_00108,,,这个窗口确实不错,0,0,2026-03-30 15:32:57,活跃同学,0,0,normal
c_ext_00005697,p_ext_000319,u_ext_00266,,,这个窗口确实不错,5,1,2026-05-03 16:43:57,资深坛友,0,0,normal
c_ext_00005698,p_ext_001331,u_ext_00187,,,我也想参加,13,0,2026-03-31 18:15:57,校园达人,0,0,normal
c_ext_00005699,p_ext_000900,u_ext_00467,,,活动还有名额吗,14,0,2026-05-14 10:58:57,活跃同学,0,0,normal
c_ext_00005700,p_ext_000714,u_ext_00207,,,需要什么技术栈,3,3,2026-04-26 23:30:57,普通用户,0,0,normal
c_ext_00005701,p_ext_001752,u_ext_00448,,,在哪个校区交易,1,2,2026-05-29 18:56:57,普通用户,0,0,normal
c_ext_00005702,p_ext_000510,u_ext_00377,,,多少钱,14,3,2026-02-12 22:13:57,资深坛友,0,0,normal
c_ext_00005703,p_ext_000932,u_ext_00325,,,蹲一个搭子,9,2,2026-06-02 07:23:57,资深坛友,0,0,normal
c_ext_00005704,p_ext_000931,u_ext_00247,,,可以内推吗,20,1,2026-02-16 13:10:57,活跃同学,0,0,normal
c_ext_00005705,p_ext_000389,eGFXcXNYK1Z0Nk4vdWN5cmxXaXJyb0tWaEhxWm41cURobnVpc1lxbXg1eXphR2lTak4zTmE0ZVQxTktWZTgydGhaUmpyWTUwYjRXV3IySjI=,,,还在吗,22,1,2026-04-22 16:04:57,硕士生,0,0,normal
c_ext_00005706,p_ext_000361,cm9DQWJZYlF1MmFTdU15MWxtZXNhSkxPaUdpTG5vQ2tmNjkwYVl0cXo3MjNmNGx1bDdxdmZvWE9wczJFYU1wb2ZKU1dnSW1KZUpLVnIySjI=,,,多少钱,0,1,2026-03-08 17:30:57,硕士生,0,0,normal
c_ext_00005707,p_ext_000846,u_ext_00126,,,我也想参加,0,2,2026-04-02 07:25:57,校园达人,0,0,normal
c_ext_00005708,p_ext_001672,u_ext_00188,,,可以自提吗,21,0,2026-05-15 12:41:57,资深坛友,0,0,normal
c_ext_00005709,p_ext_000705,u_ext_00140,,,还在吗,2,0,2026-03-13 13:04:57,校园达人,0,0,normal
c_ext_00005710,p_ext_000466,u_ext_00379,,,还在吗,16,3,2026-05-03 03:11:57,活跃同学,0,0,normal
c_ext_00005711,p_ext_001607,dXFXbnJaU3FrcStTMjUzT2dhTFdvSWJOYTZDRVlZeVJnb3VJclp1TnZiQzBhR1NoZ05Demg0clExTnFJb2Nab2haS0VmWU5qcW4rT3IySjI=,,,多少钱,15,0,2026-02-26 07:11:57,高中生,0,0,normal
c_ext_00005712,p_ext_000887,u_ext_00183,,,在哪个校区交易,12,1,2026-02-20 17:18:57,活跃同学,0,0,normal
c_ext_00005713,2101515525,u_ext_00139,,,还在吗,16,2,2026-02-25 21:28:57,活跃同学,0,0,normal
c_ext_00005714,p_ext_001033,u_ext_00351,,,活动还有名额吗,17,3,2026-03-04 03:06:57,活跃同学,0,0,normal
c_ext_00005715,p_ext_001894,u_ext_00117,,,还在吗,7,1,2026-03-14 02:19:57,校园达人,0,0,normal
c_ext_00005716,p_ext_000380,u_ext_00310,,,多少钱,14,3,2026-03-15 03:43:57,普通用户,0,0,normal
c_ext_00005717,p_ext_000423,u_ext_00214,,,这个窗口确实不错,25,0,2026-02-22 02:00:57,普通用户,0,0,normal
c_ext_00005718,p_ext_001596,u_ext_00307,,,在哪个校区交易,14,1,2026-03-13 23:13:57,资深坛友,0,0,normal
c_ext_00005719,p_ext_000704,u_ext_00296,,,活动还有名额吗,19,3,2026-02-16 12:14:57,资深坛友,0,0,normal
c_ext_00005720,p_ext_001905,u_ext_00291,,,可以自提吗,29,1,2026-04-25 07:25:57,活跃同学,0,0,normal
c_ext_00005721,p_ext_001712,u_ext_00330,,,可以自提吗,28,0,2026-03-15 10:28:57,活跃同学,0,0,normal
c_ext_00005722,p_ext_001362,u_ext_00177,,,还在吗,19,0,2026-02-05 10:58:57,校园达人,0,0,normal
c_ext_00005723,p_ext_000400,czMxb2s1V3ExWWFIemN5bWhLR29wWWVTaktDSllXdDdpcUJqYnBta3RaYXVqMzE4bFphcmZuMlR6OW1XcjdDQWs3cUltWWlJWnJDWHIySjI=,,,这个岗位适合大三吗,11,0,2026-03-20 01:44:57,本科生,0,0,normal
c_ext_00005724,p_ext_000421,dTQ2TmZJemRxbWw5azY2MWpYcThnNHFTbnEySm5ZeHRnWitNcElxa3ZiQ3ZqWDJ4ZjlDU2U1SzZwcldVZmJpRmhhbXFwWXVHbnF1SGlXSjI=,,,多少钱,19,3,2026-04-27 12:58:57,本科生,0,0,normal
c_ext_00005725,2101527263,u_ext_00242,,,这个窗口确实不错,6,0,2026-03-13 02:30:57,资深坛友,0,0,normal
c_ext_00005726,p_ext_000489,u_ext_00435,,,在哪个校区交易,12,3,2026-04-08 19:05:57,资深坛友,0,0,normal
c_ext_00005727,p_ext_000486,u_ext_00159,,,多少钱,13,0,2026-04-13 06:45:57,普通用户,0,0,normal
c_ext_00005728,p_ext_001278,cjJpcWJJblFyNE9UdHJLdWlHYTRqcFBPZEcyY25JQ3BpWHFlYnBlUXJiK3Zhb1dLaEpiUnJwV21wdHFGZTlLR2hhbDRxSnRrZUtHQ2VXSjI=,,,这个窗口确实不错,10,1,2026-02-08 20:56:57,副教授,0,0,normal
c_ext_00005729,p_ext_001727,u_ext_00110,,,这个窗口确实不错,15,3,2026-03-20 10:47:57,校园达人,0,0,normal
c_ext_00005730,p_ext_000131,u_ext_00469,,,可以自提吗,21,1,2026-02-18 23:03:57,校园达人,0,0,normal
c_ext_00005731,p_ext_000301,u_ext_00395,,,多少钱,16,1,2026-05-10 13:36:57,活跃同学,0,0,normal
c_ext_00005732,p_ext_001308,u_ext_00156,,,还在吗,27,0,2026-04-13 07:46:57,校园达人,0,0,normal
c_ext_00005733,p_ext_001030,u_ext_00293,,,多少钱,4,3,2026-05-23 07:27:57,资深坛友,0,0,normal
c_ext_00005734,2101617209,dEtLYm1vTzYwWjZMdDlTNmdYdk5yWVNvb3FTTGRaMnZoYUdhb29pUnJkbXpqbjJObHJpWmE0VzV1clNZaXNsa2xiZUVhb1dlZktXWXIySjI=,,,这个窗口确实不错,9,1,2026-04-05 12:58:57,初中生,0,0,normal
c_ext_00005735,p_ext_001454,dXFXbnJaU3FrcStTMjUzT2dhTFdvSWJOYTZDRVlZeVJnb3VJclp1TnZiQzBhR1NoZ05Demg0clExTnFJb2Nab2haS0VmWU5qcW4rT3IySjI=,,,时间合适的话可以,21,1,2026-03-15 13:21:57,高中生,0,0,normal
c_ext_00005736,p_ext_000724,u_ext_00453,,,在哪个校区交易,28,2,2026-03-11 08:28:57,资深坛友,0,0,normal
c_ext_00005737,p_ext_001458,u_ext_00401,,,这个窗口确实不错,1,1,2026-02-26 13:51:57,校园达人,0,0,normal
c_ext_00005738,p_ext_000169,u_ext_00130,,,需要什么技术栈,21,2,2026-03-19 20:03:57,校园达人,0,0,normal
c_ext_00005739,p_ext_001222,u_ext_00426,,,多少钱,28,0,2026-02-26 03:51:57,活跃同学,0,0,normal
c_ext_00005740,p_ext_001251,u_ext_00481,,,活动还有名额吗,22,2,2026-03-19 12:04:57,活跃同学,0,0,normal
c_ext_00005741,p_ext_001075,cm11YmY0YlIwWHlHdHJLeG1IbXNoSWZQaUt5SWg1Q0hnV2lMc1lOK3JkVEZhcVp0aU0rN2pZU3F1dG1VWnNhZmxhaC9hNHhrZzdDV3IySjI=,,,蹲一个搭子,2,3,2026-04-20 13:42:57,初中生,0,0,normal
c_ext_00005742,p_ext_001100,u_ext_00497,,,在哪个校区交易,21,1,2026-04-19 18:13:57,普通用户,0,0,normal
c_ext_00005743,p_ext_000506,u_ext_00104,,,我也想参加,13,2,2026-04-22 18:23:57,普通用户,0,0,normal
c_ext_00005744,p_ext_001934,u_ext_00236,,,可以自提吗,6,3,2026-02-23 00:40:57,资深坛友,0,0,normal
c_ext_00005745,p_ext_000406,u_ext_00463,,,这个窗口确实不错,26,3,2026-05-01 00:30:57,资深坛友,0,0,normal
c_ext_00005746,p_ext_001349,c0h4NWlJelF0bXAvdHNlVmYyZkdqSlMzZ0lHWXE2S25pWHFXckpwcDE3ZTJpMnlLbGN5YWpJdmJuY0tCbzgxa2dMZWloWTZJcHBHSGlXSjI=,,,这个窗口确实不错,20,0,2026-02-24 08:00:57,高中生,0,0,normal
c_ext_00005747,p_ext_001562,u_ext_00162,,,在哪个校区交易,13,2,2026-02-08 02:06:57,资深坛友,0,0,normal
c_ext_00005748,p_ext_000758,u_ext_00146,,,求资料,26,3,2026-05-25 16:46:57,校园达人,0,0,normal
c_ext_00005749,p_ext_000364,dFg2QmZJdVZxMzJIMExLemduM1NucE9VbG91Q1laQ1JpM3Q0cW9xT21LbTdnS04vaU16VWE1Yk50cWVOWjhhS2xzK3FiSXljbW4yTnIySjI=,,,多少钱,28,2,2026-04-27 10:10:57,初中生,0,0,normal
c_ext_00005750,p_ext_001544,u_ext_00199,,,我也想参加,23,1,2026-03-12 19:33:57,活跃同学,0,0,normal
c_ext_00005751,p_ext_000385,u_ext_00200,,,这个窗口确实不错,16,2,2026-05-21 04:04:57,校园达人,0,0,normal
c_ext_00005752,p_ext_001781,u_ext_00412,,,时间合适的话可以,9,2,2026-03-07 12:00:57,资深坛友,0,0,normal
c_ext_00005753,p_ext_000830,u_ext_00305,,,可以自提吗,20,2,2026-02-05 19:00:57,活跃同学,0,0,normal
c_ext_00005754,p_ext_000368,u_ext_00249,,,这个窗口确实不错,29,0,2026-04-13 13:33:57,资深坛友,0,0,normal
c_ext_00005755,p_ext_001130,u_ext_00283,,,还在吗,12,0,2026-03-24 03:44:57,普通用户,0,0,normal
c_ext_00005756,p_ext_000802,u_ext_00250,,,多少钱,3,2,2026-04-27 04:02:57,活跃同学,0,0,normal
c_ext_00005757,p_ext_001594,u_ext_00465,,,我也想参加,22,1,2026-02-28 01:45:57,资深坛友,0,0,normal
c_ext_00005758,p_ext_000577,u_ext_00380,,,我也想参加,25,3,2026-04-19 21:11:57,校园达人,0,0,normal
c_ext_00005759,p_ext_001057,c21xQXM0dk5wNnVIdVptNWhXYThmMytuZ0tPRW4zaWtpSXByajVkK3FOKzBzbjJ4aGM2V25vV25uYytOamJTQ2Y3bXFoWkY0WjMrSWlXSjI=,,,蹲一个复习整理,14,3,2026-05-31 00:47:57,初中生,0,0,normal
c_ext_00005760,p_ext_001331,u_ext_00137,,,蹲一个搭子,12,0,2026-02-20 12:09:57,资深坛友,0,0,normal
c_ext_00005761,p_ext_001187,u_ext_00489,,,这个窗口确实不错,10,1,2026-02-23 00:15:57,普通用户,0,0,normal
c_ext_00005762,p_ext_000115,u_ext_00128,,,这个岗位适合大三吗,11,0,2026-02-06 06:51:57,校园达人,0,0,normal
c_ext_00005763,p_ext_001366,u_ext_00344,,,这个窗口确实不错,24,3,2026-02-06 00:05:57,活跃同学,0,0,normal
c_ext_00005764,p_ext_001271,u_ext_00102,,,感谢分享,9,0,2026-03-16 01:37:57,校园达人,0,0,normal
c_ext_00005765,p_ext_001103,u_ext_00442,,,这个窗口确实不错,1,2,2026-05-31 19:55:57,普通用户,0,0,normal
c_ext_00005766,p_ext_000542,u_ext_00430,,,蹲一个搭子,7,1,2026-02-10 11:49:57,校园达人,0,0,normal
c_ext_00005767,p_ext_000618,u_ext_00245,,,还在吗,29,1,2026-05-19 09:47:57,资深坛友,0,0,normal
c_ext_00005768,p_ext_000125,u_ext_00380,,,感谢分享,14,1,2026-05-19 04:13:57,校园达人,0,0,normal
c_ext_00005769,p_ext_000507,u_ext_00147,,,在哪个校区交易,0,2,2026-03-19 11:17:57,校园达人,0,0,normal
c_ext_00005770,p_ext_001576,u_ext_00444,,,还在吗,26,3,2026-05-24 21:30:57,校园达人,0,0,normal
c_ext_00005771,p_ext_000380,u_ext_00252,,,还在吗,19,0,2026-02-06 05:21:57,校园达人,0,0,normal
c_ext_00005772,p_ext_000252,u_ext_00102,,,可以自提吗,22,1,2026-03-18 15:30:57,校园达人,0,0,normal
c_ext_00005773,p_ext_001023,u_ext_00256,,,可以自提吗,21,3,2026-03-23 12:25:57,校园达人,0,0,normal
c_ext_00005774,p_ext_001591,u_ext_00101,,,还在吗,21,2,2026-04-24 06:02:57,资深坛友,0,0,normal
c_ext_00005775,p_ext_002000,dDM5c2U1T29yNmlEdXFtU2xxTzNhSlc0YzJ1RWRwQ3NqbnByb1lPUHk2dTNhbVNxaHF1cXJvWFFxckdLb3NxbWxycUliWXhqaktLT3IySjI=,,,在哪个校区交易,30,3,2026-03-12 10:11:57,高中生,0,0,normal
c_ext_00005776,2101602365,u_ext_00474,,,多少钱,30,3,2026-02-15 22:14:57,普通用户,0,0,normal
c_ext_00005777,p_ext_001249,dUkyTmk0RGRzNnVHek5DbmlIeTRxSUtUb1cySlk1QnNsMldFa29la3ROaTFqblN4bHM2WlpvV1MxTnFHZkxTQmlMbUVnNDJkZUl1SGlXSjI=,,,这个窗口确实不错,22,3,2026-04-10 06:27:57,本科生,0,0,normal
c_ext_00005778,p_ext_000234,u_ext_00386,,,在哪个校区交易,8,0,2026-02-08 01:19:57,校园达人,0,0,normal
c_ext_00005779,p_ext_000386,dDJsMWtaYTZ5WG1IdDZxbGdHWEdaWlNvbm1pRWVJU25ocU56YkptT3VkRzdwSFd6aTlDYWg1T3FxcXlXcjhaNWs1S1dxNHAxajJpTGlXSjI=,,,活动还有名额吗,4,3,2026-05-27 21:10:57,本科生,0,0,normal
c_ext_00005780,p_ext_001798,u_ext_00326,,,这个窗口确实不错,28,0,2026-04-02 10:39:57,普通用户,0,0,normal
c_ext_00005781,p_ext_000765,u_ext_00310,,,感谢分享,24,3,2026-03-16 22:51:57,普通用户,0,0,normal
c_ext_00005782,2101606621,u_ext_00147,,,还在吗,17,1,2026-05-20 09:00:57,校园达人,0,0,normal
c_ext_00005783,p_ext_001251,u_ext_00250,,,时间合适的话可以,12,0,2026-06-01 10:23:57,活跃同学,0,0,normal
c_ext_00005784,p_ext_000126,u_ext_00494,,,在哪个校区交易,29,1,2026-05-20 19:23:57,活跃同学,0,0,normal
c_ext_00005785,p_ext_001960,u_ext_00407,,,期末重点有吗,14,1,2026-04-27 04:16:57,校园达人,0,0,normal
c_ext_00005786,p_ext_001513,u_ext_00257,,,可以自提吗,26,1,2026-04-29 22:35:57,活跃同学,0,0,normal
c_ext_00005787,p_ext_000460,u_ext_00463,,,还在吗,15,3,2026-05-05 22:35:57,资深坛友,0,0,normal
c_ext_00005788,2101519891,u_ext_00441,,,多少钱,8,2,2026-05-15 15:22:57,普通用户,0,0,normal
c_ext_00005789,p_ext_001419,dTJtZmdwZTIxYStUcUxYVGxHV1RvNGUzZUtLWmQ0ZHRpR2lJcVpsL3g3UERvb2l3bGRHcnE0UzRwcm1BZXErdWxaT0lzWVNFYjJpSmlXSjI=,,,期末重点有吗,30,3,2026-02-19 15:31:57,硕士生,0,0,normal
c_ext_00005790,p_ext_001783,eFkxNWo0ZTdxNHVMazZxdGw0dTRkMzY2ZktxT2hZU3NsMmVWYklXTnJkMnZmNStEZjVUTmVZT1RzcWFZaXF5Vms3bWxhNXRocldpTGlXSjI=,,,这个窗口确实不错,17,0,2026-02-04 19:21:57,高中生,0,0,normal
c_ext_00005791,p_ext_000193,u_ext_00446,,,多少钱,24,2,2026-04-21 20:40:57,普通用户,0,0,normal
c_ext_00005792,p_ext_001319,u_ext_00109,,,多少钱,15,2,2026-03-28 00:22:57,校园达人,0,0,normal
c_ext_00005793,p_ext_000122,u_ext_00149,,,在哪个校区交易,8,3,2026-03-07 16:37:57,普通用户,0,0,normal
c_ext_00005794,p_ext_000512,u_ext_00360,,,可以自提吗,10,2,2026-02-20 01:54:57,资深坛友,0,0,normal
c_ext_00005795,p_ext_000367,u_ext_00339,,,这个窗口确实不错,0,2,2026-03-26 02:10:57,校园达人,0,0,normal
c_ext_00005796,p_ext_000231,cm55WHBYKzZ4WVdWbGJxcmpLS3dkbituWjdLRnEzeUNoMlY4ZjVpbXo5Q3pvbld4aHJ1cnI0V1QxSzJXamNhT2xybUloSVdhcW5xWHIySjI=,,,多少钱,15,2,2026-04-04 22:11:57,本科生,0,0,normal
c_ext_00005797,p_ext_000105,c28rQmlJdlF4SzZIemE3YmdZM05aWk9UZEtTYVlZU0NoWXVpb3BxTnlwZkZwSUN6bGFlM1pvYTN6OXFLZk5xT2hMYUlvNG1HZklLSmlXSjI=,,,求资料,11,2,2026-04-28 13:45:57,硕士生,0,0,normal
c_ext_00005798,p_ext_001831,u_ext_00368,,,活动还有名额吗,23,0,2026-04-19 16:23:57,活跃同学,0,0,normal
c_ext_00005799,p_ext_000914,c21xQXM0dk5wNnVIdVptNWhXYThmMytuZ0tPRW4zaWtpSXByajVkK3FOKzBzbjJ4aGM2V25vV25uYytOamJTQ2Y3bXFoWkY0WjMrSWlXSjI=,,,这个窗口确实不错,6,1,2026-05-21 13:48:57,初中生,0,0,normal
c_ext_00005800,p_ext_000988,dFd0MWZJbXFxNnVFcDZuWGdhQ3ZxNU9uZUlxUnE0eCtobjJFZ1p1bnZhNnlhSG1xbDZpV25vZTJ6NUtJWjZlc2tyZUFib2hobm4rSWlXSjI=,,,在哪个校区交易,4,1,2026-05-26 18:32:57,高中生,0,0,normal
c_ext_00005801,2101607441,dzZTYXE1YW9sbzZXdUwyV2dLQzBabnpjbW4rRllaNnVqcUNNaFlKc3pwbTRmNnR2ZzdxM2lJdTJwcXlZb2FSL2ZzMW5mbzZKcG1tRGVXSjI=,,,这个窗口确实不错,9,3,2026-06-02 02:52:57,硕士生,0,0,normal
c_ext_00005802,p_ext_000493,u_ext_00483,,,在哪个校区交易,9,1,2026-04-02 07:58:57,资深坛友,0,0,normal
c_ext_00005803,p_ext_000547,u_ext_00425,,,感谢分享,23,1,2026-03-09 05:19:57,资深坛友,0,0,normal
c_ext_00005804,p_ext_001821,d29DSWJJelBvNHlGemN2WGluck5xNWJPaEthWlk1Q29ncU9NZ3BlTng2KzdnSnB0aDZldXI0ZTQxTmlDZkp1ZmhOQjhtWW1maDZxRGVXSjI=,,,这个窗口确实不错,15,2,2026-04-22 10:40:57,硕士生,0,0,normal
c_ext_00005805,p_ext_001524,dXFWamFaUzQwV2VEdUxHU2w2T3paMytWb3BDYmlHdURoNHlkcTRtUHg2eXlwSUdMaEtxbnFZZTNyWlNHaXB1dGhLaWlnNE5rbm9HQmVXSjI=,,,多少钱,8,2,2026-05-03 14:08:57,硕士生,0,0,normal
c_ext_00005806,p_ext_001650,u_ext_00180,,,多少钱,11,1,2026-03-29 02:15:57,普通用户,0,0,normal
c_ext_00005807,p_ext_000986,u_ext_00267,,,这个岗位适合大三吗,18,0,2026-05-06 03:39:57,普通用户,0,0,normal
c_ext_00005808,p_ext_000690,dFkybnBuL2RzNm1XdDY2eGpJdk9nb2FTZUlpY25wMnZoNjVyckkyUHJiaTRmSnVqbHF2RWFvQzNyckdIaXJPc2dzMTRoSVdIZDY2SmlXSjI=,,,我也想参加,20,2,2026-04-26 09:22:57,初中生,0,0,normal
c_ext_00005809,p_ext_000648,u_ext_00439,,,还在吗,3,2,2026-03-15 00:04:57,资深坛友,0,0,normal
c_ext_00005810,p_ext_000652,u_ext_00327,,,还在吗,28,3,2026-04-28 11:17:57,活跃同学,0,0,normal
c_ext_00005811,p_ext_001739,u_ext_00390,,,这个窗口确实不错,2,0,2026-02-17 13:09:57,校园达人,0,0,normal
c_ext_00005812,p_ext_000525,u_ext_00445,,,蹲一个复习整理,13,2,2026-03-27 20:14:57,活跃同学,0,0,normal
c_ext_00005813,p_ext_000185,u_ext_00128,,,蹲一个复习整理,16,1,2026-05-21 06:20:57,校园达人,0,0,normal
c_ext_00005814,p_ext_001085,u_ext_00181,,,在哪个校区交易,9,0,2026-05-03 00:40:57,校园达人,0,0,normal
c_ext_00005815,p_ext_001359,u_ext_00366,,,这个窗口确实不错,25,1,2026-04-06 06:15:57,普通用户,0,0,normal
c_ext_00005816,p_ext_000976,u_ext_00221,,,多少钱,18,0,2026-03-06 23:03:57,资深坛友,0,0,normal
c_ext_00005817,p_ext_000934,u_ext_00228,,,在哪个校区交易,14,0,2026-03-25 17:24:57,资深坛友,0,0,normal
c_ext_00005818,2101534204,u_ext_00108,,,多少钱,24,2,2026-03-19 10:38:57,活跃同学,0,0,normal
c_ext_00005819,p_ext_000169,c294NW9veTdwNWVUenJIVGlveTBlNVRQWW1pWW0zaWhpbnVhaEl5a25NQzNqNmRxaTdtdnJJdTV1cW1FaXBlVmdzMTNhb21yZkg2WXIySjI=,,,需要什么技术栈,14,1,2026-05-20 08:13:57,高中生,0,0,normal
c_ext_00005820,p_ext_001221,u_ext_00111,,,我也想参加,1,1,2026-04-18 07:48:57,校园达人,0,0,normal
c_ext_00005821,p_ext_001058,u_ext_00145,,,多少钱,21,2,2026-04-29 01:24:57,活跃同学,0,0,normal
c_ext_00005822,p_ext_000602,u_ext_00273,,,在哪个校区交易,21,3,2026-05-03 23:05:57,校园达人,0,0,normal
c_ext_00005823,p_ext_000778,u_ext_00252,,,还在吗,4,3,2026-04-17 09:15:57,校园达人,0,0,normal
c_ext_00005824,p_ext_000409,u_ext_00148,,,可以自提吗,15,2,2026-02-22 15:05:57,资深坛友,0,0,normal
c_ext_00005825,p_ext_001186,u_ext_00482,,,可以自提吗,12,2,2026-05-26 19:25:57,活跃同学,0,0,normal
c_ext_00005826,p_ext_001693,u_ext_00358,,,在哪个校区交易,13,1,2026-03-09 12:06:57,活跃同学,0,0,normal
c_ext_00005827,p_ext_001502,u_ext_00106,,,在哪个校区交易,24,3,2026-04-12 08:45:57,活跃同学,0,0,normal
c_ext_00005828,p_ext_000583,dzJxanFaZXB4WWVWdWEzVGphRzBvWDNjZElxUW5xNTZtS0dlYklTQXg4ZkVwWDJRaHRDVmEzNnAxSk9JZWJDS2hxbVdyNXFjb29PRGVXSjI=,,,时间合适的话可以,1,0,2026-04-27 13:35:57,初中生,0,0,normal
c_ext_00005829,p_ext_000368,u_ext_00197,,,可以自提吗,0,1,2026-05-23 20:05:57,普通用户,0,0,normal
c_ext_00005830,p_ext_001433,u_ext_00324,,,还在吗,2,1,2026-05-18 00:10:57,校园达人,0,0,normal
c_ext_00005831,p_ext_000600,u_ext_00332,,,感谢分享,10,2,2026-05-04 20:01:57,活跃同学,0,0,normal
c_ext_00005832,p_ext_000484,u_ext_00208,,,可以自提吗,13,1,2026-03-01 04:58:57,校园达人,0,0,normal
c_ext_00005833,p_ext_001427,u_ext_00455,,,这个窗口确实不错,17,3,2026-03-13 20:17:57,活跃同学,0,0,normal
c_ext_00005834,p_ext_000359,u_ext_00101,,,还在吗,3,3,2026-02-02 19:34:57,资深坛友,0,0,normal
c_ext_00005835,2101527263,dTRDQnNZTzZ4WXlVdXRETWhLK2tnWWlscGErYVpJaXJncDVxYll5Qng2NjFqcGF5bDdqRmE1S3F2cmlHb2M1a2k4K3FnWngyWjZtTnIySjI=,,,还在吗,0,2,2026-05-26 08:21:57,本科生,0,0,normal
c_ext_00005836,p_ext_000319,u_ext_00196,,,在哪个校区交易,0,1,2026-03-05 12:01:57,普通用户,0,0,normal
c_ext_00005837,p_ext_000556,cjZGc2lJdTZwNCtGcWFxMWhwL0daWCtUaEtPYm5tYXZncTkwcDRGc3JKdkRvb2h0bEpXV29vVFFydGlKbjZpTmhKT2llcHRqbm51QmVXSjI=,,,这个窗口确实不错,15,3,2026-05-24 15:36:57,讲师,0,0,normal
c_ext_00005838,p_ext_000772,u_ext_00389,,,多少钱,4,1,2026-03-18 04:05:57,活跃同学,0,0,normal
c_ext_00005839,p_ext_001372,u_ext_00440,,,这个窗口确实不错,10,1,2026-04-08 13:36:57,校园达人,0,0,normal
c_ext_00005840,p_ext_001100,u_ext_00374,,,可以自提吗,8,0,2026-04-07 14:23:57,普通用户,0,0,normal
c_ext_00005841,p_ext_001427,dFd0MWZJbXFxNnVFcDZuWGdhQ3ZxNU9uZUlxUnE0eCtobjJFZ1p1bnZhNnlhSG1xbDZpV25vZTJ6NUtJWjZlc2tyZUFib2hobm4rSWlXSjI=,,,在哪个校区交易,2,0,2026-02-14 10:23:57,高中生,0,0,normal
c_ext_00005842,p_ext_001107,u_ext_00461,,,蹲一个复习整理,30,3,2026-04-04 03:38:57,普通用户,0,0,normal
c_ext_00005843,p_ext_000603,u_ext_00174,,,还在吗,8,0,2026-02-13 01:55:57,校园达人,0,0,normal
c_ext_00005844,p_ext_001032,cjMrZWFZV1dxNHAva3REYmhhK25hSU8yaDYrS2RLcUxqbnFpcEpxQnJhNjJpNmV3aExtemlJcVR1cVNZamJTZWxybW1qWnVhYjRtRmlXSjI=,,,这个窗口确实不错,7,1,2026-05-31 14:21:57,高中生,0,0,normal
c_ext_00005845,p_ext_000328,dzVCMXI0WFB5WTJGbExYWGpZcTRub3FUb29LRllhNnRtWXVFaDRlTW01bXVzbml2aEpXU2tJak50ZGlNakxSNGtxZG5hSVI0ZkpLS2lXSjI=,,,这个窗口确实不错,5,1,2026-05-13 22:45:57,博士生,0,0,normal
c_ext_00005846,p_ext_000877,u_ext_00152,,,还在吗,29,2,2026-05-16 20:54:57,活跃同学,0,0,normal
c_ext_00005847,p_ext_001894,u_ext_00187,,,多少钱,1,3,2026-05-30 17:32:57,校园达人,0,0,normal
c_ext_00005848,p_ext_001422,dXFXbnJaU3FrcStTMjUzT2dhTFdvSWJOYTZDRVlZeVJnb3VJclp1TnZiQzBhR1NoZ05Demg0clExTnFJb2Nab2haS0VmWU5qcW4rT3IySjI=,,,这个窗口确实不错,28,1,2026-04-11 06:46:57,高中生,0,0,normal
c_ext_00005849,p_ext_001788,dHBCMW81U254WDZEemEyVmhhRGFkbjdPZ0lDUllwbHBsNHFtb1l0OXJiVERzb0J0ZjVhM2lwYTYwOU9WZkp0NWxLaUFqWkYwYjRlSWlXSjI=,,,还在吗,9,3,2026-04-30 13:25:57,硕士生,0,0,normal
c_ext_00005850,p_ext_001795,u_ext_00372,,,这个窗口确实不错,29,3,2026-05-14 21:03:57,资深坛友,0,0,normal
c_ext_00005851,p_ext_000271,u_ext_00207,,,还在吗,20,1,2026-04-16 02:46:57,普通用户,0,0,normal
c_ext_00005852,p_ext_000645,u_ext_00150,,,时间合适的话可以,12,3,2026-03-25 10:25:57,普通用户,0,0,normal
c_ext_00005853,2101610652,u_ext_00143,,,可以自提吗,0,2,2026-05-15 11:39:57,活跃同学,0,0,normal
c_ext_00005854,p_ext_000627,u_ext_00446,,,可以自提吗,13,0,2026-04-13 11:26:57,普通用户,0,0,normal
c_ext_00005855,p_ext_000842,u_ext_00253,,,这个窗口确实不错,29,0,2026-03-15 21:02:57,校园达人,0,0,normal
c_ext_00005856,p_ext_001009,u_ext_00271,,,可以自提吗,7,1,2026-02-23 10:53:57,普通用户,0,0,normal
c_ext_00005857,p_ext_001218,cm55WHBYKzZ4WVdWbGJxcmpLS3dkbituWjdLRnEzeUNoMlY4ZjVpbXo5Q3pvbld4aHJ1cnI0V1QxSzJXamNhT2xybUloSVdhcW5xWHIySjI=,,,这个岗位适合大三吗,18,2,2026-04-27 02:24:57,本科生,0,0,normal
c_ext_00005858,p_ext_001218,u_ext_00425,,,需要什么技术栈,9,2,2026-02-28 03:12:57,资深坛友,0,0,normal
c_ext_00005859,p_ext_000787,czQrRmdaV3IwWW1FcHNpa2xwK2tycFduZUt1WVpKcUFqb2w4ajQyT25LeTRqWmVUZnBQVWFuK1NzdEdHbjg1K2k4MkVzSm1GaUhxRmlXSjI=,,,多少钱,3,2,2026-05-30 01:54:57,初中生,0,0,normal
c_ext_00005860,p_ext_000114,u_ext_00327,,,这个窗口确实不错,26,2,2026-02-13 05:44:57,活跃同学,0,0,normal
c_ext_00005861,p_ext_000706,u_ext_00292,,,可以自提吗,8,3,2026-02-10 13:30:57,资深坛友,0,0,normal
c_ext_00005862,p_ext_001927,u_ext_00223,,,可以自提吗,1,1,2026-05-01 00:06:57,普通用户,0,0,normal
c_ext_00005863,p_ext_000955,dG42TnEzL091NHVTMEw3T2w2RzRaNVducHFtRlluOXJnNHg0aTRoOXk5M0RwbldEaEpXNmFKVzV0cldIWjlxS2lNNmVvSVdybXFxQmVXSjI=,,,可以自提吗,29,0,2026-03-19 03:40:57,本科生,0,0,normal
c_ext_00005864,p_ext_000255,u_ext_00456,,,可以自提吗,8,1,2026-04-10 03:10:57,资深坛友,0,0,normal
c_ext_00005865,p_ext_000391,u_ext_00107,,,期末重点有吗,18,0,2026-02-03 20:38:57,普通用户,0,0,normal
c_ext_00005866,p_ext_000250,u_ext_00435,,,这个窗口确实不错,9,2,2026-03-15 12:41:57,资深坛友,0,0,normal
c_ext_00005867,2101528808,u_ext_00308,,,在哪个校区交易,5,1,2026-05-17 18:27:57,资深坛友,0,0,normal
c_ext_00005868,p_ext_001145,u_ext_00339,,,这个窗口确实不错,25,2,2026-02-12 17:51:57,校园达人,0,0,normal
c_ext_00005869,p_ext_001814,u_ext_00340,,,这个岗位适合大三吗,1,0,2026-02-17 07:02:57,校园达人,0,0,normal
c_ext_00005870,p_ext_000345,u_ext_00257,,,我也想参加,15,0,2026-02-24 21:35:57,活跃同学,0,0,normal
c_ext_00005871,p_ext_000665,u_ext_00130,,,时间合适的话可以,7,3,2026-03-23 13:02:57,校园达人,0,0,normal
c_ext_00005872,p_ext_000587,u_ext_00331,,,这个窗口确实不错,21,0,2026-03-02 08:40:57,普通用户,0,0,normal
c_ext_00005873,p_ext_001789,dG9DanFaZlJ0bWFMcHJLV2dHZXdqSk9tZ0tpTFpJQ0VtR2VxcElTTno3N0RnSDJ0aGFxVnFIN1Fxc3lWZXM2R2hicUlySXVyaUkrSGlXSjI=,,,可以自提吗,13,3,2026-04-09 23:32:57,博士生,0,0,normal
c_ext_00005874,p_ext_001405,u_ext_00478,,,多少钱,28,0,2026-04-04 22:50:57,校园达人,0,0,normal
c_ext_00005875,p_ext_000259,dTVDWHJKZk51MzkvcHFhbWlhTzhoSmFvbG95YWlJeVJsb3BqcUlHenBKbXdqcDZ3aWREWXFJZVMwTmFCWnM1bmhxZHFhWnlHZ0lLRmlXSjI=,,,在哪个校区交易,1,2,2026-04-28 11:34:57,高中生,0,0,normal
c_ext_00005876,p_ext_001559,u_ext_00394,,,这个窗口确实不错,17,0,2026-04-10 16:04:57,校园达人,0,0,normal
c_ext_00005877,p_ext_000409,cjJtanNZVzdzNHVBcUxYWWlvckthWWpNaDZxTlpKNkdobWlWcTRtUno1bkNzcCt1aWJmTmUzNlYwOXFVcnRhZWxLaDhqcHAzZUsrWHIySjI=,,,还在吗,7,0,2026-04-15 03:22:57,初中生,0,0,normal
c_ext_00005878,p_ext_001344,u_ext_00401,,,简历要怎么投,18,0,2026-02-03 14:41:57,校园达人,0,0,normal
c_ext_00005879,2101569317,ckdsMWFvdlJyMzErdWJhdWlXYXNab0s2b29TUm5YaXRqYUJyc0lSOXRadkNhNXVRZnQzTlpvQ25zdEtOWjdDcmhiVnJrb1ZraUhxQmVXSjI=,,,可以自提吗,16,0,2026-04-12 13:57:57,本科生,0,0,normal
c_ext_00005880,2101533358,u_ext_00364,,,还在吗,8,2,2026-03-23 09:41:57,普通用户,0,0,normal
c_ext_00005881,p_ext_001007,u_ext_00448,,,在哪个校区交易,22,1,2026-05-06 05:30:57,普通用户,0,0,normal
c_ext_00005882,2101562016,u_ext_00144,,,这个窗口确实不错,1,2,2026-03-07 19:39:57,校园达人,0,0,normal
c_ext_00005883,p_ext_001386,u_ext_00452,,,这个窗口确实不错,17,2,2026-04-20 20:31:57,普通用户,0,0,normal
c_ext_00005884,p_ext_001681,dXFXbnJaU3FrcStTMjUzT2dhTFdvSWJOYTZDRVlZeVJnb3VJcllTQTA5ZXpmMmV5aTg2V3JJYlBxcEdCZkx5b2h0eWFiSmlibVd5RGVXSjI=,,,还在吗,15,0,2026-04-11 19:52:57,高中生,0,0,normal
c_ext_00005885,p_ext_001064,u_ext_00182,,,可以自提吗,11,2,2026-03-29 00:48:57,校园达人,0,0,normal
c_ext_00005886,p_ext_000376,u_ext_00131,,,蹲一个搭子,18,0,2026-04-16 03:47:57,普通用户,0,0,normal
c_ext_00005887,p_ext_000986,u_ext_00386,,,可以内推吗,5,2,2026-04-15 03:01:57,校园达人,0,0,normal
c_ext_00005888,p_ext_001659,u_ext_00483,,,可以自提吗,5,1,2026-04-23 07:07:57,资深坛友,0,0,normal
c_ext_00005889,p_ext_000354,u_ext_00308,,,在哪个校区交易,27,3,2026-03-20 23:24:57,资深坛友,0,0,normal
c_ext_00005890,p_ext_001061,c3FLZnFaZTQxWitTekxLdGlYck9oSVdVWXJHUmhaNkNqcUpqZjVlaW5OWERhSjl1Z0x1em40VE9wcE9Kbjg2Z2dyaWVib2FJYjZXSWlXSjI=,,,还在吗,25,3,2026-02-15 01:40:57,初中生,0,0,normal
c_ext_00005891,p_ext_000622,u_ext_00241,,,这个窗口确实不错,16,0,2026-05-27 19:52:57,资深坛友,0,0,normal
c_ext_00005892,p_ext_000922,u_ext_00150,,,求资料,24,0,2026-03-29 10:56:57,普通用户,0,0,normal
c_ext_00005893,p_ext_000289,u_ext_00477,,,多少钱,23,2,2026-05-09 06:20:57,资深坛友,0,0,normal
c_ext_00005894,p_ext_001072,u_ext_00184,,,蹲一个搭子,2,3,2026-02-11 09:09:57,校园达人,0,0,normal
c_ext_00005895,p_ext_001361,u_ext_00353,,,时间合适的话可以,5,3,2026-02-05 03:16:57,资深坛友,0,0,normal
c_ext_00005896,p_ext_000119,u_ext_00249,,,还在吗,11,1,2026-03-04 20:34:57,资深坛友,0,0,normal
c_ext_00005897,p_ext_001242,u_ext_00474,,,可以自提吗,0,1,2026-03-18 00:58:57,普通用户,0,0,normal
c_ext_00005898,p_ext_000254,cjJpcWJJblFyNE9UdHJLdWlHYTRqcFBPZEcyY25JQ3BpWHFlYnBlUXJiK3Zhb1dLaEpiUnJwV21wdHFGZTlLR2hhbDRxSnRrZUtHQ2VXSjI=,,,可以内推吗,16,1,2026-05-15 11:15:57,副教授,0,0,normal
c_ext_00005899,p_ext_000588,u_ext_00345,,,在哪个校区交易,28,1,2026-05-08 23:57:57,活跃同学,0,0,normal
c_ext_00005900,p_ext_001218,u_ext_00131,,,简历要怎么投,15,2,2026-03-14 10:47:57,普通用户,0,0,normal
c_ext_00005901,p_ext_000695,u_ext_00487,,,期末重点有吗,7,0,2026-05-16 18:58:57,活跃同学,0,0,normal
c_ext_00005902,p_ext_001024,u_ext_00452,,,可以自提吗,19,1,2026-05-06 02:18:57,普通用户,0,0,normal
c_ext_00005903,p_ext_000584,u_ext_00170,,,活动还有名额吗,12,3,2026-05-13 10:57:57,普通用户,0,0,normal
c_ext_00005904,p_ext_001730,u_ext_00346,,,在哪个校区交易,13,0,2026-03-07 03:12:57,校园达人,0,0,normal
c_ext_00005905,p_ext_000434,u_ext_00273,,,多少钱,19,3,2026-05-09 18:47:57,校园达人,0,0,normal
c_ext_00005906,p_ext_000775,u_ext_00288,,,时间合适的话可以,22,0,2026-02-27 08:56:57,活跃同学,0,0,normal
c_ext_00005907,p_ext_000477,dzJxanFaZXB4WWVWdWEzVGphRzBvWDNjZElxUW5xNTZtS0dlYklTQXg4ZkVwWDJRaHRDVmEzNnAxSk9JZWJDS2hxbVdyNXFjb29PRGVXSjI=,,,可以自提吗,30,3,2026-05-02 12:53:57,初中生,0,0,normal
c_ext_00005908,p_ext_000685,u_ext_00332,,,还在吗,29,0,2026-02-05 07:50:57,活跃同学,0,0,normal
c_ext_00005909,p_ext_001974,u_ext_00496,,,在哪个校区交易,24,0,2026-05-08 21:19:57,校园达人,0,0,normal
c_ext_00005910,p_ext_001414,u_ext_00444,,,在哪个校区交易,13,1,2026-06-02 17:46:57,校园达人,0,0,normal
c_ext_00005911,p_ext_001081,eHFPRWJaV25xMnFUemE2bmxtYW5aSmFxZktXWllZaUJtWitJZll0K25OU3Zmbld3aDgydmlZWGNwWkdLbjhhaGg1S2VpSnRqZklHT3IySjI=,,,多少钱,9,3,2026-03-07 02:58:57,幼儿园,0,0,normal
c_ext_00005912,p_ext_000176,dXFXbnJaU3FrcStTMjUzT2dhTFdvSWJOYTZDRVlZeVJnb3VJclp1TnZiQzBhR1NoZ05Demg0clExTnFJb2Nab2haS0VmWU5qcW4rT3IySjI=,,,在哪个校区交易,3,3,2026-03-30 18:36:57,高中生,0,0,normal
c_ext_00005913,p_ext_000104,u_ext_00360,,,蹲一个复习整理,9,3,2026-05-25 11:32:57,资深坛友,0,0,normal
c_ext_00005914,p_ext_000910,u_ext_00212,,,可以内推吗,27,3,2026-02-13 01:35:57,活跃同学,0,0,normal
c_ext_00005915,p_ext_000986,eGFXcXNYK1Z0Nk4vdWN5cmxXaXJyb0tWaEhxWm41cURobnVpc1lxbXg1eXphR2lTak4zTmE0ZVQxTktWZTgydGhaUmpyWTUwYjRXV3IySjI=,,,可以内推吗,3,1,2026-02-06 05:12:57,硕士生,0,0,normal
c_ext_00005916,p_ext_001643,u_ext_00375,,,在哪个校区交易,7,2,2026-05-08 15:14:57,校园达人,0,0,normal
c_ext_00005917,p_ext_001620,cm11YmY0YlIwWHlHdHJLeG1IbXNoSWZQaUt5SWg1Q0hnV2lMc1lOK3JkVEZhcVp0aU0rN2pZU3F1dG1VWnNhZmxhaC9hNHhrZzdDV3IySjI=,,,可以自提吗,13,0,2026-05-04 17:28:57,初中生,0,0,normal
c_ext_00005918,p_ext_001471,u_ext_00334,,,多少钱,4,0,2026-04-29 07:39:57,资深坛友,0,0,normal
c_ext_00005919,p_ext_001544,u_ext_00455,,,我也想参加,11,1,2026-04-18 11:34:57,活跃同学,0,0,normal
c_ext_00005920,p_ext_001681,u_ext_00421,,,这个窗口确实不错,29,0,2026-05-07 11:52:57,普通用户,0,0,normal
c_ext_00005921,p_ext_001672,u_ext_00307,,,在哪个校区交易,27,2,2026-03-09 09:08:57,资深坛友,0,0,normal
c_ext_00005922,p_ext_000118,u_ext_00186,,,在哪个校区交易,19,2,2026-05-13 01:15:57,普通用户,0,0,normal
c_ext_00005923,p_ext_001866,u_ext_00354,,,可以自提吗,7,0,2026-05-02 02:21:57,资深坛友,0,0,normal
c_ext_00005924,p_ext_000617,dGFKNGFZQ1QxWWFIMExiUWwyYTRoMzY0bW9lUmVLMXBsNkdMYVkyaTE5T3dmWmVFaGFpV3JwUE4zTGlJcjhxTWk2cWlzcG1Jakh1WHIySjI=,,,多少钱,8,3,2026-02-11 02:14:57,硕士生,0,0,normal
c_ext_00005925,p_ext_000413,u_ext_00283,,,这个窗口确实不错,23,2,2026-03-25 21:46:57,普通用户,0,0,normal
c_ext_00005926,p_ext_000363,u_ext_00451,,,还在吗,2,0,2026-05-05 17:53:57,活跃同学,0,0,normal
c_ext_00005927,p_ext_001420,u_ext_00448,,,在哪个校区交易,13,0,2026-02-06 10:51:57,普通用户,0,0,normal
c_ext_00005928,p_ext_001491,u_ext_00275,,,多少钱,7,1,2026-04-26 08:31:57,普通用户,0,0,normal
c_ext_00005929,p_ext_001772,u_ext_00339,,,在哪个校区交易,27,3,2026-04-30 20:31:57,校园达人,0,0,normal
c_ext_00005930,p_ext_001149,u_ext_00246,,,可以自提吗,4,3,2026-03-12 18:40:57,活跃同学,0,0,normal
c_ext_00005931,p_ext_000205,u_ext_00359,,,这个窗口确实不错,13,0,2026-05-22 13:21:57,校园达人,0,0,normal
c_ext_00005932,p_ext_001410,u_ext_00177,,,可以内推吗,12,2,2026-03-01 00:59:57,校园达人,0,0,normal
c_ext_00005933,p_ext_001043,u_ext_00471,,,还在吗,19,0,2026-03-09 18:16:57,资深坛友,0,0,normal
c_ext_00005934,p_ext_001274,u_ext_00425,,,感谢分享,0,1,2026-05-19 05:22:57,资深坛友,0,0,normal
c_ext_00005935,p_ext_001752,dzR5RnNJVFFybWFHM0xhNWdudThvNHVuZzdDSmRZU3JnWXA0a28rano5M0ZqM21EbGMzRm5vaXBzWmFVWjVPRGlybU1tWkdJZ0c2WXIySjI=,,,多少钱,0,3,2026-03-26 18:24:57,本科生,0,0,normal
c_ext_00005936,p_ext_001962,u_ext_00230,,,蹲一个复习整理,5,1,2026-04-09 02:22:57,活跃同学,0,0,normal
c_ext_00005937,p_ext_001216,u_ext_00414,,,蹲一个复习整理,11,1,2026-03-08 18:03:57,资深坛友,0,0,normal
c_ext_00005938,p_ext_000939,u_ext_00140,,,还在吗,28,1,2026-04-13 00:46:57,校园达人,0,0,normal
c_ext_00005939,p_ext_001686,u_ext_00108,,,可以内推吗,4,1,2026-04-18 01:08:57,活跃同学,0,0,normal
c_ext_00005940,2101582125,u_ext_00413,,,还在吗,8,2,2026-03-12 06:45:57,普通用户,0,0,normal
c_ext_00005941,p_ext_000280,u_ext_00401,,,多少钱,14,0,2026-05-30 02:00:57,校园达人,0,0,normal
c_ext_00005942,p_ext_000670,u_ext_00301,,,这个窗口确实不错,24,3,2026-02-18 18:42:57,资深坛友,0,0,normal
c_ext_00005943,p_ext_000569,u_ext_00119,,,多少钱,14,0,2026-02-18 17:25:57,普通用户,0,0,normal
c_ext_00005944,p_ext_000415,dXFXbnJaU3FrcStTMjUzT2dhTFdvSWJOYTZDRVlZeVJnb3VJcllTQTA5ZXpmMmV5aTg2V3JJYlBxcEdCZkx5b2h0eWFiSmlibVd5RGVXSjI=,,,我也想参加,20,3,2026-04-29 08:39:57,高中生,0,0,normal
c_ext_00005945,p_ext_001179,u_ext_00234,,,期末重点有吗,17,1,2026-03-23 22:09:57,活跃同学,0,0,normal
c_ext_00005946,p_ext_001483,dFh5ZXNvaVR5YStMdHNpbGw0M09vSWpQZklxTGg0OXNob3FFazVkOXFKYkVhcDV1aEx1emUzNlUwSzZHb0t5Q2lLYUFiSkNIakdtR2lXSjI=,,,在哪个校区交易,30,2,2026-03-23 18:24:57,高中生,0,0,normal
c_ext_00005947,2101566295,u_ext_00285,,,这个窗口确实不错,24,0,2026-03-07 18:08:57,资深坛友,0,0,normal
c_ext_00005948,p_ext_000410,dXFXbnJaU3FrcStTMjUzT2dhTFdvSWJOYTZDRVlZeVJnb3VJcllTQTA5ZXpmMmV5aTg2V3JJYlBxcEdCZkx5b2h0eWFiSmlibVd5RGVXSjI=,,,多少钱,27,0,2026-06-02 06:34:57,高中生,0,0,normal
c_ext_00005949,p_ext_000514,u_ext_00228,,,可以自提吗,23,2,2026-03-11 03:52:57,资深坛友,0,0,normal
c_ext_00005950,p_ext_000474,u_ext_00134,,,活动还有名额吗,12,2,2026-05-09 11:10:57,活跃同学,0,0,normal
c_ext_00005951,p_ext_001726,u_ext_00241,,,还在吗,11,0,2026-04-29 11:21:57,资深坛友,0,0,normal
c_ext_00005952,p_ext_001056,u_ext_00278,,,求资料,9,0,2026-05-27 05:48:57,普通用户,0,0,normal
c_ext_00005953,p_ext_001947,u_ext_00409,,,在哪个校区交易,6,0,2026-02-26 08:04:57,普通用户,0,0,normal
c_ext_00005954,2101515525,dFk2aWE0UzVyNmVMdUw3UmxwK3dkNVc2aUgrTGRvaWlqcUtXczVxa3VhN0VqV05zaGFpdmczNlUwTHVGaXBPRWhzK2RycHFlakl1SmlXSjI=,,,在哪个校区交易,7,2,2026-02-10 13:32:57,小学生,0,0,normal
c_ext_00005955,p_ext_001791,u_ext_00480,,,可以自提吗,25,1,2026-05-20 20:55:57,校园达人,0,0,normal
c_ext_00005956,p_ext_000574,u_ext_00207,,,可以自提吗,23,1,2026-03-12 00:40:57,普通用户,0,0,normal
c_ext_00005957,p_ext_001040,dGFONWhJUE5xNkdEdWI2NWZtalNaWXFVZUxHTmg2S0FqV2RqZ0p1bng5bTBqNWVTbExtN2FYMlVsYkdJak01cGhhbUVlNXA1aEsyQ2VXSjI=,,,这个窗口确实不错,26,3,2026-04-26 11:09:57,幼儿园,0,0,normal
c_ext_00005958,p_ext_000183,u_ext_00324,,,我也想参加,14,2,2026-03-14 22:03:57,校园达人,0,0,normal
c_ext_00005959,p_ext_001593,dG42TnEzL091NHVTMEw3T2w2RzRaNVducHFtRlluOXJnNHg0aTRoOXk5M0RwbldEaEpXNmFKVzV0cldIWjlxS2lNNmVvSVdybXFxQmVXSjI=,,,多少钱,14,1,2026-04-03 23:17:57,本科生,0,0,normal
c_ext_00005960,p_ext_001372,dDQ1MWk1ZTN4YkIvazY2MmxYcXdvSU8zZktHWWhxWm9tR2RqYVptUnZhN0NwWTJLaDZlM1pwWE9wcFNNWnJSK2twSnJlcGxpa0krTGlXSjI=,,,这个窗口确实不错,11,3,2026-03-19 21:00:57,本科生,0,0,normal
c_ext_00005961,p_ext_001213,cm55WHBYKzZ4WVdWbGJxcmpLS3dkbituWjdLRnEzeUNoMlY4ZjVpbXo5Q3pvbld4aHJ1cnI0V1QxSzJXamNhT2xybUloSVdhcW5xWHIySjI=,,,还在吗,7,0,2026-03-16 06:24:57,本科生,0,0,normal
c_ext_00005962,p_ext_000581,u_ext_00478,,,在哪个校区交易,7,2,2026-05-07 02:02:57,校园达人,0,0,normal
c_ext_00005963,p_ext_000439,u_ext_00269,,,多少钱,15,3,2026-03-26 18:46:57,普通用户,0,0,normal
c_ext_00005964,p_ext_001582,u_ext_00314,,,还在吗,4,2,2026-02-18 13:56:57,普通用户,0,0,normal
c_ext_00005965,p_ext_000630,u_ext_00325,,,在哪个校区交易,25,1,2026-05-18 17:07:57,资深坛友,0,0,normal
c_ext_00005966,p_ext_000125,u_ext_00101,,,期末重点有吗,8,0,2026-02-08 10:46:57,资深坛友,0,0,normal
c_ext_00005967,p_ext_000489,u_ext_00301,,,在哪个校区交易,0,0,2026-02-16 09:37:57,资深坛友,0,0,normal
c_ext_00005968,p_ext_000424,u_ext_00490,,,在哪个校区交易,7,0,2026-02-24 12:35:57,活跃同学,0,0,normal
c_ext_00005969,2101601503,u_ext_00486,,,这个窗口确实不错,1,2,2026-03-06 12:55:57,普通用户,0,0,normal
c_ext_00005970,p_ext_000794,u_ext_00371,,,这个窗口确实不错,20,1,2026-05-29 13:29:57,资深坛友,0,0,normal
c_ext_00005971,p_ext_001650,u_ext_00483,,,这个窗口确实不错,22,3,2026-03-21 22:26:57,资深坛友,0,0,normal
c_ext_00005972,p_ext_000250,u_ext_00388,,,可以自提吗,9,1,2026-05-31 11:03:57,资深坛友,0,0,normal
c_ext_00005973,p_ext_000118,u_ext_00198,,,在哪个校区交易,3,1,2026-02-04 22:33:57,普通用户,0,0,normal
c_ext_00005974,p_ext_000183,u_ext_00297,,,我也想参加,4,1,2026-03-07 16:33:57,校园达人,0,0,normal
c_ext_00005975,p_ext_001475,u_ext_00395,,,在哪个校区交易,19,3,2026-05-05 05:07:57,活跃同学,0,0,normal
c_ext_00005976,2101515525,u_ext_00344,,,在哪个校区交易,23,2,2026-05-22 15:52:57,活跃同学,0,0,normal
c_ext_00005977,p_ext_001191,u_ext_00405,,,在哪个校区交易,3,2,2026-05-24 20:51:57,活跃同学,0,0,normal
c_ext_00005978,p_ext_000542,u_ext_00489,,,活动还有名额吗,21,0,2026-04-05 14:53:57,普通用户,0,0,normal
c_ext_00005979,p_ext_001050,u_ext_00336,,,可以自提吗,2,0,2026-03-29 09:53:57,校园达人,0,0,normal
c_ext_00005980,p_ext_001823,u_ext_00361,,,我也想参加,30,2,2026-03-27 11:33:57,活跃同学,0,0,normal
c_ext_00005981,p_ext_001464,u_ext_00334,,,多少钱,27,1,2026-04-29 11:37:57,资深坛友,0,0,normal
c_ext_00005982,p_ext_001354,u_ext_00444,,,我也想参加,1,0,2026-05-01 17:52:57,校园达人,0,0,normal
c_ext_00005983,p_ext_001477,u_ext_00141,,,这个窗口确实不错,5,3,2026-05-03 18:49:57,普通用户,0,0,normal
c_ext_00005984,p_ext_000468,u_ext_00380,,,还在吗,0,1,2026-04-08 16:19:57,校园达人,0,0,normal
c_ext_00005985,p_ext_000578,u_ext_00485,,,多少钱,3,0,2026-03-28 02:30:57,活跃同学,0,0,normal
c_ext_00005986,p_ext_001163,u_ext_00206,,,可以内推吗,18,1,2026-05-20 05:44:57,普通用户,0,0,normal
c_ext_00005987,p_ext_001356,u_ext_00350,,,多少钱,20,2,2026-04-10 10:27:57,校园达人,0,0,normal
c_ext_00005988,p_ext_000199,u_ext_00370,,,活动还有名额吗,27,3,2026-03-23 17:26:57,普通用户,0,0,normal
c_ext_00005989,p_ext_000104,u_ext_00338,,,期末重点有吗,27,1,2026-05-08 02:26:57,资深坛友,0,0,normal
c_ext_00005990,p_ext_000159,dzR5RnNJVFFybWFHM0xhNWdudThvNHVuZzdDSmRZU3JnWXA0a28rano5M0ZqM21EbGMzRm5vaXBzWmFVWjVPRGlybU1tWkdJZ0c2WXIySjI=,,,可以自提吗,13,1,2026-02-26 09:58:57,本科生,0,0,normal
c_ext_00005991,p_ext_001996,u_ext_00486,,,蹲一个搭子,24,1,2026-02-28 22:42:57,普通用户,0,0,normal
c_ext_00005992,p_ext_000382,u_ext_00118,,,这个窗口确实不错,22,2,2026-02-26 20:47:57,资深坛友,0,0,normal
c_ext_00005993,p_ext_001293,u_ext_00261,,,在哪个校区交易,9,1,2026-04-01 11:05:57,校园达人,0,0,normal
c_ext_00005994,p_ext_001362,eFkxNWo0ZTdxNHVMazZxdGw0dTRkMzY2ZktxT2hZU3NsMmVWYklXTnJkMnZmNStEZjVUTmVZT1RzcWFZaXF5Vms3bWxhNXRocldpTGlXSjI=,,,还在吗,10,0,2026-04-06 18:55:57,高中生,0,0,normal
c_ext_00005995,p_ext_000671,u_ext_00234,,,这个窗口确实不错,10,3,2026-04-02 14:57:57,活跃同学,0,0,normal
c_ext_00005996,p_ext_001512,eFdwb29wZlJ5YStGazYyVmdLTFNpSlMyakxLTWQ2WnRsbnhuYm95T3k2eTNwcHF5Zjg3RmpvYTVxc3lJakplRWk1V0VxNW1jZ0s2Q2VXSjI=,,,可以自提吗,24,2,2026-05-29 02:25:57,高中生,0,0,normal
c_ext_00005997,p_ext_001174,u_ext_00117,,,还在吗,3,0,2026-05-04 17:50:57,校园达人,0,0,normal
c_ext_00005998,p_ext_001375,u_ext_00236,,,可以自提吗,30,1,2026-05-04 17:01:57,资深坛友,0,0,normal
c_ext_00005999,p_ext_000987,u_ext_00452,,,在哪个校区交易,27,0,2026-03-15 16:22:57,普通用户,0,0,normal
c_ext_00006000,p_ext_001548,u_ext_00266,,,在哪个校区交易,17,0,2026-03-30 09:52:57,资深坛友,0,0,normal
