post_id,author_id,cate_id,board,title,content,img_count,has_image,publish_time,post_age_hours,tags,topic_type,location_scope,price,need_pay,has_contact_info,report_status,finish_status,status,content_length,keyword_list
2101635776,dzQ5OWFZU1Rsb0NBdU5DMGlxR3dpSVMzYXJHR2VZZHBsNHVoYllWK3RjNnprSDJ4aWMzSWE1S21ycmlHaTd1bWZKS0FqNFoyb29lSWlXSjI=,105,问答求助,南校162共享厨房有电动打蛋器吗？,想做甜品吃，但不知道有没有电动打蛋器，求问,0,0,2026-06-03 11:43:00,1.1493,求问|校园卡|南校,生活,全校,0.0,0,0,0,10,normal,21,求问|校园卡|南校
2101634205,dHFWNWU0ZVV5YTZFdHJuWGhxL09xNGVub1dxSWhxRm9pV2Q0am9sc3o4REdwbjJrZ2F2Tmg0U290ckdVWjd5Qmk4eUVqcHA0Zkd1SmlXSjI=,101,二手交易,南校收电动车,"rt，最好是带车牌和校园牌（没有也没关系）雅迪台铃之类牌子的
有意者私",0,0,2026-06-03 11:40:00,1.1993,二手交易|闲置|南校,生活,全校,0.0,0,1,0,10,normal,35,二手交易|闲置|南校
2101633684,dTVDWHJKZk51MzkvcHFhbWlhTzhoSmFvbG95YWlJeVJsb3BqcUlHenBKbXdqcDZ3aWREWXFJZVMwTmFCWnM1bmhxZHFhWnlHZ0lLRmlXSjI=,101,二手交易,出爱依服旗袍,90r出，穿一洗一，线下实体店买的，吊牌剪了留着,5,1,2026-06-03 11:39:00,1.2159,二手交易|闲置,生活,全校,0.0,0,1,0,10,normal,24,二手交易|闲置
2101633377,dTRDQnNZTzZ4WXlVdXRETWhLK2tnWWlscGErYVpJaXJncDVxYll5Qng2NjFqcGF5bDdqRmE1S3F2cmlHb2M1a2k4K3FnWngyWjZtTnIySjI=,105,问答求助,南校求租本科学士服(女)周六6.6,"有没有姐妹刚好这周借学士服并且周六不用的
求一起拼租
当天归还
s或者m码都可以！！
感谢🙏",0,0,2026-06-03 11:39:00,1.2159,求问|校园卡|南校|租房,生活,全校,0.0,0,1,0,10,normal,46,求问|校园卡|南校|租房
2101632238,cjdLWGpuK1V5R2VTcWNpdWwzcXduWWVTcG95T2hwNXJpWXQ0Zkl5Tng3aTJmbzF1aExpYWJJUzUxNWFXWjgxcGxiZUloSnVGZjJ1SmlXSjI=,105,问答求助,东校gogo瑞幸免费送,位置点错了，免费送一杯青橘冰茶，在gogo的瑞幸。,0,0,2026-06-03 11:37:00,1.2493,求问|校园卡|东校,生活,全校,0.0,0,1,0,10,normal,25,求问|校园卡|东校
2101629901,dFd0MWZJbXFxNnVFcDZuWGdhQ3ZxNU9uZUlxUnE0eCtobjJFZ1p1bnZhNnlhSG1xbDZpV25vZTJ6NUtJWjZlc2tyZUFib2hobm4rSWlXSjI=,101,二手交易,南校毕业照拍照搭子,找南校毕业照搭子，可以互拍，本人女生，希望找个女生可以互相拍~,0,0,2026-06-03 11:33:00,1.3159,二手交易|闲置|南校|搭子,生活,全校,0.0,0,0,0,10,normal,31,二手交易|闲置|南校|搭子
2101629214,cm55Qm1uNlRrcTZJemJhVWYyV3JwcFNWaUtlWW5xNm1sb3VBaEpocjBwYTZwSTE5aTdxcmdaS3Fzc3lZZk1xQWs1UmpwNDFrbm15R2lXSjI=,105,问答求助,春晖牛腩面,想问一下春晖东厅的牛腩面现在还有吗？之前去过几次要么说卖完了要么说只有肉片面，我有点怀疑是下架了,0,0,2026-06-03 11:32:00,1.3326,求问|校园卡,生活,全校,0.0,0,0,0,10,normal,48,求问|校园卡
2101623364,dEtLYm1vTzYwWjZMdDlTNmdYdk5yWVNvb3FTTGRaMnZoYUdhb29pUnJkbXpqbjJObHJpWmE0VzV1clNZaXNsa2xiZUVhb1dlZktXWXIySjI=,105,问答求助,有无办理过法签的朋友🥹,想办理法签，有一些问题想知道🥹有没有有经验的朋友可以帮忙，谢谢大家🥰可以加我QQ，备注一下～,0,0,2026-06-03 11:23:00,1.4826,求问|校园卡,生活,全校,0.0,0,1,0,10,normal,46,求问|校园卡
2101622130,c3FLZnFaZTQxWitTekxLdGlYck9oSVdVWXJHUmhaNkNqcUpqZjVlaW5OWERhSjl1Z0x1em40VE9wcE9Kbjg2Z2dyaWVib2FJYjZXSWlXSjI=,105,问答求助,收期末真题,有偿收计院往年 操作系统、信号与系统、人工智能真题,0,0,2026-06-03 11:21:00,1.5159,求问|校园卡,生活,全校,0.0,0,1,0,10,normal,25,求问|校园卡
2101621570,eEpDYnE0UFB5WjZMemN6SmxxSzBkNVBNbWJHS2g0Ujhqbmltc0lTenlwaTNzb1ZyZ05HanFvT3FwZHQvWnJ5RWt0eDRwSXFlb3FDR2lXSjI=,105,问答求助,中深西七招待所学生可以订吗,宿舍有点吵，想换个地方睡几天,0,0,2026-06-03 11:20:00,1.5326,求问|校园卡|宿舍,生活,全校,0.0,0,0,0,10,normal,14,求问|校园卡|宿舍
2101617209,eGFXcXNYK1Z0Nk4vdWN5cmxXaXJyb0tWaEhxWm41cURobnVpc1lxbXg1eXphR2lTak4zTmE0ZVQxTktWZTgydGhaUmpyWTUwYjRXV3IySjI=,101,二手交易,南校出8层鞋架,大概可以放15-20双鞋，173自提，15,1,1,2026-06-03 11:14:00,1.6326,二手交易|闲置|南校,生活,全校,0.0,0,1,0,10,normal,21,二手交易|闲置|南校
2101614176,cjVCNGE0ek5wNjZGenE3VGpXZTNaSC9PYzZxRmVJaXRpbnBucm9scXp0MjFnSUdobHJpbnNJV3AzS3lCb2M2bmc3aDByWTEzZjJxV3IySjI=,105,问答求助,南校外卖,现在外卖是不能派送进校了嘛？填了宿舍楼的地址，一直显示：该地址无法收货，请填写校内可配送地址。应该怎么填呀,0,0,2026-06-03 11:09:00,1.7159,求问|校园卡|南校|宿舍,生活,全校,0.0,0,0,0,10,normal,53,求问|校园卡|南校|宿舍
2101613371,cjMrRms1ZXJyNE4vcWR2YWlJdktySkxjbHFlTG5hYXJpNkdpajVxbTA2KzFrSFd6bHMrN281UFF0cTZJZTZTRGdMcUxhWkNkZkdpQ2VXSjI=,101,二手交易,深圳校区出床垫,"一年前买的乳胶弹簧床垫，两面可睡，一面硬一面软。尺寸1.2m*2m,适合东园双人间。几乎全新，未拆塑封，721购入，现在400出。可线下看实物。",3,1,2026-06-03 11:08:00,1.7326,二手交易|闲置,生活,全校,0.0,0,0,0,10,normal,72,二手交易|闲置
2101612909,dG9DanFaZlJ0bWFMcHJLV2dHZXdqSk9tZ0tpTFpJQ0VtR2VxcElTTno3N0RnSDJ0aGFxVnFIN1Fxc3lWZXM2R2hicUlySXVyaUkrSGlXSjI=,302,恋爱交友,怎么自然的和男生开始聊天,"怎么自然的和一个人开始聊天呢？
如果突然找一个男生聊天，对方会觉得你对他有意思吗？
作为男生，什么样的聊天模式会让你觉得很自然？或者说什么聊天话题会觉得自然？",0,0,2026-06-03 11:07:00,1.7493,交友|搭子,社交,全校,0.0,0,0,0,10,normal,79,交友|搭子
2101610652,eFdwb29wZlJ5YStGazYyVmdLTFNpSlMyakxLTWQ2WnRsbnhuYm95T3k2eTNwcHF5Zjg3RmpvYTVxc3lJakplRWk1V0VxNW1jZ0s2Q2VXSjI=,105,问答求助,集电找舍友,"rt，大一升大二找舍友（男），希望 作息规律 – 晚上11点后尽量安静，不熬夜打游戏/大声连麦。
 无不良嗜好 – 不抽烟！不酗酒，不沉迷喧闹娱乐。
 爱干净 – 每天洗澡， 安静 – 不外放刷视频、不砸门、不经常带人回宿舍吵闹。

如果也是不想被噪音困扰，只求互相尊重、互不干扰的人欢迎联系qq2167120073",0,0,2026-06-03 11:04:00,1.7993,求问|校园卡|宿舍,生活,全校,0.0,0,0,0,10,normal,158,求问|校园卡|宿舍
2101610306,czQrRmdaV3IwWW1FcHNpa2xwK2tycFduZUt1WVpKcUFqb2w4ajQyT25LeTRqWmVUZnBQVWFuK1NzdEdHbjg1K2k4MkVzSm1GaUhxRmlXSjI=,105,问答求助,南校一教捞捞好心人,今天上午10.40，我在南校一教走廊由于低血糖晕倒了，有好心人给我买了面包，缓过来到时候人已经回教室了，迷糊着也没记住你们。希望可以找到你们表达感谢，以及把面包钱转给你们!!捞捞,0,0,2026-06-03 11:04:00,1.7993,求问|校园卡|南校,生活,全校,0.0,0,1,0,10,normal,89,求问|校园卡|南校
2101608154,dFpDSWJaTzVwMzE4M016U2g0MmpaWlNUZTIyRlk0ZHRqWXVFb1krbnFONjRmSit5aTlDVnJvdVMzSmVVaTZldWk2aU1wbzE0a0lDQmVXSjI=,302,恋爱交友,扩列，王者搭子/双人游戏/线下球类,"大家好，我游戏类型很杂、运动也能玩两手，想认识一些志同道合的朋友，线上能一起开黑，线下能约出来动一动。广州校区，lz男生
先说游戏这边——王者日常在打，段位王者20星上下，不是那种上分焦虑型选手，主要图个好玩，欢迎同段位或者想一起爬分的来。单机这边玩得比较杂，魂系、独立游戏、开放世界都碰，从黑魂到荒野大镖客到空洞骑士大概都能聊上几句。最近也在玩双人成行/胡闹厨房，这种合作游戏真的很考验配合，有想一起体验的可以来找我。
线下的话，羽毛球和乒乓球都会打，水平普通但热情不普通，约了基本不鸽。有空可以去学校球场一起打，互相切磋那种，不用特别厉害。
想认识的朋友没有太多要求，聊得来最重要——游戏能一起开黑、运动能约出来、或者就是喜欢聊聊单机、聊聊有意思的东西都行。线上线下都欢迎，同校区的话线下更好约。
感兴趣的话直接私信我，备注一下你是因为哪个点来的，方便我们找到共同话题📧(╹▽╹)",0,0,2026-06-03 11:00:00,1.8659,交友|搭子,社交,全校,0.0,0,1,0,10,normal,392,交友|搭子
2101607896,cjJtanNZVzdzNHVBcUxYWWlvckthWWpNaDZxTlpKNkdobWlWcTRtUno1bkNzcCt1aWJmTmUzNlYwOXFVcnRhZWxLaDhqcHAzZUsrWHIySjI=,105,问答求助,食堂营业时间,"求一个东校三饭的准确营业时间🤕🤕
昨天下午4.48去等到5.10才开始打饭
今早几点去可以打饭捏（自选窗口",0,0,2026-06-03 11:00:00,1.8659,求问|校园卡|东校|食堂,生活,全校,0.0,0,0,0,10,normal,53,求问|校园卡|东校|食堂
2101607441,dG42TnEzL091NHVTMEw3T2w2RzRaNVducHFtRlluOXJnNHg0aTRoOXk5M0RwbldEaEpXNmFKVzV0cldIWjlxS2lNNmVvSVdybXFxQmVXSjI=,101,二手交易,东校出电动车,东校出雅迪电动车，23年9月购入，车况良好，有牌照和校园牌照，可过户。600出，联系方式vx：SYXCJki,1,1,2026-06-03 10:59:00,1.8826,二手交易|闲置|东校,生活,全校,0.0,0,0,0,10,normal,54,二手交易|闲置|东校
2101606621,cjMrZWFZV1dxNHAva3REYmhhK25hSU8yaDYrS2RLcUxqbnFpcEpxQnJhNjJpNmV3aExtemlJcVR1cVNZamJTZWxybW1qWnVhYjRtRmlXSjI=,105,问答求助,南校哪个档口好吃一些,下午去南校办事，没在南校吃过饭，救,0,0,2026-06-03 10:58:00,1.8993,求问|校园卡|南校,生活,全校,0.0,0,0,0,10,normal,17,求问|校园卡|南校
2101604866,c294NW9veTdwNWVUenJIVGlveTBlNVRQWW1pWW0zaWhpbnVhaEl5a25NQzNqNmRxaTdtdnJJdTV1cW1FaXBlVmdzMTNhb21yZkg2WXIySjI=,105,问答求助,现在能申请缓考了吗,lz感觉自己高数学不完了 真的觉得要挂了 最近每天因为堆成山的任务连开始的能量都没有。 想问问现在可不可以申请缓考并且有没有推荐的缓考理由呀 谢谢路过的同学们🥲🥲,0,0,2026-06-03 10:56:00,1.9326,求问|校园卡,生活,全校,0.0,0,0,0,10,normal,81,求问|校园卡
2101602365,dzZXQmdJTzZsckNGdDVXcWZtaWtxSk81aUt1RmlZK3dpcUdhanBxbHZiKzBwWDE5bHFqSXJJS1VxdEdZbjdoN2c5dHJzbzJjaEltS2lXSjI=,105,问答求助,今年校历什么时候出,,0,0,2026-06-03 10:52:00,1.9993,求问|校园卡,生活,全校,0.0,0,0,0,10,normal,0,求问|校园卡
2101601867,dDN5QmZJbXF1cXlFME5DcGxxT29sWktwWTRpSW5tNnhnR1dMc0ppQXl0eXpqWUdFbHBXdVozNm4xTktJaksrdWZ0Q2FnNXQxb29hSWlXSjI=,101,二手交易,中东半价出东方树叶,"中东半价出东方树叶 
一箱茉莉花茶 一箱乌龙茶 每箱500ML×15瓶
原价63 现价29.9
有意私
中东可自取不包邮",0,0,2026-06-03 10:51:00,2.0159,二手交易|闲置,生活,全校,0.0,0,1,0,10,normal,64,二手交易|闲置
2101601503,czQrTmdYK3FyNFdVcDh6S2xvcXdoNVRNZUdpUmQ1MXFsbWVIc1lPbHZidTFhNStSbHFtbmk0dTFuWldYb05LRmZOeUlpWnA1ZkllVnIySjI=,105,问答求助,游泳考核结果在哪里查询,rt.纸质证明找不到了，请问可以在哪个系统上查询到呢？,0,0,2026-06-03 10:51:00,2.0159,求问|校园卡,生活,全校,0.0,0,0,0,20,normal,27,求问|校园卡
2101600938,d29DSWJJelBvNHlGemN2WGluck5xNWJPaEthWlk1Q29ncU9NZ3BlTng2KzdnSnB0aDZldXI0ZTQxTmlDZkp1ZmhOQjhtWW1maDZxRGVXSjI=,101,二手交易,中珠优豹转卡,"出中珠优豹健身卡（7月开始）剩余9个月，明年3月过期，9个月799➕50（转卡费一人出一半）。（美团季卡单卖799）
健身房很大很新，新器械也很多。
挺多中大学生来锻炼的，健身房氛围也很好🤩
联系方式：13005449685",0,0,2026-06-03 10:50:00,2.0326,二手交易|闲置,生活,全校,0.0,0,1,0,10,normal,112,二手交易|闲置
2101600478,dHBCMW81U254WDZEemEyVmhhRGFkbjdPZ0lDUllwbHBsNHFtb1l0OXJiVERzb0J0ZjVhM2lwYTYwOU9WZkp0NWxLaUFqWkYwYjRlSWlXSjI=,105,问答求助,东校苹果校园体验店靠谱吗,想买一台电脑，现在正在考虑是返校季等送个耳机(但我没有耳机的需求)，还是去东校体验店买便宜2000多，有同学在东校买过电脑吗，靠谱吗,0,0,2026-06-03 10:49:00,2.0493,求问|校园卡|东校,生活,全校,0.0,0,0,0,10,normal,66,求问|校园卡|东校
2101598143,cm55WHBYKzZ4WVdWbGJxcmpLS3dkbituWjdLRnEzeUNoMlY4ZjVpbXo5Q3pvbld4aHJ1cnI0V1QxSzJXamNhT2xybUloSVdhcW5xWHIySjI=,101,二手交易,收屏幕灯,"请问有没有老哥想出屏幕灯的，我是34寸曲面带鱼屏，所以最好是曲面屏幕灯，直的也可以但得看看能不能适配
中深",0,0,2026-06-03 10:45:00,2.1159,二手交易|闲置,生活,全校,0.0,0,0,0,10,normal,53,二手交易|闲置
2101597153,dzQrWGhaYTV6V3FGdDlUTGdudW9yb1dUbld5TmhvQnFqbWlJcTQrbXk5SERwcHVobFpYVmdZYXBsYWlHZkp0K2hhcUVlcHVjWnFxRGVXSjI=,101,二手交易,南校出化妆品,rt ,9,1,2026-06-03 10:44:00,2.1326,二手交易|闲置|南校,生活,全校,0.0,0,1,0,10,normal,3,二手交易|闲置|南校
2101589825,dUtSNWI0UzNxbWFTcU5DN2w2SzBwNUxQcW9lWW5LMnhpWXBtYkltQnRhckNhcU9qaTg2N2ZwSzUzTmVZaXE5bGdwSjRhWkdkcHF1S2lXSjI=,302,恋爱交友,喜茶新品东校拼买一送一,有没有东校uu想拼喜茶买一送一 ，可以放店里自取,0,0,2026-06-03 10:32:00,2.3326,交友|搭子|东校,社交,全校,0.0,0,0,0,10,normal,24,交友|搭子|东校
2101589433,dzQ5b2JJYTYwWXVLdHN5cGwzeXNacGFwaEdxT201cDhpNG1Nam94cnNlQ3ZhbXhwaTlETlpwV1MyS21ZakxTT2tyZDNzSVdlYjRHWHIySjI=,108,校园生活,中深游泳,今晚我将继续学习两手交替划水的那个泳，叫什么我不知道，我见到很多人这样游，看起来挺好玩的。如果你游泳时看到有人在池子里乱扑腾疑似溺水，不要惊慌，那是我又失败了,0,0,2026-06-03 10:32:00,2.3326,校园生活|食堂,社交,全校,0.0,0,0,0,10,normal,79,校园生活|食堂
2101587925,dElDZmU0VzYwV2VHemRpcmxxSFNwSVdTcXFpYVlaNTltSHBqcTRGc3FjNnZnSVdPZ0xpbmVvdXBxcnVXZmJCbWdLcWhiSnAzZkh1SGlXSjI=,105,问答求助,求问鸭大法律诊所,南校园办公室在哪里呀，还是说只有东校院楼负一层那个🥹谢谢集u！,0,0,2026-06-03 10:30:00,2.3659,求问|校园卡|南校|东校,生活,全校,0.0,0,0,0,10,normal,31,求问|校园卡|南校|东校
2101587306,dDQ1MWk1ZTN4YkIvazY2MmxYcXdvSU8zZktHWWhxWm9tR2RqYVptUnZhN0NwWTJLaDZlM1pwWE9wcFNNWnJSK2twSnJlcGxpa0krTGlXSjI=,105,问答求助,大家平时写论文和报告都会用ai吗。,是怎么用法。。是生成大纲自己写还是全篇生成然后自己修改………,0,0,2026-06-03 10:29:00,2.3826,求问|校园卡,生活,全校,0.0,0,0,0,10,normal,30,求问|校园卡
2101586135,dGFKNGFZQ1QxWWFIMExiUWwyYTRoMzY0bW9lUmVLMXBsNkdMYVkyaTE5T3dmWmVFaGFpV3JwUE4zTGlJcjhxTWk2cWlzcG1Jakh1WHIySjI=,105,问答求助,研究生还有体育经费么,想问一下研究生还有体育经费么？有的话每年是多少体育经费啊，和本科一样吗,0,0,2026-06-03 10:26:00,2.4326,求问|校园卡,生活,全校,0.0,0,0,0,10,normal,35,求问|校园卡
2101585112,dTRDRmFwWFJwNDJVejc3WWdHYk5aNFRRbldpY2lIeVNpV2VJaW9kcHZKYXRhS3VSbGJqVWFaU3BuZEtVYU1xbWs2aVdmb1NKcHFtRGVXSjI=,101,二手交易,南校收冰箱,南校收二手冰箱啦！预算170上下，最好冷藏冷冻均有，有意向请加v+++++,0,0,2026-06-03 10:25:00,2.4493,二手交易|闲置|南校,生活,全校,0.0,0,1,0,10,normal,37,二手交易|闲置|南校
2101584314,dTJtZmdwZTIxYStUcUxYVGxHV1RvNGUzZUtLWmQ0ZHRpR2lJcVpsL3g3UERvb2l3bGRHcnE0UzRwcm1BZXErdWxaT0lzWVNFYjJpSmlXSjI=,105,问答求助,26届毕业退宿,"非本校升学滚蛋时间求助，什么时候不能住宿舍了
具体时间有没有通知呀，大概的也行，有什么需要注意的吗，谢谢大家
",0,0,2026-06-03 10:24:00,2.4659,求问|校园卡|宿舍,生活,全校,0.0,0,0,0,10,normal,55,求问|校园卡|宿舍
2101582125,dDM5c2U1T29yNmlEdXFtU2xxTzNhSlc0YzJ1RWRwQ3NqbnByb1lPUHk2dTNhbVNxaHF1cXJvWFFxckdLb3NxbWxycUliWXhqaktLT3IySjI=,105,问答求助,我真是脑子抽了才点开一把青,"我滴妈呀 根本走不出来
苦成这样......",0,0,2026-06-03 10:20:00,2.5326,求问|校园卡,生活,全校,0.0,0,0,0,10,normal,22,求问|校园卡
2101581383,cnFSOW81YVRsckNXdXFiTGhHak5ySWpPbm9tR2lJTnJqb3Q3cjRTUHNOeTRwSFd4ZjdpdnJwUFB0cTJOWjdSbmlzK2VwSkY0b211V3IySjI=,105,问答求助,第三弹（）,"孤注一掷求舍友×3，，没有就算了，，
1、新大二女生，深圳校区，理学院。（要是看到的宝宝有认识的但是不怎么刷集市的理学院女宝也可以帮帮忙推一下）
2、如果能22：30左右上床睡觉最理想（很难实现，，），，但无论如何23：00以后不能发出光亮和声响（在自己蚊帐里面或许会好一点），上厕所或特殊急事可以下床。
3、不抽烟不喝酒无影响他人的不良嗜好。
4、可接受在宿舍吃外卖（实在浓郁可以开窗散味等）。
5、非休息时段（除13：00-14：00午休、11：00-7：00晚睡）可接受开麦打电话刷视频打游戏，如果确实需要安静可提醒，会戴耳机。
6、有一定卫生意识，最好主动积极参与值日表制定和定时打扫卫生。当然也可以是各自顾好各自区域的卫生，到了必要时候大扫除。两种模式可商讨。
7、有事开口，有问题就解决，友好讨论合适的解决方法。包括上述4-6点也是可再商讨的。
8、（附加，非必需）偏爱娱乐生活丰富多彩、平时可以玩得来的舍友，，就是一起去吃饭逛街看电影啥的都可以那种，，

补充：
1、没有一句是说原舍友不好的意思。三位原舍友都是很好的人。只是作息问题是硬性的很难调整，性格方面也是顺其自然，如果能找到更合适的舍友大家应该都会更舒服。
2、解释一下上述第2点。说得严重些的话，煮包大概是嗜睡＋精神衰弱，理论上讲不适合住宿但是深圳校区真的太荒凉了租房很难找所以还是打算先试着再住一会儿。煮包体验过一个学期住宿（舍友十二点之后还有事务，哪怕控制了声响和光亮，煮包其实还是会醒，所以实际上入睡是在凌晨一点之后）一个学期走读（平时十点半左右，累的时候十点多一点就上床睡觉），可以明显感受到第二个学期走读之后，整个人精神状态变好了很多。
煮包绝对不会怪舍友，大家都适应了自己的作息没有为了陌生人改变的义务，如果大二还是受不了，我会继续想办法的。",0,0,2026-06-03 10:19:00,2.5493,求问|校园卡|宿舍|租房,生活,全校,0.0,0,0,0,10,normal,765,求问|校园卡|宿舍|租房
2101580916,eEk5OXBvZk9tbjk4bE5UVGhYcktwSC9RZEsrRVlwcDlsbWg0Z29xenVKakRmMnh0bEx1eWE0V3BsYzJYZTdobGZwT01pWXVKZ0xLS2lXSjI=,105,问答求助,我真没招了,我的入党申请书被这些老师弄丢了，收来收去的结果一堆材料都被丢完了，现在甩我一堆烂摊子让我补一堆材料这周之内交，明明很早就都交过，我就说这入党程序就不能规范一点吗？？？？不知道的不知道，装看不见的装看不见，我真没招了吧？,0,0,2026-06-03 10:18:00,2.5659,求问|校园卡,生活,全校,0.0,0,0,0,10,normal,109,求问|校园卡
2101580742,dzR1bXNvZW5zNjJTcU5TbW1IeW9qSVM2ZUtLSWhvQnRnNHFpajVxbHRhdkRpMngrazVPV2JJYVRxcktYakxoL2xkQ1dpNXgzZzJpWHIySjI=,105,问答求助,花钱真的好爽🥹,停不下来怎么办🫣🫣🫣,0,0,2026-06-03 10:17:00,2.5826,求问|校园卡,生活,全校,0.0,0,0,0,10,normal,10,求问|校园卡
2101580743,cm11YmY0YlIwWHlHdHJLeG1IbXNoSWZQaUt5SWg1Q0hnV2lMc1lOK3JkVEZhcVp0aU0rN2pZU3F1dG1VWnNhZmxhaC9hNHhrZzdDV3IySjI=,105,问答求助,奇怪虫子,"每次看到奇怪虫子的时候一个来自北方的小女孩都会悄悄碎掉😭
好担心出现一个就会有另外好多
太害怕了😭",0,0,2026-06-03 10:17:00,2.5826,求问|校园卡,生活,全校,0.0,0,0,0,10,normal,49,求问|校园卡
2101576983,dFkybnBuL2RzNm1XdDY2eGpJdk9nb2FTZUlpY25wMnZoNjVyckkyUHJiaTRmSnVqbHF2RWFvQzNyckdIaXJPc2dzMTRoSVdIZDY2SmlXSjI=,101,二手交易,泡泡玛特娃,还有人玩娃吗，全新未拆封，骨折价出,1,1,2026-06-03 10:12:00,2.6659,二手交易|闲置,生活,全校,0.0,0,1,0,10,normal,17,二手交易|闲置
2101576190,dEk5a2duK3JxcStJcVpYUWhtYThqWVdwbGE2TmRtdU9pSDJhcEllUnBkRzdmWUN4ZjVXcWFaS3F6OWlJZkphdGZaT2FiSnBpakxLR2lXSjI=,101,二手交易,求马原期末思维导图思考题真题资料,rt，有偿无偿均可,0,0,2026-06-03 10:10:00,2.6993,二手交易|闲置,生活,全校,0.0,0,0,0,10,normal,9,二手交易|闲置
2101575959,eEdxWGlwU1dzbXFTdXNqV2xIckdmNFROaUt5YWlJaW9sNGwwYkltTnVkQ3lqSVZwbEtpV2ZKT1VsYzZZamFpTGhLZG5oNHliZ0llSGlXSjI=,105,问答求助,辅修修不完了,辅修能放弃吗，之前选的辅修不是上课时间冲突就是考试时间冲突，学分感觉是修不完了，怎么放弃啊,0,0,2026-06-03 10:10:00,2.6993,求问|校园卡,生活,全校,0.0,0,0,0,10,normal,45,求问|校园卡
2101572727,eEg2ZmtJYVd0Nm1WdHFxN2dYdTBkNE9VZ0tTT2VZZHRnWWltaUppT3ZOM0VqNFdOaGMzRm5vYXExTXFDZmNaOWhxWjRycENHWjIyRGVXSjI=,105,问答求助,去面试应该穿什么呀,男生去面试应该穿什么，西装吗,0,0,2026-06-03 10:04:00,2.7993,求问|校园卡,生活,全校,0.0,0,0,0,10,normal,14,求问|校园卡
2101572645,c21pZm9ZeXFsbytVemRDemxXZmFxNUtWaEs2TW5hYW1oWitWYklxUXo4ZXZhb0duaHFyRmhZcVVxWlNWZk5acWxxaWVyNWgybnJDV3IySjI=,105,问答求助,6.9上午找妆娘,有没有宝宝6.9上午有时间化妆的呀🥺 不带假发化cla系妆 价格可以商量 在东校,0,0,2026-06-03 10:04:00,2.7993,求问|校园卡|东校,生活,全校,0.0,0,0,0,10,normal,40,求问|校园卡|东校
2101570789,dzVCMXI0WFB5WTJGbExYWGpZcTRub3FUb29LRllhNnRtWXVFaDRlTW01bXVzbml2aEpXU2tJak50ZGlNakxSNGtxZG5hSVI0ZkpLS2lXSjI=,105,问答求助,美白精华377,"rt.
有没有宝子用过这个？我妹妹给我推荐的，我就买了来用。网上不是一堆人说用个十天二十天就能白吗，我怎么都用完一盒30支了，感觉还是没啥变化🥲
难道是我的黄皮基因太强大了😭",0,0,2026-06-03 10:01:00,2.8493,求问|校园卡,生活,全校,0.0,0,0,0,10,normal,87,求问|校园卡
2101569969,dzVCMXI0WFB5WTJGbExYWGpZcTRub3FUb29LRllhNnRtWXVFaDRlUnk3ckZqNDJCaTlHM3JJdXB1dGFHZTZScGZxZUFhSm1Gbm02R2lXSjI=,105,问答求助,明日方舟主线3-8二次呼吸碎骨,"rt.
能不能来个人帮我过一下这关啊🥲🥲🥲🥲🥲
我在这里磨了一周了😭😭😭😭😭
甚至去小红书和B站找了攻略，结果发现自己跟着做都过不了😭😭😭😭😭",0,0,2026-06-03 10:00:00,2.8659,求问|校园卡,生活,全校,0.0,0,0,0,10,normal,71,求问|校园卡
2101569317,dXFLSmlwYW5zNnlVa3FxM2xtVzRycGE0ZDIyT2VZeG9sMmlBb1psOG05N0RrSWh1Z2Flam9aV1UwTmlVcjZPdGk2aWhzSnQ1Z0hxRmlXSjI=,105,问答求助,AI知识扫盲,lz文科男，对编程一窍不通，看了网上各种AI最前沿的应用和各类五花八门的名词感觉已经是山顶洞人了，但是在网上搜索各种教程，各种科普感觉眼花缭乱，完全天书一样。因此想找懂行的同学能线下指点一二，主要是帮忙搭一些基础配置，讲解一些名词，展示一些操作，有偿。感兴趣的同学可以+w ,0,0,2026-06-03 09:59:00,2.8826,求问|校园卡,生活,全校,0.0,0,0,0,10,normal,137,求问|校园卡
2101567503,cm9DQWJZYlF1MmFTdU15MWxtZXNhSkxPaUdpTG5vQ2tmNjkwYVl0cXo3MjNmNGx1bDdxdmZvWE9wczJFYU1wb2ZKU1dnSW1KZUpLVnIySjI=,105,问答求助,中珠医务室在哪,,0,0,2026-06-03 09:55:00,2.9493,求问|校园卡,生活,全校,0.0,0,0,0,10,normal,0,求问|校园卡
2101566295,dTQ2TmZJemRxbWw5azY2MWpYcThnNHFTbnEySm5ZeHRnWitNcElxa3ZiQ3ZqWDJ4ZjlDU2U1SzZwcldVZmJpRmhhbXFwWXVHbnF1SGlXSjI=,105,问答求助,东校图书馆怎么老是这么吵。。。,没招了，一楼到底在干嘛。。还有工作人员也老是大声说话,0,0,2026-06-03 09:53:00,2.9826,求问|校园卡|东校|图书馆,生活,全校,0.0,0,0,0,10,normal,26,求问|校园卡|东校|图书馆
2101566293,dFg2QmZJdVZxMzJIMExLemduM1NucE9VbG91Q1laQ1JpM3Q0cW9xT21LbTdnS04vaU16VWE1Yk50cWVOWjhhS2xzK3FiSXljbW4yTnIySjI=,105,问答求助,最后一个月还会有给体育积分的活动吗,懒惰终于得到了惩罚,0,0,2026-06-03 09:53:00,2.9826,求问|校园卡,生活,全校,0.0,0,0,0,10,normal,9,求问|校园卡
2101562016,dzR5RnNJVFFybWFHM0xhNWdudThvNHVuZzdDSmRZU3JnWXA0a28rano5M0ZqM21EbGMzRm5vaXBzWmFVWjVPRGlybU1tWkdJZ0c2WXIySjI=,101,二手交易,预出售一套锅具,去年9月买的，使用大半年，六月底搬宿舍的时候送货上门，50出,1,1,2026-06-03 09:45:00,3.1159,二手交易|闲置|宿舍,生活,全校,0.0,0,1,0,10,normal,30,二手交易|闲置|宿舍
2101560280,dEthZmJaT29zMmlHcXNpWGpZdWpxNVROWTdDUmVLMnVtS0dXa0l5bXFicTFwbmx0aGJpdmpwUzRxWlNFWmJ5RGk4Mk1ocGgybW5xSGlXSjI=,105,问答求助,期末考考试时间,期末考前是会有一周没有课吗，还是说上完课直接考试,0,0,2026-06-03 09:41:00,3.1826,求问|校园卡,生活,全校,0.0,0,0,0,10,normal,24,求问|校园卡
2101559833,eFkrRms1UE56YkNDdGRlV2lXaXNuSlBRbFd5YWhZUi9tWTJJZTVxbnNhaTZhcCtBakpXYXBKVzJ2dENIak5acGdyZW1hbzEzZkgyRmlXSjI=,101,二手交易,中深出last one健身卡,"还有90天 499出
假期可暂停
有意➕v！",0,0,2026-06-03 09:40:00,3.1993,二手交易|闲置,生活,全校,0.0,0,1,0,10,normal,22,二手交易|闲置
2101559269,cm82QnJvemRxbW1Va3JuYmpJdXNycFBRaUsrUWlZQjhsWHBqYXBoOXZiQzNmNDJIaHFxdmFZZlB5NVNHamNtdWhxWjBob2llaEpHWHIySjI=,105,问答求助,求gj大一下期末真题,高数一管理学会计学宏经营销等等,0,0,2026-06-03 09:39:00,3.2159,求问|校园卡,生活,全校,0.0,0,1,0,10,normal,15,求问|校园卡
2101557408,dzJxanFaZXB4WWVWdWEzVGphRzBvWDNjZElxUW5xNTZtS0dlYklTQXg4ZkVwWDJRaHRDVmEzNnAxSk9JZWJDS2hxbVdyNXFjb29PRGVXSjI=,105,问答求助,周四晚上有人去夏宫拍照吗,"拍照+吃饭+看剧
据说饭和剧都不咋地奔着拍照去的",3,1,2026-06-03 09:35:00,3.2826,求问|校园卡,生活,全校,0.0,0,1,0,20,normal,24,求问|校园卡
2101556932,czMxbnNaU251NUNBcHI2cGlHVzhkNGE2ZktXRlk2S0poMmlpZ28rbTA5dkZvMzJ5Z0xpN2VwV295TnVIWnNxTmhaUjhwSnFGaklTRGVXSjI=,105,问答求助,中东游泳,问一下中东游泳池具体位置是在哪里，之前都是在外面练的，没去过场地，想去场地看看,0,0,2026-06-03 09:34:00,3.2993,求问|校园卡,生活,全校,0.0,0,0,0,10,normal,39,求问|校园卡
2101556378,dUtWc2lJaW9scUtTdWRDNGhubXpaSUMzbm5xRm5wbXdobzJpbzVDbTI5ckVmcHRyaHM2U29KVE8xTkNKWjdTVmxxcWVob3ViaDdDTnIySjI=,105,问答求助,高数还没开始预习,求速通高数（一）下教程🥹🥹,0,0,2026-06-03 09:32:00,3.3326,求问|校园卡,生活,全校,0.0,0,0,0,10,normal,13,求问|校园卡
2101552196,eFkxNWo0ZTdxNHVMazZxdGw0dTRkMzY2ZktxT2hZU3NsMmVWYklXTnJkMnZmNStEZjVUTmVZT1RzcWFZaXF5Vms3bWxhNXRocldpTGlXSjI=,105,问答求助,cs求搭子,"本人b 不强不菜 中规中矩
南校有人今天下午网吧dd吗🤚🏼😭✋🏼",0,0,2026-06-03 09:23:00,3.4826,求问|校园卡|南校|搭子,生活,全校,0.0,0,0,0,10,normal,32,求问|校园卡|南校|搭子
2101549384,dXFXbnJaU3FrcStTMjUzT2dhTFdvSWJOYTZDRVlZeVJnb3VJclp1TnZiQzBhR1NoZ05Demg0clExTnFJb2Nab2haS0VmWU5qcW4rT3IySjI=,101,二手交易,专业课书籍,深圳校区收专业课书,0,0,2026-06-03 09:15:00,3.6159,二手交易|闲置,生活,全校,0.0,0,1,0,10,normal,9,二手交易|闲置
2101545311,cjQycmtJeTN0NGQrejh6Q2xuelNlSCszbm1pRWQ2Si9nbjEzcjRGcHNiYkNqYWVCbGMvTmdINlYxTXlCbzdkbWs2WjhyNWxoZkkyWHIySjI=,105,问答求助,补交物理实验报告,"不同原因对应的要乘的分数系数大概是多少啊
有病假证明会不会大一点",0,0,2026-06-03 09:04:00,3.7993,求问|校园卡,生活,全校,0.0,0,0,0,10,normal,32,求问|校园卡
2101544463,cm95WGhwZTZ1NFNLbE1pNGdaK25aNHJRZUt5YWRvQ2toWXBqczVlQW5KYTBwSW1TZ0x2RVozKzN6TFNDakp0bmxybUFoSmgxa0c2TGlXSjI=,105,问答求助,图书馆带电脑问题,带电脑的同学可以尽量去也有带电脑的桌子吗 每次复习总会遇到那种电脑自带键盘敲的都很响的同学 还带个机械鼠标高频率点 每次被迫给她让位置自己去别的地方 但是我看周围有充电口的地方还有很多🙏🙏🙏 或者你们介意我给你们带静音鼠标和静音的键盘垫子吗 我用过了真的蛮静音的,0,0,2026-06-03 09:02:00,3.8326,求问|校园卡|图书馆,生活,全校,0.0,0,0,0,10,normal,131,求问|校园卡|图书馆
2101543105,eFgyamdvR28xR2lTdWRqTmg2KzhuNFROcG9HYm5KQ0ppcCthZTVDUDB0MnZqNk9JaHMyamVvak12cWFYaXBPbWY4MmVrSW1lYjRPSWlXSjI=,105,问答求助,统一门户使用疑问❓,想约共享厨房为什么会显示不可用呀，明明这个时段可以约并且限制时长在两小时以内,1,1,2026-06-03 08:58:00,3.8993,求问|校园卡,生活,全校,0.0,0,0,0,10,normal,38,求问|校园卡
2101541641,dG1tSmZJZXJ1NEdEM01pMmpZcTBhcFMybm9pSW01MXRsWHlJcDRwK3FiMjRqNFJyaHBXbWFaU3F2czZHakxPdGc4OWpzb3FjZTJtSmlXSjI=,101,二手交易,出nico妮妮同款deleteex裙子,200元，可议价，南校可邮寄，感兴趣q1011710477,2,1,2026-06-03 08:54:00,3.9659,二手交易|闲置|南校,生活,全校,0.0,0,0,0,10,normal,29,二手交易|闲置|南校
2101540770,d24rcmJvQzN4R2w4bEpuSmlaK3NncE9TaElHQ1k1cHVpWDJoc1lPUHJiTzdmWnVIakxuTmwzN05uYzJZZkxoOGhaS01yWTJyaktxRGVXSjI=,105,问答求助,东校交警,你们为什么要在肯德基门前抓我这个没戴头盔的,0,0,2026-06-03 08:52:00,3.9993,求问|校园卡|东校,生活,全校,0.0,0,0,0,10,normal,21,求问|校园卡|东校
2101540021,dG4yZnBJaXJzcTUrcXE2b2wyZXNhSlc2aDIyTWlhR3dpcDkzYllPTnh0eTFwV051ZjdxU3BIN2N0ckdCZWJoNmhyZDhwWkNkZklXV3IySjI=,101,二手交易,北校收一个二手电动车🛵,,0,0,2026-06-03 08:49:00,4.0493,二手交易|闲置,生活,全校,0.0,0,0,0,10,normal,0,二手交易|闲置
2101539504,dGFONWhJUE5xNkdEdWI2NWZtalNaWXFVZUxHTmg2S0FqV2RqZ0p1bng5bTBqNWVTbExtN2FYMlVsYkdJak01cGhhbUVlNXA1aEsyQ2VXSjI=,101,二手交易,求购电动车,中深校园求购一台带校园牌的电动车，预算500左右，车况良好，有意者联系,0,0,2026-06-03 08:48:00,4.0659,二手交易|闲置,生活,全校,0.0,0,1,0,10,normal,35,二手交易|闲置
2101539189,dEk2YnFKVzQyR2lTenE2NmlZM1NmWlRjbXFXTGVKbXZpM3Flc1pkcnZkckZhbm1JaHN5YXNKTzVzdHFOak5hbWhKV2VzcEdGZ0txS2lXSjI=,105,问答求助,南图中文流通3楼i0书架,有没有友友知道i0书架在哪里啊😓我找了半天，只能找到i2，再往前就到H架了。,0,0,2026-06-03 08:47:00,4.0826,求问|校园卡,生活,全校,0.0,0,0,0,10,normal,38,求问|校园卡
2101538067,dDZOa2ZJeTRyMzZIbExhV2hJbkdvbnlWbm8rRWlZdHJoNitla1pwcXhwcXpqV1NrbHF1anI0QzZxZHFOZk5xQWY4K0FqNGFIcHBtWXIySjI=,105,问答求助,请问现在中珠教学楼有水了吗,,0,0,2026-06-03 08:43:00,4.1493,求问|校园卡,生活,全校,0.0,0,0,0,10,normal,0,求问|校园卡
2101536968,dG8yWGtaYlFyNCtHMExLUmxYcldhWlRRZUg2Wm0zaWxpSDJEc0kybXg4NjdwbjJPbGRDU3FJZW11czZYZWNaNmY3aUlmb3VmZUlLTGlXSjI=,105,问答求助,捞本周四南校六教组合心理课的同学,"捞本周四南校六教组合心理课课的同学！
捞捞上本周四南校六教李sc老师晚上7到9节的同学！",0,0,2026-06-03 08:39:00,4.2159,求问|校园卡|南校,生活,全校,0.0,0,0,0,10,normal,44,求问|校园卡|南校
2101110140,eEtTZWJaYlExWHFJemFxWGhZdW9yb3ZNZjJtUW5vU0VpbzJXaEltbHVkQ3pvbzJ5bGRISmc1YTZ0c3VNak5LR2xMZVdyb1ZrbnBtSGlXSjI=,105,问答求助,土木工程专业,"很好奇土木工程专业就业有没有网上传的那么凉凉，有没有毕业的师兄师姐解答一下
（我不是土木的，没漏马甲，纯好奇，毕竟曾经的工科之王）

",0,0,2026-06-03 08:38:00,4.2326,求问|校园卡,生活,全校,0.0,0,0,0,10,normal,67,求问|校园卡
2101524138,d21xQmg0aVRrbytHcXFxNm1JbkdwMzY2b2JDY25KbXdpNHllZzVtT201aXZhNStsbHMydXFJV25sSkdZb3Bkb2xaS0hycGlFYjRlSWlXSjI=,105,问答求助,我的屁股！😭,草！lz昨天打羽毛球打猛了现在一半屁股特别痛！！！😭为什么🧐😭走路都要一瘸一拐😭因为跟很厉害的人一起打然后不舍得走开就这样对我吗😭😭😭,0,0,2026-06-03 08:36:00,4.2659,求问|校园卡,生活,全校,0.0,0,0,0,10,normal,67,求问|校园卡
2101535657,dFh5ZXNvaVR5YStMdHNpbGw0M09vSWpQZklxTGg0OXNob3FFazVkOXFKYkVhcDV1aEx1emUzNlUwSzZHb0t5Q2lLYUFiSkNIakdtR2lXSjI=,105,问答求助,高数到底怎么学,快崩溃了这个高数一北大版,0,0,2026-06-03 08:34:00,4.2993,求问|校园卡,生活,全校,0.0,0,0,0,10,normal,12,求问|校园卡
2101534204,c3BDRWE1YmRzNmFXdDVqWmlxUE9nWWpQZUg2RmVKNktsNHQ4azRlUXg5YXpmYUtyaEttcmZaT1NxcGVFcjdSOGc3YWFnSTJjYjJtWHIySjI=,105,问答求助,有偿求6.4逸仙魔法学院毕业照,"有偿求6.4，逸仙魔法学院毕业照
主包没抢到，想求6.4中午或者下午的魔法照位置，有偿求",0,0,2026-06-03 08:29:00,4.3826,求问|校园卡,生活,全校,0.0,0,1,0,10,normal,44,求问|校园卡
2101533358,dDJ1WHNZQ25vMzJGdHI3UGlZck5aNFhRZUl1Sm5LcUpnb3hucVl5eno3QzRqcDZ3bE4yN3BwVGN2cStOWnNXcWlwT01wWVY1cGFxQmVXSjI=,101,二手交易,北校收书,病理学实习,0,0,2026-06-03 08:26:00,4.4326,二手交易|闲置|实习,生活,全校,0.0,0,1,0,10,normal,5,二手交易|闲置|实习
2101532187,eHFPRWJaV25xMnFUemE2bmxtYW5aSmFxZktXWllZaUJtWitJZll0K25OU3Zmbld3aDgydmlZWGNwWkdLbjhhaGg1S2VpSnRqZklHT3IySjI=,105,问答求助,寻物启事 高数笔记本,5月27日的上午把一本高数笔记落在逸夫楼408了😭当时坐在第一排右侧，有没有哪位好心人捡到，或者知道要去哪里找失物的嘛，谢谢了🙏🏻,0,0,2026-06-03 08:22:00,4.4993,求问|校园卡,生活,全校,0.0,0,0,0,10,normal,65,求问|校园卡
2101531847,d24ramduK1VzcTkvdHI2VGdYbTRubjYzaUk2TllxS2ttWXQ4b28xK3ViU3prSXlyZzd1bmk1T24wTFNXZTlKM2Y1U1dpSXFHaEk2TGlXSjI=,105,问答求助,oooo,有uu知道南校161栋是什么时候翻新的吗🧐,0,0,2026-06-03 08:21:00,4.5159,求问|校园卡|南校,生活,全校,0.0,0,0,0,10,normal,21,求问|校园卡|南校
2101528808,c0h4NWlJelF0bXAvdHNlVmYyZkdqSlMzZ0lHWXE2S25pWHFXcklWKzI3akZmSmVBbHFtN3FaU25zcGFXbjZTTGhxbVphNFZob3FtSGlXSjI=,105,问答求助,中深找房,"
请问中深附近有同学愿意出租房间吗？考虑到中介找房很多坑，所以想找中大本校的。1z女，想暑假7-8 月份租房，本人讲卫生，生活习惯好。或者有人愿意出租宿舍吗？都是可以的，价格好谈，愿意出房就好",0,0,2026-06-03 08:08:00,4.7326,求问|校园卡|宿舍|租房,生活,全校,0.0,0,1,0,10,normal,96,求问|校园卡|宿舍|租房
2101527263,eFdsOWtZeXAwWDZWenE3UGpHWE9vWDZxZEpDT2Q2S0FtWXQ0cklGcms1ckdvNSt5ZlpTN2tJZVVycnFBWnFTbGs2cWFpWnlmaUh5SGlXSjI=,105,问答求助,中珠图书馆鹦鹉走失,感觉是走失的 小鹦鹉特别亲人,1,1,2026-06-03 08:01:00,4.8493,求问|校园卡|图书馆,生活,全校,0.0,0,0,0,10,normal,14,求问|校园卡|图书馆
2101525731,c0h4NWlJelF0bXAvdHNlVmYyZkdqSlMzZ0lHWXE2S25pWHFXckpwcDE3ZTJpMnlLbGN5YWpJdmJuY0tCbzgxa2dMZWloWTZJcHBHSGlXSjI=,105,问答求助,中深暑假短租宿舍,"
深圳校区有没有同学出宿舍呀，诚心求，女生，想暑期短租两个月，单人和双人都行。或者附近小区有人合租吗？",0,0,2026-06-03 07:53:00,4.9826,求问|校园卡|宿舍|租房,生活,全校,0.0,0,1,0,10,normal,51,求问|校园卡|宿舍|租房
2101524050,dDMxb2E0ZmMxYU9XcWR5MGxJMjhwSDdRZElhTXFxcVpnbnlJaW9lbno3RzFmb21uZmQzTmlZUFF1ZGlJb05Hc2lwS2FpSU5qbldxWHIySjI=,105,问答求助,松涛园打包,松涛园一楼的粥可以打包吗？有没有同学知道！,0,0,2026-06-03 07:41:00,5.1826,求问|校园卡,生活,全校,0.0,0,0,0,10,normal,21,求问|校园卡
2101523410,dDZPbm8zMlZrb1NEbEsyVWdhQ3doWmE0aElPUW02SjdqYStBc3BlbnZadTFqcU9LZ0tpWnNJUzRzdGFNamRLQWtwV2FtWkZpZklhQ2VXSjI=,105,问答求助,同学你钥匙掉了,rt坐标中文堂门口停放单车的地方，今天早上捡到的钥匙，单个挂在钥匙环上，好像还是宿舍钥匙因为旁边有个有数字的片片，lz放到中文堂门卫叔叔那里了有丢钥匙的去拿，为了保证安全这里照片打了个码，失主赶快去认领,1,1,2026-06-03 07:35:00,5.2826,求问|校园卡|宿舍,生活,全校,0.0,0,0,0,10,normal,101,求问|校园卡|宿舍
2101523397,dXFXbnJaU3FrcStTMjUzT2dhTFdvSWJOYTZDRVlZeVJnb3VJcllTQTA5ZXpmMmV5aTg2V3JJYlBxcEdCZkx5b2h0eWFiSmlibVd5RGVXSjI=,101,二手交易,毕业闲置,"回收书籍
R语言实战第2版，第3版；货币金融学；数字图像处理；计算机组成与设计；空气动力学；工程热力学；轨道力学等专业课书籍
深圳校区",0,0,2026-06-03 07:34:00,5.2993,二手交易|闲置,生活,全校,0.0,0,1,0,10,normal,67,二手交易|闲置
2101521276,c28rQmlJdlF4SzZIemE3YmdZM05aWk9UZEtTYVlZU0NoWXVpb3BxTnlwZkZwSUN6bGFlM1pvYTN6OXFLZk5xT2hMYUlvNG1HZklLSmlXSjI=,105,问答求助,求助图论和代数结构,这两门课虽说是开卷，但是内容感觉很抽象证明定理也多，有没有一些网课可以推荐，自己去看PPT真的效率好低，看了2.5h一节课的PPT都没有看完😞😞拜托了，及格都很难么,0,0,2026-06-03 06:53:00,5.9826,求问|校园卡,生活,全校,0.0,0,0,0,10,normal,82,求问|校园卡
2101519891,c21xQXM0dk5wNnVIdVptNWhXYThmMytuZ0tPRW4zaWtpSXByajVkK3FOKzBzbjJ4aGM2V25vV25uYytOamJTQ2Y3bXFoWkY0WjMrSWlXSjI=,105,问答求助,【急】求借俄汉词典,如题，要考试了然后发现把这节给忘了😱😱😱急求🙏🙏🙏😭😭😭,0,0,2026-06-03 05:19:00,7.5493,求问|校园卡,生活,全校,0.0,0,0,0,10,normal,28,求问|校园卡
2101519846,czMxb2s1V3ExWWFIemN5bWhLR29wWWVTaktDSllXdDdpcUJqYnBta3RaYXVqMzE4bFphcmZuMlR6OW1XcjdDQWs3cUltWWlJWnJDWHIySjI=,108,校园生活,睡不着这个事情还是蛮痛苦的,我现在已经在无端责怪宿舍风水问题,0,0,2026-06-03 05:14:00,7.6326,校园生活|食堂|宿舍,社交,全校,0.0,0,0,0,10,normal,16,校园生活|食堂|宿舍
2101519051,dFk2aWE0UzVyNmVMdUw3UmxwK3dkNVc2aUgrTGRvaWlqcUtXczVxa3VhN0VqV05zaGFpdmczNlUwTHVGaXBPRWhzK2RycHFlakl1SmlXSjI=,105,问答求助,。。。。,好难受好难受不知道怎么走出去，lz真心真诚追了那么久的女生一下就和别的男生谈起来了，我想忘了她但总难忘记，该怎么办啊？有没有人开导一下🤡,0,0,2026-06-03 04:05:00,8.7826,求问|校园卡,生活,全校,0.0,0,0,0,10,normal,68,求问|校园卡
2101519045,ckdsMWFvdlJyMzErdWJhdWlXYXNab0s2b29TUm5YaXRqYUJyc0lSOXRadkNhNXVRZnQzTlpvQ25zdEtOWjdDcmhiVnJrb1ZraUhxQmVXSjI=,302,恋爱交友,不真诚的人,"我不知道该怎么去描述我的心情，我对于可能来到的结局没有太多遗憾，但是对于他的不真诚却耿耿于怀
如果回到那天晚上，我大概不会出现",0,0,2026-06-03 04:05:00,8.7826,交友|搭子,社交,全校,0.0,0,0,0,10,normal,63,交友|搭子
2101518549,dUkyTmk0RGRzNnVHek5DbmlIeTRxSUtUb1cySlk1QnNsMldFa29la3ROaTFqblN4bHM2WlpvV1MxTnFHZkxTQmlMbUVnNDJkZUl1SGlXSjI=,302,恋爱交友,总是不可得吧,"无意搅扰镜湖漪一阵
抬头看不清娑婆雪松针
并非沙门却未知暖冷
那夜谁抛解语泡影生
空牵念霁月终究再难相逢
别傻等
你也曾
为我归心上祛浮尘
孤雏徘徊虚室生白
繁忙却惦念发呆
好雨总不乖
偏落不怠
你总善眉我却自卑
明丝连我偏辩伪
辜负你慈悲

曾沿片言寻回午夜白昼祁克果
相知最可贵震动克果
你说因缘和合皆空不必执着


无奈何你在彼岸不惑
不愿为难执取自坐
锦官茫茫无处躲
恨无话不说

鸣铮共振金石缘作
钟声幸能同落寞
自度（ du ）不自度（ duo )
夏长共自度

2025.5.22

（自填原曲陶喆讨厌红楼梦）


同样的故事总是相似地循环着，我已经不想再相信——“请把这喜悦也分给他人，这样的话思念与幸福会不断循环，或许有一天会再回到我们身上。”",0,0,2026-06-03 03:36:00,9.2659,交友|搭子,社交,全校,0.0,0,0,0,20,normal,331,交友|搭子
2101518525,cjJpcWJJblFyNE9UdHJLdWlHYTRqcFBPZEcyY25JQ3BpWHFlYnBlUXJiK3Zhb1dLaEpiUnJwV21wdHFGZTlLR2hhbDRxSnRrZUtHQ2VXSjI=,302,恋爱交友,依旧最晚睡之人,,0,0,2026-06-03 03:35:00,9.2826,交友|搭子,社交,全校,0.0,0,0,0,10,normal,0,交友|搭子
2101517403,dXFWamFaUzQwV2VEdUxHU2w2T3paMytWb3BDYmlHdURoNHlkcTRtUHg2eXlwSUdMaEtxbnFZZTNyWlNHaXB1dGhLaWlnNE5rbm9HQmVXSjI=,105,问答求助,想走出去,"lz整个学期只上过不到五分之一的课，平时非常不想出门，快递都拖一两个星期才拿，成绩也是在60徘徊。除非有涉及他人利益的事情，很难说服自己出门。
也不想起床，醒的早但是会逼自己一直睡到头昏脑涨，实在受不了了才起来。
也会比较积极参加志愿活动和社团活动，想努力让自己走出去，但除此之外依旧蜗居在床上，收效甚微。
除了“谢谢”之外，经常一两个星期都不说话。
也没什么兴趣爱好。
被建议运动，但是一个人完全不想出门，更别说运动了。
尝试过学校心理咨询，去了四五次吧，也没什么用。
很希望自己能走出去，能动起来。
能想到的方法都试过且无效，故而求助集友。",0,0,2026-06-03 03:01:00,9.8493,求问|校园卡,生活,全校,0.0,0,0,0,10,normal,272,求问|校园卡
2091185831,dzMyYm9ZU3FrbmlTcXFyQ2xLTzBxWXZNZkdpUnE0dHNpV1ZucDRpUnFiVzFzV3l1Zzl5YW9YMlVtSkorWmJocGhwS1dzWkNHb21pWHIySjI=,302,恋爱交友,研0真诚找对象,"
中大本硕拟录取，毕设答辩结束来到了gap time，听说上了研究生就非常难找对象了，因此想趁着这段时间找合适的另一半

个人情况：lz是04年的，178/60；在珠海校区，平时爱好比较广泛：健身，篮球，游戏，读书和美食这些有所涉及；同时lz在课余时间也学会了一些基本的穿搭，护肤也有进行，整体干净清爽；关于外貌方面，自认是中上水平，但达不到帅哥那种让人惊艳的程度，但与同学相处中也有人夸过lz帅（不是奉承），所以希望能理性评判外貌问题。

另一半要求：因为lz是i人，希望活泼开朗一些，但只要三观正即可。微卡颜，长的漂亮当然更好！年龄在02-07之间，最好也在珠海校区，这样就能见面了。

最好加的时候能带个自我介绍谢谢

雷点：卡正常人，真诚的来",0,0,2026-06-03 02:56:00,9.9326,交友|搭子,社交,全校,0.0,0,1,0,10,normal,325,交友|搭子
2101516892,cjZGc2lJdTZwNCtGcWFxMWhwL0daWCtUaEtPYm5tYXZncTkwcDRGc3JKdkRvb2h0bEpXV29vVFFydGlKbjZpTmhKT2llcHRqbm51QmVXSjI=,302,恋爱交友,夜深了，，,捞捞聊天的，lz男,0,0,2026-06-03 02:50:00,10.0326,交友|搭子,社交,全校,0.0,0,1,0,10,normal,9,交友|搭子
2101515525,c28ybnJJelEwSzZHbExhNWxZM09xSlBOYTRPTmlKQ0lsYUNtallSL3FkbXZrSmVwZzlDM2hYL1BzcytCaTZOcGZ0eUFwWnFmbld1WHIySjI=,105,问答求助,我还是无法释怀,都过去这么久了，能删的所有关于她的也都删了，为什么还是会这么难过，为什么一想起还是会红眼眶，唉，老是在幻想要是能重来就好了，怎样才能结束这无休止的内耗,0,0,2026-06-03 02:28:00,10.3993,求问|校园卡,生活,全校,0.0,0,0,0,10,normal,75,求问|校园卡
2101514503,dDQxa2k1T3JvNnlHcWEzWW1JcXZyWWFTaElDTWhacUxqWjkwaDVDenFhaTBmMmV2aUpTamdZU1Z2dG1VWlp1VmY3aUVhWnRqYjZxQ2VXSjI=,105,问答求助,求助一下,如果提前请了假，但是到了请假的时候有空了，这时候是直接去上课吗，还是要把假条撤销,0,0,2026-06-03 02:15:00,10.6159,求问|校园卡,生活,全校,0.0,0,0,0,10,normal,40,求问|校园卡
2101513711,dzZTYXE1YW9sbzZXdUwyV2dLQzBabnpjbW4rRllaNnVqcUNNaFlKc3pwbTRmNnR2ZzdxM2lJdTJwcXlZb2FSL2ZzMW5mbzZKcG1tRGVXSjI=,105,问答求助,总是因为才华而心动无比,🤔才华横溢的人闪闪发光,0,0,2026-06-03 02:09:00,10.7159,求问|校园卡,生活,全校,0.0,0,0,0,20,normal,11,求问|校园卡
2101508313,cm1pYmlZU3BycTJDemFtV2xHZk9wSXVWZ0txTmQ0T3FpNHlpaUppa3k2dTBmNTlzaTVhdmpaTzEyTk9LbzdTbWt0eDhvcGwzakgrWXIySjI=,105,问答求助,有没有人给我咬一口,谁懂高中的时候和和好朋友在一起特别喜欢咬她的手…朋友的手软软的口感真的很好，虎牙会在上面留下两个很明显的坑。大学之后再也没有可以让我咬一口的人了，总感觉牙痒痒心里不得劲哇😭😭,0,0,2026-06-03 01:32:00,11.3326,求问|校园卡,生活,全校,0.0,0,0,0,10,normal,87,求问|校园卡
2101506544,eEg5cnM1V1Z0NHlJcHFiU2phTFNybitVaUtxRm40K3hobWVlc1lTUnNkYkRvMlNobEpUSmE1Yk4wSmVXYU1hTGhjMXJybzE1b3FtT3IySjI=,105,问答求助,缺觉且失眠,好绝望为啥这样，每天睡不着第二天还有早八,0,0,2026-06-03 01:22:00,11.4993,求问|校园卡,生活,全校,0.0,0,0,0,10,normal,20,求问|校园卡
2101506146,cmJLYnM0UE96WCtWM0xxMGxLSFNmWWZOb251RW5YaU5ocU9Fb1ltQngrRERvNXQvaGFxM2VJUzR1dEtYaXBKb2ZKS2FxSVNGZklTS2lXSjI=,108,校园生活,宿舍断水,我Chovy停水给我停好的啊，得到消息说昨天（星期一）荔园晚上停水，结果接了一桶水之后一整天没停水。星期二白天把水倒掉了，晚上给我停水了😡😡😡😡,0,0,2026-06-03 01:20:00,11.5326,校园生活|食堂|宿舍,社交,全校,0.0,0,0,0,10,normal,72,校园生活|食堂|宿舍
2101504655,dDJsMWtaYTZ5WG1IdDZxbGdHWEdaWlNvbm1pRWVJU25ocU56YkptT3VkRzdwSFd6aTlDYWg1T3FxcXlXcjhaNWs1S1dxNHAxajJpTGlXSjI=,108,校园生活,牛b同舍,每晚一点准时雷霆咳嗽，牛叉的是，咳嗽声结束就是呼噜声，没有表扬的意思，爆咳几声摧毁了我睡得很浅的觉，这下整完，两点估计能睡着,0,0,2026-06-03 01:13:00,11.6493,校园生活|食堂,社交,全校,0.0,0,0,0,10,normal,62,校园生活|食堂
p_ext_000101,u_ext_00184,ext_002,问答求助,求问校园卡补办流程,校园卡丢了，有没有同学知道补办需要带什么材料。,0,0,2026-02-11 08:42:57,2692.15,课程资料|打印店|宿舍,生活,全校,0.0,0,0,0,10,normal,23,课程资料|打印店|宿舍
p_ext_000102,u_ext_00252,ext_002,问答求助,求问校园卡补办流程,校园卡丢了，有没有同学知道补办需要带什么材料。,0,0,2026-04-17 05:44:57,1135.1167,宿舍|校园卡|课程资料,生活,图书馆,0.0,0,0,0,10,normal,23,宿舍|校园卡|课程资料
p_ext_000103,u_ext_00137,ext_002,问答求助,求推荐附近打印店,需要打印课程资料，想找价格合适的位置。,1,1,2026-04-16 06:22:57,1158.4833,求问|宿舍|打印店|课程资料,生活,全校,0.0,0,0,0,10,normal,19,求问|宿舍|打印店|课程资料
p_ext_000104,u_ext_00469,ext_006,考研保研,考研学习搭子,希望每天互相打卡，保持节奏。,0,0,2026-03-11 00:12:57,2028.65,408|考研,学习,食堂区,0.0,0,0,0,10,normal,14,408|考研
p_ext_000105,dDMxb2E0ZmMxYU9XcWR5MGxJMjhwSDdRZElhTXFxcVpnbnlJaW9lbno3RzFmb21uZmQzTmlZUFF1ZGlJb05Hc2lwS2FpSU5qbldxWHIySjI=,ext_007,课程评价,期末重点有吗,复习范围有点大，想交流一下重点。,1,1,2026-01-14 10:01:57,3362.8333,期末|选课,学习,图书馆,0.0,0,0,0,10,normal,16,期末|选课
p_ext_000106,dTJtZmdwZTIxYStUcUxYVGxHV1RvNGUzZUtLWmQ0ZHRpR2lJcVpsL3g3UERvb2l3bGRHcnE0UzRwcm1BZXErdWxaT0lzWVNFYjJpSmlXSjI=,ext_002,问答求助,求推荐附近打印店,需要打印课程资料，想找价格合适的位置。,1,1,2026-05-22 18:13:57,282.6333,宿舍|求问,生活,食堂区,0.0,0,0,0,10,normal,19,宿舍|求问
p_ext_000107,u_ext_00377,ext_002,问答求助,求推荐附近打印店,需要打印课程资料，想找价格合适的位置。,0,0,2026-06-02 22:08:57,14.7167,求问|课程资料|宿舍|校园卡,生活,食堂区,0.0,0,0,0,10,normal,19,求问|课程资料|宿舍|校园卡
p_ext_000108,u_ext_00237,ext_002,问答求助,求推荐附近打印店,需要打印课程资料，想找价格合适的位置。,1,1,2026-05-29 04:16:57,128.5833,宿舍|求问|校园卡|打印店,生活,宿舍区,0.0,0,0,0,10,normal,19,宿舍|求问|校园卡|打印店
p_ext_000109,u_ext_00352,ext_001,二手交易,出考研资料,资料保存完整，适合复习使用，价格可小刀。,2,1,2026-02-27 19:12:57,2297.65,闲置|电动车|教材,生活,宿舍区,20.0,1,1,0,10,normal,20,闲置|电动车|教材
p_ext_000110,u_ext_00380,ext_009,社团活动,周末活动报名,本周末有线下活动，人数有限。,0,0,2025-12-27 06:32:57,3798.3167,招新|志愿服务|交友,社交,食堂区,0.0,0,0,0,10,normal,14,招新|志愿服务|交友
p_ext_000111,u_ext_00125,ext_002,问答求助,宿舍维修一般多久来,已经报修了，想问问大家一般多久能处理。,0,0,2026-01-09 00:46:57,3492.0833,课程资料|打印店,生活,教学区,0.0,0,0,0,10,normal,19,课程资料|打印店
p_ext_000112,u_ext_00251,ext_001,二手交易,出考研资料,资料保存完整，适合复习使用，价格可小刀。,1,1,2026-04-20 04:33:57,1064.3,电动车|二手交易|教材,生活,图书馆,50.0,1,0,0,10,normal,20,电动车|二手交易|教材
p_ext_000113,u_ext_00441,ext_002,问答求助,求问校园卡补办流程,校园卡丢了，有没有同学知道补办需要带什么材料。,0,0,2025-12-07 15:52:57,4268.9833,求问|校园卡|打印店|宿舍,生活,教学区,0.0,0,0,0,10,normal,23,求问|校园卡|打印店|宿舍
p_ext_000114,u_ext_00283,ext_002,问答求助,宿舍维修一般多久来,已经报修了，想问问大家一般多久能处理。,0,0,2026-05-31 02:02:57,82.8167,宿舍|校园卡,生活,食堂区,0.0,0,0,0,10,normal,19,宿舍|校园卡
p_ext_000115,u_ext_00312,ext_012,兼职实习,实习信息交流,看到一些岗位，想和大家讨论一下。,0,0,2026-03-06 03:17:57,2145.5667,兼职|实习|家教|薪资,发展,校外,0.0,0,1,0,10,normal,16,兼职|实习|家教|薪资
p_ext_000116,u_ext_00280,ext_002,问答求助,宿舍维修一般多久来,已经报修了，想问问大家一般多久能处理。,0,0,2026-02-09 21:24:57,2727.45,校园卡|课程资料|宿舍|打印店,生活,校外,0.0,0,0,0,10,normal,19,校园卡|课程资料|宿舍|打印店
p_ext_000117,dzVCMXI0WFB5WTJGbExYWGpZcTRub3FUb29LRllhNnRtWXVFaDRlTW01bXVzbml2aEpXU2tJak50ZGlNakxSNGtxZG5hSVI0ZkpLS2lXSjI=,ext_002,问答求助,求问校园卡补办流程,校园卡丢了，有没有同学知道补办需要带什么材料。,1,1,2026-01-08 17:40:57,3499.1833,求问|课程资料,生活,全校,0.0,0,0,0,10,normal,23,求问|课程资料
p_ext_000118,u_ext_00414,ext_008,食堂生活,食堂新窗口测评,今天试了一下，味道和分量都还可以。,0,0,2026-03-06 04:24:57,2144.45,食堂|拼饭,生活,教学区,0.0,0,0,0,10,normal,17,食堂|拼饭
p_ext_000119,u_ext_00131,ext_002,问答求助,求问校园卡补办流程,校园卡丢了，有没有同学知道补办需要带什么材料。,1,1,2026-01-24 02:56:57,3129.9167,课程资料|打印店|宿舍,生活,教学区,0.0,0,0,0,10,normal,23,课程资料|打印店|宿舍
p_ext_000120,u_ext_00119,ext_002,问答求助,宿舍维修一般多久来,已经报修了，想问问大家一般多久能处理。,0,0,2026-01-30 14:41:57,2974.1667,打印店|求问|课程资料|宿舍|校园卡,生活,全校,0.0,0,0,0,10,normal,19,打印店|求问|课程资料|宿舍|校园卡
p_ext_000121,u_ext_00363,ext_002,问答求助,宿舍维修一般多久来,已经报修了，想问问大家一般多久能处理。,0,0,2026-04-28 01:40:57,875.1833,宿舍|打印店|求问,生活,食堂区,0.0,0,0,0,10,normal,19,宿舍|打印店|求问
p_ext_000122,u_ext_00311,ext_001,二手交易,出考研资料,资料保存完整，适合复习使用，价格可小刀。,1,1,2026-03-04 06:30:57,2190.35,电动车|二手交易|闲置|租房|教材,生活,食堂区,0.0,1,0,0,10,normal,20,电动车|二手交易|闲置|租房|教材
p_ext_000123,u_ext_00199,ext_002,问答求助,求推荐附近打印店,需要打印课程资料，想找价格合适的位置。,1,1,2026-01-18 13:53:57,3262.9667,求问|打印店,生活,教学区,0.0,0,0,0,10,normal,19,求问|打印店
p_ext_000124,dG9DanFaZlJ0bWFMcHJLV2dHZXdqSk9tZ0tpTFpJQ0VtR2VxcElTTno3N0RnSDJ0aGFxVnFIN1Fxc3lWZXM2R2hicUlySXVyaUkrSGlXSjI=,ext_001,二手交易,收二手电动车,预算有限，想收一辆能正常骑的电动车，最好有校区牌。,0,0,2026-05-18 04:11:57,392.6667,租房|电动车|教材,生活,宿舍区,0.0,1,1,0,10,normal,25,租房|电动车|教材
p_ext_000125,u_ext_00162,ext_007,课程评价,选课避坑指南,整理一些个人体验，欢迎补充不同看法。,0,0,2026-03-08 13:29:57,2087.3667,老师|期末|给分|课程评价,学习,校外,0.0,0,0,0,10,normal,18,老师|期末|给分|课程评价
p_ext_000126,u_ext_00401,ext_002,问答求助,求问南校哪里可以自习,最近想找安静地方复习，想问问大家有什么推荐。,0,0,2026-05-08 16:20:57,620.5167,打印店|校园卡|课程资料,生活,全校,0.0,0,0,0,10,normal,22,打印店|校园卡|课程资料
p_ext_000127,u_ext_00344,ext_002,问答求助,求问南校哪里可以自习,最近想找安静地方复习，想问问大家有什么推荐。,1,1,2025-12-10 04:29:57,4208.3667,课程资料|宿舍|求问|打印店,生活,全校,0.0,0,0,0,10,normal,22,课程资料|宿舍|求问|打印店
p_ext_000128,u_ext_00202,ext_001,二手交易,出考研资料,资料保存完整，适合复习使用，价格可小刀。,0,0,2026-04-17 12:36:57,1128.25,闲置|电动车|租房|二手交易|教材,生活,图书馆,20.0,0,1,0,10,normal,20,闲置|电动车|租房|二手交易|教材
p_ext_000129,u_ext_00425,ext_002,问答求助,求问南校哪里可以自习,最近想找安静地方复习，想问问大家有什么推荐。,0,0,2026-04-06 10:43:57,1394.1333,宿舍|课程资料,生活,图书馆,0.0,0,0,0,10,normal,22,宿舍|课程资料
p_ext_000130,u_ext_00113,ext_006,考研保研,考研学习搭子,希望每天互相打卡，保持节奏。,1,1,2026-02-26 12:44:57,2328.1167,学习经验|考研|复试|408|保研,学习,图书馆,0.0,0,0,0,10,normal,14,学习经验|考研|复试|408|保研
p_ext_000131,u_ext_00287,ext_002,问答求助,求推荐附近打印店,需要打印课程资料，想找价格合适的位置。,0,0,2026-03-05 20:27:57,2152.4,课程资料|校园卡|打印店,生活,全校,0.0,0,0,0,10,normal,19,课程资料|校园卡|打印店
p_ext_000132,u_ext_00255,ext_004,校园生活,今天食堂这个菜怎么样,中午路过看到很多人排队，想问问味道如何。,1,1,2025-12-11 07:00:57,4181.85,校园生活|食堂,社交,宿舍区,0.0,0,0,0,10,normal,20,校园生活|食堂
p_ext_000133,cjQycmtJeTN0NGQrejh6Q2xuelNlSCszbm1pRWQ2Si9nbjEzcjRGcHNiYkNqYWVCbGMvTmdINlYxTXlCbzdkbWs2WjhyNWxoZkkyWHIySjI=,ext_001,二手交易,出二手自行车,车况正常，适合校内通勤，珠海校区附近交易，可自提。,2,1,2026-05-02 16:46:57,764.0833,教材|电动车|租房|二手交易,生活,食堂区,90.0,0,0,0,10,normal,25,教材|电动车|租房|二手交易
p_ext_000134,dDM5c2U1T29yNmlEdXFtU2xxTzNhSlc0YzJ1RWRwQ3NqbnByb1lPUHk2dTNhbVNxaHF1cXJvWFFxckdLb3NxbWxycUliWXhqaktLT3IySjI=,ext_002,问答求助,求问校园卡补办流程,校园卡丢了，有没有同学知道补办需要带什么材料。,0,0,2026-05-23 00:08:57,276.7167,校园卡|课程资料|宿舍|打印店,生活,图书馆,0.0,0,0,0,10,normal,23,校园卡|课程资料|宿舍|打印店
p_ext_000135,u_ext_00422,ext_001,二手交易,收二手电动车,预算有限，想收一辆能正常骑的电动车，最好有校区牌。,0,0,2025-12-24 18:25:57,3858.4333,教材|二手交易|闲置|电动车|租房,生活,教学区,10.0,0,0,0,10,normal,25,教材|二手交易|闲置|电动车|租房
p_ext_000136,eEdxWGlwU1dzbXFTdXNqV2xIckdmNFROaUt5YWlJaW9sNGwwYkltTnVkQ3lqSVZwbEtpV2ZKT1VsYzZZamFpTGhLZG5oNHliZ0llSGlXSjI=,ext_003,恋爱交友,找健身搭子,每周两三次，强度不用太高。,1,1,2026-01-14 01:38:57,3371.2167,羽毛球|活动|交友|拍照,社交,宿舍区,0.0,0,0,0,10,normal,13,羽毛球|活动|交友|拍照
p_ext_000137,u_ext_00172,ext_004,校园生活,有人一起去操场跑步吗,晚上想找搭子慢跑，节奏轻松就行。,0,0,2026-05-30 05:39:57,103.2,校车|食堂,社交,校外,0.0,0,0,0,10,normal,16,校车|食堂
p_ext_000138,u_ext_00150,ext_010,竞赛科研,创新项目经验,分享一下申报和结题过程。,1,1,2026-05-27 01:48:57,179.05,组队|竞赛,发展,教学区,0.0,0,0,0,10,normal,12,组队|竞赛
p_ext_000139,u_ext_00230,ext_002,问答求助,宿舍维修一般多久来,已经报修了，想问问大家一般多久能处理。,0,0,2026-01-26 13:36:57,3071.25,求问|打印店|校园卡|宿舍,生活,食堂区,0.0,0,0,0,10,normal,19,求问|打印店|校园卡|宿舍
p_ext_000140,u_ext_00225,ext_003,恋爱交友,毕业照拍照搭子,想找同学一起拍照，时间可以商量。,0,0,2026-01-17 17:33:57,3283.3,交友|拍照|活动|羽毛球,社交,教学区,0.0,0,0,0,10,normal,16,交友|拍照|活动|羽毛球
p_ext_000141,u_ext_00291,ext_007,课程评价,期末重点有吗,复习范围有点大，想交流一下重点。,0,0,2026-05-24 17:48:57,235.05,给分|老师|课程评价,学习,教学区,0.0,0,0,0,10,normal,16,给分|老师|课程评价
p_ext_000142,dTVDWHJKZk51MzkvcHFhbWlhTzhoSmFvbG95YWlJeVJsb3BqcUlHenBKbXdqcDZ3aWREWXFJZVMwTmFCWnM1bmhxZHFhWnlHZ0lLRmlXSjI=,ext_004,校园生活,吐槽一下今天的校车,等车时间有点久，大家最近有没有类似情况。,1,1,2025-12-24 00:59:57,3875.8667,校园生活|宿舍,社交,校外,0.0,0,0,0,10,normal,20,校园生活|宿舍
p_ext_000143,u_ext_00418,ext_001,二手交易,毕业季出闲置,整理宿舍出一些闲置物品，优先校内自提。,0,0,2026-02-27 00:55:57,2315.9333,教材|租房,生活,食堂区,90.0,1,0,0,10,normal,19,教材|租房
p_ext_000144,cm9DQWJZYlF1MmFTdU15MWxtZXNhSkxPaUdpTG5vQ2tmNjkwYVl0cXo3MjNmNGx1bDdxdmZvWE9wczJFYU1wb2ZKU1dnSW1KZUpLVnIySjI=,ext_010,竞赛科研,创新项目经验,分享一下申报和结题过程。,0,0,2026-03-14 03:06:57,1953.75,组队|创新项目,发展,图书馆,0.0,0,0,0,10,normal,12,组队|创新项目
p_ext_000145,u_ext_00472,ext_003,恋爱交友,找健身搭子,每周两三次，强度不用太高。,0,0,2025-12-28 15:06:57,3765.75,羽毛球|拍照|搭子,社交,校外,0.0,0,0,0,10,normal,13,羽毛球|拍照|搭子
p_ext_000146,u_ext_00109,ext_001,二手交易,毕业季出闲置,整理宿舍出一些闲置物品，优先校内自提。,1,1,2026-05-06 16:06:57,668.75,租房|二手交易|电动车,生活,全校,0.0,0,1,0,10,normal,19,租房|二手交易|电动车
p_ext_000147,eFkxNWo0ZTdxNHVMazZxdGw0dTRkMzY2ZktxT2hZU3NsMmVWYklXTnJkMnZmNStEZjVUTmVZT1RzcWFZaXF5Vms3bWxhNXRocldpTGlXSjI=,ext_002,问答求助,宿舍维修一般多久来,已经报修了，想问问大家一般多久能处理。,0,0,2026-04-22 01:42:57,1019.15,打印店|求问|宿舍|校园卡,生活,校外,0.0,0,0,0,10,normal,19,打印店|求问|宿舍|校园卡
p_ext_000148,u_ext_00474,ext_003,恋爱交友,毕业照拍照搭子,想找同学一起拍照，时间可以商量。,1,1,2026-03-15 05:30:57,1927.35,拍照|羽毛球,社交,图书馆,0.0,0,0,0,10,normal,16,拍照|羽毛球
p_ext_000149,u_ext_00279,ext_002,问答求助,求问校园卡补办流程,校园卡丢了，有没有同学知道补办需要带什么材料。,0,0,2026-05-17 17:52:57,402.9833,宿舍|校园卡|打印店|求问,生活,校外,0.0,0,0,0,10,normal,23,宿舍|校园卡|打印店|求问
p_ext_000150,u_ext_00180,ext_002,问答求助,求问南校哪里可以自习,最近想找安静地方复习，想问问大家有什么推荐。,0,0,2026-02-18 08:07:57,2524.7333,打印店|校园卡,生活,教学区,0.0,0,0,0,10,normal,22,打印店|校园卡
p_ext_000151,u_ext_00138,ext_002,问答求助,宿舍维修一般多久来,已经报修了，想问问大家一般多久能处理。,0,0,2026-01-02 01:11:57,3659.6667,课程资料|打印店|宿舍,生活,食堂区,0.0,0,0,0,10,normal,19,课程资料|打印店|宿舍
p_ext_000152,u_ext_00201,ext_002,问答求助,求问校园卡补办流程,校园卡丢了，有没有同学知道补办需要带什么材料。,0,0,2026-04-02 04:50:57,1496.0167,校园卡|宿舍|课程资料|打印店|求问,生活,宿舍区,0.0,0,0,0,10,normal,23,校园卡|宿舍|课程资料|打印店|求问
p_ext_000153,u_ext_00442,ext_002,问答求助,求推荐附近打印店,需要打印课程资料，想找价格合适的位置。,0,0,2026-01-12 21:57:57,3398.9,打印店|求问|课程资料|宿舍|校园卡,生活,全校,0.0,0,0,0,10,normal,19,打印店|求问|课程资料|宿舍|校园卡
p_ext_000154,u_ext_00325,ext_002,问答求助,求问校园卡补办流程,校园卡丢了，有没有同学知道补办需要带什么材料。,0,0,2025-12-19 22:36:57,3974.25,校园卡|课程资料|打印店|求问,生活,校外,0.0,0,0,0,10,normal,23,校园卡|课程资料|打印店|求问
p_ext_000155,u_ext_00473,ext_002,问答求助,求问南校哪里可以自习,最近想找安静地方复习，想问问大家有什么推荐。,1,1,2026-01-01 12:52:57,3671.9833,校园卡|打印店,生活,食堂区,0.0,0,0,0,10,normal,22,校园卡|打印店
p_ext_000156,u_ext_00200,ext_004,校园生活,有人一起去操场跑步吗,晚上想找搭子慢跑，节奏轻松就行。,0,0,2026-03-02 17:21:57,2227.5,共享厨房|校车|宿舍|校园生活|食堂,社交,校外,0.0,0,0,0,10,normal,16,共享厨房|校车|宿舍|校园生活|食堂
p_ext_000157,u_ext_00402,ext_002,问答求助,求问南校哪里可以自习,最近想找安静地方复习，想问问大家有什么推荐。,0,0,2026-04-20 12:41:57,1056.1667,宿舍|打印店,生活,图书馆,0.0,0,0,0,10,normal,22,宿舍|打印店
p_ext_000158,u_ext_00422,ext_002,问答求助,求问南校哪里可以自习,最近想找安静地方复习，想问问大家有什么推荐。,1,1,2026-01-08 10:54:57,3505.95,打印店|宿舍,生活,全校,0.0,0,0,0,10,normal,22,打印店|宿舍
p_ext_000159,u_ext_00379,ext_002,问答求助,求问南校哪里可以自习,最近想找安静地方复习，想问问大家有什么推荐。,1,1,2025-12-12 18:09:57,4146.7,求问|校园卡|打印店|宿舍|课程资料,生活,教学区,0.0,0,0,0,10,normal,22,求问|校园卡|打印店|宿舍|课程资料
p_ext_000160,u_ext_00119,ext_001,二手交易,出二手自行车,车况正常，适合校内通勤，珠海校区附近交易，可自提。,0,0,2026-04-19 06:02:57,1086.8167,租房|教材|电动车|二手交易|闲置,生活,校外,20.0,1,1,0,10,normal,25,租房|教材|电动车|二手交易|闲置
p_ext_000161,u_ext_00135,ext_010,竞赛科研,论文阅读小组,一起读论文，互相讲解重点。,0,0,2026-01-22 07:44:57,3173.1167,科研项目|创新项目|论文|组队,发展,食堂区,0.0,0,0,0,10,normal,13,科研项目|创新项目|论文|组队
p_ext_000162,u_ext_00306,ext_002,问答求助,求问南校哪里可以自习,最近想找安静地方复习，想问问大家有什么推荐。,0,0,2026-03-06 13:37:57,2135.2333,课程资料|宿舍|求问|校园卡,生活,校外,0.0,0,0,0,10,normal,22,课程资料|宿舍|求问|校园卡
p_ext_000163,dDJ1WHNZQ25vMzJGdHI3UGlZck5aNFhRZUl1Sm5LcUpnb3hucVl5eno3QzRqcDZ3bE4yN3BwVGN2cStOWnNXcWlwT01wWVY1cGFxQmVXSjI=,ext_001,二手交易,出二手自行车,车况正常，适合校内通勤，北校园附近交易，可自提。,2,1,2025-12-30 14:44:57,3718.1167,二手交易|教材|闲置|电动车,生活,教学区,90.0,0,0,0,10,normal,24,二手交易|教材|闲置|电动车
p_ext_000164,u_ext_00251,ext_010,竞赛科研,创新项目经验,分享一下申报和结题过程。,0,0,2026-01-10 02:41:57,3466.1667,组队|竞赛|科研项目,发展,校外,0.0,0,0,0,10,normal,12,组队|竞赛|科研项目
p_ext_000165,u_ext_00367,ext_008,食堂生活,这个窗口确实不错,排队人不少，不过出餐挺快。,5,1,2025-12-17 05:24:57,4039.45,窗口测评|食堂|优惠|拼饭|校园生活,生活,教学区,0.0,0,0,0,10,normal,13,窗口测评|食堂|优惠|拼饭|校园生活
p_ext_000166,eEg5cnM1V1Z0NHlJcHFiU2phTFNybitVaUtxRm40K3hobWVlc1lTUnNkYkRvMlNobEpUSmE1Yk4wSmVXYU1hTGhjMXJybzE1b3FtT3IySjI=,ext_003,恋爱交友,毕业照拍照搭子,想找同学一起拍照，时间可以商量。,0,0,2026-05-10 09:18:57,579.55,搭子|交友|活动|羽毛球|拍照,社交,图书馆,0.0,0,0,0,10,normal,16,搭子|交友|活动|羽毛球|拍照
p_ext_000167,dXFXbnJaU3FrcStTMjUzT2dhTFdvSWJOYTZDRVlZeVJnb3VJcllTQTA5ZXpmMmV5aTg2V3JJYlBxcEdCZkx5b2h0eWFiSmlibVd5RGVXSjI=,ext_002,问答求助,求问校园卡补办流程,校园卡丢了，有没有同学知道补办需要带什么材料。,0,0,2026-02-01 20:08:57,2920.7167,校园卡|课程资料|求问|打印店|宿舍,生活,图书馆,0.0,0,0,0,10,normal,23,校园卡|课程资料|求问|打印店|宿舍
p_ext_000168,eEdxWGlwU1dzbXFTdXNqV2xIckdmNFROaUt5YWlJaW9sNGwwYkltTnVkQ3lqSVZwbEtpV2ZKT1VsYzZZamFpTGhLZG5oNHliZ0llSGlXSjI=,ext_002,问答求助,求推荐附近打印店,需要打印课程资料，想找价格合适的位置。,0,0,2026-04-28 16:04:57,860.7833,打印店|求问,生活,宿舍区,0.0,0,0,0,10,normal,19,打印店|求问
p_ext_000169,dzQ5OWFZU1Rsb0NBdU5DMGlxR3dpSVMzYXJHR2VZZHBsNHVoYllWK3RjNnprSDJ4aWMzSWE1S21ycmlHaTd1bWZKS0FqNFoyb29lSWlXSjI=,ext_011,实习就业,宣讲会信息分享,时间地点已经整理，感兴趣可以看看。,0,0,2026-05-26 05:17:57,199.5667,面试|招聘|简历|就业|实习,发展,宿舍区,0.0,0,0,0,10,normal,17,面试|招聘|简历|就业|实习
p_ext_000170,u_ext_00327,ext_003,恋爱交友,周末有人一起打羽毛球吗,新手友好，主要想活动一下。,1,1,2025-12-28 08:07:57,3772.7333,拍照|搭子|羽毛球|交友|活动,社交,食堂区,0.0,0,0,0,10,normal,13,拍照|搭子|羽毛球|交友|活动
p_ext_000171,u_ext_00225,ext_002,问答求助,宿舍维修一般多久来,已经报修了，想问问大家一般多久能处理。,0,0,2026-01-16 04:51:57,3320.0,宿舍|求问|课程资料|校园卡|打印店,生活,宿舍区,0.0,0,0,0,10,normal,19,宿舍|求问|课程资料|校园卡|打印店
p_ext_000172,u_ext_00166,ext_002,问答求助,求问校园卡补办流程,校园卡丢了，有没有同学知道补办需要带什么材料。,0,0,2026-01-09 15:49:57,3477.0333,打印店|宿舍|校园卡,生活,教学区,0.0,0,0,0,10,normal,23,打印店|宿舍|校园卡
p_ext_000173,u_ext_00199,ext_002,问答求助,求问南校哪里可以自习,最近想找安静地方复习，想问问大家有什么推荐。,0,0,2026-01-14 13:55:57,3358.9333,打印店|课程资料|校园卡,生活,教学区,0.0,0,0,0,10,normal,22,打印店|课程资料|校园卡
p_ext_000174,u_ext_00214,ext_002,问答求助,求推荐附近打印店,需要打印课程资料，想找价格合适的位置。,0,0,2026-01-08 20:02:57,3496.8167,打印店|宿舍|校园卡,生活,全校,0.0,0,0,0,10,normal,19,打印店|宿舍|校园卡
p_ext_000175,u_ext_00343,ext_002,问答求助,宿舍维修一般多久来,已经报修了，想问问大家一般多久能处理。,1,1,2026-01-10 11:04:57,3457.7833,校园卡|打印店|求问,生活,校外,0.0,0,0,0,10,normal,19,校园卡|打印店|求问
p_ext_000176,eFkxNWo0ZTdxNHVMazZxdGw0dTRkMzY2ZktxT2hZU3NsMmVWYklXTnJkMnZmNStEZjVUTmVZT1RzcWFZaXF5Vms3bWxhNXRocldpTGlXSjI=,ext_002,问答求助,求问校园卡补办流程,校园卡丢了，有没有同学知道补办需要带什么材料。,1,1,2026-03-17 10:22:57,1874.4833,校园卡|课程资料|求问,生活,教学区,0.0,0,0,0,10,normal,23,校园卡|课程资料|求问
p_ext_000177,u_ext_00231,ext_002,问答求助,求问南校哪里可以自习,最近想找安静地方复习，想问问大家有什么推荐。,0,0,2026-03-14 01:49:57,1955.0333,打印店|宿舍|求问|校园卡,生活,教学区,0.0,0,0,0,10,normal,22,打印店|宿舍|求问|校园卡
p_ext_000178,u_ext_00103,ext_002,问答求助,求推荐附近打印店,需要打印课程资料，想找价格合适的位置。,1,1,2026-03-09 00:14:57,2076.6167,打印店|课程资料|求问,生活,宿舍区,0.0,0,0,0,10,normal,19,打印店|课程资料|求问
p_ext_000179,u_ext_00310,ext_002,问答求助,求推荐附近打印店,需要打印课程资料，想找价格合适的位置。,0,0,2026-01-08 11:49:57,3505.0333,校园卡|求问,生活,宿舍区,0.0,0,0,0,10,normal,19,校园卡|求问
p_ext_000180,dDQ1MWk1ZTN4YkIvazY2MmxYcXdvSU8zZktHWWhxWm9tR2RqYVptUnZhN0NwWTJLaDZlM1pwWE9wcFNNWnJSK2twSnJlcGxpa0krTGlXSjI=,ext_002,问答求助,宿舍维修一般多久来,已经报修了，想问问大家一般多久能处理。,1,1,2026-05-10 23:09:57,565.7,宿舍|课程资料|打印店|求问,生活,教学区,0.0,0,0,0,10,normal,19,宿舍|课程资料|打印店|求问
p_ext_000181,u_ext_00329,ext_002,问答求助,宿舍维修一般多久来,已经报修了，想问问大家一般多久能处理。,0,0,2026-03-30 16:46:57,1556.0833,求问|宿舍|课程资料|打印店|校园卡,生活,校外,0.0,0,0,0,10,normal,19,求问|宿舍|课程资料|打印店|校园卡
p_ext_000182,u_ext_00281,ext_004,校园生活,宿舍区附近有什么好吃的,想换换口味，求推荐附近小店。,0,0,2026-04-09 12:11:57,1320.6667,宿舍|校车|食堂|共享厨房,社交,宿舍区,0.0,0,0,0,10,normal,14,宿舍|校车|食堂|共享厨房
p_ext_000183,u_ext_00139,ext_003,恋爱交友,找健身搭子,每周两三次，强度不用太高。,0,0,2026-05-03 03:07:57,753.7333,搭子|活动,社交,教学区,0.0,0,0,0,10,normal,13,搭子|活动
p_ext_000184,cjMrZWFZV1dxNHAva3REYmhhK25hSU8yaDYrS2RLcUxqbnFpcEpxQnJhNjJpNmV3aExtemlJcVR1cVNZamJTZWxybW1qWnVhYjRtRmlXSjI=,ext_002,问答求助,宿舍维修一般多久来,已经报修了，想问问大家一般多久能处理。,0,0,2026-02-25 01:26:57,2363.4167,打印店|校园卡|求问|课程资料,生活,食堂区,0.0,0,0,0,10,normal,19,打印店|校园卡|求问|课程资料
p_ext_000185,u_ext_00372,ext_005,学习交流,数据结构期末复习资料整理,整理了一些重点和往年题型，欢迎补充。,0,0,2025-12-17 05:56:57,4038.9167,学习交流|学习经验|复习资料|考试,学习,校外,0.0,0,0,0,10,normal,18,学习交流|学习经验|复习资料|考试
p_ext_000186,dGFKNGFZQ1QxWWFIMExiUWwyYTRoMzY0bW9lUmVLMXBsNkdMYVkyaTE5T3dmWmVFaGFpV3JwUE4zTGlJcjhxTWk2cWlzcG1Jakh1WHIySjI=,ext_002,问答求助,求问南校哪里可以自习,最近想找安静地方复习，想问问大家有什么推荐。,0,0,2026-05-14 22:09:57,470.7,打印店|求问|宿舍|课程资料,生活,教学区,0.0,0,0,0,10,normal,22,打印店|求问|宿舍|课程资料
p_ext_000187,dzR1bXNvZW5zNjJTcU5TbW1IeW9qSVM2ZUtLSWhvQnRnNHFpajVxbHRhdkRpMngrazVPV2JJYVRxcktYakxoL2xkQ1dpNXgzZzJpWHIySjI=,ext_001,二手交易,毕业季出闲置,整理宿舍出一些闲置物品，优先校内自提。,1,1,2026-04-19 13:26:57,1079.4167,电动车|二手交易,生活,宿舍区,10.0,1,0,0,10,normal,19,电动车|二手交易
p_ext_000188,u_ext_00368,ext_008,食堂生活,食堂新窗口测评,今天试了一下，味道和分量都还可以。,0,0,2026-01-29 13:34:57,2999.2833,校园生活|拼饭|食堂|窗口测评|优惠,生活,食堂区,0.0,0,0,0,10,normal,17,校园生活|拼饭|食堂|窗口测评|优惠
p_ext_000189,u_ext_00151,ext_002,问答求助,求问校园卡补办流程,校园卡丢了，有没有同学知道补办需要带什么材料。,0,0,2026-02-04 07:10:57,2861.6833,打印店|课程资料|宿舍|校园卡|求问,生活,全校,0.0,0,0,0,10,normal,23,打印店|课程资料|宿舍|校园卡|求问
p_ext_000190,u_ext_00419,ext_003,恋爱交友,找健身搭子,每周两三次，强度不用太高。,0,0,2026-04-18 02:32:57,1114.3167,拍照|搭子,社交,全校,0.0,0,0,0,10,normal,13,拍照|搭子
p_ext_000191,u_ext_00399,ext_002,问答求助,求问校园卡补办流程,校园卡丢了，有没有同学知道补办需要带什么材料。,0,0,2026-03-01 01:05:57,2267.7667,打印店|求问|校园卡,生活,校外,0.0,0,0,0,10,normal,23,打印店|求问|校园卡
p_ext_000192,u_ext_00439,ext_004,校园生活,吐槽一下今天的校车,等车时间有点久，大家最近有没有类似情况。,0,0,2026-01-07 03:29:57,3537.3667,宿舍|共享厨房|校车|校园生活,社交,食堂区,0.0,0,0,0,10,normal,20,宿舍|共享厨房|校车|校园生活
p_ext_000193,u_ext_00486,ext_002,问答求助,求问南校哪里可以自习,最近想找安静地方复习，想问问大家有什么推荐。,0,0,2025-12-17 11:26:57,4033.4167,课程资料|宿舍|校园卡|求问,生活,校外,0.0,0,0,0,10,normal,22,课程资料|宿舍|校园卡|求问
p_ext_000194,u_ext_00414,ext_011,实习就业,宣讲会信息分享,时间地点已经整理，感兴趣可以看看。,1,1,2026-02-26 10:11:57,2330.6667,面试|实习|招聘|简历,发展,校外,0.0,0,0,0,10,normal,17,面试|实习|招聘|简历
p_ext_000195,u_ext_00130,ext_001,二手交易,出考研资料,资料保存完整，适合复习使用，价格可小刀。,5,1,2026-04-22 16:41:57,1004.1667,二手交易|闲置,生活,校外,90.0,0,1,0,10,normal,20,二手交易|闲置
p_ext_000196,u_ext_00210,ext_001,二手交易,出考研资料,资料保存完整，适合复习使用，价格可小刀。,0,0,2026-02-26 18:14:57,2322.6167,租房|二手交易|闲置|电动车,生活,图书馆,50.0,1,0,0,10,normal,20,租房|二手交易|闲置|电动车
p_ext_000197,u_ext_00416,ext_001,二手交易,收二手电动车,预算有限，想收一辆能正常骑的电动车，最好有校区牌。,5,1,2026-04-05 20:25:57,1408.4333,租房|二手交易|电动车|闲置|教材,生活,图书馆,20.0,1,0,0,10,normal,25,租房|二手交易|电动车|闲置|教材
p_ext_000198,u_ext_00141,ext_001,二手交易,收二手电动车,预算有限，想收一辆能正常骑的电动车，最好有校区牌。,1,1,2026-04-25 19:36:57,929.25,教材|闲置|电动车|租房|二手交易,生活,全校,0.0,1,0,0,10,normal,25,教材|闲置|电动车|租房|二手交易
p_ext_000199,u_ext_00429,ext_009,社团活动,志愿服务招募,需要几位同学协助现场秩序。,5,1,2026-05-16 13:55:57,430.9333,交友|社团,社交,校外,0.0,0,0,0,10,normal,13,交友|社团
p_ext_000200,u_ext_00394,ext_002,问答求助,求问校园卡补办流程,校园卡丢了，有没有同学知道补办需要带什么材料。,0,0,2026-03-22 14:16:57,1750.5833,课程资料|校园卡|求问|打印店|宿舍,生活,全校,0.0,0,0,0,10,normal,23,课程资料|校园卡|求问|打印店|宿舍
p_ext_000201,u_ext_00244,ext_008,食堂生活,隐藏菜单分享,最近发现一个不错的搭配，价格也还行。,0,0,2026-03-02 03:16:57,2241.5833,优惠|食堂|窗口测评|拼饭|校园生活,生活,校外,0.0,0,0,0,10,normal,18,优惠|食堂|窗口测评|拼饭|校园生活
p_ext_000202,u_ext_00205,ext_001,二手交易,出二手自行车,车况正常，适合校内通勤，深圳校区附近交易，可自提。,0,0,2026-04-21 17:51:57,1027.0,二手交易|闲置|租房,生活,食堂区,0.0,1,0,0,10,normal,25,二手交易|闲置|租房
p_ext_000203,u_ext_00388,ext_012,兼职实习,短期兼职信息,适合课余时间，有意可以留言。,0,0,2026-03-11 07:58:57,2020.8833,兼职|家教|招聘|实习,发展,食堂区,0.0,0,0,0,10,normal,14,兼职|家教|招聘|实习
p_ext_000204,u_ext_00388,ext_003,恋爱交友,毕业照拍照搭子,想找同学一起拍照，时间可以商量。,0,0,2026-04-05 05:44:57,1423.1167,活动|羽毛球|搭子|拍照|交友,社交,食堂区,0.0,0,0,0,10,normal,16,活动|羽毛球|搭子|拍照|交友
p_ext_000205,u_ext_00123,ext_001,二手交易,收二手电动车,预算有限，想收一辆能正常骑的电动车，最好有校区牌。,0,0,2026-01-29 10:57:57,3001.9,租房|闲置|教材|电动车,生活,图书馆,0.0,1,0,0,10,normal,25,租房|闲置|教材|电动车
p_ext_000206,u_ext_00281,ext_004,校园生活,今天食堂这个菜怎么样,中午路过看到很多人排队，想问问味道如何。,0,0,2026-05-03 18:37:57,738.2333,食堂|校园生活|共享厨房|校车|宿舍,社交,食堂区,0.0,0,0,0,10,normal,20,食堂|校园生活|共享厨房|校车|宿舍
p_ext_000207,u_ext_00177,ext_002,问答求助,宿舍维修一般多久来,已经报修了，想问问大家一般多久能处理。,0,0,2026-01-06 17:46:57,3547.0833,课程资料|宿舍,生活,宿舍区,0.0,0,0,0,10,normal,19,课程资料|宿舍
p_ext_000208,u_ext_00262,ext_010,竞赛科研,创新项目经验,分享一下申报和结题过程。,0,0,2026-03-02 14:00:57,2230.85,创新项目|竞赛,发展,食堂区,0.0,0,0,0,10,normal,12,创新项目|竞赛
p_ext_000209,dzQ5OWFZU1Rsb0NBdU5DMGlxR3dpSVMzYXJHR2VZZHBsNHVoYllWK3RjNnprSDJ4aWMzSWE1S21ycmlHaTd1bWZKS0FqNFoyb29lSWlXSjI=,ext_002,问答求助,宿舍维修一般多久来,已经报修了，想问问大家一般多久能处理。,1,1,2026-05-31 01:20:57,83.5167,打印店|校园卡,生活,校外,0.0,0,0,0,10,normal,19,打印店|校园卡
p_ext_000210,eEpDYnE0UFB5WjZMemN6SmxxSzBkNVBNbWJHS2g0Ujhqbmltc0lTenlwaTNzb1ZyZ05HanFvT3FwZHQvWnJ5RWt0eDRwSXFlb3FDR2lXSjI=,ext_002,问答求助,求问校园卡补办流程,校园卡丢了，有没有同学知道补办需要带什么材料。,1,1,2026-02-20 17:50:57,2467.0167,课程资料|求问|校园卡|打印店,生活,食堂区,0.0,0,0,0,10,normal,23,课程资料|求问|校园卡|打印店
p_ext_000211,u_ext_00112,ext_003,恋爱交友,毕业照拍照搭子,想找同学一起拍照，时间可以商量。,0,0,2026-04-04 21:13:57,1431.6333,拍照|交友|搭子,社交,全校,0.0,0,0,0,10,normal,16,拍照|交友|搭子
p_ext_000212,u_ext_00472,ext_002,问答求助,宿舍维修一般多久来,已经报修了，想问问大家一般多久能处理。,1,1,2026-02-09 12:40:57,2736.1833,打印店|校园卡,生活,食堂区,0.0,0,0,0,10,normal,19,打印店|校园卡
p_ext_000213,u_ext_00162,ext_005,学习交流,有没有学习经验分享,想调整一下复习节奏，欢迎大家聊聊方法。,1,1,2026-05-31 06:09:57,78.7,学习交流|复习资料|考试,学习,图书馆,0.0,0,0,0,10,normal,19,学习交流|复习资料|考试
p_ext_000214,u_ext_00259,ext_013,失物招领,捡到校园卡,在教学楼附近捡到，失主可以联系认领。,1,1,2026-01-13 10:29:57,3386.3667,证件|失物招领|钥匙|教学楼,生活,图书馆,0.0,0,0,0,10,normal,18,证件|失物招领|钥匙|教学楼
p_ext_000215,u_ext_00439,ext_003,恋爱交友,找学习搭子,希望互相监督学习，地点可以在图书馆。,0,0,2026-03-28 10:14:57,1610.6167,搭子|羽毛球|活动|拍照|交友,社交,宿舍区,0.0,0,0,0,10,normal,18,搭子|羽毛球|活动|拍照|交友
p_ext_000216,u_ext_00381,ext_002,问答求助,求推荐附近打印店,需要打印课程资料，想找价格合适的位置。,0,0,2026-03-18 01:19:57,1859.5333,打印店|求问|课程资料,生活,食堂区,0.0,0,0,0,10,normal,19,打印店|求问|课程资料
p_ext_000217,u_ext_00175,ext_002,问答求助,求问校园卡补办流程,校园卡丢了，有没有同学知道补办需要带什么材料。,1,1,2026-03-25 03:47:57,1689.0667,校园卡|课程资料|宿舍,生活,宿舍区,0.0,0,0,0,10,normal,23,校园卡|课程资料|宿舍
p_ext_000218,u_ext_00207,ext_002,问答求助,求问南校哪里可以自习,最近想找安静地方复习，想问问大家有什么推荐。,0,0,2026-01-12 12:47:57,3408.0667,打印店|课程资料|校园卡,生活,教学区,0.0,0,0,0,10,normal,22,打印店|课程资料|校园卡
p_ext_000219,u_ext_00253,ext_002,问答求助,求问校园卡补办流程,校园卡丢了，有没有同学知道补办需要带什么材料。,1,1,2026-03-10 20:37:57,2032.2333,宿舍|打印店|课程资料|校园卡,生活,校外,0.0,0,0,0,10,normal,23,宿舍|打印店|课程资料|校园卡
p_ext_000220,u_ext_00287,ext_004,校园生活,今天食堂这个菜怎么样,中午路过看到很多人排队，想问问味道如何。,0,0,2026-04-10 15:04:57,1293.7833,校车|食堂|宿舍|共享厨房,社交,全校,0.0,0,0,0,10,normal,20,校车|食堂|宿舍|共享厨房
p_ext_000221,u_ext_00187,ext_002,问答求助,宿舍维修一般多久来,已经报修了，想问问大家一般多久能处理。,1,1,2025-12-15 04:11:57,4088.6667,打印店|求问|校园卡|宿舍,生活,校外,0.0,0,0,0,10,normal,19,打印店|求问|校园卡|宿舍
p_ext_000222,u_ext_00120,ext_002,问答求助,求问南校哪里可以自习,最近想找安静地方复习，想问问大家有什么推荐。,0,0,2026-03-02 14:31:57,2230.3333,校园卡|打印店,生活,图书馆,0.0,0,0,0,10,normal,22,校园卡|打印店
p_ext_000223,u_ext_00259,ext_002,问答求助,宿舍维修一般多久来,已经报修了，想问问大家一般多久能处理。,0,0,2026-04-21 23:03:57,1021.8,打印店|校园卡,生活,全校,0.0,0,0,0,10,normal,19,打印店|校园卡
p_ext_000224,u_ext_00393,ext_001,二手交易,出二手自行车,车况正常，适合校内通勤，北校园附近交易，可自提。,2,1,2026-01-18 17:49:57,3259.0333,二手交易|闲置|租房,生活,图书馆,20.0,1,1,0,10,normal,24,二手交易|闲置|租房
p_ext_000225,cjJtanNZVzdzNHVBcUxYWWlvckthWWpNaDZxTlpKNkdobWlWcTRtUno1bkNzcCt1aWJmTmUzNlYwOXFVcnRhZWxLaDhqcHAzZUsrWHIySjI=,ext_002,问答求助,求推荐附近打印店,需要打印课程资料，想找价格合适的位置。,1,1,2026-02-18 08:23:57,2524.4667,打印店|宿舍|课程资料|校园卡,生活,校外,0.0,0,0,0,10,normal,19,打印店|宿舍|课程资料|校园卡
p_ext_000226,dzVCMXI0WFB5WTJGbExYWGpZcTRub3FUb29LRllhNnRtWXVFaDRlUnk3ckZqNDJCaTlHM3JJdXB1dGFHZTZScGZxZUFhSm1Gbm02R2lXSjI=,ext_002,问答求助,宿舍维修一般多久来,已经报修了，想问问大家一般多久能处理。,1,1,2025-12-11 23:52:57,4164.9833,打印店|宿舍|求问,生活,教学区,0.0,0,0,0,10,normal,19,打印店|宿舍|求问
p_ext_000227,u_ext_00115,ext_013,失物招领,证件失物招领,在图书馆座位旁看到。,0,0,2026-03-17 06:34:57,1878.2833,失物招领|教学楼|证件|钥匙|校园卡,生活,校外,0.0,0,0,0,10,normal,10,失物招领|教学楼|证件|钥匙|校园卡
p_ext_000228,eEdxWGlwU1dzbXFTdXNqV2xIckdmNFROaUt5YWlJaW9sNGwwYkltTnVkQ3lqSVZwbEtpV2ZKT1VsYzZZamFpTGhLZG5oNHliZ0llSGlXSjI=,ext_009,社团活动,周末活动报名,本周末有线下活动，人数有限。,1,1,2026-05-31 21:21:57,63.5,志愿服务|活动|招新|社团|交友,社交,宿舍区,0.0,0,0,0,10,normal,14,志愿服务|活动|招新|社团|交友
p_ext_000229,czMxbnNaU251NUNBcHI2cGlHVzhkNGE2ZktXRlk2S0poMmlpZ28rbTA5dkZvMzJ5Z0xpN2VwV295TnVIWnNxTmhaUjhwSnFGaklTRGVXSjI=,ext_001,二手交易,出二手自行车,车况正常，适合校内通勤，北校园附近交易，可自提。,0,0,2026-05-19 08:13:57,364.6333,租房|电动车,生活,宿舍区,0.0,0,1,0,10,normal,24,租房|电动车
p_ext_000230,u_ext_00223,ext_002,问答求助,宿舍维修一般多久来,已经报修了，想问问大家一般多久能处理。,0,0,2026-04-18 19:27:57,1097.4,校园卡|宿舍|求问|打印店,生活,图书馆,0.0,0,0,0,10,normal,19,校园卡|宿舍|求问|打印店
p_ext_000231,u_ext_00105,ext_001,二手交易,出考研资料,资料保存完整，适合复习使用，价格可小刀。,0,0,2026-04-29 01:46:57,851.0833,租房|闲置,生活,宿舍区,0.0,1,1,0,10,normal,20,租房|闲置
p_ext_000232,u_ext_00489,ext_011,实习就业,暑期实习内推,岗位适合大三大四，有相关项目经验更好。,0,0,2026-01-01 20:57:57,3663.9,面试|简历|招聘,发展,图书馆,0.0,0,0,0,10,normal,19,面试|简历|招聘
p_ext_000233,u_ext_00144,ext_002,问答求助,求问校园卡补办流程,校园卡丢了，有没有同学知道补办需要带什么材料。,1,1,2026-05-08 07:04:57,629.7833,校园卡|课程资料|宿舍|打印店|求问,生活,校外,0.0,0,0,0,10,normal,23,校园卡|课程资料|宿舍|打印店|求问
p_ext_000234,dDN5QmZJbXF1cXlFME5DcGxxT29sWktwWTRpSW5tNnhnR1dMc0ppQXl0eXpqWUdFbHBXdVozNm4xTktJaksrdWZ0Q2FnNXQxb29hSWlXSjI=,ext_002,问答求助,求问南校哪里可以自习,最近想找安静地方复习，想问问大家有什么推荐。,0,0,2026-05-22 21:22:57,279.4833,宿舍|校园卡|打印店|求问|课程资料,生活,教学区,0.0,0,0,0,10,normal,22,宿舍|校园卡|打印店|求问|课程资料
p_ext_000235,u_ext_00256,ext_002,问答求助,求推荐附近打印店,需要打印课程资料，想找价格合适的位置。,0,0,2026-03-28 11:55:57,1608.9333,打印店|课程资料,生活,宿舍区,0.0,0,0,0,10,normal,19,打印店|课程资料
p_ext_000236,u_ext_00201,ext_002,问答求助,宿舍维修一般多久来,已经报修了，想问问大家一般多久能处理。,0,0,2026-02-18 18:23:57,2514.4667,校园卡|宿舍|打印店|求问,生活,食堂区,0.0,0,0,0,10,normal,19,校园卡|宿舍|打印店|求问
p_ext_000237,u_ext_00486,ext_001,二手交易,收二手电动车,预算有限，想收一辆能正常骑的电动车，最好有校区牌。,0,0,2025-12-11 18:16:57,4170.5833,电动车|教材,生活,图书馆,0.0,1,1,0,10,normal,25,电动车|教材
p_ext_000238,u_ext_00238,ext_012,兼职实习,短期兼职信息,适合课余时间，有意可以留言。,1,1,2026-05-03 22:24:57,734.45,薪资|招聘|家教|实习|兼职,发展,食堂区,0.0,0,0,0,10,normal,14,薪资|招聘|家教|实习|兼职
p_ext_000239,eEg5cnM1V1Z0NHlJcHFiU2phTFNybitVaUtxRm40K3hobWVlc1lTUnNkYkRvMlNobEpUSmE1Yk4wSmVXYU1hTGhjMXJybzE1b3FtT3IySjI=,ext_002,问答求助,宿舍维修一般多久来,已经报修了，想问问大家一般多久能处理。,0,0,2026-01-08 23:46:57,3493.0833,校园卡|打印店,生活,图书馆,0.0,0,0,0,10,normal,19,校园卡|打印店
p_ext_000240,dzVCMXI0WFB5WTJGbExYWGpZcTRub3FUb29LRllhNnRtWXVFaDRlTW01bXVzbml2aEpXU2tJak50ZGlNakxSNGtxZG5hSVI0ZkpLS2lXSjI=,ext_002,问答求助,求问校园卡补办流程,校园卡丢了，有没有同学知道补办需要带什么材料。,0,0,2026-03-01 21:45:57,2247.1,校园卡|求问|宿舍|课程资料|打印店,生活,校外,0.0,0,0,0,10,normal,23,校园卡|求问|宿舍|课程资料|打印店
p_ext_000241,u_ext_00205,ext_002,问答求助,求问南校哪里可以自习,最近想找安静地方复习，想问问大家有什么推荐。,1,1,2026-03-31 13:47:57,1535.0667,宿舍|打印店,生活,教学区,0.0,0,0,0,10,normal,22,宿舍|打印店
p_ext_000242,u_ext_00110,ext_004,校园生活,宿舍区附近有什么好吃的,想换换口味，求推荐附近小店。,0,0,2026-02-02 23:49:57,2893.0333,共享厨房|食堂|校园生活|校车|宿舍,社交,图书馆,0.0,0,0,0,10,normal,14,共享厨房|食堂|校园生活|校车|宿舍
p_ext_000243,u_ext_00176,ext_010,竞赛科研,创新项目经验,分享一下申报和结题过程。,0,0,2026-03-02 15:23:57,2229.4667,论文|科研项目|创新项目|组队|竞赛,发展,全校,0.0,0,0,0,10,normal,12,论文|科研项目|创新项目|组队|竞赛
p_ext_000244,u_ext_00168,ext_006,考研保研,复试经验整理,把最近问到的问题和准备过程记录一下。,0,0,2026-04-27 20:21:57,880.5,复试|学习经验|保研|考研|408,学习,校外,0.0,0,0,0,10,normal,18,复试|学习经验|保研|考研|408
p_ext_000245,u_ext_00406,ext_006,考研保研,有没有保研经验分享,想了解材料准备和面试注意事项。,0,0,2026-01-10 02:11:57,3466.6667,考研|408|复试,学习,校外,0.0,0,0,0,10,normal,15,考研|408|复试
p_ext_000246,czQrRmdaV3IwWW1FcHNpa2xwK2tycFduZUt1WVpKcUFqb2w4ajQyT25LeTRqWmVUZnBQVWFuK1NzdEdHbjg1K2k4MkVzSm1GaUhxRmlXSjI=,ext_003,恋爱交友,找健身搭子,每周两三次，强度不用太高。,0,0,2026-02-07 17:34:57,2779.2833,活动|羽毛球|搭子|拍照,社交,图书馆,0.0,0,0,0,10,normal,13,活动|羽毛球|搭子|拍照
p_ext_000247,u_ext_00244,ext_002,问答求助,求问校园卡补办流程,校园卡丢了，有没有同学知道补办需要带什么材料。,1,1,2026-03-15 11:17:57,1921.5667,求问|宿舍|校园卡,生活,教学区,0.0,0,0,0,10,normal,23,求问|宿舍|校园卡
p_ext_000248,u_ext_00274,ext_009,社团活动,社团活动招人,活动时间比较灵活，欢迎感兴趣的同学加入。,1,1,2026-05-03 08:59:57,747.8667,交友|活动,社交,校外,0.0,0,0,0,10,normal,20,交友|活动
p_ext_000249,u_ext_00327,ext_002,问答求助,求问南校哪里可以自习,最近想找安静地方复习，想问问大家有什么推荐。,0,0,2026-02-27 00:42:57,2316.15,打印店|课程资料|求问|校园卡|宿舍,生活,校外,0.0,0,0,0,10,normal,22,打印店|课程资料|求问|校园卡|宿舍
p_ext_000250,dG9DanFaZlJ0bWFMcHJLV2dHZXdqSk9tZ0tpTFpJQ0VtR2VxcElTTno3N0RnSDJ0aGFxVnFIN1Fxc3lWZXM2R2hicUlySXVyaUkrSGlXSjI=,ext_002,问答求助,求问校园卡补办流程,校园卡丢了，有没有同学知道补办需要带什么材料。,1,1,2026-04-03 06:41:57,1470.1667,求问|校园卡|课程资料|打印店,生活,校外,0.0,0,0,0,10,normal,23,求问|校园卡|课程资料|打印店
p_ext_000251,u_ext_00208,ext_003,恋爱交友,毕业照拍照搭子,想找同学一起拍照，时间可以商量。,1,1,2026-02-10 16:05:57,2708.7667,交友|活动|搭子|羽毛球,社交,食堂区,0.0,0,0,0,10,normal,16,交友|活动|搭子|羽毛球
p_ext_000252,u_ext_00481,ext_002,问答求助,求问南校哪里可以自习,最近想找安静地方复习，想问问大家有什么推荐。,1,1,2026-04-07 08:56:57,1371.9167,校园卡|课程资料|宿舍,生活,全校,0.0,0,0,0,10,normal,22,校园卡|课程资料|宿舍
p_ext_000253,u_ext_00371,ext_004,校园生活,有人一起去操场跑步吗,晚上想找搭子慢跑，节奏轻松就行。,1,1,2026-02-11 20:33:57,2680.3,校车|校园生活|宿舍|共享厨房|食堂,社交,校外,0.0,0,0,0,10,normal,16,校车|校园生活|宿舍|共享厨房|食堂
p_ext_000254,u_ext_00481,ext_012,兼职实习,兼职避坑提醒,整理一些常见注意事项。,0,0,2026-04-27 16:48:57,884.05,实习|家教|招聘,发展,教学区,0.0,0,0,0,10,normal,11,实习|家教|招聘
p_ext_000255,cjMrRms1ZXJyNE4vcWR2YWlJdktySkxjbHFlTG5hYXJpNkdpajVxbTA2KzFrSFd6bHMrN281UFF0cTZJZTZTRGdMcUxhWkNkZkdpQ2VXSjI=,ext_001,二手交易,毕业季出闲置,整理宿舍出一些闲置物品，优先校内自提。,1,1,2025-12-16 06:54:57,4061.95,电动车|教材|闲置,生活,食堂区,10.0,1,0,0,10,normal,19,电动车|教材|闲置
p_ext_000256,u_ext_00267,ext_002,问答求助,求推荐附近打印店,需要打印课程资料，想找价格合适的位置。,0,0,2026-04-20 23:25:57,1045.4333,求问|打印店|课程资料|宿舍|校园卡,生活,宿舍区,0.0,0,0,0,10,normal,19,求问|打印店|课程资料|宿舍|校园卡
p_ext_000257,dzQ5b2JJYTYwWXVLdHN5cGwzeXNacGFwaEdxT201cDhpNG1Nam94cnNlQ3ZhbXhwaTlETlpwV1MyS21ZakxTT2tyZDNzSVdlYjRHWHIySjI=,ext_013,失物招领,证件失物招领,在图书馆座位旁看到。,0,0,2025-12-17 08:36:57,4036.25,钥匙|教学楼|失物招领,生活,食堂区,0.0,0,0,0,10,normal,10,钥匙|教学楼|失物招领
p_ext_000258,dzQrWGhaYTV6V3FGdDlUTGdudW9yb1dUbld5TmhvQnFqbWlJcTQrbXk5SERwcHVobFpYVmdZYXBsYWlHZkp0K2hhcUVlcHVjWnFxRGVXSjI=,ext_002,问答求助,宿舍维修一般多久来,已经报修了，想问问大家一般多久能处理。,1,1,2026-03-01 00:47:57,2268.0667,校园卡|宿舍,生活,食堂区,0.0,0,0,0,10,normal,19,校园卡|宿舍
p_ext_000259,u_ext_00223,ext_002,问答求助,求问校园卡补办流程,校园卡丢了，有没有同学知道补办需要带什么材料。,0,0,2026-01-04 10:12:57,3602.65,校园卡|宿舍|课程资料|求问,生活,食堂区,0.0,0,0,0,10,normal,23,校园卡|宿舍|课程资料|求问
p_ext_000260,dTQ2TmZJemRxbWw5azY2MWpYcThnNHFTbnEySm5ZeHRnWitNcElxa3ZiQ3ZqWDJ4ZjlDU2U1SzZwcldVZmJpRmhhbXFwWXVHbnF1SGlXSjI=,ext_002,问答求助,求推荐附近打印店,需要打印课程资料，想找价格合适的位置。,0,0,2026-04-15 11:22:57,1177.4833,宿舍|校园卡|课程资料|求问,生活,食堂区,0.0,0,0,0,10,normal,19,宿舍|校园卡|课程资料|求问
p_ext_000261,u_ext_00132,ext_004,校园生活,今天食堂这个菜怎么样,中午路过看到很多人排队，想问问味道如何。,0,0,2026-01-25 15:20:57,3093.5167,食堂|宿舍|校车|校园生活,社交,校外,0.0,0,0,0,10,normal,20,食堂|宿舍|校车|校园生活
p_ext_000262,u_ext_00239,ext_002,问答求助,宿舍维修一般多久来,已经报修了，想问问大家一般多久能处理。,0,0,2026-03-08 05:14:57,2095.6167,校园卡|打印店|求问|课程资料|宿舍,生活,宿舍区,0.0,0,0,0,10,normal,19,校园卡|打印店|求问|课程资料|宿舍
p_ext_000263,u_ext_00416,ext_002,问答求助,宿舍维修一般多久来,已经报修了，想问问大家一般多久能处理。,0,0,2026-05-06 23:42:57,661.15,求问|打印店|宿舍,生活,图书馆,0.0,0,0,0,10,normal,19,求问|打印店|宿舍
p_ext_000264,eFkxNWo0ZTdxNHVMazZxdGw0dTRkMzY2ZktxT2hZU3NsMmVWYklXTnJkMnZmNStEZjVUTmVZT1RzcWFZaXF5Vms3bWxhNXRocldpTGlXSjI=,ext_003,恋爱交友,毕业照拍照搭子,想找同学一起拍照，时间可以商量。,0,0,2025-12-19 20:28:57,3976.3833,活动|羽毛球,社交,图书馆,0.0,0,0,0,10,normal,16,活动|羽毛球
p_ext_000265,dDQ1MWk1ZTN4YkIvazY2MmxYcXdvSU8zZktHWWhxWm9tR2RqYVptUnZhN0NwWTJLaDZlM1pwWE9wcFNNWnJSK2twSnJlcGxpa0krTGlXSjI=,ext_002,问答求助,求问南校哪里可以自习,最近想找安静地方复习，想问问大家有什么推荐。,1,1,2025-12-09 04:28:57,4232.3833,校园卡|宿舍|求问|课程资料,生活,校外,0.0,0,0,0,10,normal,22,校园卡|宿舍|求问|课程资料
p_ext_000266,u_ext_00204,ext_001,二手交易,出考研资料,资料保存完整，适合复习使用，价格可小刀。,0,0,2025-12-13 16:08:57,4124.7167,二手交易|闲置,生活,食堂区,0.0,0,1,0,10,normal,20,二手交易|闲置
p_ext_000267,u_ext_00479,ext_009,社团活动,志愿服务招募,需要几位同学协助现场秩序。,0,0,2025-12-29 22:07:57,3734.7333,活动|社团,社交,教学区,0.0,0,0,0,10,normal,13,活动|社团
p_ext_000268,u_ext_00153,ext_003,恋爱交友,周末有人一起打羽毛球吗,新手友好，主要想活动一下。,1,1,2026-02-15 04:58:57,2599.8833,搭子|羽毛球|拍照,社交,校外,0.0,0,0,0,10,normal,13,搭子|羽毛球|拍照
p_ext_000269,u_ext_00148,ext_002,问答求助,求问南校哪里可以自习,最近想找安静地方复习，想问问大家有什么推荐。,0,0,2026-03-03 02:55:57,2217.9333,课程资料|宿舍|校园卡|打印店|求问,生活,宿舍区,0.0,0,0,0,10,normal,22,课程资料|宿舍|校园卡|打印店|求问
p_ext_000270,u_ext_00113,ext_002,问答求助,宿舍维修一般多久来,已经报修了，想问问大家一般多久能处理。,0,0,2026-05-07 16:27:57,644.4,打印店|宿舍|求问|校园卡,生活,全校,0.0,0,0,0,10,normal,19,打印店|宿舍|求问|校园卡
p_ext_000271,u_ext_00288,ext_002,问答求助,求问校园卡补办流程,校园卡丢了，有没有同学知道补办需要带什么材料。,0,0,2026-01-01 12:27:57,3672.4,打印店|求问,生活,图书馆,0.0,0,0,0,10,normal,23,打印店|求问
p_ext_000272,u_ext_00256,ext_001,二手交易,收二手电动车,预算有限，想收一辆能正常骑的电动车，最好有校区牌。,3,1,2026-02-07 12:17:57,2784.5667,教材|电动车|租房,生活,食堂区,50.0,1,0,0,10,normal,25,教材|电动车|租房
p_ext_000273,u_ext_00499,ext_003,恋爱交友,找学习搭子,希望互相监督学习，地点可以在图书馆。,0,0,2026-05-04 18:37:57,714.2333,活动|羽毛球,社交,宿舍区,0.0,0,0,0,10,normal,18,活动|羽毛球
p_ext_000274,u_ext_00452,ext_002,问答求助,求推荐附近打印店,需要打印课程资料，想找价格合适的位置。,1,1,2026-02-05 02:12:57,2842.65,宿舍|校园卡,生活,全校,0.0,0,0,0,10,normal,19,宿舍|校园卡
p_ext_000275,u_ext_00159,ext_001,二手交易,毕业季出闲置,整理宿舍出一些闲置物品，优先校内自提。,0,0,2026-03-02 13:02:57,2231.8167,二手交易|租房,生活,教学区,10.0,0,0,0,10,normal,19,二手交易|租房
p_ext_000276,u_ext_00349,ext_001,二手交易,毕业季出闲置,整理宿舍出一些闲置物品，优先校内自提。,3,1,2025-12-24 19:27:57,3857.4,电动车|教材,生活,宿舍区,10.0,0,0,0,10,normal,19,电动车|教材
p_ext_000277,czQrTmdYK3FyNFdVcDh6S2xvcXdoNVRNZUdpUmQ1MXFsbWVIc1lPbHZidTFhNStSbHFtbmk0dTFuWldYb05LRmZOeUlpWnA1ZkllVnIySjI=,ext_003,恋爱交友,周末有人一起打羽毛球吗,新手友好，主要想活动一下。,0,0,2026-05-18 23:47:57,373.0667,拍照|交友|活动|羽毛球|搭子,社交,宿舍区,0.0,0,0,0,10,normal,13,拍照|交友|活动|羽毛球|搭子
p_ext_000278,u_ext_00276,ext_006,考研保研,复试经验整理,把最近问到的问题和准备过程记录一下。,0,0,2026-04-17 01:22:57,1139.4833,学习经验|408,学习,食堂区,0.0,0,0,0,10,normal,18,学习经验|408
p_ext_000279,u_ext_00342,ext_013,失物招领,捡到校园卡,在教学楼附近捡到，失主可以联系认领。,1,1,2026-05-18 14:10:57,382.6833,失物招领|校园卡|证件|教学楼,生活,全校,0.0,0,0,0,10,normal,18,失物招领|校园卡|证件|教学楼
p_ext_000280,dzQrWGhaYTV6V3FGdDlUTGdudW9yb1dUbld5TmhvQnFqbWlJcTQrbXk5SERwcHVobFpYVmdZYXBsYWlHZkp0K2hhcUVlcHVjWnFxRGVXSjI=,ext_002,问答求助,宿舍维修一般多久来,已经报修了，想问问大家一般多久能处理。,0,0,2026-03-02 16:13:57,2228.6333,课程资料|求问,生活,全校,0.0,0,0,0,10,normal,19,课程资料|求问
p_ext_000281,u_ext_00239,ext_007,课程评价,期末重点有吗,复习范围有点大，想交流一下重点。,0,0,2026-04-16 21:41:57,1143.1667,期末|老师|选课|给分,学习,教学区,0.0,0,0,0,10,normal,16,期末|老师|选课|给分
p_ext_000282,u_ext_00242,ext_002,问答求助,宿舍维修一般多久来,已经报修了，想问问大家一般多久能处理。,1,1,2025-12-17 14:16:57,4030.5833,打印店|课程资料,生活,教学区,0.0,0,0,0,10,normal,19,打印店|课程资料
p_ext_000283,u_ext_00428,ext_002,问答求助,求问南校哪里可以自习,最近想找安静地方复习，想问问大家有什么推荐。,0,0,2026-05-18 12:34:57,384.2833,校园卡|打印店|课程资料|求问,生活,教学区,0.0,0,0,0,10,normal,22,校园卡|打印店|课程资料|求问
p_ext_000284,u_ext_00251,ext_013,失物招领,证件失物招领,在图书馆座位旁看到。,0,0,2025-12-07 17:11:57,4267.6667,证件|教学楼,生活,宿舍区,0.0,0,0,0,10,normal,10,证件|教学楼
p_ext_000285,u_ext_00392,ext_013,失物招领,请帮忙找背包,今天下午可能落在自习室。,0,0,2026-03-23 07:47:57,1733.0667,证件|教学楼|钥匙,生活,食堂区,0.0,0,0,0,10,normal,12,证件|教学楼|钥匙
p_ext_000286,u_ext_00226,ext_011,实习就业,暑期实习内推,岗位适合大三大四，有相关项目经验更好。,0,0,2026-05-07 14:05:57,646.7667,面试|招聘|就业|简历,发展,图书馆,0.0,0,1,0,10,normal,19,面试|招聘|就业|简历
p_ext_000287,cjdLWGpuK1V5R2VTcWNpdWwzcXduWWVTcG95T2hwNXJpWXQ0Zkl5Tng3aTJmbzF1aExpYWJJUzUxNWFXWjgxcGxiZUloSnVGZjJ1SmlXSjI=,ext_002,问答求助,求问校园卡补办流程,校园卡丢了，有没有同学知道补办需要带什么材料。,1,1,2026-02-20 15:12:57,2469.65,课程资料|求问|校园卡,生活,图书馆,0.0,0,0,0,10,normal,23,课程资料|求问|校园卡
p_ext_000288,dFk2aWE0UzVyNmVMdUw3UmxwK3dkNVc2aUgrTGRvaWlqcUtXczVxa3VhN0VqV05zaGFpdmczNlUwTHVGaXBPRWhzK2RycHFlakl1SmlXSjI=,ext_007,课程评价,老师上课风格讨论,准备下学期选课，想了解课堂节奏。,1,1,2026-03-27 15:08:57,1629.7167,期末|课程评价|老师|选课|给分,学习,宿舍区,0.0,0,0,0,10,normal,16,期末|课程评价|老师|选课|给分
p_ext_000289,u_ext_00203,ext_002,问答求助,宿舍维修一般多久来,已经报修了，想问问大家一般多久能处理。,0,0,2026-05-01 22:26:57,782.4167,求问|校园卡|打印店,生活,宿舍区,0.0,0,0,0,10,normal,19,求问|校园卡|打印店
p_ext_000290,u_ext_00354,ext_001,二手交易,出考研资料,资料保存完整，适合复习使用，价格可小刀。,1,1,2026-05-14 19:57:57,472.9,租房|电动车|闲置,生活,图书馆,50.0,0,1,0,10,normal,20,租房|电动车|闲置
p_ext_000291,u_ext_00318,ext_001,二手交易,出二手自行车,车况正常，适合校内通勤，南校园附近交易，可自提。,0,0,2025-12-17 19:14:57,4025.6167,租房|闲置|二手交易|电动车|教材,生活,全校,0.0,0,0,0,10,normal,24,租房|闲置|二手交易|电动车|教材
p_ext_000292,u_ext_00246,ext_004,校园生活,吐槽一下今天的校车,等车时间有点久，大家最近有没有类似情况。,0,0,2025-12-07 01:11:57,4283.6667,共享厨房|食堂|宿舍,社交,宿舍区,0.0,0,0,0,10,normal,20,共享厨房|食堂|宿舍
p_ext_000293,u_ext_00473,ext_012,兼职实习,短期兼职信息,适合课余时间，有意可以留言。,1,1,2026-03-13 13:49:57,1967.0333,实习|薪资|兼职|招聘|家教,发展,校外,0.0,0,1,0,10,normal,14,实习|薪资|兼职|招聘|家教
p_ext_000294,u_ext_00113,ext_010,竞赛科研,竞赛组队招募,方向初步确定，缺会写代码和做展示的同学。,0,0,2025-12-09 22:08:57,4214.7167,科研项目|论文|组队|竞赛|创新项目,发展,教学区,0.0,0,0,0,10,normal,20,科研项目|论文|组队|竞赛|创新项目
p_ext_000295,dEk5a2duK3JxcStJcVpYUWhtYThqWVdwbGE2TmRtdU9pSDJhcEllUnBkRzdmWUN4ZjVXcWFaS3F6OWlJZkphdGZaT2FiSnBpakxLR2lXSjI=,ext_006,考研保研,考研学习搭子,希望每天互相打卡，保持节奏。,0,0,2026-05-03 17:12:57,739.65,复试|学习经验,学习,食堂区,0.0,0,0,0,10,normal,14,复试|学习经验
p_ext_000296,u_ext_00155,ext_002,问答求助,宿舍维修一般多久来,已经报修了，想问问大家一般多久能处理。,0,0,2026-04-27 07:38:57,893.2167,课程资料|校园卡|求问|打印店|宿舍,生活,全校,0.0,0,0,0,10,normal,19,课程资料|校园卡|求问|打印店|宿舍
p_ext_000297,u_ext_00152,ext_003,恋爱交友,找健身搭子,每周两三次，强度不用太高。,0,0,2026-05-26 09:38:57,195.2167,羽毛球|搭子|活动|拍照|交友,社交,食堂区,0.0,0,0,0,10,normal,13,羽毛球|搭子|活动|拍照|交友
p_ext_000298,u_ext_00494,ext_001,二手交易,出考研资料,资料保存完整，适合复习使用，价格可小刀。,3,1,2025-12-26 03:27:57,3825.4,二手交易|闲置,生活,校外,50.0,0,0,0,10,normal,20,二手交易|闲置
p_ext_000299,u_ext_00395,ext_002,问答求助,求问南校哪里可以自习,最近想找安静地方复习，想问问大家有什么推荐。,0,0,2026-04-14 21:02:57,1191.8167,求问|课程资料|宿舍|校园卡|打印店,生活,图书馆,0.0,0,0,0,10,normal,22,求问|课程资料|宿舍|校园卡|打印店
p_ext_000300,u_ext_00218,ext_002,问答求助,宿舍维修一般多久来,已经报修了，想问问大家一般多久能处理。,0,0,2026-02-06 07:47:57,2813.0667,求问|打印店,生活,图书馆,0.0,0,0,0,10,normal,19,求问|打印店
p_ext_000301,u_ext_00152,ext_002,问答求助,宿舍维修一般多久来,已经报修了，想问问大家一般多久能处理。,1,1,2026-04-18 13:44:57,1103.1167,宿舍|课程资料|打印店,生活,校外,0.0,0,0,0,10,normal,19,宿舍|课程资料|打印店
p_ext_000302,dUkyTmk0RGRzNnVHek5DbmlIeTRxSUtUb1cySlk1QnNsMldFa29la3ROaTFqblN4bHM2WlpvV1MxTnFHZkxTQmlMbUVnNDJkZUl1SGlXSjI=,ext_001,二手交易,毕业季出闲置,整理宿舍出一些闲置物品，优先校内自提。,0,0,2026-03-24 03:31:57,1713.3333,闲置|教材|电动车|租房,生活,食堂区,150.0,0,1,0,10,normal,19,闲置|教材|电动车|租房
p_ext_000303,dDQxa2k1T3JvNnlHcWEzWW1JcXZyWWFTaElDTWhacUxqWjkwaDVDenFhaTBmMmV2aUpTamdZU1Z2dG1VWlp1VmY3aUVhWnRqYjZxQ2VXSjI=,ext_002,问答求助,宿舍维修一般多久来,已经报修了，想问问大家一般多久能处理。,0,0,2026-01-17 22:17:57,3278.5667,课程资料|校园卡|求问,生活,宿舍区,0.0,0,0,0,10,normal,19,课程资料|校园卡|求问
p_ext_000304,dDJsMWtaYTZ5WG1IdDZxbGdHWEdaWlNvbm1pRWVJU25ocU56YkptT3VkRzdwSFd6aTlDYWg1T3FxcXlXcjhaNWs1S1dxNHAxajJpTGlXSjI=,ext_002,问答求助,宿舍维修一般多久来,已经报修了，想问问大家一般多久能处理。,0,0,2025-12-22 07:00:57,3917.85,宿舍|求问|课程资料|打印店,生活,教学区,0.0,0,0,0,10,normal,19,宿舍|求问|课程资料|打印店
p_ext_000305,eFgyamdvR28xR2lTdWRqTmg2KzhuNFROcG9HYm5KQ0ppcCthZTVDUDB0MnZqNk9JaHMyamVvak12cWFYaXBPbWY4MmVrSW1lYjRPSWlXSjI=,ext_003,恋爱交友,周末有人一起打羽毛球吗,新手友好，主要想活动一下。,0,0,2026-01-13 23:07:57,3373.7333,活动|交友|搭子|羽毛球|拍照,社交,全校,0.0,0,0,0,10,normal,13,活动|交友|搭子|羽毛球|拍照
p_ext_000306,u_ext_00247,ext_002,问答求助,求推荐附近打印店,需要打印课程资料，想找价格合适的位置。,0,0,2026-02-14 23:16:57,2605.5833,打印店|校园卡|求问|课程资料,生活,宿舍区,0.0,0,0,0,10,normal,19,打印店|校园卡|求问|课程资料
p_ext_000307,u_ext_00364,ext_001,二手交易,毕业季出闲置,整理宿舍出一些闲置物品，优先校内自提。,1,1,2026-02-12 19:26:57,2657.4167,电动车|二手交易|租房,生活,全校,0.0,0,1,0,10,normal,19,电动车|二手交易|租房
p_ext_000308,u_ext_00339,ext_002,问答求助,宿舍维修一般多久来,已经报修了，想问问大家一般多久能处理。,1,1,2026-04-21 23:06:57,1021.75,宿舍|打印店|课程资料|校园卡,生活,校外,0.0,0,0,0,10,normal,19,宿舍|打印店|课程资料|校园卡
p_ext_000309,u_ext_00426,ext_002,问答求助,求推荐附近打印店,需要打印课程资料，想找价格合适的位置。,0,0,2026-05-12 07:02:57,533.8167,打印店|课程资料|宿舍,生活,图书馆,0.0,0,0,0,10,normal,19,打印店|课程资料|宿舍
p_ext_000310,u_ext_00222,ext_001,二手交易,出二手自行车,车况正常，适合校内通勤，南校园附近交易，可自提。,5,1,2026-01-01 06:17:57,3678.5667,教材|闲置|二手交易|租房|电动车,生活,全校,20.0,0,0,0,10,normal,24,教材|闲置|二手交易|租房|电动车
p_ext_000311,u_ext_00340,ext_001,二手交易,出二手自行车,车况正常，适合校内通勤，深圳校区附近交易，可自提。,2,1,2026-02-14 04:44:57,2624.1167,电动车|教材|租房,生活,图书馆,10.0,1,0,0,10,normal,25,电动车|教材|租房
p_ext_000312,u_ext_00369,ext_010,竞赛科研,论文阅读小组,一起读论文，互相讲解重点。,1,1,2026-05-01 22:29:57,782.3667,组队|竞赛|科研项目,发展,教学区,0.0,0,0,0,10,normal,13,组队|竞赛|科研项目
p_ext_000313,u_ext_00217,ext_002,问答求助,求问校园卡补办流程,校园卡丢了，有没有同学知道补办需要带什么材料。,1,1,2025-12-07 00:23:57,4284.4667,求问|宿舍,生活,食堂区,0.0,0,0,0,10,normal,23,求问|宿舍
p_ext_000314,u_ext_00345,ext_001,二手交易,出二手自行车,车况正常，适合校内通勤，深圳校区附近交易，可自提。,0,0,2026-01-17 10:50:57,3290.0167,教材|电动车|闲置,生活,食堂区,0.0,1,0,0,10,normal,25,教材|电动车|闲置
p_ext_000315,u_ext_00241,ext_001,二手交易,收二手电动车,预算有限，想收一辆能正常骑的电动车，最好有校区牌。,0,0,2026-04-11 06:18:57,1278.55,教材|电动车,生活,宿舍区,0.0,1,1,0,10,normal,25,教材|电动车
p_ext_000316,u_ext_00419,ext_001,二手交易,收二手电动车,预算有限，想收一辆能正常骑的电动车，最好有校区牌。,0,0,2026-03-09 05:34:57,2071.2833,教材|二手交易|闲置,生活,校外,10.0,0,1,0,10,normal,25,教材|二手交易|闲置
p_ext_000317,u_ext_00192,ext_001,二手交易,毕业季出闲置,整理宿舍出一些闲置物品，优先校内自提。,1,1,2026-01-17 23:53:57,3276.9667,租房|闲置|教材,生活,全校,10.0,0,0,0,10,normal,19,租房|闲置|教材
p_ext_000318,u_ext_00375,ext_010,竞赛科研,创新项目经验,分享一下申报和结题过程。,1,1,2025-12-04 18:13:57,4338.6333,科研项目|论文,发展,校外,0.0,0,0,0,10,normal,12,科研项目|论文
p_ext_000319,u_ext_00367,ext_002,问答求助,求问校园卡补办流程,校园卡丢了，有没有同学知道补办需要带什么材料。,0,0,2025-12-21 12:32:57,3936.3167,校园卡|打印店|课程资料|求问|宿舍,生活,宿舍区,0.0,0,0,0,10,normal,23,校园卡|打印店|课程资料|求问|宿舍
p_ext_000320,u_ext_00337,ext_001,二手交易,毕业季出闲置,整理宿舍出一些闲置物品，优先校内自提。,2,1,2026-01-04 11:35:57,3601.2667,电动车|闲置|二手交易|教材,生活,校外,20.0,0,1,0,10,normal,19,电动车|闲置|二手交易|教材
p_ext_000321,u_ext_00159,ext_002,问答求助,求问校园卡补办流程,校园卡丢了，有没有同学知道补办需要带什么材料。,0,0,2026-05-06 02:22:57,682.4833,宿舍|求问|校园卡|打印店|课程资料,生活,图书馆,0.0,0,0,0,10,normal,23,宿舍|求问|校园卡|打印店|课程资料
p_ext_000322,c3FLZnFaZTQxWitTekxLdGlYck9oSVdVWXJHUmhaNkNqcUpqZjVlaW5OWERhSjl1Z0x1em40VE9wcE9Kbjg2Z2dyaWVib2FJYjZXSWlXSjI=,ext_002,问答求助,求问南校哪里可以自习,最近想找安静地方复习，想问问大家有什么推荐。,1,1,2026-03-08 15:41:57,2085.1667,宿舍|打印店|课程资料|校园卡|求问,生活,宿舍区,0.0,0,0,0,10,normal,22,宿舍|打印店|课程资料|校园卡|求问
p_ext_000323,cjVCNGE0ek5wNjZGenE3VGpXZTNaSC9PYzZxRmVJaXRpbnBucm9scXp0MjFnSUdobHJpbnNJV3AzS3lCb2M2bmc3aDByWTEzZjJxV3IySjI=,ext_002,问答求助,求推荐附近打印店,需要打印课程资料，想找价格合适的位置。,1,1,2025-12-28 12:01:57,3768.8333,宿舍|校园卡|课程资料|求问|打印店,生活,图书馆,0.0,0,0,0,10,normal,19,宿舍|校园卡|课程资料|求问|打印店
p_ext_000324,u_ext_00470,ext_002,问答求助,求推荐附近打印店,需要打印课程资料，想找价格合适的位置。,0,0,2026-04-24 13:02:57,959.8167,打印店|课程资料|求问|校园卡,生活,图书馆,0.0,0,0,0,10,normal,19,打印店|课程资料|求问|校园卡
p_ext_000325,cjQycmtJeTN0NGQrejh6Q2xuelNlSCszbm1pRWQ2Si9nbjEzcjRGcHNiYkNqYWVCbGMvTmdINlYxTXlCbzdkbWs2WjhyNWxoZkkyWHIySjI=,ext_002,问答求助,求问校园卡补办流程,校园卡丢了，有没有同学知道补办需要带什么材料。,0,0,2026-04-27 22:36:57,878.25,打印店|求问,生活,图书馆,0.0,0,0,0,10,normal,23,打印店|求问
p_ext_000326,u_ext_00230,ext_002,问答求助,求推荐附近打印店,需要打印课程资料，想找价格合适的位置。,1,1,2026-05-04 15:35:57,717.2667,打印店|求问|课程资料,生活,宿舍区,0.0,0,0,0,10,normal,19,打印店|求问|课程资料
p_ext_000327,dFk2aWE0UzVyNmVMdUw3UmxwK3dkNVc2aUgrTGRvaWlqcUtXczVxa3VhN0VqV05zaGFpdmczNlUwTHVGaXBPRWhzK2RycHFlakl1SmlXSjI=,ext_001,二手交易,出二手自行车,车况正常，适合校内通勤，东校园附近交易，可自提。,1,1,2026-05-23 21:07:57,255.7333,闲置|电动车,生活,食堂区,0.0,1,1,0,10,normal,24,闲置|电动车
p_ext_000328,czQrRmdaV3IwWW1FcHNpa2xwK2tycFduZUt1WVpKcUFqb2w4ajQyT25LeTRqWmVUZnBQVWFuK1NzdEdHbjg1K2k4MkVzSm1GaUhxRmlXSjI=,ext_001,二手交易,出二手自行车,车况正常，适合校内通勤，珠海校区附近交易，可自提。,0,0,2026-03-28 17:49:57,1603.0333,教材|闲置|二手交易|租房,生活,全校,0.0,0,0,0,10,normal,25,教材|闲置|二手交易|租房
p_ext_000329,u_ext_00497,ext_002,问答求助,求推荐附近打印店,需要打印课程资料，想找价格合适的位置。,1,1,2025-12-30 21:30:57,3711.35,课程资料|宿舍|校园卡|求问|打印店,生活,图书馆,0.0,0,0,0,10,normal,19,课程资料|宿舍|校园卡|求问|打印店
p_ext_000330,u_ext_00319,ext_002,问答求助,求推荐附近打印店,需要打印课程资料，想找价格合适的位置。,0,0,2026-03-21 08:40:57,1780.1833,打印店|求问|宿舍,生活,教学区,0.0,0,0,0,10,normal,19,打印店|求问|宿舍
p_ext_000331,u_ext_00359,ext_001,二手交易,出考研资料,资料保存完整，适合复习使用，价格可小刀。,1,1,2026-04-01 20:14:57,1504.6167,二手交易|电动车,生活,食堂区,10.0,0,1,0,10,normal,20,二手交易|电动车
p_ext_000332,u_ext_00296,ext_004,校园生活,有人一起去操场跑步吗,晚上想找搭子慢跑，节奏轻松就行。,0,0,2026-04-27 06:00:57,894.85,共享厨房|校园生活|宿舍|校车|食堂,社交,宿舍区,0.0,0,0,0,10,normal,16,共享厨房|校园生活|宿舍|校车|食堂
p_ext_000333,u_ext_00132,ext_002,问答求助,宿舍维修一般多久来,已经报修了，想问问大家一般多久能处理。,0,0,2026-04-03 05:08:57,1471.7167,打印店|校园卡|宿舍|求问|课程资料,生活,宿舍区,0.0,0,0,0,10,normal,19,打印店|校园卡|宿舍|求问|课程资料
p_ext_000334,u_ext_00496,ext_005,学习交流,数据结构期末复习资料整理,整理了一些重点和往年题型，欢迎补充。,0,0,2026-05-22 21:00:57,279.85,考试|学习经验|学习交流,学习,食堂区,0.0,0,0,0,10,normal,18,考试|学习经验|学习交流
p_ext_000335,cjdLWGpuK1V5R2VTcWNpdWwzcXduWWVTcG95T2hwNXJpWXQ0Zkl5Tng3aTJmbzF1aExpYWJJUzUxNWFXWjgxcGxiZUloSnVGZjJ1SmlXSjI=,ext_003,恋爱交友,找健身搭子,每周两三次，强度不用太高。,1,1,2026-02-04 14:50:57,2854.0167,拍照|搭子|活动,社交,宿舍区,0.0,0,0,0,10,normal,13,拍照|搭子|活动
p_ext_000336,u_ext_00152,ext_013,失物招领,寻找钥匙,可能丢在宿舍区或食堂附近。,1,1,2026-03-20 11:43:57,1801.1333,失物招领|校园卡|教学楼|证件,生活,食堂区,0.0,0,0,0,10,normal,13,失物招领|校园卡|教学楼|证件
p_ext_000337,u_ext_00121,ext_002,问答求助,求问南校哪里可以自习,最近想找安静地方复习，想问问大家有什么推荐。,0,0,2026-03-06 22:56:57,2125.9167,打印店|课程资料|求问,生活,食堂区,0.0,0,0,0,10,normal,22,打印店|课程资料|求问
p_ext_000338,u_ext_00285,ext_001,二手交易,出考研资料,资料保存完整，适合复习使用，价格可小刀。,1,1,2026-03-01 03:33:57,2265.3,教材|二手交易,生活,全校,0.0,1,1,0,10,normal,20,教材|二手交易
p_ext_000339,u_ext_00226,ext_008,食堂生活,食堂新窗口测评,今天试了一下，味道和分量都还可以。,0,0,2026-03-06 17:06:57,2131.75,拼饭|窗口测评|优惠|食堂,生活,教学区,0.0,0,0,0,10,normal,17,拼饭|窗口测评|优惠|食堂
p_ext_000340,u_ext_00127,ext_010,竞赛科研,论文阅读小组,一起读论文，互相讲解重点。,0,0,2026-02-18 10:46:57,2522.0833,科研项目|创新项目,发展,宿舍区,0.0,0,0,0,10,normal,13,科研项目|创新项目
p_ext_000341,u_ext_00115,ext_002,问答求助,求问校园卡补办流程,校园卡丢了，有没有同学知道补办需要带什么材料。,1,1,2026-04-27 06:36:57,894.25,求问|宿舍|打印店|课程资料|校园卡,生活,食堂区,0.0,0,0,0,10,normal,23,求问|宿舍|打印店|课程资料|校园卡
p_ext_000342,u_ext_00412,ext_002,问答求助,求问校园卡补办流程,校园卡丢了，有没有同学知道补办需要带什么材料。,0,0,2025-12-26 09:36:57,3819.25,课程资料|求问|打印店,生活,图书馆,0.0,0,0,0,10,normal,23,课程资料|求问|打印店
p_ext_000343,dDQxa2k1T3JvNnlHcWEzWW1JcXZyWWFTaElDTWhacUxqWjkwaDVDenFhaTBmMmV2aUpTamdZU1Z2dG1VWlp1VmY3aUVhWnRqYjZxQ2VXSjI=,ext_002,问答求助,求推荐附近打印店,需要打印课程资料，想找价格合适的位置。,0,0,2026-01-06 15:35:57,3549.2667,校园卡|课程资料,生活,全校,0.0,0,0,0,10,normal,19,校园卡|课程资料
p_ext_000344,u_ext_00303,ext_005,学习交流,有没有学习经验分享,想调整一下复习节奏，欢迎大家聊聊方法。,1,1,2026-04-28 02:40:57,874.1833,复习资料|学习交流|考试|课程资料|学习经验,学习,宿舍区,0.0,0,0,0,10,normal,19,复习资料|学习交流|考试|课程资料|学习经验
p_ext_000345,u_ext_00429,ext_003,恋爱交友,找健身搭子,每周两三次，强度不用太高。,0,0,2026-03-31 05:39:57,1543.2,活动|搭子|羽毛球,社交,校外,0.0,0,0,0,10,normal,13,活动|搭子|羽毛球
p_ext_000346,u_ext_00347,ext_012,兼职实习,实习信息交流,看到一些岗位，想和大家讨论一下。,0,0,2026-04-23 23:04:57,973.7833,实习|家教|兼职|招聘|薪资,发展,食堂区,0.0,0,0,0,10,normal,16,实习|家教|兼职|招聘|薪资
p_ext_000347,u_ext_00384,ext_002,问答求助,求推荐附近打印店,需要打印课程资料，想找价格合适的位置。,0,0,2026-01-17 08:39:57,3292.2,校园卡|课程资料|求问|打印店|宿舍,生活,教学区,0.0,0,0,0,10,normal,19,校园卡|课程资料|求问|打印店|宿舍
p_ext_000348,dGFONWhJUE5xNkdEdWI2NWZtalNaWXFVZUxHTmg2S0FqV2RqZ0p1bng5bTBqNWVTbExtN2FYMlVsYkdJak01cGhhbUVlNXA1aEsyQ2VXSjI=,ext_002,问答求助,求推荐附近打印店,需要打印课程资料，想找价格合适的位置。,0,0,2026-04-26 09:33:57,915.3,宿舍|打印店|求问,生活,全校,0.0,0,0,0,10,normal,19,宿舍|打印店|求问
p_ext_000349,u_ext_00103,ext_002,问答求助,宿舍维修一般多久来,已经报修了，想问问大家一般多久能处理。,0,0,2026-05-26 23:25:57,181.4333,校园卡|打印店,生活,教学区,0.0,0,0,0,10,normal,19,校园卡|打印店
p_ext_000350,dTVDWHJKZk51MzkvcHFhbWlhTzhoSmFvbG95YWlJeVJsb3BqcUlHenBKbXdqcDZ3aWREWXFJZVMwTmFCWnM1bmhxZHFhWnlHZ0lLRmlXSjI=,ext_002,问答求助,求推荐附近打印店,需要打印课程资料，想找价格合适的位置。,1,1,2025-12-25 12:06:57,3840.75,打印店|课程资料|宿舍,生活,校外,0.0,0,0,0,10,normal,19,打印店|课程资料|宿舍
p_ext_000351,c294NW9veTdwNWVUenJIVGlveTBlNVRQWW1pWW0zaWhpbnVhaEl5a25NQzNqNmRxaTdtdnJJdTV1cW1FaXBlVmdzMTNhb21yZkg2WXIySjI=,ext_002,问答求助,宿舍维修一般多久来,已经报修了，想问问大家一般多久能处理。,1,1,2026-06-01 15:39:57,45.2,求问|校园卡|宿舍|课程资料,生活,宿舍区,0.0,0,0,0,10,normal,19,求问|校园卡|宿舍|课程资料
p_ext_000352,eFgyamdvR28xR2lTdWRqTmg2KzhuNFROcG9HYm5KQ0ppcCthZTVDUDB0MnZqNk9JaHMyamVvak12cWFYaXBPbWY4MmVrSW1lYjRPSWlXSjI=,ext_001,二手交易,出考研资料,资料保存完整，适合复习使用，价格可小刀。,1,1,2026-02-27 21:50:57,2295.0167,租房|电动车,生活,宿舍区,150.0,0,0,0,10,normal,20,租房|电动车
p_ext_000353,u_ext_00184,ext_002,问答求助,求问南校哪里可以自习,最近想找安静地方复习，想问问大家有什么推荐。,0,0,2026-01-15 22:52:57,3325.9833,课程资料|打印店|宿舍,生活,全校,0.0,0,0,0,10,normal,22,课程资料|打印店|宿舍
p_ext_000354,u_ext_00393,ext_002,问答求助,宿舍维修一般多久来,已经报修了，想问问大家一般多久能处理。,0,0,2026-03-06 02:59:57,2145.8667,求问|课程资料,生活,图书馆,0.0,0,0,0,10,normal,19,求问|课程资料
p_ext_000355,u_ext_00156,ext_002,问答求助,求推荐附近打印店,需要打印课程资料，想找价格合适的位置。,0,0,2026-05-22 13:04:57,287.7833,宿舍|求问|校园卡,生活,图书馆,0.0,0,0,0,10,normal,19,宿舍|求问|校园卡
p_ext_000356,u_ext_00410,ext_003,恋爱交友,周末有人一起打羽毛球吗,新手友好，主要想活动一下。,0,0,2025-12-19 22:09:57,3974.7,交友|拍照|搭子|活动|羽毛球,社交,教学区,0.0,0,0,0,10,normal,13,交友|拍照|搭子|活动|羽毛球
p_ext_000357,u_ext_00245,ext_002,问答求助,求推荐附近打印店,需要打印课程资料，想找价格合适的位置。,0,0,2026-05-25 10:32:57,218.3167,校园卡|打印店,生活,全校,0.0,0,0,0,10,normal,19,校园卡|打印店
p_ext_000358,u_ext_00324,ext_002,问答求助,求问校园卡补办流程,校园卡丢了，有没有同学知道补办需要带什么材料。,1,1,2026-03-11 17:09:57,2011.7,求问|宿舍|课程资料,生活,宿舍区,0.0,0,0,0,10,normal,23,求问|宿舍|课程资料
p_ext_000359,dHBCMW81U254WDZEemEyVmhhRGFkbjdPZ0lDUllwbHBsNHFtb1l0OXJiVERzb0J0ZjVhM2lwYTYwOU9WZkp0NWxLaUFqWkYwYjRlSWlXSjI=,ext_002,问答求助,宿舍维修一般多久来,已经报修了，想问问大家一般多久能处理。,0,0,2025-12-26 23:12:57,3805.65,求问|打印店|课程资料,生活,宿舍区,0.0,0,0,0,10,normal,19,求问|打印店|课程资料
p_ext_000360,u_ext_00336,ext_002,问答求助,宿舍维修一般多久来,已经报修了，想问问大家一般多久能处理。,1,1,2026-01-12 15:59:57,3404.8667,求问|课程资料|打印店|宿舍|校园卡,生活,教学区,0.0,0,0,0,10,normal,19,求问|课程资料|打印店|宿舍|校园卡
p_ext_000361,u_ext_00425,ext_002,问答求助,宿舍维修一般多久来,已经报修了，想问问大家一般多久能处理。,0,0,2026-05-29 06:01:57,126.8333,校园卡|打印店|求问,生活,教学区,0.0,0,0,0,10,normal,19,校园卡|打印店|求问
p_ext_000362,u_ext_00196,ext_001,二手交易,出二手自行车,车况正常，适合校内通勤，深圳校区附近交易，可自提。,0,0,2026-01-03 14:10:57,3622.6833,电动车|教材|二手交易|租房,生活,全校,10.0,1,0,0,10,normal,25,电动车|教材|二手交易|租房
p_ext_000363,u_ext_00328,ext_002,问答求助,求推荐附近打印店,需要打印课程资料，想找价格合适的位置。,0,0,2026-01-31 13:49:57,2951.0333,打印店|课程资料|求问|校园卡,生活,食堂区,0.0,0,0,0,10,normal,19,打印店|课程资料|求问|校园卡
p_ext_000364,u_ext_00367,ext_002,问答求助,宿舍维修一般多久来,已经报修了，想问问大家一般多久能处理。,0,0,2025-12-17 17:21:57,4027.5,课程资料|校园卡,生活,食堂区,0.0,0,0,0,10,normal,19,课程资料|校园卡
p_ext_000365,u_ext_00292,ext_001,二手交易,出考研资料,资料保存完整，适合复习使用，价格可小刀。,5,1,2026-04-24 11:39:57,961.2,电动车|二手交易,生活,全校,150.0,1,1,0,10,normal,20,电动车|二手交易
p_ext_000366,u_ext_00400,ext_001,二手交易,出考研资料,资料保存完整，适合复习使用，价格可小刀。,0,0,2026-04-24 22:52:57,949.9833,教材|闲置|二手交易|租房,生活,全校,150.0,1,0,0,10,normal,20,教材|闲置|二手交易|租房
p_ext_000367,u_ext_00237,ext_002,问答求助,求问校园卡补办流程,校园卡丢了，有没有同学知道补办需要带什么材料。,1,1,2025-12-15 06:42:57,4086.15,打印店|宿舍|课程资料,生活,宿舍区,0.0,0,0,0,10,normal,23,打印店|宿舍|课程资料
p_ext_000368,u_ext_00174,ext_002,问答求助,求推荐附近打印店,需要打印课程资料，想找价格合适的位置。,0,0,2026-05-24 20:09:57,232.7,宿舍|课程资料|求问|校园卡,生活,全校,0.0,0,0,0,10,normal,19,宿舍|课程资料|求问|校园卡
p_ext_000369,u_ext_00267,ext_002,问答求助,求问南校哪里可以自习,最近想找安静地方复习，想问问大家有什么推荐。,0,0,2026-02-14 08:49:57,2620.0333,课程资料|校园卡|打印店,生活,食堂区,0.0,0,0,0,10,normal,22,课程资料|校园卡|打印店
p_ext_000370,u_ext_00437,ext_002,问答求助,求问校园卡补办流程,校园卡丢了，有没有同学知道补办需要带什么材料。,0,0,2026-04-06 19:22:57,1385.4833,宿舍|校园卡,生活,食堂区,0.0,0,0,0,10,normal,23,宿舍|校园卡
p_ext_000371,u_ext_00350,ext_002,问答求助,求问南校哪里可以自习,最近想找安静地方复习，想问问大家有什么推荐。,0,0,2025-12-08 06:01:57,4254.8333,校园卡|求问|宿舍|打印店|课程资料,生活,食堂区,0.0,0,0,0,10,normal,22,校园卡|求问|宿舍|打印店|课程资料
p_ext_000372,u_ext_00229,ext_001,二手交易,毕业季出闲置,整理宿舍出一些闲置物品，优先校内自提。,5,1,2026-05-07 07:50:57,653.0167,二手交易|租房|闲置,生活,食堂区,0.0,1,0,0,10,normal,19,二手交易|租房|闲置
p_ext_000373,u_ext_00384,ext_001,二手交易,毕业季出闲置,整理宿舍出一些闲置物品，优先校内自提。,0,0,2026-03-25 12:43:57,1680.1333,二手交易|租房|闲置|教材|电动车,生活,食堂区,50.0,1,0,0,10,normal,19,二手交易|租房|闲置|教材|电动车
p_ext_000374,u_ext_00270,ext_001,二手交易,收二手电动车,预算有限，想收一辆能正常骑的电动车，最好有校区牌。,3,1,2026-04-07 19:07:57,1361.7333,教材|租房|闲置,生活,食堂区,0.0,0,1,0,10,normal,25,教材|租房|闲置
p_ext_000375,u_ext_00133,ext_001,二手交易,出考研资料,资料保存完整，适合复习使用，价格可小刀。,0,0,2026-02-08 01:00:57,2771.85,租房|电动车|二手交易|闲置,生活,食堂区,90.0,0,1,0,10,normal,20,租房|电动车|二手交易|闲置
p_ext_000376,u_ext_00297,ext_009,社团活动,社团招新公告,面向所有年级，零基础也可以参加。,0,0,2026-04-19 08:48:57,1084.05,活动|社团,社交,图书馆,0.0,0,0,0,10,normal,16,活动|社团
p_ext_000377,u_ext_00271,ext_002,问答求助,求推荐附近打印店,需要打印课程资料，想找价格合适的位置。,1,1,2026-02-07 01:44:57,2795.1167,课程资料|打印店|宿舍|求问,生活,宿舍区,0.0,0,0,0,10,normal,19,课程资料|打印店|宿舍|求问
p_ext_000378,u_ext_00119,ext_004,校园生活,吐槽一下今天的校车,等车时间有点久，大家最近有没有类似情况。,0,0,2026-04-16 19:34:57,1145.2833,共享厨房|食堂|宿舍|校园生活|校车,社交,教学区,0.0,0,0,0,10,normal,20,共享厨房|食堂|宿舍|校园生活|校车
p_ext_000379,u_ext_00494,ext_002,问答求助,宿舍维修一般多久来,已经报修了，想问问大家一般多久能处理。,1,1,2026-01-14 07:51:57,3365.0,课程资料|求问|宿舍|打印店,生活,食堂区,0.0,0,0,0,10,normal,19,课程资料|求问|宿舍|打印店
p_ext_000380,u_ext_00145,ext_002,问答求助,宿舍维修一般多久来,已经报修了，想问问大家一般多久能处理。,1,1,2026-03-11 20:11:57,2008.6667,宿舍|打印店|校园卡,生活,宿舍区,0.0,0,0,0,10,normal,19,宿舍|打印店|校园卡
p_ext_000381,u_ext_00495,ext_001,二手交易,出考研资料,资料保存完整，适合复习使用，价格可小刀。,1,1,2025-12-21 08:28:57,3940.3833,教材|二手交易,生活,教学区,0.0,0,0,0,10,normal,20,教材|二手交易
p_ext_000382,u_ext_00374,ext_002,问答求助,求问南校哪里可以自习,最近想找安静地方复习，想问问大家有什么推荐。,0,0,2026-01-29 22:16:57,2990.5833,打印店|求问,生活,校外,0.0,0,0,0,10,normal,22,打印店|求问
p_ext_000383,u_ext_00365,ext_002,问答求助,求问南校哪里可以自习,最近想找安静地方复习，想问问大家有什么推荐。,1,1,2026-05-10 02:38:57,586.2167,校园卡|求问,生活,宿舍区,0.0,0,0,0,10,normal,22,校园卡|求问
p_ext_000384,u_ext_00315,ext_002,问答求助,求问南校哪里可以自习,最近想找安静地方复习，想问问大家有什么推荐。,0,0,2026-04-25 11:25:57,937.4333,宿舍|校园卡|课程资料,生活,食堂区,0.0,0,0,0,10,normal,22,宿舍|校园卡|课程资料
p_ext_000385,u_ext_00284,ext_002,问答求助,宿舍维修一般多久来,已经报修了，想问问大家一般多久能处理。,1,1,2026-02-05 14:07:57,2830.7333,打印店|课程资料,生活,图书馆,0.0,0,0,0,10,normal,19,打印店|课程资料
p_ext_000386,u_ext_00220,ext_004,校园生活,有人一起去操场跑步吗,晚上想找搭子慢跑，节奏轻松就行。,1,1,2026-01-23 10:08:57,3146.7167,校车|共享厨房|校园生活|宿舍|食堂,社交,图书馆,0.0,0,0,0,10,normal,16,校车|共享厨房|校园生活|宿舍|食堂
p_ext_000387,u_ext_00457,ext_002,问答求助,求问校园卡补办流程,校园卡丢了，有没有同学知道补办需要带什么材料。,0,0,2026-03-29 16:24:57,1580.45,校园卡|求问|打印店|课程资料,生活,图书馆,0.0,0,0,0,10,normal,23,校园卡|求问|打印店|课程资料
p_ext_000388,u_ext_00393,ext_002,问答求助,宿舍维修一般多久来,已经报修了，想问问大家一般多久能处理。,0,0,2026-03-20 20:46:57,1792.0833,求问|宿舍|打印店,生活,全校,0.0,0,0,0,10,normal,19,求问|宿舍|打印店
p_ext_000389,u_ext_00415,ext_002,问答求助,宿舍维修一般多久来,已经报修了，想问问大家一般多久能处理。,0,0,2026-04-06 16:58:57,1387.8833,课程资料|宿舍|校园卡|求问,生活,全校,0.0,0,0,0,10,normal,19,课程资料|宿舍|校园卡|求问
p_ext_000390,u_ext_00298,ext_001,二手交易,收二手电动车,预算有限，想收一辆能正常骑的电动车，最好有校区牌。,0,0,2026-01-06 22:51:57,3542.0,教材|二手交易,生活,图书馆,0.0,1,0,0,10,normal,25,教材|二手交易
p_ext_000391,dG4yZnBJaXJzcTUrcXE2b2wyZXNhSlc2aDIyTWlhR3dpcDkzYllPTnh0eTFwV051ZjdxU3BIN2N0ckdCZWJoNmhyZDhwWkNkZklXV3IySjI=,ext_006,考研保研,有没有保研经验分享,想了解材料准备和面试注意事项。,0,0,2026-02-26 07:34:57,2333.2833,学习经验|考研|408|保研|复试,学习,宿舍区,0.0,0,0,0,10,normal,15,学习经验|考研|408|保研|复试
p_ext_000392,u_ext_00395,ext_002,问答求助,求问校园卡补办流程,校园卡丢了，有没有同学知道补办需要带什么材料。,0,0,2026-01-11 23:05:57,3421.7667,宿舍|校园卡|打印店,生活,校外,0.0,0,0,0,10,normal,23,宿舍|校园卡|打印店
p_ext_000393,u_ext_00179,ext_001,二手交易,收二手电动车,预算有限，想收一辆能正常骑的电动车，最好有校区牌。,1,1,2026-01-27 09:12:57,3051.65,电动车|二手交易|教材,生活,全校,0.0,0,0,0,10,normal,25,电动车|二手交易|教材
p_ext_000394,u_ext_00198,ext_011,实习就业,有没有同学了解这个岗位,想问问工作内容和面试形式。,1,1,2026-03-17 07:35:57,1877.2667,简历|面试,发展,全校,0.0,0,0,0,10,normal,13,简历|面试
p_ext_000395,u_ext_00463,ext_002,问答求助,求问南校哪里可以自习,最近想找安静地方复习，想问问大家有什么推荐。,0,0,2026-04-09 13:35:57,1319.2667,求问|课程资料,生活,校外,0.0,0,0,0,10,normal,22,求问|课程资料
p_ext_000396,u_ext_00150,ext_001,二手交易,出二手自行车,车况正常，适合校内通勤，珠海校区附近交易，可自提。,0,0,2026-05-07 04:37:57,656.2333,电动车|教材|租房|二手交易,生活,宿舍区,10.0,0,0,0,10,normal,25,电动车|教材|租房|二手交易
p_ext_000397,u_ext_00144,ext_002,问答求助,求问校园卡补办流程,校园卡丢了，有没有同学知道补办需要带什么材料。,1,1,2026-04-20 12:20:57,1056.5167,课程资料|打印店,生活,教学区,0.0,0,0,0,10,normal,23,课程资料|打印店
p_ext_000398,u_ext_00456,ext_002,问答求助,求问南校哪里可以自习,最近想找安静地方复习，想问问大家有什么推荐。,1,1,2026-02-09 01:45:57,2747.1,打印店|校园卡|课程资料,生活,教学区,0.0,0,0,0,10,normal,22,打印店|校园卡|课程资料
p_ext_000399,u_ext_00223,ext_001,二手交易,出考研资料,资料保存完整，适合复习使用，价格可小刀。,0,0,2026-04-12 14:39:57,1246.2,教材|电动车|租房,生活,宿舍区,0.0,0,0,0,10,normal,20,教材|电动车|租房
p_ext_000400,u_ext_00165,ext_012,兼职实习,实习信息交流,看到一些岗位，想和大家讨论一下。,0,0,2026-04-08 00:41:57,1356.1667,家教|兼职|招聘,发展,食堂区,0.0,0,0,0,10,normal,16,家教|兼职|招聘
p_ext_000401,u_ext_00320,ext_006,考研保研,考研学习搭子,希望每天互相打卡，保持节奏。,0,0,2026-01-02 21:17:57,3639.5667,复试|学习经验|保研,学习,宿舍区,0.0,0,0,0,10,normal,14,复试|学习经验|保研
p_ext_000402,cjMrRms1ZXJyNE4vcWR2YWlJdktySkxjbHFlTG5hYXJpNkdpajVxbTA2KzFrSFd6bHMrN281UFF0cTZJZTZTRGdMcUxhWkNkZkdpQ2VXSjI=,ext_002,问答求助,求问南校哪里可以自习,最近想找安静地方复习，想问问大家有什么推荐。,1,1,2026-04-11 08:05:57,1276.7667,宿舍|打印店|求问|校园卡,生活,宿舍区,0.0,0,0,0,10,normal,22,宿舍|打印店|求问|校园卡
p_ext_000403,u_ext_00109,ext_002,问答求助,求推荐附近打印店,需要打印课程资料，想找价格合适的位置。,0,0,2026-05-06 16:35:57,668.2667,打印店|宿舍,生活,宿舍区,0.0,0,0,0,10,normal,19,打印店|宿舍
p_ext_000404,u_ext_00457,ext_002,问答求助,求推荐附近打印店,需要打印课程资料，想找价格合适的位置。,0,0,2026-02-23 04:04:57,2408.7833,校园卡|宿舍,生活,校外,0.0,0,0,0,10,normal,19,校园卡|宿舍
p_ext_000405,u_ext_00364,ext_002,问答求助,求推荐附近打印店,需要打印课程资料，想找价格合适的位置。,0,0,2025-12-26 22:42:57,3806.15,求问|校园卡,生活,教学区,0.0,0,0,0,10,normal,19,求问|校园卡
p_ext_000406,u_ext_00174,ext_001,二手交易,收二手电动车,预算有限，想收一辆能正常骑的电动车，最好有校区牌。,1,1,2025-12-18 19:37:57,4001.2333,二手交易|教材|租房|闲置|电动车,生活,宿舍区,0.0,1,0,0,10,normal,25,二手交易|教材|租房|闲置|电动车
p_ext_000407,dzR5RnNJVFFybWFHM0xhNWdudThvNHVuZzdDSmRZU3JnWXA0a28rano5M0ZqM21EbGMzRm5vaXBzWmFVWjVPRGlybU1tWkdJZ0c2WXIySjI=,ext_002,问答求助,求问南校哪里可以自习,最近想找安静地方复习，想问问大家有什么推荐。,0,0,2026-02-04 05:49:57,2863.0333,求问|课程资料|打印店,生活,校外,0.0,0,0,0,10,normal,22,求问|课程资料|打印店
p_ext_000408,u_ext_00231,ext_004,校园生活,宿舍区附近有什么好吃的,想换换口味，求推荐附近小店。,0,0,2026-06-03 11:52:57,0.9833,宿舍|校车,社交,教学区,0.0,0,0,0,10,normal,14,宿舍|校车
p_ext_000409,u_ext_00272,ext_001,二手交易,收二手电动车,预算有限，想收一辆能正常骑的电动车，最好有校区牌。,1,1,2026-03-17 01:15:57,1883.6,教材|电动车|租房,生活,教学区,0.0,1,1,0,10,normal,25,教材|电动车|租房
p_ext_000410,u_ext_00324,ext_002,问答求助,求推荐附近打印店,需要打印课程资料，想找价格合适的位置。,1,1,2026-04-10 06:12:57,1302.65,求问|打印店|校园卡|宿舍,生活,教学区,0.0,0,0,0,10,normal,19,求问|打印店|校园卡|宿舍
p_ext_000411,u_ext_00351,ext_001,二手交易,出考研资料,资料保存完整，适合复习使用，价格可小刀。,2,1,2026-05-29 12:26:57,120.4167,租房|闲置,生活,食堂区,50.0,0,0,0,10,normal,20,租房|闲置
p_ext_000412,cjJtanNZVzdzNHVBcUxYWWlvckthWWpNaDZxTlpKNkdobWlWcTRtUno1bkNzcCt1aWJmTmUzNlYwOXFVcnRhZWxLaDhqcHAzZUsrWHIySjI=,ext_001,二手交易,出考研资料,资料保存完整，适合复习使用，价格可小刀。,3,1,2026-05-16 01:44:57,443.1167,电动车|租房|教材|二手交易,生活,校外,0.0,0,1,0,10,normal,20,电动车|租房|教材|二手交易
p_ext_000413,u_ext_00468,ext_001,二手交易,毕业季出闲置,整理宿舍出一些闲置物品，优先校内自提。,3,1,2026-04-08 15:31:57,1341.3333,闲置|二手交易|租房|教材,生活,图书馆,10.0,0,0,0,10,normal,19,闲置|二手交易|租房|教材
p_ext_000414,u_ext_00436,ext_002,问答求助,求推荐附近打印店,需要打印课程资料，想找价格合适的位置。,1,1,2026-04-23 23:05:57,973.7667,求问|课程资料|校园卡,生活,教学区,0.0,0,0,0,10,normal,19,求问|课程资料|校园卡
p_ext_000415,dTQ2TmZJemRxbWw5azY2MWpYcThnNHFTbnEySm5ZeHRnWitNcElxa3ZiQ3ZqWDJ4ZjlDU2U1SzZwcldVZmJpRmhhbXFwWXVHbnF1SGlXSjI=,ext_003,恋爱交友,毕业照拍照搭子,想找同学一起拍照，时间可以商量。,1,1,2026-03-01 22:17:57,2246.5667,搭子|活动|交友|拍照|羽毛球,社交,食堂区,0.0,0,0,0,10,normal,16,搭子|活动|交友|拍照|羽毛球
p_ext_000416,u_ext_00273,ext_005,学习交流,有没有学习经验分享,想调整一下复习节奏，欢迎大家聊聊方法。,0,0,2026-05-12 03:37:57,537.2333,课程资料|考试,学习,宿舍区,0.0,0,0,0,10,normal,19,课程资料|考试
p_ext_000417,u_ext_00477,ext_002,问答求助,求问校园卡补办流程,校园卡丢了，有没有同学知道补办需要带什么材料。,1,1,2026-02-07 11:25:57,2785.4333,校园卡|求问|课程资料|打印店|宿舍,生活,教学区,0.0,0,0,0,10,normal,23,校园卡|求问|课程资料|打印店|宿舍
p_ext_000418,u_ext_00394,ext_011,实习就业,有没有同学了解这个岗位,想问问工作内容和面试形式。,0,0,2026-02-17 06:08:57,2550.7167,面试|招聘|实习|简历|就业,发展,校外,0.0,0,0,0,10,normal,13,面试|招聘|实习|简历|就业
p_ext_000419,u_ext_00124,ext_002,问答求助,求问南校哪里可以自习,最近想找安静地方复习，想问问大家有什么推荐。,1,1,2026-05-14 17:39:57,475.2,课程资料|校园卡,生活,宿舍区,0.0,0,0,0,10,normal,22,课程资料|校园卡
p_ext_000420,u_ext_00272,ext_002,问答求助,求问校园卡补办流程,校园卡丢了，有没有同学知道补办需要带什么材料。,1,1,2026-03-31 14:21:57,1534.5,求问|宿舍|课程资料|校园卡,生活,校外,0.0,0,0,0,10,normal,23,求问|宿舍|课程资料|校园卡
p_ext_000421,dzZTYXE1YW9sbzZXdUwyV2dLQzBabnpjbW4rRllaNnVqcUNNaFlKc3pwbTRmNnR2ZzdxM2lJdTJwcXlZb2FSL2ZzMW5mbzZKcG1tRGVXSjI=,ext_001,二手交易,出二手自行车,车况正常，适合校内通勤，深圳校区附近交易，可自提。,1,1,2026-04-01 01:56:57,1522.9167,二手交易|电动车|租房,生活,食堂区,10.0,1,1,0,10,normal,25,二手交易|电动车|租房
p_ext_000422,u_ext_00436,ext_002,问答求助,求问南校哪里可以自习,最近想找安静地方复习，想问问大家有什么推荐。,1,1,2026-04-21 08:56:57,1035.9167,打印店|校园卡,生活,食堂区,0.0,0,0,0,10,normal,22,打印店|校园卡
p_ext_000423,dzVCMXI0WFB5WTJGbExYWGpZcTRub3FUb29LRllhNnRtWXVFaDRlUnk3ckZqNDJCaTlHM3JJdXB1dGFHZTZScGZxZUFhSm1Gbm02R2lXSjI=,ext_002,问答求助,宿舍维修一般多久来,已经报修了，想问问大家一般多久能处理。,0,0,2026-04-16 08:41:57,1156.1667,求问|校园卡,生活,宿舍区,0.0,0,0,0,10,normal,19,求问|校园卡
p_ext_000424,u_ext_00184,ext_002,问答求助,求问校园卡补办流程,校园卡丢了，有没有同学知道补办需要带什么材料。,0,0,2026-01-20 15:08:57,3213.7167,宿舍|校园卡|求问|打印店|课程资料,生活,全校,0.0,0,0,0,10,normal,23,宿舍|校园卡|求问|打印店|课程资料
p_ext_000425,u_ext_00248,ext_002,问答求助,求推荐附近打印店,需要打印课程资料，想找价格合适的位置。,0,0,2026-02-16 06:12:57,2574.65,求问|校园卡|课程资料|宿舍|打印店,生活,全校,0.0,0,0,0,10,normal,19,求问|校园卡|课程资料|宿舍|打印店
p_ext_000426,u_ext_00125,ext_002,问答求助,求推荐附近打印店,需要打印课程资料，想找价格合适的位置。,0,0,2026-04-11 13:21:57,1271.5,求问|课程资料|打印店,生活,全校,0.0,0,0,0,10,normal,19,求问|课程资料|打印店
p_ext_000427,u_ext_00356,ext_007,课程评价,老师上课风格讨论,准备下学期选课，想了解课堂节奏。,0,0,2025-12-21 21:51:57,3927.0,选课|给分|课程评价|老师|期末,学习,教学区,0.0,0,0,0,10,normal,16,选课|给分|课程评价|老师|期末
p_ext_000428,u_ext_00257,ext_003,恋爱交友,找学习搭子,希望互相监督学习，地点可以在图书馆。,0,0,2026-02-11 19:06:57,2681.75,交友|拍照|羽毛球|活动|搭子,社交,全校,0.0,0,0,0,10,normal,18,交友|拍照|羽毛球|活动|搭子
p_ext_000429,u_ext_00110,ext_002,问答求助,宿舍维修一般多久来,已经报修了，想问问大家一般多久能处理。,0,0,2026-05-25 14:36:57,214.25,校园卡|求问|打印店,生活,全校,0.0,0,0,0,10,normal,19,校园卡|求问|打印店
p_ext_000430,u_ext_00296,ext_012,兼职实习,短期兼职信息,适合课余时间，有意可以留言。,1,1,2026-04-26 01:23:57,923.4667,实习|招聘|兼职|家教,发展,宿舍区,0.0,0,1,0,10,normal,14,实习|招聘|兼职|家教
p_ext_000431,u_ext_00129,ext_003,恋爱交友,毕业照拍照搭子,想找同学一起拍照，时间可以商量。,0,0,2026-01-02 05:11:57,3655.6667,交友|活动|羽毛球|拍照,社交,教学区,0.0,0,0,0,10,normal,16,交友|活动|羽毛球|拍照
p_ext_000432,u_ext_00237,ext_002,问答求助,宿舍维修一般多久来,已经报修了，想问问大家一般多久能处理。,0,0,2026-01-11 06:55:57,3437.9333,求问|校园卡|课程资料|宿舍,生活,校外,0.0,0,0,0,10,normal,19,求问|校园卡|课程资料|宿舍
p_ext_000433,u_ext_00436,ext_004,校园生活,宿舍区附近有什么好吃的,想换换口味，求推荐附近小店。,0,0,2025-12-14 21:17:57,4095.5667,食堂|校园生活|共享厨房,社交,宿舍区,0.0,0,0,0,10,normal,14,食堂|校园生活|共享厨房
p_ext_000434,cjZGc2lJdTZwNCtGcWFxMWhwL0daWCtUaEtPYm5tYXZncTkwcDRGc3JKdkRvb2h0bEpXV29vVFFydGlKbjZpTmhKT2llcHRqbm51QmVXSjI=,ext_002,问答求助,求问校园卡补办流程,校园卡丢了，有没有同学知道补办需要带什么材料。,1,1,2026-03-08 03:24:57,2097.45,校园卡|宿舍|打印店|课程资料|求问,生活,校外,0.0,0,0,0,10,normal,23,校园卡|宿舍|打印店|课程资料|求问
p_ext_000435,u_ext_00426,ext_004,校园生活,有人一起去操场跑步吗,晚上想找搭子慢跑，节奏轻松就行。,0,0,2026-05-11 19:50:57,545.0167,校车|宿舍|食堂|共享厨房|校园生活,社交,校外,0.0,0,0,0,10,normal,16,校车|宿舍|食堂|共享厨房|校园生活
p_ext_000436,u_ext_00233,ext_002,问答求助,求问南校哪里可以自习,最近想找安静地方复习，想问问大家有什么推荐。,0,0,2025-12-28 05:15:57,3775.6,宿舍|打印店,生活,校外,0.0,0,0,0,10,normal,22,宿舍|打印店
p_ext_000437,u_ext_00479,ext_002,问答求助,求问校园卡补办流程,校园卡丢了，有没有同学知道补办需要带什么材料。,1,1,2026-01-14 17:44:57,3355.1167,课程资料|宿舍|校园卡|求问|打印店,生活,校外,0.0,0,0,0,10,normal,23,课程资料|宿舍|校园卡|求问|打印店
p_ext_000438,u_ext_00311,ext_002,问答求助,求推荐附近打印店,需要打印课程资料，想找价格合适的位置。,0,0,2025-12-31 02:46:57,3706.0833,校园卡|求问|打印店|课程资料,生活,全校,0.0,0,0,0,10,normal,19,校园卡|求问|打印店|课程资料
p_ext_000439,u_ext_00197,ext_001,二手交易,出二手自行车,车况正常，适合校内通勤，珠海校区附近交易，可自提。,5,1,2026-03-13 03:21:57,1977.5,教材|二手交易,生活,图书馆,90.0,0,0,0,10,normal,25,教材|二手交易
p_ext_000440,u_ext_00155,ext_002,问答求助,求问南校哪里可以自习,最近想找安静地方复习，想问问大家有什么推荐。,0,0,2025-12-31 19:05:57,3689.7667,课程资料|校园卡,生活,教学区,0.0,0,0,0,10,normal,22,课程资料|校园卡
p_ext_000441,u_ext_00426,ext_003,恋爱交友,找健身搭子,每周两三次，强度不用太高。,1,1,2026-01-26 20:39:57,3064.2,羽毛球|搭子|交友|活动,社交,宿舍区,0.0,0,0,0,10,normal,13,羽毛球|搭子|交友|活动
p_ext_000442,u_ext_00455,ext_002,问答求助,求推荐附近打印店,需要打印课程资料，想找价格合适的位置。,1,1,2025-12-31 15:53:57,3692.9667,宿舍|课程资料|校园卡,生活,宿舍区,0.0,0,0,0,10,normal,19,宿舍|课程资料|校园卡
p_ext_000443,u_ext_00179,ext_002,问答求助,求推荐附近打印店,需要打印课程资料，想找价格合适的位置。,1,1,2026-03-07 13:18:57,2111.55,宿舍|求问|校园卡|课程资料,生活,教学区,0.0,0,0,0,10,normal,19,宿舍|求问|校园卡|课程资料
p_ext_000444,u_ext_00340,ext_002,问答求助,宿舍维修一般多久来,已经报修了，想问问大家一般多久能处理。,0,0,2025-12-19 07:59:57,3988.8667,求问|课程资料|打印店|校园卡,生活,食堂区,0.0,0,0,0,10,normal,19,求问|课程资料|打印店|校园卡
p_ext_000445,u_ext_00423,ext_012,兼职实习,实习信息交流,看到一些岗位，想和大家讨论一下。,1,1,2026-02-13 14:42:57,2638.15,家教|兼职|招聘|薪资|实习,发展,食堂区,0.0,0,0,0,10,normal,16,家教|兼职|招聘|薪资|实习
p_ext_000446,u_ext_00454,ext_001,二手交易,收二手电动车,预算有限，想收一辆能正常骑的电动车，最好有校区牌。,5,1,2026-04-29 01:06:57,851.75,二手交易|租房|教材,生活,教学区,10.0,1,0,0,10,normal,25,二手交易|租房|教材
p_ext_000447,u_ext_00122,ext_002,问答求助,求问南校哪里可以自习,最近想找安静地方复习，想问问大家有什么推荐。,1,1,2026-05-18 13:05:57,383.7667,校园卡|求问,生活,校外,0.0,0,0,0,10,normal,22,校园卡|求问
p_ext_000448,eFkrRms1UE56YkNDdGRlV2lXaXNuSlBRbFd5YWhZUi9tWTJJZTVxbnNhaTZhcCtBakpXYXBKVzJ2dENIak5acGdyZW1hbzEzZkgyRmlXSjI=,ext_002,问答求助,宿舍维修一般多久来,已经报修了，想问问大家一般多久能处理。,0,0,2025-12-25 15:40:57,3837.1833,求问|课程资料|宿舍,生活,教学区,0.0,0,0,0,10,normal,19,求问|课程资料|宿舍
p_ext_000449,u_ext_00463,ext_003,恋爱交友,毕业照拍照搭子,想找同学一起拍照，时间可以商量。,1,1,2026-05-31 14:06:57,70.75,搭子|羽毛球|拍照|活动|交友,社交,教学区,0.0,0,0,0,10,normal,16,搭子|羽毛球|拍照|活动|交友
p_ext_000450,u_ext_00133,ext_002,问答求助,求问校园卡补办流程,校园卡丢了，有没有同学知道补办需要带什么材料。,0,0,2026-04-15 04:42:57,1184.15,打印店|宿舍|课程资料|求问|校园卡,生活,教学区,0.0,0,0,0,10,normal,23,打印店|宿舍|课程资料|求问|校园卡
p_ext_000451,u_ext_00234,ext_002,问答求助,求问校园卡补办流程,校园卡丢了，有没有同学知道补办需要带什么材料。,0,0,2025-12-22 21:18:57,3903.55,课程资料|校园卡,生活,全校,0.0,0,0,0,10,normal,23,课程资料|校园卡
p_ext_000452,u_ext_00159,ext_002,问答求助,求推荐附近打印店,需要打印课程资料，想找价格合适的位置。,0,0,2026-01-05 10:16:57,3578.5833,求问|打印店|校园卡|宿舍|课程资料,生活,图书馆,0.0,0,0,0,10,normal,19,求问|打印店|校园卡|宿舍|课程资料
p_ext_000453,u_ext_00467,ext_002,问答求助,求推荐附近打印店,需要打印课程资料，想找价格合适的位置。,0,0,2026-04-14 15:31:57,1197.3333,校园卡|求问|宿舍,生活,教学区,0.0,0,0,0,10,normal,19,校园卡|求问|宿舍
p_ext_000454,u_ext_00402,ext_011,实习就业,宣讲会信息分享,时间地点已经整理，感兴趣可以看看。,0,0,2026-03-08 16:08:57,2084.7167,实习|面试|简历|招聘,发展,教学区,0.0,0,0,0,10,normal,17,实习|面试|简历|招聘
p_ext_000455,u_ext_00329,ext_010,竞赛科研,论文阅读小组,一起读论文，互相讲解重点。,1,1,2025-12-15 17:26:57,4075.4167,创新项目|组队|科研项目|竞赛|论文,发展,图书馆,0.0,0,0,0,10,normal,13,创新项目|组队|科研项目|竞赛|论文
p_ext_000456,u_ext_00391,ext_010,竞赛科研,论文阅读小组,一起读论文，互相讲解重点。,0,0,2026-02-25 00:31:57,2364.3333,论文|组队|创新项目|竞赛|科研项目,发展,校外,0.0,0,0,0,10,normal,13,论文|组队|创新项目|竞赛|科研项目
p_ext_000457,d21xQmg0aVRrbytHcXFxNm1JbkdwMzY2b2JDY25KbXdpNHllZzVtT201aXZhNStsbHMydXFJV25sSkdZb3Bkb2xaS0hycGlFYjRlSWlXSjI=,ext_002,问答求助,求问南校哪里可以自习,最近想找安静地方复习，想问问大家有什么推荐。,0,0,2026-02-05 12:05:57,2832.7667,宿舍|课程资料|求问|校园卡,生活,校外,0.0,0,0,0,10,normal,22,宿舍|课程资料|求问|校园卡
p_ext_000458,u_ext_00423,ext_002,问答求助,求问校园卡补办流程,校园卡丢了，有没有同学知道补办需要带什么材料。,0,0,2026-01-26 14:08:57,3070.7167,课程资料|宿舍|打印店|求问|校园卡,生活,校外,0.0,0,0,0,10,normal,23,课程资料|宿舍|打印店|求问|校园卡
p_ext_000459,u_ext_00324,ext_012,兼职实习,家教兼职招人,时间可协调，地点离学校不远。,1,1,2026-05-19 12:05:57,360.7667,薪资|招聘,发展,食堂区,0.0,0,0,0,10,normal,14,薪资|招聘
p_ext_000460,u_ext_00384,ext_013,失物招领,证件失物招领,在图书馆座位旁看到。,0,0,2026-05-03 17:40:57,739.1833,证件|失物招领|钥匙,生活,教学区,0.0,0,0,0,10,normal,10,证件|失物招领|钥匙
p_ext_000461,u_ext_00119,ext_002,问答求助,宿舍维修一般多久来,已经报修了，想问问大家一般多久能处理。,0,0,2026-04-19 07:51:57,1085.0,课程资料|求问|宿舍,生活,宿舍区,0.0,0,0,0,10,normal,19,课程资料|求问|宿舍
p_ext_000462,u_ext_00336,ext_001,二手交易,毕业季出闲置,整理宿舍出一些闲置物品，优先校内自提。,0,0,2026-01-11 21:05:57,3423.7667,教材|电动车,生活,教学区,90.0,0,0,0,10,normal,19,教材|电动车
p_ext_000463,u_ext_00222,ext_012,兼职实习,兼职避坑提醒,整理一些常见注意事项。,1,1,2026-02-05 21:59:57,2822.8667,薪资|招聘|实习,发展,宿舍区,0.0,0,1,0,10,normal,11,薪资|招聘|实习
p_ext_000464,u_ext_00439,ext_002,问答求助,求问校园卡补办流程,校园卡丢了，有没有同学知道补办需要带什么材料。,0,0,2026-03-19 18:11:57,1818.6667,打印店|课程资料|校园卡|求问|宿舍,生活,图书馆,0.0,0,0,0,10,normal,23,打印店|课程资料|校园卡|求问|宿舍
p_ext_000465,u_ext_00138,ext_006,考研保研,408 考研经验分享,按阶段整理了复习计划和资料选择。,1,1,2026-04-02 02:34:57,1498.2833,408|学习经验|保研,学习,校外,0.0,0,0,0,10,normal,16,408|学习经验|保研
p_ext_000466,u_ext_00270,ext_002,问答求助,求推荐附近打印店,需要打印课程资料，想找价格合适的位置。,0,0,2026-03-02 08:11:57,2236.6667,校园卡|打印店,生活,全校,0.0,0,0,0,10,normal,19,校园卡|打印店
p_ext_000467,u_ext_00414,ext_001,二手交易,毕业季出闲置,整理宿舍出一些闲置物品，优先校内自提。,2,1,2025-12-18 16:50:57,4004.0167,闲置|教材|电动车|租房|二手交易,生活,食堂区,20.0,0,0,0,10,normal,19,闲置|教材|电动车|租房|二手交易
p_ext_000468,u_ext_00157,ext_002,问答求助,宿舍维修一般多久来,已经报修了，想问问大家一般多久能处理。,1,1,2026-01-03 08:29:57,3628.3667,宿舍|校园卡|打印店,生活,教学区,0.0,0,0,0,10,normal,19,宿舍|校园卡|打印店
p_ext_000469,dTJtZmdwZTIxYStUcUxYVGxHV1RvNGUzZUtLWmQ0ZHRpR2lJcVpsL3g3UERvb2l3bGRHcnE0UzRwcm1BZXErdWxaT0lzWVNFYjJpSmlXSjI=,ext_006,考研保研,408 考研经验分享,按阶段整理了复习计划和资料选择。,1,1,2026-02-15 22:43:57,2582.1333,408|保研,学习,宿舍区,0.0,0,0,0,10,normal,16,408|保研
p_ext_000470,u_ext_00116,ext_013,失物招领,请帮忙找背包,今天下午可能落在自习室。,0,0,2026-04-14 15:32:57,1197.3167,失物招领|证件|钥匙,生活,宿舍区,0.0,0,0,0,10,normal,12,失物招领|证件|钥匙
p_ext_000471,u_ext_00171,ext_002,问答求助,宿舍维修一般多久来,已经报修了，想问问大家一般多久能处理。,0,0,2026-03-31 12:10:57,1536.6833,课程资料|宿舍,生活,全校,0.0,0,0,0,10,normal,19,课程资料|宿舍
p_ext_000472,u_ext_00161,ext_001,二手交易,毕业季出闲置,整理宿舍出一些闲置物品，优先校内自提。,3,1,2026-01-26 01:29:57,3083.3667,闲置|教材|电动车,生活,全校,10.0,0,0,0,10,normal,19,闲置|教材|电动车
p_ext_000473,dUtWc2lJaW9scUtTdWRDNGhubXpaSUMzbm5xRm5wbXdobzJpbzVDbTI5ckVmcHRyaHM2U29KVE8xTkNKWjdTVmxxcWVob3ViaDdDTnIySjI=,ext_003,恋爱交友,毕业照拍照搭子,想找同学一起拍照，时间可以商量。,1,1,2026-02-19 05:54:57,2502.95,交友|拍照|活动,社交,食堂区,0.0,0,0,0,10,normal,16,交友|拍照|活动
p_ext_000474,u_ext_00353,ext_004,校园生活,吐槽一下今天的校车,等车时间有点久，大家最近有没有类似情况。,0,0,2026-04-15 05:57:57,1182.9,校车|共享厨房|食堂|宿舍,社交,校外,0.0,0,0,0,10,normal,20,校车|共享厨房|食堂|宿舍
p_ext_000475,dFpDSWJaTzVwMzE4M016U2g0MmpaWlNUZTIyRlk0ZHRqWXVFb1krbnFONjRmSit5aTlDVnJvdVMzSmVVaTZldWk2aU1wbzE0a0lDQmVXSjI=,ext_009,社团活动,社团招新公告,面向所有年级，零基础也可以参加。,5,1,2026-02-17 06:25:57,2550.4333,社团|招新,社交,图书馆,0.0,0,0,0,10,normal,16,社团|招新
p_ext_000476,dzR5RnNJVFFybWFHM0xhNWdudThvNHVuZzdDSmRZU3JnWXA0a28rano5M0ZqM21EbGMzRm5vaXBzWmFVWjVPRGlybU1tWkdJZ0c2WXIySjI=,ext_002,问答求助,求问南校哪里可以自习,最近想找安静地方复习，想问问大家有什么推荐。,1,1,2026-01-23 09:23:57,3147.4667,课程资料|宿舍|打印店,生活,宿舍区,0.0,0,0,0,10,normal,22,课程资料|宿舍|打印店
p_ext_000477,u_ext_00277,ext_002,问答求助,求问校园卡补办流程,校园卡丢了，有没有同学知道补办需要带什么材料。,1,1,2026-04-29 12:09:57,840.7,宿舍|校园卡|课程资料|打印店,生活,教学区,0.0,0,0,0,10,normal,23,宿舍|校园卡|课程资料|打印店
p_ext_000478,u_ext_00186,ext_002,问答求助,求推荐附近打印店,需要打印课程资料，想找价格合适的位置。,0,0,2026-02-13 10:51:57,2642.0,打印店|课程资料|求问|校园卡|宿舍,生活,图书馆,0.0,0,0,0,10,normal,19,打印店|课程资料|求问|校园卡|宿舍
p_ext_000479,u_ext_00342,ext_002,问答求助,求问南校哪里可以自习,最近想找安静地方复习，想问问大家有什么推荐。,0,0,2026-02-21 16:13:57,2444.6333,求问|打印店|课程资料,生活,全校,0.0,0,0,0,10,normal,22,求问|打印店|课程资料
p_ext_000480,u_ext_00450,ext_002,问答求助,求推荐附近打印店,需要打印课程资料，想找价格合适的位置。,1,1,2025-12-06 03:30:57,4305.35,课程资料|宿舍,生活,宿舍区,0.0,0,0,0,10,normal,19,课程资料|宿舍
p_ext_000481,u_ext_00189,ext_002,问答求助,求问南校哪里可以自习,最近想找安静地方复习，想问问大家有什么推荐。,0,0,2026-03-18 06:19:57,1854.5333,校园卡|课程资料,生活,图书馆,0.0,0,0,0,10,normal,22,校园卡|课程资料
p_ext_000482,u_ext_00374,ext_002,问答求助,求推荐附近打印店,需要打印课程资料，想找价格合适的位置。,0,0,2026-01-24 10:19:57,3122.5333,求问|宿舍|课程资料,生活,食堂区,0.0,0,0,0,10,normal,19,求问|宿舍|课程资料
p_ext_000483,u_ext_00383,ext_002,问答求助,求推荐附近打印店,需要打印课程资料，想找价格合适的位置。,0,0,2025-12-11 21:00:57,4167.85,校园卡|宿舍,生活,教学区,0.0,0,0,0,10,normal,19,校园卡|宿舍
p_ext_000484,dXFLSmlwYW5zNnlVa3FxM2xtVzRycGE0ZDIyT2VZeG9sMmlBb1psOG05N0RrSWh1Z2Flam9aV1UwTmlVcjZPdGk2aWhzSnQ1Z0hxRmlXSjI=,ext_002,问答求助,求问南校哪里可以自习,最近想找安静地方复习，想问问大家有什么推荐。,0,0,2026-05-02 04:41:57,776.1667,课程资料|打印店|宿舍|校园卡|求问,生活,教学区,0.0,0,0,0,10,normal,22,课程资料|打印店|宿舍|校园卡|求问
p_ext_000485,u_ext_00311,ext_002,问答求助,宿舍维修一般多久来,已经报修了，想问问大家一般多久能处理。,0,0,2026-04-13 03:29:57,1233.3667,校园卡|课程资料|求问|宿舍|打印店,生活,图书馆,0.0,0,0,0,10,normal,19,校园卡|课程资料|求问|宿舍|打印店
p_ext_000486,u_ext_00439,ext_001,二手交易,毕业季出闲置,整理宿舍出一些闲置物品，优先校内自提。,2,1,2026-04-20 08:45:57,1060.1,闲置|教材|电动车|租房,生活,宿舍区,50.0,1,1,0,10,normal,19,闲置|教材|电动车|租房
p_ext_000487,u_ext_00319,ext_003,恋爱交友,找健身搭子,每周两三次，强度不用太高。,0,0,2026-04-06 16:57:57,1387.9,搭子|交友|羽毛球|拍照,社交,食堂区,0.0,0,0,0,10,normal,13,搭子|交友|羽毛球|拍照
p_ext_000488,u_ext_00200,ext_006,考研保研,考研学习搭子,希望每天互相打卡，保持节奏。,0,0,2025-12-20 06:34:57,3966.2833,复试|保研,学习,教学区,0.0,0,0,0,10,normal,14,复试|保研
p_ext_000489,eEg2ZmtJYVd0Nm1WdHFxN2dYdTBkNE9VZ0tTT2VZZHRnWWltaUppT3ZOM0VqNFdOaGMzRm5vYXExTXFDZmNaOWhxWjRycENHWjIyRGVXSjI=,ext_002,问答求助,宿舍维修一般多久来,已经报修了，想问问大家一般多久能处理。,0,0,2026-03-16 16:44:57,1892.1167,打印店|求问,生活,图书馆,0.0,0,0,0,10,normal,19,打印店|求问
p_ext_000490,dEthZmJaT29zMmlHcXNpWGpZdWpxNVROWTdDUmVLMnVtS0dXa0l5bXFicTFwbmx0aGJpdmpwUzRxWlNFWmJ5RGk4Mk1ocGgybW5xSGlXSjI=,ext_002,问答求助,求问南校哪里可以自习,最近想找安静地方复习，想问问大家有什么推荐。,1,1,2026-05-14 07:23:57,485.4667,校园卡|宿舍|求问|课程资料|打印店,生活,全校,0.0,0,0,0,10,normal,22,校园卡|宿舍|求问|课程资料|打印店
p_ext_000491,u_ext_00114,ext_002,问答求助,求推荐附近打印店,需要打印课程资料，想找价格合适的位置。,0,0,2026-03-18 20:49:57,1840.0333,宿舍|课程资料|打印店|校园卡|求问,生活,校外,0.0,0,0,0,10,normal,19,宿舍|课程资料|打印店|校园卡|求问
p_ext_000492,u_ext_00257,ext_002,问答求助,求问南校哪里可以自习,最近想找安静地方复习，想问问大家有什么推荐。,1,1,2026-04-18 14:07:57,1102.7333,宿舍|校园卡|求问|打印店,生活,教学区,0.0,0,0,0,10,normal,22,宿舍|校园卡|求问|打印店
p_ext_000493,u_ext_00265,ext_002,问答求助,宿舍维修一般多久来,已经报修了，想问问大家一般多久能处理。,0,0,2026-05-17 02:27:57,418.4,课程资料|校园卡|打印店,生活,教学区,0.0,0,0,0,10,normal,19,课程资料|校园卡|打印店
p_ext_000494,dTQ2TmZJemRxbWw5azY2MWpYcThnNHFTbnEySm5ZeHRnWitNcElxa3ZiQ3ZqWDJ4ZjlDU2U1SzZwcldVZmJpRmhhbXFwWXVHbnF1SGlXSjI=,ext_002,问答求助,宿舍维修一般多久来,已经报修了，想问问大家一般多久能处理。,0,0,2026-03-20 15:47:57,1797.0667,校园卡|宿舍,生活,宿舍区,0.0,0,0,0,10,normal,19,校园卡|宿舍
p_ext_000495,u_ext_00490,ext_002,问答求助,求问南校哪里可以自习,最近想找安静地方复习，想问问大家有什么推荐。,0,0,2025-12-11 20:11:57,4168.6667,求问|打印店|课程资料|校园卡|宿舍,生活,宿舍区,0.0,0,0,0,10,normal,22,求问|打印店|课程资料|校园卡|宿舍
p_ext_000496,u_ext_00499,ext_001,二手交易,毕业季出闲置,整理宿舍出一些闲置物品，优先校内自提。,2,1,2025-12-07 08:52:57,4275.9833,二手交易|闲置|租房,生活,全校,10.0,0,0,0,10,normal,19,二手交易|闲置|租房
p_ext_000497,u_ext_00157,ext_002,问答求助,求推荐附近打印店,需要打印课程资料，想找价格合适的位置。,0,0,2025-12-20 09:52:57,3962.9833,校园卡|宿舍,生活,图书馆,0.0,0,0,0,10,normal,19,校园卡|宿舍
p_ext_000498,u_ext_00224,ext_002,问答求助,求推荐附近打印店,需要打印课程资料，想找价格合适的位置。,1,1,2025-12-05 00:42:57,4332.15,求问|课程资料|校园卡,生活,图书馆,0.0,0,0,0,10,normal,19,求问|课程资料|校园卡
p_ext_000499,u_ext_00485,ext_002,问答求助,宿舍维修一般多久来,已经报修了，想问问大家一般多久能处理。,1,1,2026-02-06 09:37:57,2811.2333,打印店|宿舍|求问,生活,食堂区,0.0,0,0,0,10,normal,19,打印店|宿舍|求问
p_ext_000500,u_ext_00488,ext_001,二手交易,收二手电动车,预算有限，想收一辆能正常骑的电动车，最好有校区牌。,1,1,2026-02-09 05:26:57,2743.4167,租房|教材|二手交易,生活,教学区,50.0,0,0,0,10,normal,25,租房|教材|二手交易
p_ext_000501,u_ext_00305,ext_005,学习交流,有没有学习经验分享,想调整一下复习节奏，欢迎大家聊聊方法。,0,0,2026-04-05 21:07:57,1407.7333,学习交流|学习经验|考试,学习,教学区,0.0,0,0,0,10,normal,19,学习交流|学习经验|考试
p_ext_000502,u_ext_00382,ext_003,恋爱交友,找学习搭子,希望互相监督学习，地点可以在图书馆。,0,0,2026-01-07 19:33:57,3521.3,拍照|搭子|羽毛球,社交,校外,0.0,0,0,0,10,normal,18,拍照|搭子|羽毛球
p_ext_000503,u_ext_00357,ext_002,问答求助,求问校园卡补办流程,校园卡丢了，有没有同学知道补办需要带什么材料。,1,1,2026-02-05 15:21:57,2829.5,求问|宿舍|校园卡|打印店|课程资料,生活,全校,0.0,0,0,0,10,normal,23,求问|宿舍|校园卡|打印店|课程资料
p_ext_000504,u_ext_00409,ext_002,问答求助,宿舍维修一般多久来,已经报修了，想问问大家一般多久能处理。,1,1,2026-04-13 06:23:57,1230.4667,课程资料|打印店|宿舍|校园卡,生活,食堂区,0.0,0,0,0,10,normal,19,课程资料|打印店|宿舍|校园卡
p_ext_000505,u_ext_00307,ext_001,二手交易,出二手自行车,车况正常，适合校内通勤，深圳校区附近交易，可自提。,3,1,2026-03-17 02:24:57,1882.45,闲置|租房|教材|电动车,生活,宿舍区,0.0,1,1,0,10,normal,25,闲置|租房|教材|电动车
p_ext_000506,u_ext_00323,ext_004,校园生活,有人一起去操场跑步吗,晚上想找搭子慢跑，节奏轻松就行。,0,0,2026-04-14 02:01:57,1210.8333,共享厨房|校园生活|宿舍,社交,食堂区,0.0,0,0,0,10,normal,16,共享厨房|校园生活|宿舍
p_ext_000507,u_ext_00257,ext_008,食堂生活,这个窗口确实不错,排队人不少，不过出餐挺快。,0,0,2026-02-14 04:30:57,2624.35,优惠|窗口测评|拼饭|校园生活,生活,教学区,0.0,0,0,0,10,normal,13,优惠|窗口测评|拼饭|校园生活
p_ext_000508,u_ext_00421,ext_002,问答求助,求问校园卡补办流程,校园卡丢了，有没有同学知道补办需要带什么材料。,0,0,2026-01-27 13:32:57,3047.3167,求问|校园卡|打印店|宿舍|课程资料,生活,校外,0.0,0,0,0,10,normal,23,求问|校园卡|打印店|宿舍|课程资料
p_ext_000509,u_ext_00324,ext_003,恋爱交友,周末有人一起打羽毛球吗,新手友好，主要想活动一下。,1,1,2025-12-05 01:24:57,4331.45,拍照|羽毛球|交友|搭子,社交,宿舍区,0.0,0,0,0,10,normal,13,拍照|羽毛球|交友|搭子
p_ext_000510,u_ext_00188,ext_008,食堂生活,隐藏菜单分享,最近发现一个不错的搭配，价格也还行。,0,0,2026-01-11 23:47:57,3421.0667,食堂|拼饭|窗口测评|校园生活|优惠,生活,宿舍区,0.0,0,0,0,10,normal,18,食堂|拼饭|窗口测评|校园生活|优惠
p_ext_000511,cmJLYnM0UE96WCtWM0xxMGxLSFNmWWZOb251RW5YaU5ocU9Fb1ltQngrRERvNXQvaGFxM2VJUzR1dEtYaXBKb2ZKS2FxSVNGZklTS2lXSjI=,ext_002,问答求助,宿舍维修一般多久来,已经报修了，想问问大家一般多久能处理。,0,0,2026-04-23 22:57:57,973.9,宿舍|课程资料|打印店|求问,生活,宿舍区,0.0,0,0,0,10,normal,19,宿舍|课程资料|打印店|求问
p_ext_000512,u_ext_00321,ext_002,问答求助,宿舍维修一般多久来,已经报修了，想问问大家一般多久能处理。,1,1,2026-02-23 15:46:57,2397.0833,求问|校园卡,生活,教学区,0.0,0,0,0,10,normal,19,求问|校园卡
p_ext_000513,u_ext_00438,ext_002,问答求助,宿舍维修一般多久来,已经报修了，想问问大家一般多久能处理。,0,0,2026-05-03 15:24:57,741.45,打印店|宿舍,生活,图书馆,0.0,0,0,0,10,normal,19,打印店|宿舍
p_ext_000514,dzQrWGhaYTV6V3FGdDlUTGdudW9yb1dUbld5TmhvQnFqbWlJcTQrbXk5SERwcHVobFpYVmdZYXBsYWlHZkp0K2hhcUVlcHVjWnFxRGVXSjI=,ext_002,问答求助,求问校园卡补办流程,校园卡丢了，有没有同学知道补办需要带什么材料。,1,1,2026-02-28 02:19:57,2290.5333,课程资料|宿舍|校园卡|打印店,生活,宿舍区,0.0,0,0,0,10,normal,23,课程资料|宿舍|校园卡|打印店
p_ext_000515,u_ext_00198,ext_001,二手交易,出考研资料,资料保存完整，适合复习使用，价格可小刀。,2,1,2025-12-22 23:11:57,3901.6667,闲置|电动车|二手交易|租房,生活,教学区,0.0,0,0,0,10,normal,20,闲置|电动车|二手交易|租房
p_ext_000516,u_ext_00242,ext_002,问答求助,求问校园卡补办流程,校园卡丢了，有没有同学知道补办需要带什么材料。,0,0,2026-05-25 06:18:57,222.55,求问|打印店|校园卡|课程资料,生活,图书馆,0.0,0,0,0,10,normal,23,求问|打印店|校园卡|课程资料
p_ext_000517,u_ext_00477,ext_002,问答求助,求问校园卡补办流程,校园卡丢了，有没有同学知道补办需要带什么材料。,0,0,2026-04-05 12:28:57,1416.3833,宿舍|求问|打印店,生活,教学区,0.0,0,0,0,10,normal,23,宿舍|求问|打印店
p_ext_000518,u_ext_00172,ext_004,校园生活,有人一起去操场跑步吗,晚上想找搭子慢跑，节奏轻松就行。,0,0,2026-02-27 01:46:57,2315.0833,食堂|校园生活,社交,教学区,0.0,0,0,0,10,normal,16,食堂|校园生活
p_ext_000519,u_ext_00142,ext_001,二手交易,毕业季出闲置,整理宿舍出一些闲置物品，优先校内自提。,1,1,2026-05-25 04:35:57,224.2667,电动车|二手交易|租房|闲置,生活,教学区,150.0,1,0,0,10,normal,19,电动车|二手交易|租房|闲置
p_ext_000520,u_ext_00369,ext_011,实习就业,求简历修改建议,准备投递实习，希望大家给点建议。,1,1,2026-04-10 19:08:57,1289.7167,就业|面试|简历,发展,宿舍区,0.0,0,0,0,10,normal,16,就业|面试|简历
p_ext_000521,u_ext_00218,ext_001,二手交易,收二手电动车,预算有限，想收一辆能正常骑的电动车，最好有校区牌。,0,0,2026-01-22 05:58:57,3174.8833,二手交易|租房|电动车|闲置,生活,教学区,0.0,0,0,0,10,normal,25,二手交易|租房|电动车|闲置
p_ext_000522,dEk5a2duK3JxcStJcVpYUWhtYThqWVdwbGE2TmRtdU9pSDJhcEllUnBkRzdmWUN4ZjVXcWFaS3F6OWlJZkphdGZaT2FiSnBpakxLR2lXSjI=,ext_002,问答求助,求推荐附近打印店,需要打印课程资料，想找价格合适的位置。,0,0,2026-03-26 21:48:57,1647.05,求问|课程资料,生活,教学区,0.0,0,0,0,10,normal,19,求问|课程资料
p_ext_000523,dDZPbm8zMlZrb1NEbEsyVWdhQ3doWmE0aElPUW02SjdqYStBc3BlbnZadTFqcU9LZ0tpWnNJUzRzdGFNamRLQWtwV2FtWkZpZklhQ2VXSjI=,ext_002,问答求助,宿舍维修一般多久来,已经报修了，想问问大家一般多久能处理。,0,0,2026-02-11 17:52:57,2682.9833,宿舍|课程资料|校园卡|打印店,生活,宿舍区,0.0,0,0,0,10,normal,19,宿舍|课程资料|校园卡|打印店
p_ext_000524,u_ext_00255,ext_002,问答求助,宿舍维修一般多久来,已经报修了，想问问大家一般多久能处理。,1,1,2026-02-01 04:44:57,2936.1167,求问|打印店|课程资料|校园卡,生活,校外,0.0,0,0,0,10,normal,19,求问|打印店|课程资料|校园卡
p_ext_000525,u_ext_00108,ext_006,考研保研,考研学习搭子,希望每天互相打卡，保持节奏。,0,0,2026-01-05 20:15:57,3568.6,复试|考研|学习经验|保研|408,学习,食堂区,0.0,0,0,0,10,normal,14,复试|考研|学习经验|保研|408
p_ext_000526,dXFXbnJaU3FrcStTMjUzT2dhTFdvSWJOYTZDRVlZeVJnb3VJclp1TnZiQzBhR1NoZ05Demg0clExTnFJb2Nab2haS0VmWU5qcW4rT3IySjI=,ext_002,问答求助,求问校园卡补办流程,校园卡丢了，有没有同学知道补办需要带什么材料。,0,0,2026-03-26 05:26:57,1663.4167,校园卡|宿舍|课程资料|求问|打印店,生活,全校,0.0,0,0,0,10,normal,23,校园卡|宿舍|课程资料|求问|打印店
p_ext_000527,u_ext_00193,ext_002,问答求助,求问校园卡补办流程,校园卡丢了，有没有同学知道补办需要带什么材料。,0,0,2026-02-24 11:07:57,2377.7333,打印店|求问|课程资料,生活,图书馆,0.0,0,0,0,10,normal,23,打印店|求问|课程资料
p_ext_000528,u_ext_00148,ext_002,问答求助,求推荐附近打印店,需要打印课程资料，想找价格合适的位置。,0,0,2026-05-06 02:30:57,682.35,宿舍|校园卡|打印店|课程资料,生活,校外,0.0,0,0,0,10,normal,19,宿舍|校园卡|打印店|课程资料
p_ext_000529,u_ext_00402,ext_002,问答求助,宿舍维修一般多久来,已经报修了，想问问大家一般多久能处理。,0,0,2025-12-15 06:58:57,4085.8833,打印店|校园卡|宿舍|求问|课程资料,生活,教学区,0.0,0,0,0,10,normal,19,打印店|校园卡|宿舍|求问|课程资料
p_ext_000530,u_ext_00304,ext_002,问答求助,宿舍维修一般多久来,已经报修了，想问问大家一般多久能处理。,1,1,2026-03-05 07:30:57,2165.35,打印店|求问,生活,宿舍区,0.0,0,0,0,10,normal,19,打印店|求问
p_ext_000531,u_ext_00250,ext_003,恋爱交友,找学习搭子,希望互相监督学习，地点可以在图书馆。,0,0,2026-05-15 03:09:57,465.7,搭子|活动|羽毛球|拍照,社交,宿舍区,0.0,0,0,0,10,normal,18,搭子|活动|羽毛球|拍照
p_ext_000532,u_ext_00260,ext_002,问答求助,求问校园卡补办流程,校园卡丢了，有没有同学知道补办需要带什么材料。,0,0,2025-12-21 14:02:57,3934.8167,校园卡|课程资料|打印店|宿舍|求问,生活,图书馆,0.0,0,0,0,10,normal,23,校园卡|课程资料|打印店|宿舍|求问
p_ext_000533,u_ext_00401,ext_002,问答求助,求推荐附近打印店,需要打印课程资料，想找价格合适的位置。,0,0,2026-04-01 02:23:57,1522.4667,校园卡|课程资料|求问|宿舍,生活,全校,0.0,0,0,0,10,normal,19,校园卡|课程资料|求问|宿舍
p_ext_000534,u_ext_00258,ext_001,二手交易,出考研资料,资料保存完整，适合复习使用，价格可小刀。,5,1,2026-03-23 18:54:57,1721.95,租房|闲置|二手交易|教材,生活,食堂区,10.0,0,0,0,10,normal,20,租房|闲置|二手交易|教材
p_ext_000535,u_ext_00319,ext_008,食堂生活,隐藏菜单分享,最近发现一个不错的搭配，价格也还行。,1,1,2026-06-02 16:22:57,20.4833,食堂|校园生活|优惠|拼饭,生活,全校,0.0,0,0,0,10,normal,18,食堂|校园生活|优惠|拼饭
p_ext_000536,u_ext_00156,ext_002,问答求助,求推荐附近打印店,需要打印课程资料，想找价格合适的位置。,0,0,2026-05-18 12:33:57,384.3,求问|课程资料|宿舍|打印店,生活,教学区,0.0,0,0,0,10,normal,19,求问|课程资料|宿舍|打印店
p_ext_000537,u_ext_00380,ext_001,二手交易,收二手电动车,预算有限，想收一辆能正常骑的电动车，最好有校区牌。,0,0,2026-03-17 12:24:57,1872.45,闲置|租房|电动车|教材,生活,校外,0.0,0,0,0,10,normal,25,闲置|租房|电动车|教材
p_ext_000538,u_ext_00106,ext_002,问答求助,宿舍维修一般多久来,已经报修了，想问问大家一般多久能处理。,1,1,2025-12-23 23:02:57,3877.8167,宿舍|课程资料|校园卡|求问,生活,校外,0.0,0,0,0,10,normal,19,宿舍|课程资料|校园卡|求问
p_ext_000539,u_ext_00250,ext_003,恋爱交友,找健身搭子,每周两三次，强度不用太高。,1,1,2026-05-03 14:53:57,741.9667,活动|羽毛球|搭子|拍照,社交,全校,0.0,0,0,0,10,normal,13,活动|羽毛球|搭子|拍照
p_ext_000540,cm11YmY0YlIwWHlHdHJLeG1IbXNoSWZQaUt5SWg1Q0hnV2lMc1lOK3JkVEZhcVp0aU0rN2pZU3F1dG1VWnNhZmxhaC9hNHhrZzdDV3IySjI=,ext_001,二手交易,毕业季出闲置,整理宿舍出一些闲置物品，优先校内自提。,1,1,2026-04-19 10:45:57,1082.1,电动车|租房|闲置|教材|二手交易,生活,宿舍区,0.0,1,1,0,10,normal,19,电动车|租房|闲置|教材|二手交易
p_ext_000541,u_ext_00298,ext_002,问答求助,求问校园卡补办流程,校园卡丢了，有没有同学知道补办需要带什么材料。,1,1,2026-01-04 10:40:57,3602.1833,课程资料|求问|宿舍|校园卡,生活,教学区,0.0,0,0,0,10,normal,23,课程资料|求问|宿舍|校园卡
p_ext_000542,u_ext_00196,ext_003,恋爱交友,找学习搭子,希望互相监督学习，地点可以在图书馆。,0,0,2026-02-08 04:49:57,2768.0333,交友|搭子|拍照|活动|羽毛球,社交,图书馆,0.0,0,0,0,10,normal,18,交友|搭子|拍照|活动|羽毛球
p_ext_000543,u_ext_00290,ext_002,问答求助,求问南校哪里可以自习,最近想找安静地方复习，想问问大家有什么推荐。,1,1,2026-02-21 07:20:57,2453.5167,宿舍|打印店|课程资料,生活,宿舍区,0.0,0,0,0,10,normal,22,宿舍|打印店|课程资料
p_ext_000544,u_ext_00474,ext_011,实习就业,宣讲会信息分享,时间地点已经整理，感兴趣可以看看。,0,0,2026-04-05 09:02:57,1419.8167,招聘|面试,发展,食堂区,0.0,0,1,0,10,normal,17,招聘|面试
p_ext_000545,u_ext_00325,ext_003,恋爱交友,找学习搭子,希望互相监督学习，地点可以在图书馆。,1,1,2026-05-30 00:37:57,108.2333,拍照|活动,社交,教学区,0.0,0,0,0,10,normal,18,拍照|活动
p_ext_000546,u_ext_00413,ext_002,问答求助,求推荐附近打印店,需要打印课程资料，想找价格合适的位置。,0,0,2026-04-23 23:44:57,973.1167,打印店|求问|校园卡|宿舍|课程资料,生活,图书馆,0.0,0,0,0,10,normal,19,打印店|求问|校园卡|宿舍|课程资料
p_ext_000547,u_ext_00113,ext_005,学习交流,这门课给分怎么样,准备选课，想听听上过的同学评价。,0,0,2026-05-03 00:03:57,756.8,复习资料|课程资料|考试,学习,校外,0.0,0,0,0,10,normal,16,复习资料|课程资料|考试
p_ext_000548,u_ext_00180,ext_001,二手交易,收二手电动车,预算有限，想收一辆能正常骑的电动车，最好有校区牌。,3,1,2025-12-26 10:27:57,3818.4,租房|教材|电动车|闲置|二手交易,生活,全校,10.0,1,1,0,10,normal,25,租房|教材|电动车|闲置|二手交易
p_ext_000549,c28rQmlJdlF4SzZIemE3YmdZM05aWk9UZEtTYVlZU0NoWXVpb3BxTnlwZkZwSUN6bGFlM1pvYTN6OXFLZk5xT2hMYUlvNG1HZklLSmlXSjI=,ext_011,实习就业,宣讲会信息分享,时间地点已经整理，感兴趣可以看看。,0,0,2026-01-02 06:15:57,3654.6,招聘|就业,发展,教学区,0.0,0,0,0,10,normal,17,招聘|就业
p_ext_000550,dG42TnEzL091NHVTMEw3T2w2RzRaNVducHFtRlluOXJnNHg0aTRoOXk5M0RwbldEaEpXNmFKVzV0cldIWjlxS2lNNmVvSVdybXFxQmVXSjI=,ext_001,二手交易,出考研资料,资料保存完整，适合复习使用，价格可小刀。,0,0,2025-12-29 22:23:57,3734.4667,电动车|二手交易|闲置|租房,生活,教学区,20.0,0,0,0,10,normal,20,电动车|二手交易|闲置|租房
p_ext_000551,u_ext_00427,ext_003,恋爱交友,找学习搭子,希望互相监督学习，地点可以在图书馆。,0,0,2026-04-05 14:21:57,1414.5,交友|搭子|拍照|活动|羽毛球,社交,食堂区,0.0,0,0,0,10,normal,18,交友|搭子|拍照|活动|羽毛球
p_ext_000552,u_ext_00359,ext_001,二手交易,毕业季出闲置,整理宿舍出一些闲置物品，优先校内自提。,0,0,2025-12-30 01:45:57,3731.1,教材|闲置|二手交易|电动车,生活,宿舍区,0.0,0,0,0,10,normal,19,教材|闲置|二手交易|电动车
p_ext_000553,dDZOa2ZJeTRyMzZIbExhV2hJbkdvbnlWbm8rRWlZdHJoNitla1pwcXhwcXpqV1NrbHF1anI0QzZxZHFOZk5xQWY4K0FqNGFIcHBtWXIySjI=,ext_004,校园生活,吐槽一下今天的校车,等车时间有点久，大家最近有没有类似情况。,0,0,2026-01-26 02:09:57,3082.7,食堂|校车|共享厨房|校园生活,社交,图书馆,0.0,0,0,0,10,normal,20,食堂|校车|共享厨房|校园生活
p_ext_000554,u_ext_00293,ext_002,问答求助,求问校园卡补办流程,校园卡丢了，有没有同学知道补办需要带什么材料。,1,1,2026-05-16 06:44:57,438.1167,课程资料|求问|打印店,生活,教学区,0.0,0,0,0,10,normal,23,课程资料|求问|打印店
p_ext_000555,dHFWNWU0ZVV5YTZFdHJuWGhxL09xNGVub1dxSWhxRm9pV2Q0am9sc3o4REdwbjJrZ2F2Tmg0U290ckdVWjd5Qmk4eUVqcHA0Zkd1SmlXSjI=,ext_002,问答求助,求推荐附近打印店,需要打印课程资料，想找价格合适的位置。,0,0,2026-05-07 21:19:57,639.5333,校园卡|宿舍|课程资料|打印店|求问,生活,全校,0.0,0,0,0,10,normal,19,校园卡|宿舍|课程资料|打印店|求问
p_ext_000556,u_ext_00489,ext_002,问答求助,求推荐附近打印店,需要打印课程资料，想找价格合适的位置。,0,0,2026-02-23 08:48:57,2404.05,校园卡|求问|课程资料,生活,教学区,0.0,0,0,0,10,normal,19,校园卡|求问|课程资料
p_ext_000557,u_ext_00488,ext_013,失物招领,寻找钥匙,可能丢在宿舍区或食堂附近。,0,0,2026-05-01 18:41:57,786.1667,校园卡|钥匙|教学楼|失物招领,生活,食堂区,0.0,0,0,0,10,normal,13,校园卡|钥匙|教学楼|失物招领
p_ext_000558,cjJpcWJJblFyNE9UdHJLdWlHYTRqcFBPZEcyY25JQ3BpWHFlYnBlUXJiK3Zhb1dLaEpiUnJwV21wdHFGZTlLR2hhbDRxSnRrZUtHQ2VXSjI=,ext_006,考研保研,408 考研经验分享,按阶段整理了复习计划和资料选择。,0,0,2026-02-14 01:43:57,2627.1333,保研|复试|学习经验|考研,学习,教学区,0.0,0,0,0,10,normal,16,保研|复试|学习经验|考研
p_ext_000559,u_ext_00466,ext_003,恋爱交友,周末有人一起打羽毛球吗,新手友好，主要想活动一下。,0,0,2025-12-17 11:09:57,4033.7,羽毛球|搭子|交友|拍照|活动,社交,图书馆,0.0,0,0,0,10,normal,13,羽毛球|搭子|交友|拍照|活动
p_ext_000560,dFd0MWZJbXFxNnVFcDZuWGdhQ3ZxNU9uZUlxUnE0eCtobjJFZ1p1bnZhNnlhSG1xbDZpV25vZTJ6NUtJWjZlc2tyZUFib2hobm4rSWlXSjI=,ext_002,问答求助,求推荐附近打印店,需要打印课程资料，想找价格合适的位置。,1,1,2026-03-19 01:16:57,1835.5833,宿舍|求问|打印店|课程资料|校园卡,生活,校外,0.0,0,0,0,10,normal,19,宿舍|求问|打印店|课程资料|校园卡
p_ext_000561,u_ext_00213,ext_001,二手交易,毕业季出闲置,整理宿舍出一些闲置物品，优先校内自提。,0,0,2026-02-28 18:40:57,2274.1833,租房|二手交易|教材|电动车|闲置,生活,校外,50.0,1,1,0,10,normal,19,租房|二手交易|教材|电动车|闲置
p_ext_000562,u_ext_00287,ext_003,恋爱交友,找健身搭子,每周两三次，强度不用太高。,0,0,2026-05-02 15:17:57,765.5667,搭子|活动|交友|拍照,社交,教学区,0.0,0,0,0,10,normal,13,搭子|活动|交友|拍照
p_ext_000563,u_ext_00450,ext_002,问答求助,求问南校哪里可以自习,最近想找安静地方复习，想问问大家有什么推荐。,1,1,2026-03-12 03:54:57,2000.95,宿舍|校园卡|求问,生活,教学区,0.0,0,0,0,10,normal,22,宿舍|校园卡|求问
p_ext_000564,u_ext_00370,ext_002,问答求助,宿舍维修一般多久来,已经报修了，想问问大家一般多久能处理。,1,1,2025-12-16 02:53:57,4065.9667,校园卡|课程资料,生活,图书馆,0.0,0,0,0,10,normal,19,校园卡|课程资料
p_ext_000565,u_ext_00153,ext_002,问答求助,求问校园卡补办流程,校园卡丢了，有没有同学知道补办需要带什么材料。,0,0,2025-12-04 22:09:57,4334.7,宿舍|求问|校园卡|课程资料|打印店,生活,全校,0.0,0,0,0,10,normal,23,宿舍|求问|校园卡|课程资料|打印店
p_ext_000566,u_ext_00478,ext_003,恋爱交友,毕业照拍照搭子,想找同学一起拍照，时间可以商量。,1,1,2026-04-05 09:52:57,1418.9833,活动|搭子|拍照|羽毛球|交友,社交,图书馆,0.0,0,0,0,10,normal,16,活动|搭子|拍照|羽毛球|交友
p_ext_000567,cm95WGhwZTZ1NFNLbE1pNGdaK25aNHJRZUt5YWRvQ2toWXBqczVlQW5KYTBwSW1TZ0x2RVozKzN6TFNDakp0bmxybUFoSmgxa0c2TGlXSjI=,ext_003,恋爱交友,周末有人一起打羽毛球吗,新手友好，主要想活动一下。,0,0,2026-02-09 08:25:57,2740.4333,拍照|交友|活动,社交,图书馆,0.0,0,0,0,10,normal,13,拍照|交友|活动
p_ext_000568,u_ext_00332,ext_008,食堂生活,食堂新窗口测评,今天试了一下，味道和分量都还可以。,0,0,2026-02-14 11:18:57,2617.55,食堂|优惠|校园生活|窗口测评|拼饭,生活,校外,0.0,0,0,0,10,normal,17,食堂|优惠|校园生活|窗口测评|拼饭
p_ext_000569,u_ext_00141,ext_001,二手交易,出二手自行车,车况正常，适合校内通勤，北校园附近交易，可自提。,1,1,2026-04-15 21:14:57,1167.6167,教材|二手交易|电动车,生活,宿舍区,20.0,0,0,0,10,normal,24,教材|二手交易|电动车
p_ext_000570,u_ext_00185,ext_002,问答求助,宿舍维修一般多久来,已经报修了，想问问大家一般多久能处理。,0,0,2026-01-03 01:07:57,3635.7333,宿舍|打印店|课程资料,生活,宿舍区,0.0,0,0,0,10,normal,19,宿舍|打印店|课程资料
p_ext_000571,u_ext_00406,ext_002,问答求助,求问南校哪里可以自习,最近想找安静地方复习，想问问大家有什么推荐。,1,1,2026-01-03 10:51:57,3626.0,课程资料|打印店|校园卡,生活,食堂区,0.0,0,0,0,10,normal,22,课程资料|打印店|校园卡
p_ext_000572,dXFXbnJaU3FrcStTMjUzT2dhTFdvSWJOYTZDRVlZeVJnb3VJclp1TnZiQzBhR1NoZ05Demg0clExTnFJb2Nab2haS0VmWU5qcW4rT3IySjI=,ext_002,问答求助,求推荐附近打印店,需要打印课程资料，想找价格合适的位置。,1,1,2026-01-03 17:30:57,3619.35,宿舍|打印店|课程资料|求问|校园卡,生活,校外,0.0,0,0,0,10,normal,19,宿舍|打印店|课程资料|求问|校园卡
p_ext_000573,u_ext_00275,ext_001,二手交易,出考研资料,资料保存完整，适合复习使用，价格可小刀。,3,1,2026-04-23 06:49:57,990.0333,闲置|电动车|教材|租房|二手交易,生活,食堂区,0.0,1,0,0,10,normal,20,闲置|电动车|教材|租房|二手交易
p_ext_000574,u_ext_00140,ext_002,问答求助,求推荐附近打印店,需要打印课程资料，想找价格合适的位置。,0,0,2026-01-16 09:55:57,3314.9333,校园卡|求问|课程资料|打印店|宿舍,生活,图书馆,0.0,0,0,0,10,normal,19,校园卡|求问|课程资料|打印店|宿舍
p_ext_000575,u_ext_00375,ext_002,问答求助,求问校园卡补办流程,校园卡丢了，有没有同学知道补办需要带什么材料。,0,0,2026-01-14 22:20:57,3350.5167,课程资料|校园卡|求问|宿舍|打印店,生活,食堂区,0.0,0,0,0,10,normal,23,课程资料|校园卡|求问|宿舍|打印店
p_ext_000576,u_ext_00302,ext_002,问答求助,宿舍维修一般多久来,已经报修了，想问问大家一般多久能处理。,0,0,2026-01-13 06:26:57,3390.4167,求问|宿舍,生活,宿舍区,0.0,0,0,0,10,normal,19,求问|宿舍
p_ext_000577,u_ext_00471,ext_003,恋爱交友,毕业照拍照搭子,想找同学一起拍照，时间可以商量。,1,1,2026-03-06 23:34:57,2125.2833,活动|拍照|羽毛球|交友,社交,宿舍区,0.0,0,0,0,10,normal,16,活动|拍照|羽毛球|交友
p_ext_000578,u_ext_00165,ext_002,问答求助,宿舍维修一般多久来,已经报修了，想问问大家一般多久能处理。,0,0,2026-02-17 15:33:57,2541.3,课程资料|宿舍|求问|打印店|校园卡,生活,图书馆,0.0,0,0,0,10,normal,19,课程资料|宿舍|求问|打印店|校园卡
p_ext_000579,u_ext_00451,ext_004,校园生活,宿舍区附近有什么好吃的,想换换口味，求推荐附近小店。,0,0,2026-01-25 12:40:57,3096.1833,校车|校园生活|共享厨房,社交,教学区,0.0,0,0,0,10,normal,14,校车|校园生活|共享厨房
p_ext_000580,u_ext_00350,ext_003,恋爱交友,周末有人一起打羽毛球吗,新手友好，主要想活动一下。,0,0,2026-03-30 06:14:57,1566.6167,拍照|羽毛球,社交,教学区,0.0,0,0,0,10,normal,13,拍照|羽毛球
p_ext_000581,u_ext_00491,ext_002,问答求助,求推荐附近打印店,需要打印课程资料，想找价格合适的位置。,0,0,2026-01-12 19:36:57,3401.25,校园卡|打印店|课程资料,生活,教学区,0.0,0,0,0,10,normal,19,校园卡|打印店|课程资料
p_ext_000582,u_ext_00490,ext_004,校园生活,宿舍区附近有什么好吃的,想换换口味，求推荐附近小店。,0,0,2026-04-03 05:17:57,1471.5667,共享厨房|食堂|校车|校园生活|宿舍,社交,图书馆,0.0,0,0,0,10,normal,14,共享厨房|食堂|校车|校园生活|宿舍
p_ext_000583,u_ext_00227,ext_003,恋爱交友,找学习搭子,希望互相监督学习，地点可以在图书馆。,0,0,2026-05-02 01:06:57,779.75,羽毛球|搭子,社交,图书馆,0.0,0,0,0,10,normal,18,羽毛球|搭子
p_ext_000584,dzZTYXE1YW9sbzZXdUwyV2dLQzBabnpjbW4rRllaNnVqcUNNaFlKc3pwbTRmNnR2ZzdxM2lJdTJwcXlZb2FSL2ZzMW5mbzZKcG1tRGVXSjI=,ext_009,社团活动,社团招新公告,面向所有年级，零基础也可以参加。,0,0,2026-05-31 16:59:57,67.8667,志愿服务|社团|活动,社交,图书馆,0.0,0,0,0,10,normal,16,志愿服务|社团|活动
p_ext_000585,u_ext_00184,ext_010,竞赛科研,论文阅读小组,一起读论文，互相讲解重点。,0,0,2025-12-29 00:42:57,3756.15,论文|组队,发展,校外,0.0,0,0,0,10,normal,13,论文|组队
p_ext_000586,u_ext_00213,ext_010,竞赛科研,科研项目招人,每周有固定讨论，适合想了解科研的同学。,0,0,2026-02-09 11:28:57,2737.3833,组队|创新项目|论文,发展,教学区,0.0,0,0,0,10,normal,19,组队|创新项目|论文
p_ext_000587,u_ext_00144,ext_001,二手交易,出考研资料,资料保存完整，适合复习使用，价格可小刀。,0,0,2026-04-07 08:43:57,1372.1333,二手交易|电动车|闲置|教材|租房,生活,食堂区,10.0,1,0,0,10,normal,20,二手交易|电动车|闲置|教材|租房
p_ext_000588,u_ext_00161,ext_002,问答求助,求推荐附近打印店,需要打印课程资料，想找价格合适的位置。,0,0,2026-03-11 03:03:57,2025.8,校园卡|宿舍|打印店|课程资料,生活,教学区,0.0,0,0,0,10,normal,19,校园卡|宿舍|打印店|课程资料
p_ext_000589,u_ext_00307,ext_001,二手交易,毕业季出闲置,整理宿舍出一些闲置物品，优先校内自提。,0,0,2026-04-12 21:19:57,1239.5333,电动车|二手交易|闲置|教材|租房,生活,图书馆,20.0,0,0,0,10,normal,19,电动车|二手交易|闲置|教材|租房
p_ext_000590,u_ext_00140,ext_004,校园生活,吐槽一下今天的校车,等车时间有点久，大家最近有没有类似情况。,1,1,2026-01-17 01:22:57,3299.4833,食堂|校车|宿舍|校园生活,社交,图书馆,0.0,0,0,0,10,normal,20,食堂|校车|宿舍|校园生活
p_ext_000591,u_ext_00240,ext_002,问答求助,宿舍维修一般多久来,已经报修了，想问问大家一般多久能处理。,0,0,2026-05-07 02:53:57,657.9667,打印店|求问,生活,校外,0.0,0,0,0,10,normal,19,打印店|求问
p_ext_000592,eFkxNWo0ZTdxNHVMazZxdGw0dTRkMzY2ZktxT2hZU3NsMmVWYklXTnJkMnZmNStEZjVUTmVZT1RzcWFZaXF5Vms3bWxhNXRocldpTGlXSjI=,ext_002,问答求助,求问校园卡补办流程,校园卡丢了，有没有同学知道补办需要带什么材料。,1,1,2026-01-25 03:27:57,3105.4,宿舍|课程资料|求问|打印店,生活,教学区,0.0,0,0,0,10,normal,23,宿舍|课程资料|求问|打印店
p_ext_000593,u_ext_00384,ext_013,失物招领,捡到校园卡,在教学楼附近捡到，失主可以联系认领。,0,0,2026-05-25 16:58:57,211.8833,钥匙|证件|教学楼|失物招领|校园卡,生活,全校,0.0,0,0,0,10,normal,18,钥匙|证件|教学楼|失物招领|校园卡
p_ext_000594,u_ext_00249,ext_002,问答求助,求问校园卡补办流程,校园卡丢了，有没有同学知道补办需要带什么材料。,1,1,2026-02-26 23:42:57,2317.15,打印店|宿舍|求问,生活,食堂区,0.0,0,0,0,10,normal,23,打印店|宿舍|求问
p_ext_000595,u_ext_00122,ext_007,课程评价,选课避坑指南,整理一些个人体验，欢迎补充不同看法。,0,0,2026-05-28 23:05:57,133.7667,选课|老师|期末,学习,校外,0.0,0,0,0,10,normal,18,选课|老师|期末
p_ext_000596,u_ext_00144,ext_012,兼职实习,兼职避坑提醒,整理一些常见注意事项。,1,1,2025-12-06 14:18:57,4294.55,实习|家教|兼职|招聘,发展,校外,0.0,0,0,0,10,normal,11,实习|家教|兼职|招聘
p_ext_000597,u_ext_00393,ext_002,问答求助,求推荐附近打印店,需要打印课程资料，想找价格合适的位置。,1,1,2026-05-17 13:28:57,407.3833,校园卡|宿舍|打印店|求问|课程资料,生活,全校,0.0,0,0,0,10,normal,19,校园卡|宿舍|打印店|求问|课程资料
p_ext_000598,u_ext_00442,ext_001,二手交易,毕业季出闲置,整理宿舍出一些闲置物品，优先校内自提。,0,0,2025-12-16 06:28:57,4062.3833,租房|二手交易,生活,宿舍区,150.0,1,1,0,10,normal,19,租房|二手交易
p_ext_000599,u_ext_00198,ext_001,二手交易,出考研资料,资料保存完整，适合复习使用，价格可小刀。,0,0,2026-02-12 15:25:57,2661.4333,电动车|租房|二手交易|闲置|教材,生活,教学区,90.0,0,0,0,10,normal,20,电动车|租房|二手交易|闲置|教材
p_ext_000600,u_ext_00335,ext_007,课程评价,这门课给分怎么样,想问问作业量和期末难度。,1,1,2026-02-22 21:11:57,2415.6667,课程评价|选课|期末,学习,全校,0.0,0,0,0,10,normal,12,课程评价|选课|期末
p_ext_000601,u_ext_00285,ext_007,课程评价,这门课给分怎么样,想问问作业量和期末难度。,0,0,2025-12-18 20:27:57,4000.4,课程评价|老师,学习,全校,0.0,0,0,0,10,normal,12,课程评价|老师
p_ext_000602,u_ext_00233,ext_002,问答求助,宿舍维修一般多久来,已经报修了，想问问大家一般多久能处理。,0,0,2026-02-17 02:29:57,2554.3667,打印店|宿舍,生活,全校,0.0,0,0,0,10,normal,19,打印店|宿舍
p_ext_000603,u_ext_00384,ext_002,问答求助,求问南校哪里可以自习,最近想找安静地方复习，想问问大家有什么推荐。,0,0,2026-04-11 22:14:57,1262.6167,校园卡|宿舍|课程资料,生活,校外,0.0,0,0,0,10,normal,22,校园卡|宿舍|课程资料
p_ext_000604,u_ext_00166,ext_001,二手交易,出二手自行车,车况正常，适合校内通勤，深圳校区附近交易，可自提。,1,1,2026-01-18 19:07:57,3257.7333,二手交易|教材,生活,图书馆,20.0,1,0,0,10,normal,25,二手交易|教材
p_ext_000605,u_ext_00239,ext_002,问答求助,求问校园卡补办流程,校园卡丢了，有没有同学知道补办需要带什么材料。,1,1,2026-06-03 00:33:57,12.3,求问|校园卡|课程资料|打印店,生活,食堂区,0.0,0,0,0,10,normal,23,求问|校园卡|课程资料|打印店
p_ext_000606,u_ext_00352,ext_002,问答求助,宿舍维修一般多久来,已经报修了，想问问大家一般多久能处理。,1,1,2026-02-05 08:20:57,2836.5167,求问|校园卡|课程资料|宿舍|打印店,生活,食堂区,0.0,0,0,0,10,normal,19,求问|校园卡|课程资料|宿舍|打印店
p_ext_000607,dzJxanFaZXB4WWVWdWEzVGphRzBvWDNjZElxUW5xNTZtS0dlYklTQXg4ZkVwWDJRaHRDVmEzNnAxSk9JZWJDS2hxbVdyNXFjb29PRGVXSjI=,ext_002,问答求助,宿舍维修一般多久来,已经报修了，想问问大家一般多久能处理。,0,0,2026-04-06 00:06:57,1404.75,求问|校园卡,生活,校外,0.0,0,0,0,10,normal,19,求问|校园卡
p_ext_000608,u_ext_00185,ext_002,问答求助,求推荐附近打印店,需要打印课程资料，想找价格合适的位置。,1,1,2026-04-01 07:57:57,1516.9,打印店|课程资料,生活,全校,0.0,0,0,0,10,normal,19,打印店|课程资料
p_ext_000609,u_ext_00176,ext_001,二手交易,出考研资料,资料保存完整，适合复习使用，价格可小刀。,0,0,2026-01-06 12:18:57,3552.55,电动车|租房|二手交易,生活,食堂区,0.0,1,0,0,10,normal,20,电动车|租房|二手交易
p_ext_000610,cnFSOW81YVRsckNXdXFiTGhHak5ySWpPbm9tR2lJTnJqb3Q3cjRTUHNOeTRwSFd4ZjdpdnJwUFB0cTJOWjdSbmlzK2VwSkY0b211V3IySjI=,ext_003,恋爱交友,毕业照拍照搭子,想找同学一起拍照，时间可以商量。,0,0,2026-04-13 12:54:57,1223.95,羽毛球|交友|拍照,社交,宿舍区,0.0,0,0,0,10,normal,16,羽毛球|交友|拍照
p_ext_000611,dDQ1MWk1ZTN4YkIvazY2MmxYcXdvSU8zZktHWWhxWm9tR2RqYVptUnZhN0NwWTJLaDZlM1pwWE9wcFNNWnJSK2twSnJlcGxpa0krTGlXSjI=,ext_001,二手交易,出二手自行车,车况正常，适合校内通勤，东校园附近交易，可自提。,0,0,2026-02-26 20:10:57,2320.6833,二手交易|租房,生活,全校,0.0,1,1,0,10,normal,24,二手交易|租房
p_ext_000612,u_ext_00107,ext_003,恋爱交友,毕业照拍照搭子,想找同学一起拍照，时间可以商量。,0,0,2026-01-16 03:31:57,3321.3333,搭子|活动|交友|羽毛球,社交,图书馆,0.0,0,0,0,10,normal,16,搭子|活动|交友|羽毛球
p_ext_000613,u_ext_00483,ext_013,失物招领,请帮忙找背包,今天下午可能落在自习室。,1,1,2026-04-21 02:09:57,1042.7,失物招领|钥匙|证件|校园卡,生活,全校,0.0,0,0,0,10,normal,12,失物招领|钥匙|证件|校园卡
p_ext_000614,u_ext_00137,ext_004,校园生活,有人一起去操场跑步吗,晚上想找搭子慢跑，节奏轻松就行。,1,1,2026-01-16 15:46:57,3309.0833,共享厨房|校车|宿舍,社交,图书馆,0.0,0,0,0,10,normal,16,共享厨房|校车|宿舍
p_ext_000615,cjMrRms1ZXJyNE4vcWR2YWlJdktySkxjbHFlTG5hYXJpNkdpajVxbTA2KzFrSFd6bHMrN281UFF0cTZJZTZTRGdMcUxhWkNkZkdpQ2VXSjI=,ext_009,社团活动,志愿服务招募,需要几位同学协助现场秩序。,0,0,2026-03-12 23:49:57,1981.0333,活动|招新|志愿服务|社团,社交,全校,0.0,0,0,0,10,normal,13,活动|招新|志愿服务|社团
p_ext_000616,dDMxb2E0ZmMxYU9XcWR5MGxJMjhwSDdRZElhTXFxcVpnbnlJaW9lbno3RzFmb21uZmQzTmlZUFF1ZGlJb05Hc2lwS2FpSU5qbldxWHIySjI=,ext_011,实习就业,暑期实习内推,岗位适合大三大四，有相关项目经验更好。,0,0,2026-03-11 05:38:57,2023.2167,招聘|就业|面试|实习|简历,发展,图书馆,0.0,0,1,0,10,normal,19,招聘|就业|面试|实习|简历
p_ext_000617,dEthZmJaT29zMmlHcXNpWGpZdWpxNVROWTdDUmVLMnVtS0dXa0l5bXFicTFwbmx0aGJpdmpwUzRxWlNFWmJ5RGk4Mk1ocGgybW5xSGlXSjI=,ext_002,问答求助,宿舍维修一般多久来,已经报修了，想问问大家一般多久能处理。,0,0,2026-05-17 02:42:57,418.15,求问|打印店,生活,全校,0.0,0,0,0,10,normal,19,求问|打印店
p_ext_000618,u_ext_00495,ext_002,问答求助,求推荐附近打印店,需要打印课程资料，想找价格合适的位置。,0,0,2026-03-07 00:26:57,2124.4167,课程资料|求问|校园卡,生活,食堂区,0.0,0,0,0,10,normal,19,课程资料|求问|校园卡
p_ext_000619,u_ext_00434,ext_004,校园生活,宿舍区附近有什么好吃的,想换换口味，求推荐附近小店。,0,0,2026-03-04 17:21:57,2179.5,校车|食堂|宿舍,社交,教学区,0.0,0,0,0,10,normal,14,校车|食堂|宿舍
p_ext_000620,u_ext_00311,ext_001,二手交易,收二手电动车,预算有限，想收一辆能正常骑的电动车，最好有校区牌。,1,1,2025-12-10 00:20:57,4212.5167,教材|闲置|二手交易,生活,全校,10.0,1,1,0,10,normal,25,教材|闲置|二手交易
p_ext_000621,u_ext_00486,ext_012,兼职实习,实习信息交流,看到一些岗位，想和大家讨论一下。,0,0,2026-01-20 17:59:57,3210.8667,兼职|薪资|实习,发展,全校,0.0,0,0,0,10,normal,16,兼职|薪资|实习
p_ext_000622,u_ext_00300,ext_002,问答求助,求问南校哪里可以自习,最近想找安静地方复习，想问问大家有什么推荐。,1,1,2026-03-17 20:16:57,1864.5833,求问|宿舍,生活,教学区,0.0,0,0,0,10,normal,22,求问|宿舍
p_ext_000623,u_ext_00425,ext_002,问答求助,求推荐附近打印店,需要打印课程资料，想找价格合适的位置。,1,1,2026-03-29 07:40:57,1589.1833,宿舍|打印店|课程资料|校园卡|求问,生活,食堂区,0.0,0,0,0,10,normal,19,宿舍|打印店|课程资料|校园卡|求问
p_ext_000624,dXFLSmlwYW5zNnlVa3FxM2xtVzRycGE0ZDIyT2VZeG9sMmlBb1psOG05N0RrSWh1Z2Flam9aV1UwTmlVcjZPdGk2aWhzSnQ1Z0hxRmlXSjI=,ext_003,恋爱交友,周末有人一起打羽毛球吗,新手友好，主要想活动一下。,0,0,2026-04-30 23:21:57,805.5,拍照|活动,社交,宿舍区,0.0,0,0,0,10,normal,13,拍照|活动
p_ext_000625,u_ext_00358,ext_005,学习交流,这门课给分怎么样,准备选课，想听听上过的同学评价。,0,0,2026-02-03 12:35:57,2880.2667,考试|学习交流|学习经验,学习,食堂区,0.0,0,0,0,10,normal,16,考试|学习交流|学习经验
p_ext_000626,u_ext_00405,ext_012,兼职实习,短期兼职信息,适合课余时间，有意可以留言。,1,1,2026-02-17 17:27:57,2539.4,家教|薪资,发展,食堂区,0.0,0,0,0,10,normal,14,家教|薪资
p_ext_000627,u_ext_00296,ext_002,问答求助,求问南校哪里可以自习,最近想找安静地方复习，想问问大家有什么推荐。,0,0,2026-04-16 08:48:57,1156.05,课程资料|求问|宿舍|打印店|校园卡,生活,全校,0.0,0,0,0,10,normal,22,课程资料|求问|宿舍|打印店|校园卡
p_ext_000628,u_ext_00475,ext_001,二手交易,出考研资料,资料保存完整，适合复习使用，价格可小刀。,5,1,2026-05-21 16:40:57,308.1833,租房|闲置|电动车|教材|二手交易,生活,全校,10.0,0,1,0,10,normal,20,租房|闲置|电动车|教材|二手交易
p_ext_000629,u_ext_00232,ext_008,食堂生活,隐藏菜单分享,最近发现一个不错的搭配，价格也还行。,2,1,2026-01-14 16:31:57,3356.3333,优惠|窗口测评|校园生活|食堂|拼饭,生活,图书馆,0.0,0,0,0,10,normal,18,优惠|窗口测评|校园生活|食堂|拼饭
p_ext_000630,u_ext_00399,ext_002,问答求助,宿舍维修一般多久来,已经报修了，想问问大家一般多久能处理。,0,0,2026-05-28 11:13:57,145.6333,宿舍|求问|打印店|课程资料,生活,图书馆,0.0,0,0,0,10,normal,19,宿舍|求问|打印店|课程资料
p_ext_000631,u_ext_00360,ext_006,考研保研,408 考研经验分享,按阶段整理了复习计划和资料选择。,0,0,2026-04-03 10:30:57,1466.35,复试|保研,学习,食堂区,0.0,0,0,0,10,normal,16,复试|保研
p_ext_000632,u_ext_00421,ext_002,问答求助,求问南校哪里可以自习,最近想找安静地方复习，想问问大家有什么推荐。,0,0,2026-04-16 05:23:57,1159.4667,校园卡|求问|宿舍,生活,宿舍区,0.0,0,0,0,10,normal,22,校园卡|求问|宿舍
p_ext_000633,u_ext_00308,ext_002,问答求助,求问校园卡补办流程,校园卡丢了，有没有同学知道补办需要带什么材料。,0,0,2026-05-15 04:20:57,464.5167,校园卡|打印店|宿舍,生活,教学区,0.0,0,0,0,10,normal,23,校园卡|打印店|宿舍
p_ext_000634,u_ext_00455,ext_001,二手交易,出考研资料,资料保存完整，适合复习使用，价格可小刀。,0,0,2026-04-09 23:26:57,1309.4167,租房|二手交易|教材|电动车,生活,图书馆,0.0,1,1,0,10,normal,20,租房|二手交易|教材|电动车
p_ext_000635,u_ext_00260,ext_003,恋爱交友,找学习搭子,希望互相监督学习，地点可以在图书馆。,0,0,2025-12-20 09:41:57,3963.1667,搭子|羽毛球|交友|活动,社交,教学区,0.0,0,0,0,10,normal,18,搭子|羽毛球|交友|活动
p_ext_000636,u_ext_00140,ext_001,二手交易,出二手自行车,车况正常，适合校内通勤，东校园附近交易，可自提。,2,1,2026-01-07 15:30:57,3525.35,电动车|租房|闲置|教材,生活,全校,0.0,1,1,0,10,normal,24,电动车|租房|闲置|教材
p_ext_000637,u_ext_00103,ext_002,问答求助,宿舍维修一般多久来,已经报修了，想问问大家一般多久能处理。,1,1,2025-12-09 15:19:57,4221.5333,校园卡|求问|打印店,生活,全校,0.0,0,0,0,10,normal,19,校园卡|求问|打印店
p_ext_000638,u_ext_00311,ext_002,问答求助,求问校园卡补办流程,校园卡丢了，有没有同学知道补办需要带什么材料。,0,0,2026-01-30 08:08:57,2980.7167,课程资料|求问,生活,教学区,0.0,0,0,0,10,normal,23,课程资料|求问
p_ext_000639,u_ext_00364,ext_002,问答求助,求问南校哪里可以自习,最近想找安静地方复习，想问问大家有什么推荐。,0,0,2026-04-05 01:24:57,1427.45,课程资料|求问|校园卡,生活,校外,0.0,0,0,0,10,normal,22,课程资料|求问|校园卡
p_ext_000640,u_ext_00440,ext_001,二手交易,出二手自行车,车况正常，适合校内通勤，东校园附近交易，可自提。,0,0,2025-12-26 03:02:57,3825.8167,二手交易|电动车|租房,生活,宿舍区,50.0,0,1,0,10,normal,24,二手交易|电动车|租房
p_ext_000641,u_ext_00443,ext_002,问答求助,求推荐附近打印店,需要打印课程资料，想找价格合适的位置。,0,0,2026-02-08 01:41:57,2771.1667,课程资料|校园卡,生活,教学区,0.0,0,0,0,10,normal,19,课程资料|校园卡
p_ext_000642,cm95WGhwZTZ1NFNLbE1pNGdaK25aNHJRZUt5YWRvQ2toWXBqczVlQW5KYTBwSW1TZ0x2RVozKzN6TFNDakp0bmxybUFoSmgxa0c2TGlXSjI=,ext_001,二手交易,毕业季出闲置,整理宿舍出一些闲置物品，优先校内自提。,1,1,2025-12-26 18:07:57,3810.7333,二手交易|租房,生活,校外,20.0,1,0,0,10,normal,19,二手交易|租房
p_ext_000643,dTQ2TmZJemRxbWw5azY2MWpYcThnNHFTbnEySm5ZeHRnWitNcElxa3ZiQ3ZqWDJ4ZjlDU2U1SzZwcldVZmJpRmhhbXFwWXVHbnF1SGlXSjI=,ext_002,问答求助,求问南校哪里可以自习,最近想找安静地方复习，想问问大家有什么推荐。,0,0,2026-02-06 14:23:57,2806.4667,宿舍|打印店,生活,图书馆,0.0,0,0,0,10,normal,22,宿舍|打印店
p_ext_000644,u_ext_00354,ext_001,二手交易,出考研资料,资料保存完整，适合复习使用，价格可小刀。,3,1,2026-06-01 11:43:57,49.1333,闲置|教材|电动车|租房|二手交易,生活,图书馆,10.0,0,0,0,10,normal,20,闲置|教材|电动车|租房|二手交易
p_ext_000645,u_ext_00219,ext_009,社团活动,志愿服务招募,需要几位同学协助现场秩序。,0,0,2026-02-17 04:21:57,2552.5,招新|交友|活动|志愿服务|社团,社交,食堂区,0.0,0,0,0,10,normal,13,招新|交友|活动|志愿服务|社团
p_ext_000646,dHBCMW81U254WDZEemEyVmhhRGFkbjdPZ0lDUllwbHBsNHFtb1l0OXJiVERzb0J0ZjVhM2lwYTYwOU9WZkp0NWxLaUFqWkYwYjRlSWlXSjI=,ext_003,恋爱交友,找健身搭子,每周两三次，强度不用太高。,0,0,2026-03-26 05:43:57,1663.1333,拍照|搭子,社交,教学区,0.0,0,0,0,10,normal,13,拍照|搭子
p_ext_000647,dzQ5OWFZU1Rsb0NBdU5DMGlxR3dpSVMzYXJHR2VZZHBsNHVoYllWK3RjNnprSDJ4aWMzSWE1S21ycmlHaTd1bWZKS0FqNFoyb29lSWlXSjI=,ext_002,问答求助,宿舍维修一般多久来,已经报修了，想问问大家一般多久能处理。,0,0,2026-02-04 12:37:57,2856.2333,校园卡|求问|课程资料|宿舍,生活,宿舍区,0.0,0,0,0,10,normal,19,校园卡|求问|课程资料|宿舍
p_ext_000648,u_ext_00133,ext_001,二手交易,毕业季出闲置,整理宿舍出一些闲置物品，优先校内自提。,1,1,2025-12-27 21:05:57,3783.7667,租房|教材,生活,全校,10.0,1,0,0,10,normal,19,租房|教材
p_ext_000649,u_ext_00270,ext_004,校园生活,有人一起去操场跑步吗,晚上想找搭子慢跑，节奏轻松就行。,1,1,2026-02-10 12:52:57,2711.9833,宿舍|校园生活|食堂,社交,图书馆,0.0,0,0,0,10,normal,16,宿舍|校园生活|食堂
p_ext_000650,u_ext_00166,ext_001,二手交易,收二手电动车,预算有限，想收一辆能正常骑的电动车，最好有校区牌。,0,0,2026-05-03 11:08:57,745.7167,电动车|二手交易,生活,教学区,0.0,1,1,0,10,normal,25,电动车|二手交易
p_ext_000651,dzZXQmdJTzZsckNGdDVXcWZtaWtxSk81aUt1RmlZK3dpcUdhanBxbHZiKzBwWDE5bHFqSXJJS1VxdEdZbjdoN2c5dHJzbzJjaEltS2lXSjI=,ext_001,二手交易,出考研资料,资料保存完整，适合复习使用，价格可小刀。,0,0,2026-02-06 10:10:57,2810.6833,租房|教材|二手交易|闲置|电动车,生活,图书馆,0.0,1,1,0,10,normal,20,租房|教材|二手交易|闲置|电动车
p_ext_000652,u_ext_00241,ext_002,问答求助,求推荐附近打印店,需要打印课程资料，想找价格合适的位置。,1,1,2026-02-06 22:53:57,2797.9667,求问|校园卡,生活,全校,0.0,0,0,0,10,normal,19,求问|校园卡
p_ext_000653,dG8yWGtaYlFyNCtHMExLUmxYcldhWlRRZUg2Wm0zaWxpSDJEc0kybXg4NjdwbjJPbGRDU3FJZW11czZYZWNaNmY3aUlmb3VmZUlLTGlXSjI=,ext_003,恋爱交友,毕业照拍照搭子,想找同学一起拍照，时间可以商量。,0,0,2026-06-02 16:39:57,20.2,交友|活动|搭子|羽毛球|拍照,社交,图书馆,0.0,0,0,0,10,normal,16,交友|活动|搭子|羽毛球|拍照
p_ext_000654,u_ext_00402,ext_013,失物招领,证件失物招领,在图书馆座位旁看到。,0,0,2026-05-07 22:56:57,637.9167,校园卡|教学楼|钥匙|失物招领,生活,食堂区,0.0,0,0,0,10,normal,10,校园卡|教学楼|钥匙|失物招领
p_ext_000655,u_ext_00437,ext_002,问答求助,求推荐附近打印店,需要打印课程资料，想找价格合适的位置。,0,0,2026-01-15 09:44:57,3339.1167,求问|打印店|校园卡,生活,校外,0.0,0,0,0,10,normal,19,求问|打印店|校园卡
p_ext_000656,dFk2aWE0UzVyNmVMdUw3UmxwK3dkNVc2aUgrTGRvaWlqcUtXczVxa3VhN0VqV05zaGFpdmczNlUwTHVGaXBPRWhzK2RycHFlakl1SmlXSjI=,ext_001,二手交易,出二手自行车,车况正常，适合校内通勤，南校园附近交易，可自提。,5,1,2026-05-20 04:16:57,344.5833,教材|租房,生活,食堂区,150.0,1,0,0,10,normal,24,教材|租房
p_ext_000657,u_ext_00193,ext_001,二手交易,出考研资料,资料保存完整，适合复习使用，价格可小刀。,1,1,2025-12-30 12:43:57,3720.1333,租房|电动车|教材,生活,食堂区,90.0,0,0,0,10,normal,20,租房|电动车|教材
p_ext_000658,u_ext_00332,ext_001,二手交易,收二手电动车,预算有限，想收一辆能正常骑的电动车，最好有校区牌。,0,0,2026-05-13 01:01:57,515.8333,租房|教材,生活,图书馆,0.0,0,0,0,10,normal,25,租房|教材
p_ext_000659,u_ext_00189,ext_001,二手交易,出考研资料,资料保存完整，适合复习使用，价格可小刀。,3,1,2025-12-18 11:21:57,4009.5,教材|二手交易|电动车|租房,生活,食堂区,0.0,0,0,0,10,normal,20,教材|二手交易|电动车|租房
p_ext_000660,u_ext_00419,ext_002,问答求助,求问校园卡补办流程,校园卡丢了，有没有同学知道补办需要带什么材料。,0,0,2026-05-21 23:44:57,301.1167,求问|宿舍,生活,宿舍区,0.0,0,0,0,10,normal,23,求问|宿舍
p_ext_000661,u_ext_00425,ext_001,二手交易,收二手电动车,预算有限，想收一辆能正常骑的电动车，最好有校区牌。,5,1,2026-02-26 10:28:57,2330.3833,闲置|电动车|教材|二手交易|租房,生活,教学区,0.0,1,1,0,10,normal,25,闲置|电动车|教材|二手交易|租房
p_ext_000662,u_ext_00474,ext_008,食堂生活,食堂新窗口测评,今天试了一下，味道和分量都还可以。,0,0,2025-12-11 06:54:57,4181.95,拼饭|优惠|食堂,生活,宿舍区,0.0,0,0,0,10,normal,17,拼饭|优惠|食堂
p_ext_000663,u_ext_00360,ext_002,问答求助,求推荐附近打印店,需要打印课程资料，想找价格合适的位置。,1,1,2026-01-07 20:55:57,3519.9333,求问|课程资料|打印店|宿舍,生活,宿舍区,0.0,0,0,0,10,normal,19,求问|课程资料|打印店|宿舍
p_ext_000664,u_ext_00467,ext_013,失物招领,请帮忙找背包,今天下午可能落在自习室。,1,1,2026-04-04 04:26:57,1448.4167,钥匙|失物招领|证件,生活,宿舍区,0.0,0,0,0,10,normal,12,钥匙|失物招领|证件
p_ext_000665,dFh5ZXNvaVR5YStMdHNpbGw0M09vSWpQZklxTGg0OXNob3FFazVkOXFKYkVhcDV1aEx1emUzNlUwSzZHb0t5Q2lLYUFiSkNIakdtR2lXSjI=,ext_003,恋爱交友,周末有人一起打羽毛球吗,新手友好，主要想活动一下。,0,0,2026-02-20 20:10:57,2464.6833,活动|羽毛球|搭子|交友,社交,图书馆,0.0,0,0,0,10,normal,13,活动|羽毛球|搭子|交友
p_ext_000666,u_ext_00146,ext_002,问答求助,求问南校哪里可以自习,最近想找安静地方复习，想问问大家有什么推荐。,0,0,2026-01-30 08:05:57,2980.7667,校园卡|宿舍|求问,生活,图书馆,0.0,0,0,0,10,normal,22,校园卡|宿舍|求问
p_ext_000667,u_ext_00408,ext_001,二手交易,出二手自行车,车况正常，适合校内通勤，珠海校区附近交易，可自提。,1,1,2026-02-07 05:08:57,2791.7167,租房|教材|闲置|二手交易|电动车,生活,校外,90.0,1,0,0,10,normal,25,租房|教材|闲置|二手交易|电动车
p_ext_000668,u_ext_00491,ext_002,问答求助,求问校园卡补办流程,校园卡丢了，有没有同学知道补办需要带什么材料。,1,1,2025-12-16 18:26:57,4050.4167,校园卡|宿舍|课程资料|打印店,生活,教学区,0.0,0,0,0,10,normal,23,校园卡|宿舍|课程资料|打印店
p_ext_000669,u_ext_00428,ext_002,问答求助,宿舍维修一般多久来,已经报修了，想问问大家一般多久能处理。,0,0,2025-12-12 13:32:57,4151.3167,打印店|校园卡|宿舍|求问,生活,全校,0.0,0,0,0,10,normal,19,打印店|校园卡|宿舍|求问
p_ext_000670,dElDZmU0VzYwV2VHemRpcmxxSFNwSVdTcXFpYVlaNTltSHBqcTRGc3FjNnZnSVdPZ0xpbmVvdXBxcnVXZmJCbWdLcWhiSnAzZkh1SGlXSjI=,ext_002,问答求助,求推荐附近打印店,需要打印课程资料，想找价格合适的位置。,0,0,2026-03-30 03:25:57,1569.4333,求问|校园卡|课程资料,生活,校外,0.0,0,0,0,10,normal,19,求问|校园卡|课程资料
p_ext_000671,u_ext_00272,ext_002,问答求助,宿舍维修一般多久来,已经报修了，想问问大家一般多久能处理。,1,1,2026-02-26 10:16:57,2330.5833,课程资料|宿舍|求问,生活,全校,0.0,0,0,0,10,normal,19,课程资料|宿舍|求问
p_ext_000672,eEdxWGlwU1dzbXFTdXNqV2xIckdmNFROaUt5YWlJaW9sNGwwYkltTnVkQ3lqSVZwbEtpV2ZKT1VsYzZZamFpTGhLZG5oNHliZ0llSGlXSjI=,ext_003,恋爱交友,周末有人一起打羽毛球吗,新手友好，主要想活动一下。,0,0,2026-04-18 12:30:57,1104.35,活动|拍照|交友|搭子,社交,校外,0.0,0,0,0,10,normal,13,活动|拍照|交友|搭子
p_ext_000673,u_ext_00228,ext_002,问答求助,求问南校哪里可以自习,最近想找安静地方复习，想问问大家有什么推荐。,0,0,2026-03-27 17:27:57,1627.4,课程资料|宿舍|校园卡|求问|打印店,生活,食堂区,0.0,0,0,0,10,normal,22,课程资料|宿舍|校园卡|求问|打印店
p_ext_000674,dFpDSWJaTzVwMzE4M016U2g0MmpaWlNUZTIyRlk0ZHRqWXVFb1krbnFONjRmSit5aTlDVnJvdVMzSmVVaTZldWk2aU1wbzE0a0lDQmVXSjI=,ext_002,问答求助,求问南校哪里可以自习,最近想找安静地方复习，想问问大家有什么推荐。,1,1,2026-01-27 06:00:57,3054.85,课程资料|打印店,生活,宿舍区,0.0,0,0,0,10,normal,22,课程资料|打印店
p_ext_000675,u_ext_00148,ext_002,问答求助,求问校园卡补办流程,校园卡丢了，有没有同学知道补办需要带什么材料。,0,0,2026-03-12 10:10:57,1994.6833,宿舍|课程资料|打印店,生活,食堂区,0.0,0,0,0,10,normal,23,宿舍|课程资料|打印店
p_ext_000676,u_ext_00449,ext_002,问答求助,求问校园卡补办流程,校园卡丢了，有没有同学知道补办需要带什么材料。,0,0,2026-04-20 22:04:57,1046.7833,课程资料|校园卡|打印店|宿舍|求问,生活,宿舍区,0.0,0,0,0,10,normal,23,课程资料|校园卡|打印店|宿舍|求问
p_ext_000677,u_ext_00388,ext_002,问答求助,求问南校哪里可以自习,最近想找安静地方复习，想问问大家有什么推荐。,1,1,2026-02-27 22:35:57,2294.2667,求问|课程资料|打印店,生活,全校,0.0,0,0,0,10,normal,22,求问|课程资料|打印店
p_ext_000678,u_ext_00369,ext_002,问答求助,求问校园卡补办流程,校园卡丢了，有没有同学知道补办需要带什么材料。,1,1,2026-06-03 08:02:57,4.8167,求问|校园卡,生活,宿舍区,0.0,0,0,0,10,normal,23,求问|校园卡
p_ext_000679,cjQycmtJeTN0NGQrejh6Q2xuelNlSCszbm1pRWQ2Si9nbjEzcjRGcHNiYkNqYWVCbGMvTmdINlYxTXlCbzdkbWs2WjhyNWxoZkkyWHIySjI=,ext_003,恋爱交友,周末有人一起打羽毛球吗,新手友好，主要想活动一下。,0,0,2026-02-12 08:28:57,2668.3833,活动|交友|羽毛球|搭子|拍照,社交,全校,0.0,0,0,0,10,normal,13,活动|交友|羽毛球|搭子|拍照
p_ext_000680,u_ext_00363,ext_010,竞赛科研,创新项目经验,分享一下申报和结题过程。,1,1,2025-12-23 22:44:57,3878.1167,创新项目|竞赛|科研项目|组队|论文,发展,图书馆,0.0,0,0,0,10,normal,12,创新项目|竞赛|科研项目|组队|论文
p_ext_000681,u_ext_00121,ext_001,二手交易,出考研资料,资料保存完整，适合复习使用，价格可小刀。,0,0,2026-01-17 19:04:57,3281.7833,租房|二手交易|教材|电动车|闲置,生活,教学区,150.0,1,1,0,10,normal,20,租房|二手交易|教材|电动车|闲置
p_ext_000682,u_ext_00112,ext_002,问答求助,求问校园卡补办流程,校园卡丢了，有没有同学知道补办需要带什么材料。,1,1,2026-03-27 00:24:57,1644.45,校园卡|课程资料|打印店|宿舍|求问,生活,食堂区,0.0,0,0,0,10,normal,23,校园卡|课程资料|打印店|宿舍|求问
p_ext_000683,u_ext_00220,ext_004,校园生活,宿舍区附近有什么好吃的,想换换口味，求推荐附近小店。,0,0,2026-01-08 14:56:57,3501.9167,校园生活|食堂|共享厨房,社交,校外,0.0,0,0,0,10,normal,14,校园生活|食堂|共享厨房
p_ext_000684,u_ext_00404,ext_001,二手交易,出二手自行车,车况正常，适合校内通勤，珠海校区附近交易，可自提。,1,1,2026-04-15 20:19:57,1168.5333,教材|电动车|租房|二手交易|闲置,生活,全校,90.0,0,0,0,10,normal,25,教材|电动车|租房|二手交易|闲置
p_ext_000685,u_ext_00422,ext_002,问答求助,宿舍维修一般多久来,已经报修了，想问问大家一般多久能处理。,1,1,2026-05-19 15:31:57,357.3333,求问|校园卡|宿舍|课程资料,生活,图书馆,0.0,0,0,0,10,normal,19,求问|校园卡|宿舍|课程资料
p_ext_000686,u_ext_00174,ext_001,二手交易,出二手自行车,车况正常，适合校内通勤，深圳校区附近交易，可自提。,5,1,2026-05-12 03:10:57,537.6833,闲置|教材|电动车|二手交易,生活,全校,0.0,1,1,0,10,normal,25,闲置|教材|电动车|二手交易
p_ext_000687,u_ext_00486,ext_002,问答求助,宿舍维修一般多久来,已经报修了，想问问大家一般多久能处理。,1,1,2025-12-06 04:37:57,4304.2333,宿舍|课程资料|校园卡|打印店|求问,生活,教学区,0.0,0,0,0,10,normal,19,宿舍|课程资料|校园卡|打印店|求问
p_ext_000688,czQrRmdaV3IwWW1FcHNpa2xwK2tycFduZUt1WVpKcUFqb2w4ajQyT25LeTRqWmVUZnBQVWFuK1NzdEdHbjg1K2k4MkVzSm1GaUhxRmlXSjI=,ext_003,恋爱交友,周末有人一起打羽毛球吗,新手友好，主要想活动一下。,1,1,2026-02-22 20:48:57,2416.05,活动|交友|羽毛球,社交,全校,0.0,0,0,0,10,normal,13,活动|交友|羽毛球
p_ext_000689,u_ext_00182,ext_002,问答求助,求问校园卡补办流程,校园卡丢了，有没有同学知道补办需要带什么材料。,0,0,2025-12-12 15:47:57,4149.0667,校园卡|打印店,生活,校外,0.0,0,0,0,10,normal,23,校园卡|打印店
p_ext_000690,dzQ5OWFZU1Rsb0NBdU5DMGlxR3dpSVMzYXJHR2VZZHBsNHVoYllWK3RjNnprSDJ4aWMzSWE1S21ycmlHaTd1bWZKS0FqNFoyb29lSWlXSjI=,ext_004,校园生活,宿舍区附近有什么好吃的,想换换口味，求推荐附近小店。,0,0,2026-04-20 03:55:57,1064.9333,食堂|共享厨房|校车|宿舍,社交,校外,0.0,0,0,0,10,normal,14,食堂|共享厨房|校车|宿舍
p_ext_000691,eFkxNWo0ZTdxNHVMazZxdGw0dTRkMzY2ZktxT2hZU3NsMmVWYklXTnJkMnZmNStEZjVUTmVZT1RzcWFZaXF5Vms3bWxhNXRocldpTGlXSjI=,ext_002,问答求助,求推荐附近打印店,需要打印课程资料，想找价格合适的位置。,0,0,2025-12-11 07:22:57,4181.4833,校园卡|求问|宿舍|打印店,生活,校外,0.0,0,0,0,10,normal,19,校园卡|求问|宿舍|打印店
p_ext_000692,u_ext_00294,ext_002,问答求助,求问校园卡补办流程,校园卡丢了，有没有同学知道补办需要带什么材料。,1,1,2026-03-08 14:05:57,2086.7667,课程资料|求问|打印店,生活,校外,0.0,0,0,0,10,normal,23,课程资料|求问|打印店
p_ext_000693,dElDZmU0VzYwV2VHemRpcmxxSFNwSVdTcXFpYVlaNTltSHBqcTRGc3FjNnZnSVdPZ0xpbmVvdXBxcnVXZmJCbWdLcWhiSnAzZkh1SGlXSjI=,ext_002,问答求助,宿舍维修一般多久来,已经报修了，想问问大家一般多久能处理。,0,0,2026-04-05 21:26:57,1407.4167,校园卡|宿舍|课程资料|求问,生活,教学区,0.0,0,0,0,10,normal,19,校园卡|宿舍|课程资料|求问
p_ext_000694,d21xQmg0aVRrbytHcXFxNm1JbkdwMzY2b2JDY25KbXdpNHllZzVtT201aXZhNStsbHMydXFJV25sSkdZb3Bkb2xaS0hycGlFYjRlSWlXSjI=,ext_002,问答求助,求问校园卡补办流程,校园卡丢了，有没有同学知道补办需要带什么材料。,0,0,2026-04-25 08:54:57,939.95,课程资料|宿舍|打印店,生活,教学区,0.0,0,0,0,10,normal,23,课程资料|宿舍|打印店
p_ext_000695,dG8yWGtaYlFyNCtHMExLUmxYcldhWlRRZUg2Wm0zaWxpSDJEc0kybXg4NjdwbjJPbGRDU3FJZW11czZYZWNaNmY3aUlmb3VmZUlLTGlXSjI=,ext_005,学习交流,求操作系统实验报告参考,实验有几个地方卡住了，想交流一下思路。,0,0,2025-12-08 08:07:57,4252.7333,复习资料|学习交流|考试,学习,图书馆,0.0,0,0,0,10,normal,19,复习资料|学习交流|考试
p_ext_000696,u_ext_00227,ext_001,二手交易,收二手电动车,预算有限，想收一辆能正常骑的电动车，最好有校区牌。,2,1,2026-03-13 12:53:57,1967.9667,二手交易|电动车|租房|教材|闲置,生活,宿舍区,50.0,0,1,0,10,normal,25,二手交易|电动车|租房|教材|闲置
p_ext_000697,u_ext_00153,ext_006,考研保研,复试经验整理,把最近问到的问题和准备过程记录一下。,0,0,2026-03-07 14:04:57,2110.7833,408|保研|复试,学习,校外,0.0,0,0,0,10,normal,18,408|保研|复试
p_ext_000698,u_ext_00210,ext_003,恋爱交友,找学习搭子,希望互相监督学习，地点可以在图书馆。,0,0,2026-04-20 10:38:57,1058.2167,活动|羽毛球,社交,全校,0.0,0,0,0,10,normal,18,活动|羽毛球
p_ext_000699,dFg2QmZJdVZxMzJIMExLemduM1NucE9VbG91Q1laQ1JpM3Q0cW9xT21LbTdnS04vaU16VWE1Yk50cWVOWjhhS2xzK3FiSXljbW4yTnIySjI=,ext_002,问答求助,求问南校哪里可以自习,最近想找安静地方复习，想问问大家有什么推荐。,1,1,2026-02-06 03:27:57,2817.4,打印店|宿舍|求问|校园卡,生活,食堂区,0.0,0,0,0,10,normal,22,打印店|宿舍|求问|校园卡
p_ext_000700,u_ext_00152,ext_002,问答求助,求问南校哪里可以自习,最近想找安静地方复习，想问问大家有什么推荐。,0,0,2026-05-07 22:24:57,638.45,校园卡|宿舍,生活,食堂区,0.0,0,0,0,10,normal,22,校园卡|宿舍
p_ext_000701,u_ext_00110,ext_002,问答求助,求问南校哪里可以自习,最近想找安静地方复习，想问问大家有什么推荐。,0,0,2026-03-10 02:39:57,2050.2,打印店|宿舍|求问|校园卡|课程资料,生活,图书馆,0.0,0,0,0,10,normal,22,打印店|宿舍|求问|校园卡|课程资料
p_ext_000702,u_ext_00116,ext_002,问答求助,求问校园卡补办流程,校园卡丢了，有没有同学知道补办需要带什么材料。,1,1,2025-12-14 08:10:57,4108.6833,课程资料|宿舍|校园卡|打印店|求问,生活,宿舍区,0.0,0,0,0,10,normal,23,课程资料|宿舍|校园卡|打印店|求问
p_ext_000703,dXFXbnJaU3FrcStTMjUzT2dhTFdvSWJOYTZDRVlZeVJnb3VJclp1TnZiQzBhR1NoZ05Demg0clExTnFJb2Nab2haS0VmWU5qcW4rT3IySjI=,ext_011,实习就业,有没有同学了解这个岗位,想问问工作内容和面试形式。,1,1,2026-04-14 11:30:57,1201.35,面试|招聘|实习,发展,食堂区,0.0,0,0,0,10,normal,13,面试|招聘|实习
p_ext_000704,u_ext_00393,ext_004,校园生活,吐槽一下今天的校车,等车时间有点久，大家最近有没有类似情况。,0,0,2026-03-23 17:02:57,1723.8167,宿舍|共享厨房|食堂|校园生活|校车,社交,校外,0.0,0,0,0,10,normal,20,宿舍|共享厨房|食堂|校园生活|校车
p_ext_000705,u_ext_00125,ext_002,问答求助,求问校园卡补办流程,校园卡丢了，有没有同学知道补办需要带什么材料。,1,1,2026-02-27 20:43:57,2296.1333,求问|打印店|校园卡,生活,校外,0.0,0,0,0,10,normal,23,求问|打印店|校园卡
p_ext_000706,u_ext_00482,ext_002,问答求助,求问校园卡补办流程,校园卡丢了，有没有同学知道补办需要带什么材料。,1,1,2026-05-03 21:21:57,735.5,宿舍|求问|校园卡|课程资料,生活,图书馆,0.0,0,0,0,10,normal,23,宿舍|求问|校园卡|课程资料
p_ext_000707,u_ext_00255,ext_008,食堂生活,这个窗口确实不错,排队人不少，不过出餐挺快。,0,0,2026-01-27 07:11:57,3053.6667,校园生活|拼饭|食堂,生活,校外,0.0,0,0,0,10,normal,13,校园生活|拼饭|食堂
p_ext_000708,dUkyTmk0RGRzNnVHek5DbmlIeTRxSUtUb1cySlk1QnNsMldFa29la3ROaTFqblN4bHM2WlpvV1MxTnFHZkxTQmlMbUVnNDJkZUl1SGlXSjI=,ext_002,问答求助,宿舍维修一般多久来,已经报修了，想问问大家一般多久能处理。,0,0,2025-12-30 23:20:57,3709.5167,宿舍|课程资料,生活,图书馆,0.0,0,0,0,10,normal,19,宿舍|课程资料
p_ext_000709,u_ext_00197,ext_001,二手交易,出考研资料,资料保存完整，适合复习使用，价格可小刀。,1,1,2026-01-22 20:34:57,3160.2833,二手交易|租房|闲置|电动车|教材,生活,校外,0.0,1,1,0,10,normal,20,二手交易|租房|闲置|电动车|教材
p_ext_000710,u_ext_00159,ext_001,二手交易,收二手电动车,预算有限，想收一辆能正常骑的电动车，最好有校区牌。,0,0,2026-01-12 04:27:57,3416.4,二手交易|闲置|租房|教材,生活,食堂区,150.0,0,1,0,10,normal,25,二手交易|闲置|租房|教材
p_ext_000711,u_ext_00438,ext_004,校园生活,有人一起去操场跑步吗,晚上想找搭子慢跑，节奏轻松就行。,1,1,2026-02-05 16:22:57,2828.4833,校车|食堂,社交,校外,0.0,0,0,0,10,normal,16,校车|食堂
p_ext_000712,u_ext_00418,ext_001,二手交易,毕业季出闲置,整理宿舍出一些闲置物品，优先校内自提。,2,1,2026-01-09 00:03:57,3492.8,闲置|二手交易,生活,校外,90.0,0,1,0,10,normal,19,闲置|二手交易
p_ext_000713,u_ext_00471,ext_002,问答求助,求推荐附近打印店,需要打印课程资料，想找价格合适的位置。,1,1,2026-01-21 14:04:57,3190.7833,课程资料|求问,生活,食堂区,0.0,0,0,0,10,normal,19,课程资料|求问
p_ext_000714,dDN5QmZJbXF1cXlFME5DcGxxT29sWktwWTRpSW5tNnhnR1dMc0ppQXl0eXpqWUdFbHBXdVozNm4xTktJaksrdWZ0Q2FnNXQxb29hSWlXSjI=,ext_011,实习就业,有没有同学了解这个岗位,想问问工作内容和面试形式。,1,1,2026-05-05 13:05:57,695.7667,简历|招聘|实习,发展,食堂区,0.0,0,0,0,10,normal,13,简历|招聘|实习
p_ext_000715,u_ext_00228,ext_002,问答求助,求推荐附近打印店,需要打印课程资料，想找价格合适的位置。,0,0,2026-05-20 15:15:57,333.6,打印店|校园卡,生活,教学区,0.0,0,0,0,10,normal,19,打印店|校园卡
p_ext_000716,cm9DQWJZYlF1MmFTdU15MWxtZXNhSkxPaUdpTG5vQ2tmNjkwYVl0cXo3MjNmNGx1bDdxdmZvWE9wczJFYU1wb2ZKU1dnSW1KZUpLVnIySjI=,ext_002,问答求助,求问校园卡补办流程,校园卡丢了，有没有同学知道补办需要带什么材料。,1,1,2026-01-31 03:27:57,2961.4,课程资料|打印店|宿舍,生活,食堂区,0.0,0,0,0,10,normal,23,课程资料|打印店|宿舍
p_ext_000717,dEk2YnFKVzQyR2lTenE2NmlZM1NmWlRjbXFXTGVKbXZpM3Flc1pkcnZkckZhbm1JaHN5YXNKTzVzdHFOak5hbWhKV2VzcEdGZ0txS2lXSjI=,ext_002,问答求助,求问校园卡补办流程,校园卡丢了，有没有同学知道补办需要带什么材料。,0,0,2026-05-08 20:41:57,616.1667,求问|课程资料|打印店|校园卡|宿舍,生活,全校,0.0,0,0,0,10,normal,23,求问|课程资料|打印店|校园卡|宿舍
p_ext_000718,u_ext_00297,ext_001,二手交易,收二手电动车,预算有限，想收一辆能正常骑的电动车，最好有校区牌。,1,1,2026-01-21 18:08:57,3186.7167,电动车|租房,生活,食堂区,10.0,0,0,0,10,normal,25,电动车|租房
p_ext_000719,u_ext_00302,ext_002,问答求助,求问校园卡补办流程,校园卡丢了，有没有同学知道补办需要带什么材料。,0,0,2026-02-05 02:40:57,2842.1833,求问|打印店,生活,校外,0.0,0,0,0,10,normal,23,求问|打印店
p_ext_000720,u_ext_00203,ext_002,问答求助,求问校园卡补办流程,校园卡丢了，有没有同学知道补办需要带什么材料。,0,0,2026-03-02 02:46:57,2242.0833,求问|校园卡|宿舍|打印店,生活,全校,0.0,0,0,0,10,normal,23,求问|校园卡|宿舍|打印店
p_ext_000721,dzZXQmdJTzZsckNGdDVXcWZtaWtxSk81aUt1RmlZK3dpcUdhanBxbHZiKzBwWDE5bHFqSXJJS1VxdEdZbjdoN2c5dHJzbzJjaEltS2lXSjI=,ext_002,问答求助,宿舍维修一般多久来,已经报修了，想问问大家一般多久能处理。,0,0,2026-02-05 05:24:57,2839.45,求问|校园卡|课程资料,生活,校外,0.0,0,0,0,10,normal,19,求问|校园卡|课程资料
p_ext_000722,u_ext_00226,ext_002,问答求助,宿舍维修一般多久来,已经报修了，想问问大家一般多久能处理。,0,0,2026-05-02 03:31:57,777.3333,求问|课程资料|校园卡,生活,教学区,0.0,0,0,0,10,normal,19,求问|课程资料|校园卡
p_ext_000723,eEtTZWJaYlExWHFJemFxWGhZdW9yb3ZNZjJtUW5vU0VpbzJXaEltbHVkQ3pvbzJ5bGRISmc1YTZ0c3VNak5LR2xMZVdyb1ZrbnBtSGlXSjI=,ext_011,实习就业,宣讲会信息分享,时间地点已经整理，感兴趣可以看看。,0,0,2026-05-23 19:08:57,257.7167,简历|实习|面试|招聘|就业,发展,全校,0.0,0,1,0,10,normal,17,简历|实习|面试|招聘|就业
p_ext_000724,u_ext_00424,ext_001,二手交易,收二手电动车,预算有限，想收一辆能正常骑的电动车，最好有校区牌。,1,1,2026-05-25 06:37:57,222.2333,教材|电动车|二手交易|租房,生活,全校,10.0,1,0,0,10,normal,25,教材|电动车|二手交易|租房
p_ext_000725,u_ext_00374,ext_010,竞赛科研,科研项目招人,每周有固定讨论，适合想了解科研的同学。,0,0,2025-12-15 02:07:57,4090.7333,论文|竞赛|组队|科研项目,发展,全校,0.0,0,0,0,10,normal,19,论文|竞赛|组队|科研项目
p_ext_000726,u_ext_00460,ext_002,问答求助,求推荐附近打印店,需要打印课程资料，想找价格合适的位置。,0,0,2025-12-28 10:17:57,3770.5667,校园卡|打印店,生活,校外,0.0,0,0,0,10,normal,19,校园卡|打印店
p_ext_000727,u_ext_00215,ext_002,问答求助,求推荐附近打印店,需要打印课程资料，想找价格合适的位置。,0,0,2026-01-30 13:47:57,2975.0667,宿舍|打印店,生活,宿舍区,0.0,0,0,0,10,normal,19,宿舍|打印店
p_ext_000728,u_ext_00446,ext_002,问答求助,求推荐附近打印店,需要打印课程资料，想找价格合适的位置。,0,0,2026-01-14 03:31:57,3369.3333,课程资料|校园卡|宿舍|打印店,生活,校外,0.0,0,0,0,10,normal,19,课程资料|校园卡|宿舍|打印店
p_ext_000729,dTQ2TmZJemRxbWw5azY2MWpYcThnNHFTbnEySm5ZeHRnWitNcElxa3ZiQ3ZqWDJ4ZjlDU2U1SzZwcldVZmJpRmhhbXFwWXVHbnF1SGlXSjI=,ext_002,问答求助,求推荐附近打印店,需要打印课程资料，想找价格合适的位置。,0,0,2026-02-27 08:38:57,2308.2167,校园卡|求问|课程资料,生活,宿舍区,0.0,0,0,0,10,normal,19,校园卡|求问|课程资料
p_ext_000730,u_ext_00411,ext_003,恋爱交友,周末有人一起打羽毛球吗,新手友好，主要想活动一下。,0,0,2026-03-14 03:43:57,1953.1333,活动|羽毛球|搭子|拍照|交友,社交,宿舍区,0.0,0,0,0,10,normal,13,活动|羽毛球|搭子|拍照|交友
p_ext_000731,u_ext_00144,ext_002,问答求助,宿舍维修一般多久来,已经报修了，想问问大家一般多久能处理。,0,0,2025-12-27 09:41:57,3795.1667,校园卡|求问|打印店,生活,全校,0.0,0,0,0,10,normal,19,校园卡|求问|打印店
p_ext_000732,u_ext_00339,ext_003,恋爱交友,周末有人一起打羽毛球吗,新手友好，主要想活动一下。,1,1,2026-03-27 01:34:57,1643.2833,羽毛球|交友|活动,社交,全校,0.0,0,0,0,10,normal,13,羽毛球|交友|活动
p_ext_000733,u_ext_00429,ext_009,社团活动,周末活动报名,本周末有线下活动，人数有限。,0,0,2026-04-02 22:39:57,1478.2,活动|社团,社交,图书馆,0.0,0,0,0,10,normal,14,活动|社团
p_ext_000734,u_ext_00101,ext_001,二手交易,收二手电动车,预算有限，想收一辆能正常骑的电动车，最好有校区牌。,0,0,2026-05-16 12:34:57,432.2833,电动车|租房,生活,全校,0.0,1,1,0,10,normal,25,电动车|租房
p_ext_000735,u_ext_00395,ext_002,问答求助,求问校园卡补办流程,校园卡丢了，有没有同学知道补办需要带什么材料。,0,0,2026-04-23 05:01:57,991.8333,宿舍|打印店|课程资料|求问|校园卡,生活,食堂区,0.0,0,0,0,10,normal,23,宿舍|打印店|课程资料|求问|校园卡
p_ext_000736,u_ext_00162,ext_004,校园生活,今天食堂这个菜怎么样,中午路过看到很多人排队，想问问味道如何。,1,1,2025-12-05 11:59:57,4320.8667,校园生活|宿舍|校车|共享厨房|食堂,社交,校外,0.0,0,0,0,10,normal,20,校园生活|宿舍|校车|共享厨房|食堂
p_ext_000737,u_ext_00339,ext_007,课程评价,老师上课风格讨论,准备下学期选课，想了解课堂节奏。,1,1,2026-02-04 23:33:57,2845.3,选课|给分,学习,宿舍区,0.0,0,0,0,10,normal,16,选课|给分
p_ext_000738,u_ext_00146,ext_001,二手交易,毕业季出闲置,整理宿舍出一些闲置物品，优先校内自提。,5,1,2026-03-18 03:09:57,1857.7,二手交易|闲置,生活,教学区,0.0,0,0,0,10,normal,19,二手交易|闲置
p_ext_000739,u_ext_00398,ext_001,二手交易,毕业季出闲置,整理宿舍出一些闲置物品，优先校内自提。,1,1,2026-02-13 10:28:57,2642.3833,租房|教材|电动车,生活,图书馆,150.0,0,0,0,10,normal,19,租房|教材|电动车
p_ext_000740,u_ext_00460,ext_002,问答求助,求推荐附近打印店,需要打印课程资料，想找价格合适的位置。,1,1,2026-04-10 05:41:57,1303.1667,课程资料|校园卡,生活,教学区,0.0,0,0,0,10,normal,19,课程资料|校园卡
p_ext_000741,dElDZmU0VzYwV2VHemRpcmxxSFNwSVdTcXFpYVlaNTltSHBqcTRGc3FjNnZnSVdPZ0xpbmVvdXBxcnVXZmJCbWdLcWhiSnAzZkh1SGlXSjI=,ext_001,二手交易,毕业季出闲置,整理宿舍出一些闲置物品，优先校内自提。,3,1,2026-04-23 21:20:57,975.5167,租房|电动车,生活,全校,0.0,0,0,0,10,normal,19,租房|电动车
p_ext_000742,u_ext_00217,ext_006,考研保研,有没有保研经验分享,想了解材料准备和面试注意事项。,0,0,2026-01-02 02:18:57,3658.55,复试|保研|考研|学习经验|408,学习,食堂区,0.0,0,0,0,10,normal,15,复试|保研|考研|学习经验|408
p_ext_000743,u_ext_00304,ext_001,二手交易,毕业季出闲置,整理宿舍出一些闲置物品，优先校内自提。,2,1,2026-03-04 11:42:57,2185.15,租房|教材|电动车|闲置,生活,食堂区,90.0,0,0,0,10,normal,19,租房|教材|电动车|闲置
p_ext_000744,u_ext_00157,ext_003,恋爱交友,找健身搭子,每周两三次，强度不用太高。,0,0,2026-03-21 20:29:57,1768.3667,羽毛球|交友|拍照|搭子|活动,社交,教学区,0.0,0,0,0,10,normal,13,羽毛球|交友|拍照|搭子|活动
p_ext_000745,u_ext_00317,ext_007,课程评价,选课避坑指南,整理一些个人体验，欢迎补充不同看法。,0,0,2026-05-22 04:58:57,295.8833,给分|课程评价|选课|期末|老师,学习,食堂区,0.0,0,0,0,10,normal,18,给分|课程评价|选课|期末|老师
p_ext_000746,u_ext_00285,ext_001,二手交易,毕业季出闲置,整理宿舍出一些闲置物品，优先校内自提。,3,1,2026-03-31 04:52:57,1543.9833,教材|闲置|租房,生活,宿舍区,0.0,1,0,0,10,normal,19,教材|闲置|租房
p_ext_000747,u_ext_00369,ext_002,问答求助,宿舍维修一般多久来,已经报修了，想问问大家一般多久能处理。,0,0,2026-05-13 23:31:57,493.3333,打印店|校园卡|求问|课程资料|宿舍,生活,全校,0.0,0,0,0,10,normal,19,打印店|校园卡|求问|课程资料|宿舍
p_ext_000748,cjQycmtJeTN0NGQrejh6Q2xuelNlSCszbm1pRWQ2Si9nbjEzcjRGcHNiYkNqYWVCbGMvTmdINlYxTXlCbzdkbWs2WjhyNWxoZkkyWHIySjI=,ext_002,问答求助,求推荐附近打印店,需要打印课程资料，想找价格合适的位置。,0,0,2026-04-06 21:35:57,1383.2667,校园卡|课程资料|打印店,生活,宿舍区,0.0,0,0,0,10,normal,19,校园卡|课程资料|打印店
p_ext_000749,u_ext_00358,ext_002,问答求助,求问校园卡补办流程,校园卡丢了，有没有同学知道补办需要带什么材料。,0,0,2026-02-19 14:43:57,2494.1333,打印店|课程资料|宿舍|求问|校园卡,生活,宿舍区,0.0,0,0,0,10,normal,23,打印店|课程资料|宿舍|求问|校园卡
p_ext_000750,u_ext_00302,ext_006,考研保研,408 考研经验分享,按阶段整理了复习计划和资料选择。,1,1,2025-12-29 20:06:57,3736.75,学习经验|复试,学习,全校,0.0,0,0,0,10,normal,16,学习经验|复试
p_ext_000751,u_ext_00225,ext_002,问答求助,求问南校哪里可以自习,最近想找安静地方复习，想问问大家有什么推荐。,0,0,2026-05-24 10:45:57,242.1,宿舍|求问,生活,校外,0.0,0,0,0,10,normal,22,宿舍|求问
p_ext_000752,dzQ5OWFZU1Rsb0NBdU5DMGlxR3dpSVMzYXJHR2VZZHBsNHVoYllWK3RjNnprSDJ4aWMzSWE1S21ycmlHaTd1bWZKS0FqNFoyb29lSWlXSjI=,ext_001,二手交易,收二手电动车,预算有限，想收一辆能正常骑的电动车，最好有校区牌。,1,1,2025-12-25 07:42:57,3845.15,二手交易|租房|教材,生活,图书馆,20.0,1,0,0,10,normal,25,二手交易|租房|教材
p_ext_000753,u_ext_00149,ext_002,问答求助,求问校园卡补办流程,校园卡丢了，有没有同学知道补办需要带什么材料。,0,0,2026-01-06 10:53:57,3553.9667,课程资料|宿舍|打印店,生活,教学区,0.0,0,0,0,10,normal,23,课程资料|宿舍|打印店
p_ext_000754,u_ext_00462,ext_002,问答求助,求问南校哪里可以自习,最近想找安静地方复习，想问问大家有什么推荐。,0,0,2026-01-17 05:32:57,3295.3167,课程资料|校园卡,生活,图书馆,0.0,0,0,0,10,normal,22,课程资料|校园卡
p_ext_000755,u_ext_00293,ext_002,问答求助,求问校园卡补办流程,校园卡丢了，有没有同学知道补办需要带什么材料。,0,0,2026-03-26 19:13:57,1649.6333,宿舍|打印店|校园卡|课程资料,生活,食堂区,0.0,0,0,0,10,normal,23,宿舍|打印店|校园卡|课程资料
p_ext_000756,u_ext_00130,ext_004,校园生活,有人一起去操场跑步吗,晚上想找搭子慢跑，节奏轻松就行。,0,0,2026-04-13 10:37:57,1226.2333,共享厨房|校园生活|校车|宿舍,社交,教学区,0.0,0,0,0,10,normal,16,共享厨房|校园生活|校车|宿舍
p_ext_000757,u_ext_00246,ext_002,问答求助,求问校园卡补办流程,校园卡丢了，有没有同学知道补办需要带什么材料。,0,0,2026-04-13 04:25:57,1232.4333,打印店|课程资料|校园卡|求问,生活,食堂区,0.0,0,0,0,10,normal,23,打印店|课程资料|校园卡|求问
p_ext_000758,u_ext_00172,ext_006,考研保研,有没有保研经验分享,想了解材料准备和面试注意事项。,0,0,2026-05-04 16:29:57,716.3667,学习经验|考研|保研|复试|408,学习,教学区,0.0,0,0,0,10,normal,15,学习经验|考研|保研|复试|408
p_ext_000759,u_ext_00158,ext_011,实习就业,求简历修改建议,准备投递实习，希望大家给点建议。,0,0,2026-03-23 15:00:57,1725.85,简历|面试|实习|招聘,发展,食堂区,0.0,0,1,0,10,normal,16,简历|面试|实习|招聘
p_ext_000760,d29DSWJJelBvNHlGemN2WGluck5xNWJPaEthWlk1Q29ncU9NZ3BlTng2KzdnSnB0aDZldXI0ZTQxTmlDZkp1ZmhOQjhtWW1maDZxRGVXSjI=,ext_002,问答求助,求问校园卡补办流程,校园卡丢了，有没有同学知道补办需要带什么材料。,1,1,2026-03-15 06:17:57,1926.5667,打印店|校园卡|求问|宿舍,生活,校外,0.0,0,0,0,10,normal,23,打印店|校园卡|求问|宿舍
p_ext_000761,u_ext_00276,ext_003,恋爱交友,周末有人一起打羽毛球吗,新手友好，主要想活动一下。,0,0,2026-05-11 22:47:57,542.0667,拍照|活动|搭子|交友,社交,食堂区,0.0,0,0,0,10,normal,13,拍照|活动|搭子|交友
p_ext_000762,u_ext_00135,ext_001,二手交易,出考研资料,资料保存完整，适合复习使用，价格可小刀。,0,0,2026-03-12 07:43:57,1997.1333,教材|二手交易|电动车|租房,生活,校外,10.0,1,1,0,10,normal,20,教材|二手交易|电动车|租房
p_ext_000763,u_ext_00269,ext_008,食堂生活,这个窗口确实不错,排队人不少，不过出餐挺快。,0,0,2026-05-12 07:14:57,533.6167,食堂|优惠|校园生活|窗口测评|拼饭,生活,教学区,0.0,0,0,0,10,normal,13,食堂|优惠|校园生活|窗口测评|拼饭
p_ext_000764,eHFPRWJaV25xMnFUemE2bmxtYW5aSmFxZktXWllZaUJtWitJZll0K25OU3Zmbld3aDgydmlZWGNwWkdLbjhhaGg1S2VpSnRqZklHT3IySjI=,ext_002,问答求助,求推荐附近打印店,需要打印课程资料，想找价格合适的位置。,0,0,2026-03-07 13:00:57,2111.85,求问|校园卡|课程资料|宿舍|打印店,生活,全校,0.0,0,0,0,10,normal,19,求问|校园卡|课程资料|宿舍|打印店
p_ext_000765,u_ext_00151,ext_005,学习交流,这门课给分怎么样,准备选课，想听听上过的同学评价。,1,1,2026-04-06 00:51:57,1404.0,考试|复习资料|课程资料|学习交流|学习经验,学习,食堂区,0.0,0,0,0,10,normal,16,考试|复习资料|课程资料|学习交流|学习经验
p_ext_000766,u_ext_00255,ext_002,问答求助,求问南校哪里可以自习,最近想找安静地方复习，想问问大家有什么推荐。,0,0,2026-05-03 07:34:57,749.2833,求问|校园卡|宿舍|打印店,生活,教学区,0.0,0,0,0,10,normal,22,求问|校园卡|宿舍|打印店
p_ext_000767,u_ext_00241,ext_005,学习交流,有没有学习经验分享,想调整一下复习节奏，欢迎大家聊聊方法。,0,0,2026-03-27 09:45:57,1635.1,复习资料|考试,学习,图书馆,0.0,0,0,0,10,normal,19,复习资料|考试
p_ext_000768,eGFXcXNYK1Z0Nk4vdWN5cmxXaXJyb0tWaEhxWm41cURobnVpc1lxbXg1eXphR2lTak4zTmE0ZVQxTktWZTgydGhaUmpyWTUwYjRXV3IySjI=,ext_002,问答求助,求推荐附近打印店,需要打印课程资料，想找价格合适的位置。,0,0,2026-04-29 11:59:57,840.8667,打印店|宿舍,生活,全校,0.0,0,0,0,10,normal,19,打印店|宿舍
p_ext_000769,eGFXcXNYK1Z0Nk4vdWN5cmxXaXJyb0tWaEhxWm41cURobnVpc1lxbXg1eXphR2lTak4zTmE0ZVQxTktWZTgydGhaUmpyWTUwYjRXV3IySjI=,ext_003,恋爱交友,毕业照拍照搭子,想找同学一起拍照，时间可以商量。,1,1,2026-05-21 19:25:57,305.4333,拍照|交友|活动|搭子,社交,食堂区,0.0,0,0,0,10,normal,16,拍照|交友|活动|搭子
p_ext_000770,u_ext_00494,ext_003,恋爱交友,找健身搭子,每周两三次，强度不用太高。,0,0,2025-12-08 01:10:57,4259.6833,羽毛球|拍照,社交,教学区,0.0,0,0,0,10,normal,13,羽毛球|拍照
p_ext_000771,u_ext_00404,ext_002,问答求助,求问南校哪里可以自习,最近想找安静地方复习，想问问大家有什么推荐。,1,1,2026-05-09 02:53:57,609.9667,课程资料|求问|打印店|校园卡,生活,宿舍区,0.0,0,0,0,10,normal,22,课程资料|求问|打印店|校园卡
p_ext_000772,u_ext_00474,ext_001,二手交易,收二手电动车,预算有限，想收一辆能正常骑的电动车，最好有校区牌。,2,1,2026-03-02 23:34:57,2221.2833,教材|二手交易|租房|闲置|电动车,生活,全校,90.0,1,1,0,10,normal,25,教材|二手交易|租房|闲置|电动车
p_ext_000773,u_ext_00308,ext_002,问答求助,求问南校哪里可以自习,最近想找安静地方复习，想问问大家有什么推荐。,0,0,2026-03-05 03:21:57,2169.5,课程资料|打印店,生活,宿舍区,0.0,0,0,0,10,normal,22,课程资料|打印店
p_ext_000774,u_ext_00403,ext_002,问答求助,宿舍维修一般多久来,已经报修了，想问问大家一般多久能处理。,1,1,2026-01-05 19:42:57,3569.15,校园卡|课程资料|求问|打印店,生活,图书馆,0.0,0,0,0,10,normal,19,校园卡|课程资料|求问|打印店
p_ext_000775,u_ext_00277,ext_004,校园生活,宿舍区附近有什么好吃的,想换换口味，求推荐附近小店。,0,0,2026-02-09 19:58:57,2728.8833,校车|食堂|共享厨房|宿舍|校园生活,社交,教学区,0.0,0,0,0,10,normal,14,校车|食堂|共享厨房|宿舍|校园生活
p_ext_000776,u_ext_00425,ext_002,问答求助,求问南校哪里可以自习,最近想找安静地方复习，想问问大家有什么推荐。,0,0,2026-01-11 08:26:57,3436.4167,打印店|校园卡|宿舍|求问|课程资料,生活,全校,0.0,0,0,0,10,normal,22,打印店|校园卡|宿舍|求问|课程资料
p_ext_000777,u_ext_00113,ext_001,二手交易,收二手电动车,预算有限，想收一辆能正常骑的电动车，最好有校区牌。,2,1,2026-04-14 18:55:57,1193.9333,二手交易|教材,生活,校外,150.0,1,0,0,10,normal,25,二手交易|教材
p_ext_000778,u_ext_00377,ext_001,二手交易,毕业季出闲置,整理宿舍出一些闲置物品，优先校内自提。,5,1,2026-04-04 13:11:57,1439.6667,租房|教材|二手交易|电动车,生活,食堂区,150.0,1,0,0,10,normal,19,租房|教材|二手交易|电动车
p_ext_000779,u_ext_00494,ext_001,二手交易,毕业季出闲置,整理宿舍出一些闲置物品，优先校内自提。,3,1,2026-01-05 01:30:57,3587.35,租房|闲置,生活,校外,0.0,1,1,0,10,normal,19,租房|闲置
p_ext_000780,eEg2ZmtJYVd0Nm1WdHFxN2dYdTBkNE9VZ0tTT2VZZHRnWWltaUppT3ZOM0VqNFdOaGMzRm5vYXExTXFDZmNaOWhxWjRycENHWjIyRGVXSjI=,ext_003,恋爱交友,毕业照拍照搭子,想找同学一起拍照，时间可以商量。,1,1,2026-02-12 05:18:57,2671.55,搭子|交友|活动|拍照,社交,教学区,0.0,0,0,0,10,normal,16,搭子|交友|活动|拍照
p_ext_000781,u_ext_00437,ext_002,问答求助,求问南校哪里可以自习,最近想找安静地方复习，想问问大家有什么推荐。,0,0,2026-03-22 09:55:57,1754.9333,宿舍|求问,生活,校外,0.0,0,0,0,10,normal,22,宿舍|求问
p_ext_000782,u_ext_00343,ext_004,校园生活,宿舍区附近有什么好吃的,想换换口味，求推荐附近小店。,0,0,2026-05-04 10:56:57,721.9167,共享厨房|校园生活|食堂|校车,社交,校外,0.0,0,0,0,10,normal,14,共享厨房|校园生活|食堂|校车
p_ext_000783,u_ext_00338,ext_002,问答求助,求问校园卡补办流程,校园卡丢了，有没有同学知道补办需要带什么材料。,1,1,2026-04-30 06:54:57,821.95,求问|宿舍|课程资料|打印店|校园卡,生活,宿舍区,0.0,0,0,0,10,normal,23,求问|宿舍|课程资料|打印店|校园卡
p_ext_000784,u_ext_00104,ext_004,校园生活,今天食堂这个菜怎么样,中午路过看到很多人排队，想问问味道如何。,0,0,2026-02-13 10:16:57,2642.5833,宿舍|校园生活|食堂|校车|共享厨房,社交,宿舍区,0.0,0,0,0,10,normal,20,宿舍|校园生活|食堂|校车|共享厨房
p_ext_000785,u_ext_00432,ext_002,问答求助,求问校园卡补办流程,校园卡丢了，有没有同学知道补办需要带什么材料。,0,0,2026-01-18 14:46:57,3262.0833,打印店|宿舍|课程资料|校园卡,生活,食堂区,0.0,0,0,0,10,normal,23,打印店|宿舍|课程资料|校园卡
p_ext_000786,u_ext_00411,ext_004,校园生活,有人一起去操场跑步吗,晚上想找搭子慢跑，节奏轻松就行。,1,1,2025-12-17 05:23:57,4039.4667,校车|食堂,社交,食堂区,0.0,0,0,0,10,normal,16,校车|食堂
p_ext_000787,u_ext_00478,ext_002,问答求助,求推荐附近打印店,需要打印课程资料，想找价格合适的位置。,0,0,2026-04-15 13:42:57,1175.15,宿舍|打印店,生活,食堂区,0.0,0,0,0,10,normal,19,宿舍|打印店
p_ext_000788,u_ext_00150,ext_002,问答求助,求问南校哪里可以自习,最近想找安静地方复习，想问问大家有什么推荐。,1,1,2026-05-16 01:11:57,443.6667,课程资料|校园卡,生活,食堂区,0.0,0,0,0,10,normal,22,课程资料|校园卡
p_ext_000789,u_ext_00301,ext_002,问答求助,求问南校哪里可以自习,最近想找安静地方复习，想问问大家有什么推荐。,0,0,2026-01-13 16:08:57,3380.7167,课程资料|宿舍|校园卡,生活,宿舍区,0.0,0,0,0,10,normal,22,课程资料|宿舍|校园卡
p_ext_000790,u_ext_00265,ext_001,二手交易,出考研资料,资料保存完整，适合复习使用，价格可小刀。,0,0,2026-03-30 09:35:57,1563.2667,教材|二手交易|闲置|电动车,生活,校外,90.0,1,0,0,10,normal,20,教材|二手交易|闲置|电动车
p_ext_000791,dG1tSmZJZXJ1NEdEM01pMmpZcTBhcFMybm9pSW01MXRsWHlJcDRwK3FiMjRqNFJyaHBXbWFaU3F2czZHakxPdGc4OWpzb3FjZTJtSmlXSjI=,ext_004,校园生活,吐槽一下今天的校车,等车时间有点久，大家最近有没有类似情况。,1,1,2025-12-21 09:38:57,3939.2167,共享厨房|食堂|宿舍,社交,宿舍区,0.0,0,0,0,10,normal,20,共享厨房|食堂|宿舍
p_ext_000792,u_ext_00240,ext_001,二手交易,出考研资料,资料保存完整，适合复习使用，价格可小刀。,1,1,2026-04-16 18:05:57,1146.7667,租房|二手交易|闲置,生活,宿舍区,50.0,1,0,0,10,normal,20,租房|二手交易|闲置
p_ext_000793,u_ext_00282,ext_013,失物招领,寻找钥匙,可能丢在宿舍区或食堂附近。,0,0,2026-05-10 17:49:57,571.0333,校园卡|教学楼,生活,图书馆,0.0,0,0,0,10,normal,13,校园卡|教学楼
p_ext_000794,dTQ2TmZJemRxbWw5azY2MWpYcThnNHFTbnEySm5ZeHRnWitNcElxa3ZiQ3ZqWDJ4ZjlDU2U1SzZwcldVZmJpRmhhbXFwWXVHbnF1SGlXSjI=,ext_002,问答求助,宿舍维修一般多久来,已经报修了，想问问大家一般多久能处理。,0,0,2026-04-09 02:48:57,1330.05,课程资料|打印店|校园卡|宿舍,生活,教学区,0.0,0,0,0,10,normal,19,课程资料|打印店|校园卡|宿舍
p_ext_000795,u_ext_00498,ext_002,问答求助,求问南校哪里可以自习,最近想找安静地方复习，想问问大家有什么推荐。,1,1,2026-04-24 09:03:57,963.8,校园卡|求问,生活,校外,0.0,0,0,0,10,normal,22,校园卡|求问
p_ext_000796,u_ext_00314,ext_001,二手交易,出考研资料,资料保存完整，适合复习使用，价格可小刀。,0,0,2026-01-04 08:55:57,3603.9333,教材|租房|二手交易,生活,校外,0.0,0,0,0,10,normal,20,教材|租房|二手交易
p_ext_000797,cm55WHBYKzZ4WVdWbGJxcmpLS3dkbituWjdLRnEzeUNoMlY4ZjVpbXo5Q3pvbld4aHJ1cnI0V1QxSzJXamNhT2xybUloSVdhcW5xWHIySjI=,ext_003,恋爱交友,毕业照拍照搭子,想找同学一起拍照，时间可以商量。,0,0,2026-05-30 12:27:57,96.4,交友|搭子,社交,宿舍区,0.0,0,0,0,10,normal,16,交友|搭子
p_ext_000798,u_ext_00306,ext_003,恋爱交友,找学习搭子,希望互相监督学习，地点可以在图书馆。,1,1,2026-04-28 22:52:57,853.9833,拍照|活动,社交,食堂区,0.0,0,0,0,10,normal,18,拍照|活动
p_ext_000799,u_ext_00386,ext_002,问答求助,求问校园卡补办流程,校园卡丢了，有没有同学知道补办需要带什么材料。,0,0,2026-04-03 05:42:57,1471.15,课程资料|打印店|求问,生活,教学区,0.0,0,0,0,10,normal,23,课程资料|打印店|求问
p_ext_000800,u_ext_00341,ext_002,问答求助,求推荐附近打印店,需要打印课程资料，想找价格合适的位置。,1,1,2026-05-05 13:05:57,695.7667,校园卡|打印店,生活,宿舍区,0.0,0,0,0,10,normal,19,校园卡|打印店
p_ext_000801,u_ext_00426,ext_002,问答求助,求问南校哪里可以自习,最近想找安静地方复习，想问问大家有什么推荐。,1,1,2026-05-08 18:44:57,618.1167,宿舍|求问|课程资料|打印店|校园卡,生活,宿舍区,0.0,0,0,0,10,normal,22,宿舍|求问|课程资料|打印店|校园卡
p_ext_000802,dDQ1MWk1ZTN4YkIvazY2MmxYcXdvSU8zZktHWWhxWm9tR2RqYVptUnZhN0NwWTJLaDZlM1pwWE9wcFNNWnJSK2twSnJlcGxpa0krTGlXSjI=,ext_002,问答求助,求问南校哪里可以自习,最近想找安静地方复习，想问问大家有什么推荐。,1,1,2026-04-28 21:36:57,855.25,校园卡|宿舍|课程资料,生活,教学区,0.0,0,0,0,10,normal,22,校园卡|宿舍|课程资料
p_ext_000803,u_ext_00238,ext_002,问答求助,求问南校哪里可以自习,最近想找安静地方复习，想问问大家有什么推荐。,0,0,2026-05-27 23:59:57,156.8667,打印店|课程资料|校园卡|宿舍,生活,图书馆,0.0,0,0,0,10,normal,22,打印店|课程资料|校园卡|宿舍
p_ext_000804,u_ext_00347,ext_002,问答求助,求问校园卡补办流程,校园卡丢了，有没有同学知道补办需要带什么材料。,1,1,2026-03-28 10:04:57,1610.7833,宿舍|课程资料|求问|打印店,生活,教学区,0.0,0,0,0,10,normal,23,宿舍|课程资料|求问|打印店
p_ext_000805,u_ext_00245,ext_002,问答求助,求问校园卡补办流程,校园卡丢了，有没有同学知道补办需要带什么材料。,1,1,2025-12-25 12:24:57,3840.45,求问|宿舍|打印店|校园卡,生活,教学区,0.0,0,0,0,10,normal,23,求问|宿舍|打印店|校园卡
p_ext_000806,u_ext_00247,ext_002,问答求助,求问校园卡补办流程,校园卡丢了，有没有同学知道补办需要带什么材料。,0,0,2025-12-30 17:04:57,3715.7833,求问|宿舍|课程资料|打印店|校园卡,生活,全校,0.0,0,0,0,10,normal,23,求问|宿舍|课程资料|打印店|校园卡
p_ext_000807,u_ext_00342,ext_004,校园生活,今天食堂这个菜怎么样,中午路过看到很多人排队，想问问味道如何。,0,0,2026-03-27 06:18:57,1638.55,校园生活|共享厨房,社交,食堂区,0.0,0,0,0,10,normal,20,校园生活|共享厨房
p_ext_000808,u_ext_00134,ext_002,问答求助,宿舍维修一般多久来,已经报修了，想问问大家一般多久能处理。,0,0,2026-05-04 06:22:57,726.4833,求问|校园卡,生活,教学区,0.0,0,0,0,10,normal,19,求问|校园卡
p_ext_000809,u_ext_00483,ext_001,二手交易,毕业季出闲置,整理宿舍出一些闲置物品，优先校内自提。,0,0,2026-01-13 01:43:57,3395.1333,教材|电动车,生活,校外,0.0,1,0,0,10,normal,19,教材|电动车
p_ext_000810,cnFSOW81YVRsckNXdXFiTGhHak5ySWpPbm9tR2lJTnJqb3Q3cjRTUHNOeTRwSFd4ZjdpdnJwUFB0cTJOWjdSbmlzK2VwSkY0b211V3IySjI=,ext_002,问答求助,宿舍维修一般多久来,已经报修了，想问问大家一般多久能处理。,0,0,2026-06-03 03:37:57,9.2333,打印店|求问|课程资料,生活,教学区,0.0,0,0,0,10,normal,19,打印店|求问|课程资料
p_ext_000811,cnFSOW81YVRsckNXdXFiTGhHak5ySWpPbm9tR2lJTnJqb3Q3cjRTUHNOeTRwSFd4ZjdpdnJwUFB0cTJOWjdSbmlzK2VwSkY0b211V3IySjI=,ext_002,问答求助,求问南校哪里可以自习,最近想找安静地方复习，想问问大家有什么推荐。,1,1,2026-03-29 14:51:57,1582.0,课程资料|校园卡|求问|打印店,生活,全校,0.0,0,0,0,10,normal,22,课程资料|校园卡|求问|打印店
p_ext_000812,u_ext_00183,ext_013,失物招领,请帮忙找背包,今天下午可能落在自习室。,0,0,2026-02-15 02:24:57,2602.45,失物招领|教学楼|证件|校园卡|钥匙,生活,全校,0.0,0,0,0,10,normal,12,失物招领|教学楼|证件|校园卡|钥匙
p_ext_000813,u_ext_00246,ext_001,二手交易,收二手电动车,预算有限，想收一辆能正常骑的电动车，最好有校区牌。,0,0,2025-12-31 05:50:57,3703.0167,闲置|教材|二手交易,生活,图书馆,150.0,0,1,0,10,normal,25,闲置|教材|二手交易
p_ext_000814,u_ext_00408,ext_003,恋爱交友,毕业照拍照搭子,想找同学一起拍照，时间可以商量。,0,0,2026-02-11 05:04:57,2695.7833,交友|拍照|活动,社交,食堂区,0.0,0,0,0,10,normal,16,交友|拍照|活动
p_ext_000815,cjMrZWFZV1dxNHAva3REYmhhK25hSU8yaDYrS2RLcUxqbnFpcEpxQnJhNjJpNmV3aExtemlJcVR1cVNZamJTZWxybW1qWnVhYjRtRmlXSjI=,ext_001,二手交易,出二手自行车,车况正常，适合校内通勤，南校园附近交易，可自提。,0,0,2026-01-30 01:20:57,2987.5167,教材|电动车,生活,宿舍区,90.0,0,0,0,10,normal,24,教材|电动车
p_ext_000816,u_ext_00321,ext_004,校园生活,宿舍区附近有什么好吃的,想换换口味，求推荐附近小店。,0,0,2026-05-06 08:39:57,676.2,食堂|宿舍|共享厨房|校园生活,社交,全校,0.0,0,0,0,10,normal,14,食堂|宿舍|共享厨房|校园生活
p_ext_000817,u_ext_00362,ext_001,二手交易,毕业季出闲置,整理宿舍出一些闲置物品，优先校内自提。,1,1,2026-02-03 15:38:57,2877.2167,租房|二手交易|教材,生活,校外,50.0,0,0,0,10,normal,19,租房|二手交易|教材
p_ext_000818,u_ext_00148,ext_002,问答求助,宿舍维修一般多久来,已经报修了，想问问大家一般多久能处理。,1,1,2026-03-14 09:17:57,1947.5667,课程资料|打印店|校园卡|宿舍|求问,生活,食堂区,0.0,0,0,0,10,normal,19,课程资料|打印店|校园卡|宿舍|求问
p_ext_000819,u_ext_00435,ext_002,问答求助,宿舍维修一般多久来,已经报修了，想问问大家一般多久能处理。,0,0,2026-01-13 16:19:57,3380.5333,校园卡|课程资料|打印店,生活,宿舍区,0.0,0,0,0,10,normal,19,校园卡|课程资料|打印店
p_ext_000820,u_ext_00222,ext_007,课程评价,期末重点有吗,复习范围有点大，想交流一下重点。,0,0,2026-05-25 04:31:57,224.3333,期末|老师|课程评价|给分|选课,学习,教学区,0.0,0,0,0,10,normal,16,期末|老师|课程评价|给分|选课
p_ext_000821,eFgyamdvR28xR2lTdWRqTmg2KzhuNFROcG9HYm5KQ0ppcCthZTVDUDB0MnZqNk9JaHMyamVvak12cWFYaXBPbWY4MmVrSW1lYjRPSWlXSjI=,ext_003,恋爱交友,找健身搭子,每周两三次，强度不用太高。,1,1,2026-04-09 08:02:57,1324.8167,搭子|羽毛球|拍照,社交,全校,0.0,0,0,0,10,normal,13,搭子|羽毛球|拍照
p_ext_000822,u_ext_00386,ext_002,问答求助,求问校园卡补办流程,校园卡丢了，有没有同学知道补办需要带什么材料。,0,0,2026-05-01 03:53:57,800.9667,课程资料|校园卡|打印店|求问,生活,图书馆,0.0,0,0,0,10,normal,23,课程资料|校园卡|打印店|求问
p_ext_000823,cjMrZWFZV1dxNHAva3REYmhhK25hSU8yaDYrS2RLcUxqbnFpcEpxQnJhNjJpNmV3aExtemlJcVR1cVNZamJTZWxybW1qWnVhYjRtRmlXSjI=,ext_002,问答求助,求问校园卡补办流程,校园卡丢了，有没有同学知道补办需要带什么材料。,1,1,2025-12-18 20:24:57,4000.45,求问|打印店|课程资料|宿舍|校园卡,生活,图书馆,0.0,0,0,0,10,normal,23,求问|打印店|课程资料|宿舍|校园卡
p_ext_000824,u_ext_00260,ext_002,问答求助,求问南校哪里可以自习,最近想找安静地方复习，想问问大家有什么推荐。,0,0,2026-03-31 07:48:57,1541.05,求问|校园卡|课程资料|宿舍|打印店,生活,校外,0.0,0,0,0,10,normal,22,求问|校园卡|课程资料|宿舍|打印店
p_ext_000825,u_ext_00488,ext_002,问答求助,宿舍维修一般多久来,已经报修了，想问问大家一般多久能处理。,0,0,2026-04-15 14:33:57,1174.3,求问|课程资料,生活,宿舍区,0.0,0,0,0,10,normal,19,求问|课程资料
p_ext_000826,u_ext_00308,ext_002,问答求助,宿舍维修一般多久来,已经报修了，想问问大家一般多久能处理。,1,1,2026-01-08 07:57:57,3508.9,课程资料|校园卡|打印店|求问|宿舍,生活,教学区,0.0,0,0,0,10,normal,19,课程资料|校园卡|打印店|求问|宿舍
p_ext_000827,u_ext_00265,ext_002,问答求助,求问校园卡补办流程,校园卡丢了，有没有同学知道补办需要带什么材料。,1,1,2026-04-25 23:34:57,925.2833,宿舍|求问,生活,图书馆,0.0,0,0,0,10,normal,23,宿舍|求问
p_ext_000828,u_ext_00438,ext_002,问答求助,宿舍维修一般多久来,已经报修了，想问问大家一般多久能处理。,0,0,2026-05-08 13:36:57,623.25,校园卡|求问,生活,校外,0.0,0,0,0,10,normal,19,校园卡|求问
p_ext_000829,u_ext_00376,ext_002,问答求助,求推荐附近打印店,需要打印课程资料，想找价格合适的位置。,0,0,2026-02-20 17:54:57,2466.95,课程资料|求问|宿舍,生活,食堂区,0.0,0,0,0,10,normal,19,课程资料|求问|宿舍
p_ext_000830,u_ext_00256,ext_001,二手交易,收二手电动车,预算有限，想收一辆能正常骑的电动车，最好有校区牌。,3,1,2025-12-31 13:58:57,3694.8833,教材|二手交易|闲置|电动车|租房,生活,全校,10.0,0,0,0,10,normal,25,教材|二手交易|闲置|电动车|租房
p_ext_000831,u_ext_00288,ext_002,问答求助,求问南校哪里可以自习,最近想找安静地方复习，想问问大家有什么推荐。,0,0,2026-05-27 19:15:57,161.6,求问|宿舍|课程资料|打印店,生活,校外,0.0,0,0,0,10,normal,22,求问|宿舍|课程资料|打印店
p_ext_000832,u_ext_00278,ext_002,问答求助,求问南校哪里可以自习,最近想找安静地方复习，想问问大家有什么推荐。,0,0,2026-05-01 12:14:57,792.6167,校园卡|求问|课程资料|宿舍,生活,图书馆,0.0,0,0,0,10,normal,22,校园卡|求问|课程资料|宿舍
p_ext_000833,dFd0MWZJbXFxNnVFcDZuWGdhQ3ZxNU9uZUlxUnE0eCtobjJFZ1p1bnZhNnlhSG1xbDZpV25vZTJ6NUtJWjZlc2tyZUFib2hobm4rSWlXSjI=,ext_004,校园生活,今天食堂这个菜怎么样,中午路过看到很多人排队，想问问味道如何。,0,0,2025-12-12 15:10:57,4149.6833,食堂|校园生活|校车|宿舍|共享厨房,社交,教学区,0.0,0,0,0,10,normal,20,食堂|校园生活|校车|宿舍|共享厨房
p_ext_000834,u_ext_00381,ext_002,问答求助,求问南校哪里可以自习,最近想找安静地方复习，想问问大家有什么推荐。,1,1,2026-01-12 05:19:57,3415.5333,求问|校园卡|课程资料|打印店|宿舍,生活,图书馆,0.0,0,0,0,10,normal,22,求问|校园卡|课程资料|打印店|宿舍
p_ext_000835,u_ext_00370,ext_004,校园生活,宿舍区附近有什么好吃的,想换换口味，求推荐附近小店。,0,0,2026-05-08 04:39:57,632.2,共享厨房|校车|校园生活,社交,校外,0.0,0,0,0,10,normal,14,共享厨房|校车|校园生活
p_ext_000836,u_ext_00132,ext_002,问答求助,求问校园卡补办流程,校园卡丢了，有没有同学知道补办需要带什么材料。,0,0,2025-12-22 12:38:57,3912.2167,课程资料|校园卡,生活,图书馆,0.0,0,0,0,10,normal,23,课程资料|校园卡
p_ext_000837,u_ext_00159,ext_002,问答求助,求问南校哪里可以自习,最近想找安静地方复习，想问问大家有什么推荐。,1,1,2026-04-27 11:26:57,889.4167,求问|课程资料,生活,宿舍区,0.0,0,0,0,10,normal,22,求问|课程资料
p_ext_000838,u_ext_00264,ext_012,兼职实习,实习信息交流,看到一些岗位，想和大家讨论一下。,0,0,2026-03-17 19:01:57,1865.8333,家教|薪资|兼职|实习|招聘,发展,教学区,0.0,0,0,0,10,normal,16,家教|薪资|兼职|实习|招聘
p_ext_000839,u_ext_00264,ext_002,问答求助,求问南校哪里可以自习,最近想找安静地方复习，想问问大家有什么推荐。,0,0,2026-04-28 13:21:57,863.5,求问|打印店|课程资料|宿舍,生活,宿舍区,0.0,0,0,0,10,normal,22,求问|打印店|课程资料|宿舍
p_ext_000840,u_ext_00278,ext_003,恋爱交友,找学习搭子,希望互相监督学习，地点可以在图书馆。,1,1,2026-03-18 20:42:57,1840.15,活动|拍照|交友|羽毛球|搭子,社交,全校,0.0,0,0,0,10,normal,18,活动|拍照|交友|羽毛球|搭子
p_ext_000841,u_ext_00127,ext_001,二手交易,出考研资料,资料保存完整，适合复习使用，价格可小刀。,0,0,2026-05-21 08:40:57,316.1833,教材|租房|二手交易,生活,图书馆,0.0,1,0,0,10,normal,20,教材|租房|二手交易
p_ext_000842,u_ext_00351,ext_002,问答求助,求问校园卡补办流程,校园卡丢了，有没有同学知道补办需要带什么材料。,0,0,2026-04-20 08:04:57,1060.7833,打印店|课程资料,生活,图书馆,0.0,0,0,0,10,normal,23,打印店|课程资料
p_ext_000843,d21xQmg0aVRrbytHcXFxNm1JbkdwMzY2b2JDY25KbXdpNHllZzVtT201aXZhNStsbHMydXFJV25sSkdZb3Bkb2xaS0hycGlFYjRlSWlXSjI=,ext_001,二手交易,毕业季出闲置,整理宿舍出一些闲置物品，优先校内自提。,1,1,2026-02-09 19:58:57,2728.8833,二手交易|闲置,生活,图书馆,20.0,1,1,0,10,normal,19,二手交易|闲置
p_ext_000844,u_ext_00381,ext_006,考研保研,复试经验整理,把最近问到的问题和准备过程记录一下。,0,0,2026-04-12 13:06:57,1247.75,复试|408|考研|学习经验|保研,学习,图书馆,0.0,0,0,0,10,normal,18,复试|408|考研|学习经验|保研
p_ext_000845,u_ext_00294,ext_003,恋爱交友,找学习搭子,希望互相监督学习，地点可以在图书馆。,0,0,2026-05-23 15:26:57,261.4167,搭子|羽毛球,社交,校外,0.0,0,0,0,10,normal,18,搭子|羽毛球
p_ext_000846,u_ext_00136,ext_004,校园生活,吐槽一下今天的校车,等车时间有点久，大家最近有没有类似情况。,1,1,2026-05-25 23:15:57,205.6,宿舍|食堂|校车|校园生活|共享厨房,社交,图书馆,0.0,0,0,0,10,normal,20,宿舍|食堂|校车|校园生活|共享厨房
p_ext_000847,dHBCMW81U254WDZEemEyVmhhRGFkbjdPZ0lDUllwbHBsNHFtb1l0OXJiVERzb0J0ZjVhM2lwYTYwOU9WZkp0NWxLaUFqWkYwYjRlSWlXSjI=,ext_005,学习交流,求操作系统实验报告参考,实验有几个地方卡住了，想交流一下思路。,1,1,2026-05-06 07:29:57,677.3667,学习交流|学习经验|课程资料|考试,学习,校外,0.0,0,0,0,10,normal,19,学习交流|学习经验|课程资料|考试
p_ext_000848,u_ext_00285,ext_002,问答求助,宿舍维修一般多久来,已经报修了，想问问大家一般多久能处理。,0,0,2026-01-03 02:43:57,3634.1333,校园卡|宿舍|打印店|课程资料,生活,图书馆,0.0,0,0,0,10,normal,19,校园卡|宿舍|打印店|课程资料
p_ext_000849,u_ext_00381,ext_001,二手交易,出考研资料,资料保存完整，适合复习使用，价格可小刀。,0,0,2026-05-30 03:35:57,105.2667,租房|闲置|电动车|教材,生活,图书馆,150.0,0,0,0,10,normal,20,租房|闲置|电动车|教材
p_ext_000850,u_ext_00233,ext_002,问答求助,求问校园卡补办流程,校园卡丢了，有没有同学知道补办需要带什么材料。,0,0,2025-12-07 17:29:57,4267.3667,课程资料|校园卡,生活,校外,0.0,0,0,0,10,normal,23,课程资料|校园卡
p_ext_000851,u_ext_00382,ext_001,二手交易,出考研资料,资料保存完整，适合复习使用，价格可小刀。,3,1,2026-06-01 02:50:57,58.0167,闲置|电动车|教材|二手交易,生活,食堂区,0.0,0,0,0,10,normal,20,闲置|电动车|教材|二手交易
p_ext_000852,u_ext_00116,ext_001,二手交易,出二手自行车,车况正常，适合校内通勤，东校园附近交易，可自提。,0,0,2026-01-23 01:34:57,3155.2833,租房|二手交易|教材,生活,图书馆,20.0,1,1,0,10,normal,24,租房|二手交易|教材
p_ext_000853,cm1pYmlZU3BycTJDemFtV2xHZk9wSXVWZ0txTmQ0T3FpNHlpaUppa3k2dTBmNTlzaTVhdmpaTzEyTk9LbzdTbWt0eDhvcGwzakgrWXIySjI=,ext_003,恋爱交友,找学习搭子,希望互相监督学习，地点可以在图书馆。,0,0,2026-01-14 02:12:57,3370.65,拍照|交友|羽毛球,社交,宿舍区,0.0,0,0,0,10,normal,18,拍照|交友|羽毛球
p_ext_000854,u_ext_00500,ext_002,问答求助,宿舍维修一般多久来,已经报修了，想问问大家一般多久能处理。,0,0,2026-05-16 04:47:57,440.0667,校园卡|求问|课程资料|宿舍|打印店,生活,全校,0.0,0,0,0,10,normal,19,校园卡|求问|课程资料|宿舍|打印店
p_ext_000855,u_ext_00316,ext_002,问答求助,求问校园卡补办流程,校园卡丢了，有没有同学知道补办需要带什么材料。,0,0,2026-02-28 21:13:57,2271.6333,打印店|求问,生活,食堂区,0.0,0,0,0,10,normal,23,打印店|求问
p_ext_000856,czMxb2s1V3ExWWFIemN5bWhLR29wWWVTaktDSllXdDdpcUJqYnBta3RaYXVqMzE4bFphcmZuMlR6OW1XcjdDQWs3cUltWWlJWnJDWHIySjI=,ext_002,问答求助,求问校园卡补办流程,校园卡丢了，有没有同学知道补办需要带什么材料。,0,0,2026-03-27 20:34:57,1624.2833,课程资料|校园卡,生活,校外,0.0,0,0,0,10,normal,23,课程资料|校园卡
p_ext_000857,u_ext_00348,ext_002,问答求助,宿舍维修一般多久来,已经报修了，想问问大家一般多久能处理。,1,1,2026-01-01 05:16:57,3679.5833,打印店|求问|课程资料|宿舍,生活,宿舍区,0.0,0,0,0,10,normal,19,打印店|求问|课程资料|宿舍
p_ext_000858,u_ext_00205,ext_002,问答求助,宿舍维修一般多久来,已经报修了，想问问大家一般多久能处理。,0,0,2026-01-15 02:47:57,3346.0667,校园卡|课程资料,生活,教学区,0.0,0,0,0,10,normal,19,校园卡|课程资料
p_ext_000859,u_ext_00307,ext_002,问答求助,宿舍维修一般多久来,已经报修了，想问问大家一般多久能处理。,0,0,2026-03-29 19:55:57,1576.9333,打印店|宿舍|课程资料|校园卡|求问,生活,教学区,0.0,0,0,0,10,normal,19,打印店|宿舍|课程资料|校园卡|求问
p_ext_000860,u_ext_00130,ext_001,二手交易,毕业季出闲置,整理宿舍出一些闲置物品，优先校内自提。,5,1,2026-03-16 13:42:57,1895.15,闲置|租房|二手交易|电动车|教材,生活,图书馆,10.0,0,0,0,10,normal,19,闲置|租房|二手交易|电动车|教材
p_ext_000861,dEk2YnFKVzQyR2lTenE2NmlZM1NmWlRjbXFXTGVKbXZpM3Flc1pkcnZkckZhbm1JaHN5YXNKTzVzdHFOak5hbWhKV2VzcEdGZ0txS2lXSjI=,ext_004,校园生活,吐槽一下今天的校车,等车时间有点久，大家最近有没有类似情况。,0,0,2026-01-24 07:49:57,3125.0333,食堂|校园生活,社交,全校,0.0,0,0,0,10,normal,20,食堂|校园生活
p_ext_000862,u_ext_00358,ext_005,学习交流,数据结构期末复习资料整理,整理了一些重点和往年题型，欢迎补充。,0,0,2026-02-10 20:24:57,2704.45,课程资料|复习资料,学习,校外,0.0,0,0,0,10,normal,18,课程资料|复习资料
p_ext_000863,u_ext_00453,ext_002,问答求助,宿舍维修一般多久来,已经报修了，想问问大家一般多久能处理。,1,1,2026-03-20 03:07:57,1809.7333,打印店|校园卡|课程资料,生活,宿舍区,0.0,0,0,0,10,normal,19,打印店|校园卡|课程资料
p_ext_000864,u_ext_00482,ext_002,问答求助,求问南校哪里可以自习,最近想找安静地方复习，想问问大家有什么推荐。,0,0,2026-03-12 10:02:57,1994.8167,课程资料|打印店|校园卡,生活,全校,0.0,0,0,0,10,normal,22,课程资料|打印店|校园卡
p_ext_000865,u_ext_00199,ext_001,二手交易,出考研资料,资料保存完整，适合复习使用，价格可小刀。,3,1,2026-01-20 22:16:57,3206.5833,闲置|租房|二手交易|教材,生活,食堂区,50.0,0,0,0,10,normal,20,闲置|租房|二手交易|教材
p_ext_000866,u_ext_00440,ext_002,问答求助,求问南校哪里可以自习,最近想找安静地方复习，想问问大家有什么推荐。,0,0,2026-05-23 09:10:57,267.6833,求问|宿舍|课程资料,生活,教学区,0.0,0,0,0,10,normal,22,求问|宿舍|课程资料
p_ext_000867,u_ext_00132,ext_002,问答求助,求问校园卡补办流程,校园卡丢了，有没有同学知道补办需要带什么材料。,0,0,2026-05-04 07:08:57,725.7167,课程资料|校园卡,生活,教学区,0.0,0,0,0,10,normal,23,课程资料|校园卡
p_ext_000868,u_ext_00305,ext_002,问答求助,求问南校哪里可以自习,最近想找安静地方复习，想问问大家有什么推荐。,0,0,2026-02-05 01:28:57,2843.3833,宿舍|打印店|校园卡,生活,图书馆,0.0,0,0,0,10,normal,22,宿舍|打印店|校园卡
p_ext_000869,dG1tSmZJZXJ1NEdEM01pMmpZcTBhcFMybm9pSW01MXRsWHlJcDRwK3FiMjRqNFJyaHBXbWFaU3F2czZHakxPdGc4OWpzb3FjZTJtSmlXSjI=,ext_006,考研保研,408 考研经验分享,按阶段整理了复习计划和资料选择。,0,0,2025-12-21 20:46:57,3928.0833,学习经验|408,学习,全校,0.0,0,0,0,10,normal,16,学习经验|408
p_ext_000870,u_ext_00310,ext_003,恋爱交友,找健身搭子,每周两三次，强度不用太高。,1,1,2026-05-31 18:53:57,65.9667,交友|羽毛球,社交,宿舍区,0.0,0,0,0,10,normal,13,交友|羽毛球
p_ext_000871,u_ext_00121,ext_008,食堂生活,隐藏菜单分享,最近发现一个不错的搭配，价格也还行。,5,1,2026-04-14 10:57:57,1201.9,拼饭|食堂|窗口测评|优惠,生活,宿舍区,0.0,0,0,0,10,normal,18,拼饭|食堂|窗口测评|优惠
p_ext_000872,u_ext_00458,ext_001,二手交易,出二手自行车,车况正常，适合校内通勤，珠海校区附近交易，可自提。,1,1,2026-02-25 01:33:57,2363.3,租房|教材|闲置,生活,校外,50.0,0,0,0,10,normal,25,租房|教材|闲置
p_ext_000873,u_ext_00214,ext_002,问答求助,求问校园卡补办流程,校园卡丢了，有没有同学知道补办需要带什么材料。,0,0,2025-12-14 21:35:57,4095.2667,求问|打印店|课程资料|校园卡|宿舍,生活,宿舍区,0.0,0,0,0,10,normal,23,求问|打印店|课程资料|校园卡|宿舍
p_ext_000874,u_ext_00141,ext_002,问答求助,求问校园卡补办流程,校园卡丢了，有没有同学知道补办需要带什么材料。,0,0,2025-12-17 18:05:57,4026.7667,求问|校园卡|宿舍,生活,教学区,0.0,0,0,0,10,normal,23,求问|校园卡|宿舍
p_ext_000875,u_ext_00421,ext_006,考研保研,复试经验整理,把最近问到的问题和准备过程记录一下。,0,0,2025-12-10 23:40:57,4189.1833,考研|408,学习,教学区,0.0,0,0,0,10,normal,18,考研|408
p_ext_000876,u_ext_00157,ext_001,二手交易,毕业季出闲置,整理宿舍出一些闲置物品，优先校内自提。,3,1,2026-05-15 20:14:57,448.6167,教材|闲置|电动车|二手交易|租房,生活,校外,90.0,0,0,0,10,normal,19,教材|闲置|电动车|二手交易|租房
p_ext_000877,u_ext_00322,ext_002,问答求助,求推荐附近打印店,需要打印课程资料，想找价格合适的位置。,0,0,2026-04-17 10:55:57,1129.9333,校园卡|求问,生活,宿舍区,0.0,0,0,0,10,normal,19,校园卡|求问
p_ext_000878,dzZXQmdJTzZsckNGdDVXcWZtaWtxSk81aUt1RmlZK3dpcUdhanBxbHZiKzBwWDE5bHFqSXJJS1VxdEdZbjdoN2c5dHJzbzJjaEltS2lXSjI=,ext_001,二手交易,出考研资料,资料保存完整，适合复习使用，价格可小刀。,0,0,2026-02-13 20:11:57,2632.6667,二手交易|租房|电动车,生活,校外,10.0,1,0,0,10,normal,20,二手交易|租房|电动车
p_ext_000879,cm11YmY0YlIwWHlHdHJLeG1IbXNoSWZQaUt5SWg1Q0hnV2lMc1lOK3JkVEZhcVp0aU0rN2pZU3F1dG1VWnNhZmxhaC9hNHhrZzdDV3IySjI=,ext_002,问答求助,求问校园卡补办流程,校园卡丢了，有没有同学知道补办需要带什么材料。,0,0,2026-03-03 19:44:57,2201.1167,校园卡|宿舍|求问,生活,全校,0.0,0,0,0,10,normal,23,校园卡|宿舍|求问
p_ext_000880,u_ext_00203,ext_004,校园生活,有人一起去操场跑步吗,晚上想找搭子慢跑，节奏轻松就行。,0,0,2026-05-26 10:08:57,194.7167,食堂|宿舍|校园生活,社交,校外,0.0,0,0,0,10,normal,16,食堂|宿舍|校园生活
p_ext_000881,u_ext_00395,ext_003,恋爱交友,找健身搭子,每周两三次，强度不用太高。,0,0,2026-04-04 11:20:57,1441.5167,羽毛球|交友|活动|搭子,社交,全校,0.0,0,0,0,10,normal,13,羽毛球|交友|活动|搭子
p_ext_000882,d29DSWJJelBvNHlGemN2WGluck5xNWJPaEthWlk1Q29ncU9NZ3BlTng2KzdnSnB0aDZldXI0ZTQxTmlDZkp1ZmhOQjhtWW1maDZxRGVXSjI=,ext_008,食堂生活,食堂新窗口测评,今天试了一下，味道和分量都还可以。,0,0,2026-03-04 18:40:57,2178.1833,拼饭|校园生活|窗口测评|食堂,生活,校外,0.0,0,0,0,10,normal,17,拼饭|校园生活|窗口测评|食堂
p_ext_000883,u_ext_00367,ext_003,恋爱交友,毕业照拍照搭子,想找同学一起拍照，时间可以商量。,1,1,2025-12-24 18:00:57,3858.85,搭子|活动,社交,教学区,0.0,0,0,0,10,normal,16,搭子|活动
p_ext_000884,u_ext_00174,ext_001,二手交易,出考研资料,资料保存完整，适合复习使用，价格可小刀。,5,1,2025-12-27 13:39:57,3791.2,教材|闲置,生活,宿舍区,150.0,1,1,0,10,normal,20,教材|闲置
p_ext_000885,u_ext_00334,ext_003,恋爱交友,毕业照拍照搭子,想找同学一起拍照，时间可以商量。,0,0,2026-04-02 16:14:57,1484.6167,活动|拍照|羽毛球,社交,图书馆,0.0,0,0,0,10,normal,16,活动|拍照|羽毛球
p_ext_000886,u_ext_00452,ext_002,问答求助,求问南校哪里可以自习,最近想找安静地方复习，想问问大家有什么推荐。,1,1,2026-03-13 14:01:57,1966.8333,校园卡|课程资料|求问|宿舍,生活,食堂区,0.0,0,0,0,10,normal,22,校园卡|课程资料|求问|宿舍
p_ext_000887,u_ext_00344,ext_001,二手交易,出考研资料,资料保存完整，适合复习使用，价格可小刀。,0,0,2026-03-20 07:03:57,1805.8,闲置|教材|租房|二手交易,生活,图书馆,20.0,0,1,0,10,normal,20,闲置|教材|租房|二手交易
p_ext_000888,u_ext_00162,ext_001,二手交易,收二手电动车,预算有限，想收一辆能正常骑的电动车，最好有校区牌。,0,0,2026-04-02 18:12:57,1482.65,二手交易|教材|电动车|闲置,生活,教学区,50.0,0,1,0,10,normal,25,二手交易|教材|电动车|闲置
p_ext_000889,u_ext_00490,ext_009,社团活动,社团招新公告,面向所有年级，零基础也可以参加。,0,0,2025-12-18 05:01:57,4015.8333,活动|交友|招新,社交,校外,0.0,0,0,0,10,normal,16,活动|交友|招新
p_ext_000890,dzZTYXE1YW9sbzZXdUwyV2dLQzBabnpjbW4rRllaNnVqcUNNaFlKc3pwbTRmNnR2ZzdxM2lJdTJwcXlZb2FSL2ZzMW5mbzZKcG1tRGVXSjI=,ext_012,兼职实习,兼职避坑提醒,整理一些常见注意事项。,0,0,2026-04-15 01:52:57,1186.9833,实习|兼职|招聘|家教,发展,全校,0.0,0,0,0,10,normal,11,实习|兼职|招聘|家教
p_ext_000891,u_ext_00178,ext_002,问答求助,求问南校哪里可以自习,最近想找安静地方复习，想问问大家有什么推荐。,0,0,2026-01-16 07:49:57,3317.0333,课程资料|打印店,生活,宿舍区,0.0,0,0,0,10,normal,22,课程资料|打印店
p_ext_000892,u_ext_00299,ext_003,恋爱交友,周末有人一起打羽毛球吗,新手友好，主要想活动一下。,1,1,2025-12-09 09:00:57,4227.85,拍照|交友|羽毛球|搭子|活动,社交,图书馆,0.0,0,0,0,10,normal,13,拍照|交友|羽毛球|搭子|活动
p_ext_000893,u_ext_00357,ext_002,问答求助,宿舍维修一般多久来,已经报修了，想问问大家一般多久能处理。,1,1,2026-03-27 22:35:57,1622.2667,求问|课程资料|打印店|宿舍,生活,宿舍区,0.0,0,0,0,10,normal,19,求问|课程资料|打印店|宿舍
p_ext_000894,dzR5RnNJVFFybWFHM0xhNWdudThvNHVuZzdDSmRZU3JnWXA0a28rano5M0ZqM21EbGMzRm5vaXBzWmFVWjVPRGlybU1tWkdJZ0c2WXIySjI=,ext_001,二手交易,收二手电动车,预算有限，想收一辆能正常骑的电动车，最好有校区牌。,0,0,2025-12-17 15:09:57,4029.7,租房|二手交易|教材,生活,食堂区,0.0,1,1,0,10,normal,25,租房|二手交易|教材
p_ext_000895,u_ext_00142,ext_004,校园生活,吐槽一下今天的校车,等车时间有点久，大家最近有没有类似情况。,0,0,2025-12-18 03:27:57,4017.4,食堂|校车|校园生活,社交,宿舍区,0.0,0,0,0,10,normal,20,食堂|校车|校园生活
p_ext_000896,c3BDRWE1YmRzNmFXdDVqWmlxUE9nWWpQZUg2RmVKNktsNHQ4azRlUXg5YXpmYUtyaEttcmZaT1NxcGVFcjdSOGc3YWFnSTJjYjJtWHIySjI=,ext_001,二手交易,出考研资料,资料保存完整，适合复习使用，价格可小刀。,1,1,2026-03-12 17:06:57,1987.75,二手交易|电动车,生活,校外,20.0,0,0,0,10,normal,20,二手交易|电动车
p_ext_000897,u_ext_00300,ext_002,问答求助,宿舍维修一般多久来,已经报修了，想问问大家一般多久能处理。,0,0,2026-04-14 07:14:57,1205.6167,校园卡|打印店|求问|课程资料|宿舍,生活,校外,0.0,0,0,0,10,normal,19,校园卡|打印店|求问|课程资料|宿舍
p_ext_000898,dGFKNGFZQ1QxWWFIMExiUWwyYTRoMzY0bW9lUmVLMXBsNkdMYVkyaTE5T3dmWmVFaGFpV3JwUE4zTGlJcjhxTWk2cWlzcG1Jakh1WHIySjI=,ext_002,问答求助,求问南校哪里可以自习,最近想找安静地方复习，想问问大家有什么推荐。,0,0,2026-04-30 14:39:57,814.2,求问|校园卡,生活,教学区,0.0,0,0,0,10,normal,22,求问|校园卡
p_ext_000899,dzVCMXI0WFB5WTJGbExYWGpZcTRub3FUb29LRllhNnRtWXVFaDRlTW01bXVzbml2aEpXU2tJak50ZGlNakxSNGtxZG5hSVI0ZkpLS2lXSjI=,ext_001,二手交易,出考研资料,资料保存完整，适合复习使用，价格可小刀。,3,1,2026-02-16 12:30:57,2568.35,教材|租房|闲置,生活,全校,20.0,1,0,0,10,normal,20,教材|租房|闲置
p_ext_000900,u_ext_00131,ext_004,校园生活,今天食堂这个菜怎么样,中午路过看到很多人排队，想问问味道如何。,0,0,2026-01-19 14:38:57,3238.2167,校车|宿舍,社交,食堂区,0.0,0,0,0,10,normal,20,校车|宿舍
p_ext_000901,u_ext_00485,ext_002,问答求助,求推荐附近打印店,需要打印课程资料，想找价格合适的位置。,0,0,2025-12-29 05:24:57,3751.45,宿舍|课程资料,生活,食堂区,0.0,0,0,0,10,normal,19,宿舍|课程资料
p_ext_000902,dFkybnBuL2RzNm1XdDY2eGpJdk9nb2FTZUlpY25wMnZoNjVyckkyUHJiaTRmSnVqbHF2RWFvQzNyckdIaXJPc2dzMTRoSVdIZDY2SmlXSjI=,ext_005,学习交流,这门课给分怎么样,准备选课，想听听上过的同学评价。,0,0,2026-03-24 09:49:57,1707.0333,课程资料|复习资料|学习经验|学习交流|考试,学习,宿舍区,0.0,0,0,0,10,normal,16,课程资料|复习资料|学习经验|学习交流|考试
p_ext_000903,u_ext_00264,ext_011,实习就业,求简历修改建议,准备投递实习，希望大家给点建议。,1,1,2026-05-30 13:49:57,95.0333,简历|就业,发展,食堂区,0.0,0,1,0,10,normal,16,简历|就业
p_ext_000904,c3FLZnFaZTQxWitTekxLdGlYck9oSVdVWXJHUmhaNkNqcUpqZjVlaW5OWERhSjl1Z0x1em40VE9wcE9Kbjg2Z2dyaWVib2FJYjZXSWlXSjI=,ext_002,问答求助,求问南校哪里可以自习,最近想找安静地方复习，想问问大家有什么推荐。,0,0,2026-05-23 16:51:57,260.0,打印店|宿舍|求问|课程资料|校园卡,生活,全校,0.0,0,0,0,10,normal,22,打印店|宿舍|求问|课程资料|校园卡
p_ext_000905,dzVCMXI0WFB5WTJGbExYWGpZcTRub3FUb29LRllhNnRtWXVFaDRlTW01bXVzbml2aEpXU2tJak50ZGlNakxSNGtxZG5hSVI0ZkpLS2lXSjI=,ext_008,食堂生活,这个窗口确实不错,排队人不少，不过出餐挺快。,0,0,2026-01-29 08:04:57,3004.7833,校园生活|拼饭,生活,全校,0.0,0,0,0,10,normal,13,校园生活|拼饭
p_ext_000906,u_ext_00108,ext_004,校园生活,吐槽一下今天的校车,等车时间有点久，大家最近有没有类似情况。,0,0,2026-01-19 21:16:57,3231.5833,宿舍|食堂|校园生活,社交,全校,0.0,0,0,0,10,normal,20,宿舍|食堂|校园生活
p_ext_000907,u_ext_00202,ext_007,课程评价,这门课给分怎么样,想问问作业量和期末难度。,0,0,2026-01-04 11:24:57,3601.45,选课|老师|期末|课程评价|给分,学习,全校,0.0,0,0,0,10,normal,12,选课|老师|期末|课程评价|给分
p_ext_000908,dGFONWhJUE5xNkdEdWI2NWZtalNaWXFVZUxHTmg2S0FqV2RqZ0p1bng5bTBqNWVTbExtN2FYMlVsYkdJak01cGhhbUVlNXA1aEsyQ2VXSjI=,ext_005,学习交流,这门课给分怎么样,准备选课，想听听上过的同学评价。,0,0,2025-12-19 14:10:57,3982.6833,学习经验|学习交流|复习资料|课程资料|考试,学习,宿舍区,0.0,0,0,0,10,normal,16,学习经验|学习交流|复习资料|课程资料|考试
p_ext_000909,ckdsMWFvdlJyMzErdWJhdWlXYXNab0s2b29TUm5YaXRqYUJyc0lSOXRadkNhNXVRZnQzTlpvQ25zdEtOWjdDcmhiVnJrb1ZraUhxQmVXSjI=,ext_005,学习交流,求操作系统实验报告参考,实验有几个地方卡住了，想交流一下思路。,0,0,2026-04-21 06:02:57,1038.8167,复习资料|学习交流|学习经验|考试|课程资料,学习,食堂区,0.0,0,0,0,10,normal,19,复习资料|学习交流|学习经验|考试|课程资料
p_ext_000910,cmJLYnM0UE96WCtWM0xxMGxLSFNmWWZOb251RW5YaU5ocU9Fb1ltQngrRERvNXQvaGFxM2VJUzR1dEtYaXBKb2ZKS2FxSVNGZklTS2lXSjI=,ext_011,实习就业,有没有同学了解这个岗位,想问问工作内容和面试形式。,0,0,2026-04-30 21:53:57,806.9667,面试|招聘,发展,校外,0.0,0,0,0,10,normal,13,面试|招聘
p_ext_000911,u_ext_00209,ext_012,兼职实习,兼职避坑提醒,整理一些常见注意事项。,0,0,2026-04-17 08:52:57,1131.9833,兼职|薪资|招聘,发展,宿舍区,0.0,0,0,0,10,normal,11,兼职|薪资|招聘
p_ext_000912,u_ext_00278,ext_002,问答求助,求问校园卡补办流程,校园卡丢了，有没有同学知道补办需要带什么材料。,0,0,2025-12-27 22:05:57,3782.7667,校园卡|求问|宿舍|打印店|课程资料,生活,教学区,0.0,0,0,0,10,normal,23,校园卡|求问|宿舍|打印店|课程资料
p_ext_000913,u_ext_00243,ext_013,失物招领,证件失物招领,在图书馆座位旁看到。,1,1,2025-12-27 23:27:57,3781.4,失物招领|校园卡|教学楼|钥匙|证件,生活,食堂区,0.0,0,0,0,10,normal,10,失物招领|校园卡|教学楼|钥匙|证件
p_ext_000914,u_ext_00142,ext_002,问答求助,求问校园卡补办流程,校园卡丢了，有没有同学知道补办需要带什么材料。,0,0,2026-03-06 12:52:57,2135.9833,课程资料|求问|打印店|宿舍,生活,全校,0.0,0,0,0,10,normal,23,课程资料|求问|打印店|宿舍
p_ext_000915,u_ext_00418,ext_002,问答求助,宿舍维修一般多久来,已经报修了，想问问大家一般多久能处理。,0,0,2026-03-05 12:59:57,2159.8667,求问|打印店,生活,全校,0.0,0,0,0,10,normal,19,求问|打印店
p_ext_000916,u_ext_00251,ext_013,失物招领,寻找钥匙,可能丢在宿舍区或食堂附近。,0,0,2026-04-21 21:39:57,1023.2,校园卡|证件|钥匙,生活,全校,0.0,0,0,0,10,normal,13,校园卡|证件|钥匙
p_ext_000917,u_ext_00328,ext_002,问答求助,宿舍维修一般多久来,已经报修了，想问问大家一般多久能处理。,1,1,2026-04-21 18:47:57,1026.0667,打印店|宿舍|课程资料|求问|校园卡,生活,全校,0.0,0,0,0,10,normal,19,打印店|宿舍|课程资料|求问|校园卡
p_ext_000918,u_ext_00467,ext_009,社团活动,志愿服务招募,需要几位同学协助现场秩序。,0,0,2026-04-26 02:00:57,922.85,交友|志愿服务|社团|招新|活动,社交,食堂区,0.0,0,0,0,10,normal,13,交友|志愿服务|社团|招新|活动
p_ext_000919,u_ext_00287,ext_001,二手交易,收二手电动车,预算有限，想收一辆能正常骑的电动车，最好有校区牌。,2,1,2026-05-25 02:01:57,226.8333,闲置|电动车|租房,生活,食堂区,50.0,0,1,0,10,normal,25,闲置|电动车|租房
p_ext_000920,u_ext_00415,ext_003,恋爱交友,找学习搭子,希望互相监督学习，地点可以在图书馆。,0,0,2025-12-04 21:19:57,4335.5333,拍照|羽毛球|搭子|交友|活动,社交,教学区,0.0,0,0,0,10,normal,18,拍照|羽毛球|搭子|交友|活动
p_ext_000921,u_ext_00364,ext_001,二手交易,出二手自行车,车况正常，适合校内通勤，珠海校区附近交易，可自提。,5,1,2026-01-30 08:34:57,2980.2833,电动车|教材,生活,宿舍区,150.0,0,0,0,10,normal,25,电动车|教材
p_ext_000922,u_ext_00263,ext_007,课程评价,这门课给分怎么样,想问问作业量和期末难度。,1,1,2026-01-20 14:04:57,3214.7833,选课|老师|给分|课程评价,学习,全校,0.0,0,0,0,10,normal,12,选课|老师|给分|课程评价
p_ext_000923,u_ext_00307,ext_001,二手交易,出考研资料,资料保存完整，适合复习使用，价格可小刀。,0,0,2026-05-21 03:00:57,321.85,电动车|闲置|教材,生活,校外,50.0,0,1,0,10,normal,20,电动车|闲置|教材
p_ext_000924,u_ext_00285,ext_002,问答求助,求问校园卡补办流程,校园卡丢了，有没有同学知道补办需要带什么材料。,0,0,2026-05-31 02:53:57,81.9667,校园卡|课程资料|求问|打印店,生活,宿舍区,0.0,0,0,0,10,normal,23,校园卡|课程资料|求问|打印店
p_ext_000925,u_ext_00266,ext_002,问答求助,求问校园卡补办流程,校园卡丢了，有没有同学知道补办需要带什么材料。,0,0,2026-06-03 07:02:57,5.8167,校园卡|求问|课程资料|打印店|宿舍,生活,食堂区,0.0,0,0,0,10,normal,23,校园卡|求问|课程资料|打印店|宿舍
p_ext_000926,u_ext_00368,ext_002,问答求助,求问校园卡补办流程,校园卡丢了，有没有同学知道补办需要带什么材料。,1,1,2025-12-13 02:17:57,4138.5667,校园卡|打印店|课程资料,生活,全校,0.0,0,0,0,10,normal,23,校园卡|打印店|课程资料
p_ext_000927,u_ext_00364,ext_004,校园生活,今天食堂这个菜怎么样,中午路过看到很多人排队，想问问味道如何。,1,1,2026-02-06 22:34:57,2798.2833,共享厨房|校车,社交,校外,0.0,0,0,0,10,normal,20,共享厨房|校车
p_ext_000928,u_ext_00156,ext_002,问答求助,求推荐附近打印店,需要打印课程资料，想找价格合适的位置。,0,0,2026-04-10 01:24:57,1307.45,打印店|宿舍|校园卡|课程资料,生活,校外,0.0,0,0,0,10,normal,19,打印店|宿舍|校园卡|课程资料
p_ext_000929,u_ext_00422,ext_001,二手交易,出二手自行车,车况正常，适合校内通勤，北校园附近交易，可自提。,0,0,2026-03-28 14:33:57,1606.3,租房|闲置,生活,校外,20.0,1,1,0,10,normal,24,租房|闲置
p_ext_000930,u_ext_00113,ext_001,二手交易,收二手电动车,预算有限，想收一辆能正常骑的电动车，最好有校区牌。,1,1,2026-05-24 03:49:57,249.0333,闲置|二手交易|教材,生活,食堂区,90.0,1,0,0,10,normal,25,闲置|二手交易|教材
p_ext_000931,u_ext_00183,ext_012,兼职实习,短期兼职信息,适合课余时间，有意可以留言。,0,0,2025-12-14 19:47:57,4097.0667,兼职|招聘|实习,发展,宿舍区,0.0,0,1,0,10,normal,14,兼职|招聘|实习
p_ext_000932,u_ext_00265,ext_003,恋爱交友,周末有人一起打羽毛球吗,新手友好，主要想活动一下。,0,0,2026-01-28 07:39:57,3029.2,拍照|交友|羽毛球,社交,教学区,0.0,0,0,0,10,normal,13,拍照|交友|羽毛球
p_ext_000933,u_ext_00337,ext_002,问答求助,宿舍维修一般多久来,已经报修了，想问问大家一般多久能处理。,0,0,2026-02-13 21:36:57,2631.25,课程资料|宿舍|打印店,生活,宿舍区,0.0,0,0,0,10,normal,19,课程资料|宿舍|打印店
p_ext_000934,dXFXbnJaU3FrcStTMjUzT2dhTFdvSWJOYTZDRVlZeVJnb3VJclp1TnZiQzBhR1NoZ05Demg0clExTnFJb2Nab2haS0VmWU5qcW4rT3IySjI=,ext_002,问答求助,求推荐附近打印店,需要打印课程资料，想找价格合适的位置。,0,0,2026-01-29 20:37:57,2992.2333,课程资料|宿舍,生活,食堂区,0.0,0,0,0,10,normal,19,课程资料|宿舍
p_ext_000935,u_ext_00261,ext_012,兼职实习,家教兼职招人,时间可协调，地点离学校不远。,0,0,2026-05-21 22:51:57,302.0,实习|家教|兼职|薪资|招聘,发展,校外,0.0,0,0,0,10,normal,14,实习|家教|兼职|薪资|招聘
p_ext_000936,u_ext_00380,ext_001,二手交易,出二手自行车,车况正常，适合校内通勤，东校园附近交易，可自提。,3,1,2026-02-28 08:50:57,2284.0167,二手交易|租房|闲置,生活,图书馆,150.0,0,0,0,10,normal,24,二手交易|租房|闲置
p_ext_000937,u_ext_00275,ext_002,问答求助,求推荐附近打印店,需要打印课程资料，想找价格合适的位置。,0,0,2026-04-08 20:19:57,1336.5333,打印店|宿舍|求问,生活,全校,0.0,0,0,0,10,normal,19,打印店|宿舍|求问
p_ext_000938,u_ext_00163,ext_003,恋爱交友,周末有人一起打羽毛球吗,新手友好，主要想活动一下。,0,0,2026-04-27 10:28:57,890.3833,拍照|活动|羽毛球|交友|搭子,社交,全校,0.0,0,0,0,10,normal,13,拍照|活动|羽毛球|交友|搭子
p_ext_000939,c21pZm9ZeXFsbytVemRDemxXZmFxNUtWaEs2TW5hYW1oWitWYklxUXo4ZXZhb0duaHFyRmhZcVVxWlNWZk5acWxxaWVyNWgybnJDV3IySjI=,ext_002,问答求助,宿舍维修一般多久来,已经报修了，想问问大家一般多久能处理。,0,0,2026-02-06 05:31:57,2815.3333,打印店|求问,生活,食堂区,0.0,0,0,0,10,normal,19,打印店|求问
p_ext_000940,u_ext_00294,ext_006,考研保研,408 考研经验分享,按阶段整理了复习计划和资料选择。,1,1,2026-05-23 22:03:57,254.8,408|学习经验|保研,学习,校外,0.0,0,0,0,10,normal,16,408|学习经验|保研
p_ext_000941,u_ext_00484,ext_002,问答求助,宿舍维修一般多久来,已经报修了，想问问大家一般多久能处理。,1,1,2026-04-08 08:35:57,1348.2667,校园卡|求问|课程资料|打印店,生活,校外,0.0,0,0,0,10,normal,19,校园卡|求问|课程资料|打印店
p_ext_000942,u_ext_00120,ext_002,问答求助,求问南校哪里可以自习,最近想找安静地方复习，想问问大家有什么推荐。,0,0,2025-12-05 12:44:57,4320.1167,课程资料|打印店|校园卡|宿舍|求问,生活,食堂区,0.0,0,0,0,10,normal,22,课程资料|打印店|校园卡|宿舍|求问
p_ext_000943,u_ext_00213,ext_002,问答求助,求推荐附近打印店,需要打印课程资料，想找价格合适的位置。,1,1,2026-02-18 02:06:57,2530.75,宿舍|打印店|课程资料,生活,食堂区,0.0,0,0,0,10,normal,19,宿舍|打印店|课程资料
p_ext_000944,u_ext_00204,ext_007,课程评价,这门课给分怎么样,想问问作业量和期末难度。,1,1,2026-04-15 06:06:57,1182.75,给分|课程评价|期末|老师,学习,食堂区,0.0,0,0,0,10,normal,12,给分|课程评价|期末|老师
p_ext_000945,u_ext_00314,ext_011,实习就业,宣讲会信息分享,时间地点已经整理，感兴趣可以看看。,1,1,2026-06-02 11:15:57,25.6,面试|简历|就业|实习,发展,全校,0.0,0,0,0,10,normal,17,面试|简历|就业|实习
p_ext_000946,czMxbnNaU251NUNBcHI2cGlHVzhkNGE2ZktXRlk2S0poMmlpZ28rbTA5dkZvMzJ5Z0xpN2VwV295TnVIWnNxTmhaUjhwSnFGaklTRGVXSjI=,ext_003,恋爱交友,找健身搭子,每周两三次，强度不用太高。,1,1,2026-04-21 11:38:57,1033.2167,羽毛球|交友|拍照,社交,食堂区,0.0,0,0,0,10,normal,13,羽毛球|交友|拍照
p_ext_000947,u_ext_00305,ext_002,问答求助,求问南校哪里可以自习,最近想找安静地方复习，想问问大家有什么推荐。,0,0,2026-05-27 19:08:57,161.7167,宿舍|课程资料|打印店|求问|校园卡,生活,全校,0.0,0,0,0,10,normal,22,宿舍|课程资料|打印店|求问|校园卡
p_ext_000948,u_ext_00193,ext_002,问答求助,求问校园卡补办流程,校园卡丢了，有没有同学知道补办需要带什么材料。,1,1,2026-03-01 08:29:57,2260.3667,宿舍|课程资料|打印店,生活,校外,0.0,0,0,0,10,normal,23,宿舍|课程资料|打印店
p_ext_000949,eFkxNWo0ZTdxNHVMazZxdGw0dTRkMzY2ZktxT2hZU3NsMmVWYklXTnJkMnZmNStEZjVUTmVZT1RzcWFZaXF5Vms3bWxhNXRocldpTGlXSjI=,ext_009,社团活动,周末活动报名,本周末有线下活动，人数有限。,5,1,2026-02-17 12:48:57,2544.05,志愿服务|交友,社交,教学区,0.0,0,0,0,10,normal,14,志愿服务|交友
p_ext_000950,u_ext_00348,ext_002,问答求助,求问校园卡补办流程,校园卡丢了，有没有同学知道补办需要带什么材料。,0,0,2026-05-22 01:16:57,299.5833,打印店|课程资料|求问|宿舍,生活,图书馆,0.0,0,0,0,10,normal,23,打印店|课程资料|求问|宿舍
p_ext_000951,u_ext_00366,ext_002,问答求助,求推荐附近打印店,需要打印课程资料，想找价格合适的位置。,1,1,2026-02-19 07:01:57,2501.8333,校园卡|打印店,生活,食堂区,0.0,0,0,0,10,normal,19,校园卡|打印店
p_ext_000952,u_ext_00451,ext_008,食堂生活,这个窗口确实不错,排队人不少，不过出餐挺快。,2,1,2026-06-02 06:27:57,30.4,拼饭|窗口测评|校园生活|优惠|食堂,生活,校外,0.0,0,0,0,10,normal,13,拼饭|窗口测评|校园生活|优惠|食堂
p_ext_000953,u_ext_00333,ext_002,问答求助,求问校园卡补办流程,校园卡丢了，有没有同学知道补办需要带什么材料。,0,0,2026-01-15 20:13:57,3328.6333,求问|校园卡|课程资料,生活,全校,0.0,0,0,0,10,normal,23,求问|校园卡|课程资料
p_ext_000954,u_ext_00139,ext_004,校园生活,吐槽一下今天的校车,等车时间有点久，大家最近有没有类似情况。,0,0,2026-01-25 16:34:57,3092.2833,校车|共享厨房|校园生活,社交,全校,0.0,0,0,0,10,normal,20,校车|共享厨房|校园生活
p_ext_000955,u_ext_00190,ext_002,问答求助,宿舍维修一般多久来,已经报修了，想问问大家一般多久能处理。,1,1,2026-03-31 19:18:57,1529.55,课程资料|打印店,生活,校外,0.0,0,0,0,10,normal,19,课程资料|打印店
p_ext_000956,cjJpcWJJblFyNE9UdHJLdWlHYTRqcFBPZEcyY25JQ3BpWHFlYnBlUXJiK3Zhb1dLaEpiUnJwV21wdHFGZTlLR2hhbDRxSnRrZUtHQ2VXSjI=,ext_002,问答求助,求问南校哪里可以自习,最近想找安静地方复习，想问问大家有什么推荐。,0,0,2026-04-20 17:14:57,1051.6167,求问|打印店|课程资料|宿舍,生活,教学区,0.0,0,0,0,10,normal,22,求问|打印店|课程资料|宿舍
p_ext_000957,eFkxNWo0ZTdxNHVMazZxdGw0dTRkMzY2ZktxT2hZU3NsMmVWYklXTnJkMnZmNStEZjVUTmVZT1RzcWFZaXF5Vms3bWxhNXRocldpTGlXSjI=,ext_002,问答求助,求问校园卡补办流程,校园卡丢了，有没有同学知道补办需要带什么材料。,1,1,2026-05-19 17:33:57,355.3,课程资料|校园卡|打印店|宿舍|求问,生活,校外,0.0,0,0,0,10,normal,23,课程资料|校园卡|打印店|宿舍|求问
p_ext_000958,u_ext_00429,ext_003,恋爱交友,找学习搭子,希望互相监督学习，地点可以在图书馆。,0,0,2026-05-04 07:32:57,725.3167,羽毛球|活动,社交,全校,0.0,0,0,0,10,normal,18,羽毛球|活动
p_ext_000959,u_ext_00142,ext_001,二手交易,出考研资料,资料保存完整，适合复习使用，价格可小刀。,2,1,2026-03-21 05:57:57,1782.9,教材|二手交易|电动车|闲置,生活,图书馆,0.0,0,1,0,10,normal,20,教材|二手交易|电动车|闲置
p_ext_000960,u_ext_00118,ext_001,二手交易,出二手自行车,车况正常，适合校内通勤，深圳校区附近交易，可自提。,0,0,2026-03-04 14:00:57,2182.85,教材|二手交易|租房|电动车|闲置,生活,校外,50.0,1,1,0,10,normal,25,教材|二手交易|租房|电动车|闲置
p_ext_000961,u_ext_00222,ext_001,二手交易,出二手自行车,车况正常，适合校内通勤，北校园附近交易，可自提。,5,1,2026-05-17 02:30:57,418.35,教材|二手交易,生活,校外,90.0,0,1,0,10,normal,24,教材|二手交易
p_ext_000962,u_ext_00191,ext_003,恋爱交友,周末有人一起打羽毛球吗,新手友好，主要想活动一下。,0,0,2026-03-14 13:37:57,1943.2333,拍照|活动|羽毛球|交友|搭子,社交,全校,0.0,0,0,0,10,normal,13,拍照|活动|羽毛球|交友|搭子
p_ext_000963,u_ext_00269,ext_002,问答求助,求问南校哪里可以自习,最近想找安静地方复习，想问问大家有什么推荐。,0,0,2026-02-24 03:30:57,2385.35,课程资料|打印店|校园卡|宿舍|求问,生活,宿舍区,0.0,0,0,0,10,normal,22,课程资料|打印店|校园卡|宿舍|求问
p_ext_000964,u_ext_00126,ext_007,课程评价,期末重点有吗,复习范围有点大，想交流一下重点。,0,0,2026-02-20 19:11:57,2465.6667,老师|期末|给分,学习,校外,0.0,0,0,0,10,normal,16,老师|期末|给分
p_ext_000965,u_ext_00445,ext_002,问答求助,求推荐附近打印店,需要打印课程资料，想找价格合适的位置。,0,0,2025-12-09 23:09:57,4213.7,课程资料|校园卡|打印店|宿舍|求问,生活,图书馆,0.0,0,0,0,10,normal,19,课程资料|校园卡|打印店|宿舍|求问
p_ext_000966,u_ext_00288,ext_002,问答求助,求问南校哪里可以自习,最近想找安静地方复习，想问问大家有什么推荐。,1,1,2026-04-18 10:51:57,1106.0,课程资料|宿舍|求问|校园卡|打印店,生活,宿舍区,0.0,0,0,0,10,normal,22,课程资料|宿舍|求问|校园卡|打印店
p_ext_000967,cjMrRms1ZXJyNE4vcWR2YWlJdktySkxjbHFlTG5hYXJpNkdpajVxbTA2KzFrSFd6bHMrN281UFF0cTZJZTZTRGdMcUxhWkNkZkdpQ2VXSjI=,ext_010,竞赛科研,论文阅读小组,一起读论文，互相讲解重点。,0,0,2026-02-15 12:41:57,2592.1667,组队|创新项目|科研项目,发展,教学区,0.0,0,0,0,10,normal,13,组队|创新项目|科研项目
p_ext_000968,u_ext_00130,ext_004,校园生活,今天食堂这个菜怎么样,中午路过看到很多人排队，想问问味道如何。,0,0,2026-01-25 12:17:57,3096.5667,校园生活|校车|宿舍|食堂,社交,食堂区,0.0,0,0,0,10,normal,20,校园生活|校车|宿舍|食堂
p_ext_000969,u_ext_00423,ext_002,问答求助,求问南校哪里可以自习,最近想找安静地方复习，想问问大家有什么推荐。,0,0,2026-05-04 07:23:57,725.4667,课程资料|宿舍|校园卡|打印店,生活,宿舍区,0.0,0,0,0,10,normal,22,课程资料|宿舍|校园卡|打印店
p_ext_000970,u_ext_00429,ext_002,问答求助,求问南校哪里可以自习,最近想找安静地方复习，想问问大家有什么推荐。,0,0,2025-12-22 20:22:57,3904.4833,打印店|求问|课程资料|校园卡,生活,图书馆,0.0,0,0,0,10,normal,22,打印店|求问|课程资料|校园卡
p_ext_000971,u_ext_00118,ext_001,二手交易,出二手自行车,车况正常，适合校内通勤，深圳校区附近交易，可自提。,1,1,2026-03-01 04:14:57,2264.6167,闲置|租房|教材|二手交易|电动车,生活,教学区,0.0,1,1,0,10,normal,25,闲置|租房|教材|二手交易|电动车
p_ext_000972,u_ext_00182,ext_001,二手交易,出考研资料,资料保存完整，适合复习使用，价格可小刀。,0,0,2026-02-28 07:46:57,2285.0833,闲置|教材|租房|二手交易|电动车,生活,图书馆,20.0,0,0,0,10,normal,20,闲置|教材|租房|二手交易|电动车
p_ext_000973,u_ext_00216,ext_009,社团活动,周末活动报名,本周末有线下活动，人数有限。,3,1,2026-02-05 09:26:57,2835.4167,招新|活动,社交,食堂区,0.0,0,0,0,10,normal,14,招新|活动
p_ext_000974,u_ext_00165,ext_002,问答求助,求推荐附近打印店,需要打印课程资料，想找价格合适的位置。,0,0,2026-01-14 18:55:57,3353.9333,求问|校园卡|宿舍,生活,教学区,0.0,0,0,0,10,normal,19,求问|校园卡|宿舍
p_ext_000975,u_ext_00410,ext_003,恋爱交友,周末有人一起打羽毛球吗,新手友好，主要想活动一下。,0,0,2026-04-15 21:42:57,1167.15,活动|交友,社交,食堂区,0.0,0,0,0,10,normal,13,活动|交友
p_ext_000976,u_ext_00125,ext_002,问答求助,求问校园卡补办流程,校园卡丢了，有没有同学知道补办需要带什么材料。,0,0,2026-04-27 16:07:57,884.7333,求问|打印店|校园卡|宿舍|课程资料,生活,教学区,0.0,0,0,0,10,normal,23,求问|打印店|校园卡|宿舍|课程资料
p_ext_000977,u_ext_00191,ext_004,校园生活,有人一起去操场跑步吗,晚上想找搭子慢跑，节奏轻松就行。,0,0,2025-12-29 01:43:57,3755.1333,宿舍|共享厨房|校园生活,社交,图书馆,0.0,0,0,0,10,normal,16,宿舍|共享厨房|校园生活
p_ext_000978,u_ext_00162,ext_001,二手交易,毕业季出闲置,整理宿舍出一些闲置物品，优先校内自提。,0,0,2026-01-14 00:37:57,3372.2333,教材|租房|闲置|电动车,生活,全校,0.0,0,1,0,10,normal,19,教材|租房|闲置|电动车
p_ext_000979,dEthZmJaT29zMmlHcXNpWGpZdWpxNVROWTdDUmVLMnVtS0dXa0l5bXFicTFwbmx0aGJpdmpwUzRxWlNFWmJ5RGk4Mk1ocGgybW5xSGlXSjI=,ext_002,问答求助,求问南校哪里可以自习,最近想找安静地方复习，想问问大家有什么推荐。,1,1,2026-04-06 14:18:57,1390.55,宿舍|校园卡|课程资料,生活,全校,0.0,0,0,0,10,normal,22,宿舍|校园卡|课程资料
p_ext_000980,c0h4NWlJelF0bXAvdHNlVmYyZkdqSlMzZ0lHWXE2S25pWHFXcklWKzI3akZmSmVBbHFtN3FaU25zcGFXbjZTTGhxbVphNFZob3FtSGlXSjI=,ext_007,课程评价,老师上课风格讨论,准备下学期选课，想了解课堂节奏。,0,0,2026-01-06 23:11:57,3541.6667,期末|给分,学习,宿舍区,0.0,0,0,0,10,normal,16,期末|给分
p_ext_000981,u_ext_00102,ext_002,问答求助,求问校园卡补办流程,校园卡丢了，有没有同学知道补办需要带什么材料。,0,0,2026-03-15 13:54:57,1918.95,宿舍|求问|校园卡,生活,教学区,0.0,0,0,0,10,normal,23,宿舍|求问|校园卡
p_ext_000982,u_ext_00198,ext_002,问答求助,求问校园卡补办流程,校园卡丢了，有没有同学知道补办需要带什么材料。,1,1,2026-04-29 22:54:57,829.95,打印店|课程资料|校园卡|宿舍|求问,生活,全校,0.0,0,0,0,10,normal,23,打印店|课程资料|校园卡|宿舍|求问
p_ext_000983,u_ext_00261,ext_001,二手交易,出二手自行车,车况正常，适合校内通勤，东校园附近交易，可自提。,3,1,2026-01-28 12:44:57,3024.1167,闲置|二手交易|电动车|租房|教材,生活,教学区,90.0,0,0,0,10,normal,24,闲置|二手交易|电动车|租房|教材
p_ext_000984,u_ext_00189,ext_002,问答求助,求问校园卡补办流程,校园卡丢了，有没有同学知道补办需要带什么材料。,1,1,2026-01-18 03:23:57,3273.4667,打印店|课程资料|校园卡|求问|宿舍,生活,教学区,0.0,0,0,0,10,normal,23,打印店|课程资料|校园卡|求问|宿舍
p_ext_000985,u_ext_00233,ext_006,考研保研,有没有保研经验分享,想了解材料准备和面试注意事项。,0,0,2026-03-31 04:45:57,1544.1,考研|保研|复试|学习经验|408,学习,教学区,0.0,0,0,0,10,normal,15,考研|保研|复试|学习经验|408
p_ext_000986,dHBCMW81U254WDZEemEyVmhhRGFkbjdPZ0lDUllwbHBsNHFtb1l0OXJiVERzb0J0ZjVhM2lwYTYwOU9WZkp0NWxLaUFqWkYwYjRlSWlXSjI=,ext_010,竞赛科研,竞赛组队招募,方向初步确定，缺会写代码和做展示的同学。,0,0,2026-03-01 22:36:57,2246.25,竞赛|创新项目|论文|科研项目|组队,发展,全校,0.0,0,0,0,10,normal,20,竞赛|创新项目|论文|科研项目|组队
p_ext_000987,u_ext_00216,ext_002,问答求助,求推荐附近打印店,需要打印课程资料，想找价格合适的位置。,0,0,2026-05-22 03:25:57,297.4333,宿舍|求问|校园卡|打印店,生活,教学区,0.0,0,0,0,10,normal,19,宿舍|求问|校园卡|打印店
p_ext_000988,dG1tSmZJZXJ1NEdEM01pMmpZcTBhcFMybm9pSW01MXRsWHlJcDRwK3FiMjRqNFJyaHBXbWFaU3F2czZHakxPdGc4OWpzb3FjZTJtSmlXSjI=,ext_002,问答求助,宿舍维修一般多久来,已经报修了，想问问大家一般多久能处理。,0,0,2026-04-17 19:59:57,1120.8667,宿舍|校园卡|求问|打印店,生活,全校,0.0,0,0,0,10,normal,19,宿舍|校园卡|求问|打印店
p_ext_000989,u_ext_00303,ext_003,恋爱交友,毕业照拍照搭子,想找同学一起拍照，时间可以商量。,0,0,2026-02-13 06:21:57,2646.5,拍照|交友|活动|搭子,社交,宿舍区,0.0,0,0,0,10,normal,16,拍照|交友|活动|搭子
p_ext_000990,u_ext_00258,ext_001,二手交易,收二手电动车,预算有限，想收一辆能正常骑的电动车，最好有校区牌。,0,0,2026-05-11 12:23:57,552.4667,租房|教材,生活,教学区,0.0,1,0,0,10,normal,25,租房|教材
p_ext_000991,u_ext_00212,ext_002,问答求助,宿舍维修一般多久来,已经报修了，想问问大家一般多久能处理。,1,1,2025-12-19 18:32:57,3978.3167,宿舍|打印店|求问,生活,宿舍区,0.0,0,0,0,10,normal,19,宿舍|打印店|求问
p_ext_000992,u_ext_00352,ext_002,问答求助,宿舍维修一般多久来,已经报修了，想问问大家一般多久能处理。,0,0,2025-12-07 09:15:57,4275.6,宿舍|打印店|校园卡|求问,生活,宿舍区,0.0,0,0,0,10,normal,19,宿舍|打印店|校园卡|求问
p_ext_000993,u_ext_00308,ext_004,校园生活,宿舍区附近有什么好吃的,想换换口味，求推荐附近小店。,0,0,2026-02-16 08:00:57,2572.85,食堂|校车|校园生活|共享厨房|宿舍,社交,教学区,0.0,0,0,0,10,normal,14,食堂|校车|校园生活|共享厨房|宿舍
p_ext_000994,u_ext_00285,ext_002,问答求助,宿舍维修一般多久来,已经报修了，想问问大家一般多久能处理。,0,0,2026-02-25 20:55:57,2343.9333,宿舍|打印店|求问|课程资料,生活,校外,0.0,0,0,0,10,normal,19,宿舍|打印店|求问|课程资料
p_ext_000995,u_ext_00205,ext_005,学习交流,这门课给分怎么样,准备选课，想听听上过的同学评价。,1,1,2025-12-19 12:37:57,3984.2333,考试|学习交流|复习资料|学习经验|课程资料,学习,宿舍区,0.0,0,0,0,10,normal,16,考试|学习交流|复习资料|学习经验|课程资料
p_ext_000996,eGFXcXNYK1Z0Nk4vdWN5cmxXaXJyb0tWaEhxWm41cURobnVpc1lxbXg1eXphR2lTak4zTmE0ZVQxTktWZTgydGhaUmpyWTUwYjRXV3IySjI=,ext_002,问答求助,求推荐附近打印店,需要打印课程资料，想找价格合适的位置。,0,0,2026-03-18 00:00:57,1860.85,求问|课程资料|打印店|宿舍,生活,食堂区,0.0,0,0,0,10,normal,19,求问|课程资料|打印店|宿舍
p_ext_000997,u_ext_00132,ext_002,问答求助,求推荐附近打印店,需要打印课程资料，想找价格合适的位置。,1,1,2025-12-08 01:04:57,4259.7833,宿舍|打印店|求问|校园卡|课程资料,生活,图书馆,0.0,0,0,0,10,normal,19,宿舍|打印店|求问|校园卡|课程资料
p_ext_000998,u_ext_00362,ext_003,恋爱交友,周末有人一起打羽毛球吗,新手友好，主要想活动一下。,1,1,2026-05-03 19:10:57,737.6833,搭子|羽毛球|活动|交友|拍照,社交,图书馆,0.0,0,0,0,10,normal,13,搭子|羽毛球|活动|交友|拍照
p_ext_000999,u_ext_00105,ext_002,问答求助,求推荐附近打印店,需要打印课程资料，想找价格合适的位置。,0,0,2025-12-30 13:57:57,3718.9,求问|打印店|课程资料,生活,全校,0.0,0,0,0,10,normal,19,求问|打印店|课程资料
p_ext_001000,u_ext_00303,ext_002,问答求助,求推荐附近打印店,需要打印课程资料，想找价格合适的位置。,1,1,2026-05-11 19:59:57,544.8667,打印店|校园卡|课程资料|宿舍|求问,生活,校外,0.0,0,0,0,10,normal,19,打印店|校园卡|课程资料|宿舍|求问
p_ext_001001,u_ext_00104,ext_004,校园生活,宿舍区附近有什么好吃的,想换换口味，求推荐附近小店。,0,0,2026-03-27 23:27:57,1621.4,校园生活|食堂|宿舍,社交,宿舍区,0.0,0,0,0,10,normal,14,校园生活|食堂|宿舍
p_ext_001002,u_ext_00379,ext_002,问答求助,求推荐附近打印店,需要打印课程资料，想找价格合适的位置。,0,0,2026-03-18 07:14:57,1853.6167,校园卡|打印店|求问|课程资料|宿舍,生活,宿舍区,0.0,0,0,0,10,normal,19,校园卡|打印店|求问|课程资料|宿舍
p_ext_001003,cm11YmY0YlIwWHlHdHJLeG1IbXNoSWZQaUt5SWg1Q0hnV2lMc1lOK3JkVEZhcVp0aU0rN2pZU3F1dG1VWnNhZmxhaC9hNHhrZzdDV3IySjI=,ext_002,问答求助,求问校园卡补办流程,校园卡丢了，有没有同学知道补办需要带什么材料。,1,1,2026-03-07 17:32:57,2107.3167,校园卡|宿舍|课程资料|求问,生活,宿舍区,0.0,0,0,0,10,normal,23,校园卡|宿舍|课程资料|求问
p_ext_001004,u_ext_00139,ext_002,问答求助,求问南校哪里可以自习,最近想找安静地方复习，想问问大家有什么推荐。,0,0,2026-04-13 14:31:57,1222.3333,求问|课程资料,生活,教学区,0.0,0,0,0,10,normal,22,求问|课程资料
p_ext_001005,u_ext_00204,ext_002,问答求助,求问校园卡补办流程,校园卡丢了，有没有同学知道补办需要带什么材料。,0,0,2026-01-08 00:20:57,3516.5167,打印店|课程资料|宿舍|校园卡,生活,全校,0.0,0,0,0,10,normal,23,打印店|课程资料|宿舍|校园卡
p_ext_001006,u_ext_00277,ext_010,竞赛科研,科研项目招人,每周有固定讨论，适合想了解科研的同学。,1,1,2026-03-22 15:29:57,1749.3667,科研项目|创新项目|组队,发展,图书馆,0.0,0,0,0,10,normal,19,科研项目|创新项目|组队
p_ext_001007,u_ext_00351,ext_002,问答求助,求问南校哪里可以自习,最近想找安静地方复习，想问问大家有什么推荐。,0,0,2025-12-28 03:50:57,3777.0167,校园卡|打印店|课程资料|宿舍,生活,全校,0.0,0,0,0,10,normal,22,校园卡|打印店|课程资料|宿舍
p_ext_001008,cjdLWGpuK1V5R2VTcWNpdWwzcXduWWVTcG95T2hwNXJpWXQ0Zkl5Tng3aTJmbzF1aExpYWJJUzUxNWFXWjgxcGxiZUloSnVGZjJ1SmlXSjI=,ext_001,二手交易,出二手自行车,车况正常，适合校内通勤，南校园附近交易，可自提。,0,0,2026-01-05 19:03:57,3569.8,租房|闲置|电动车,生活,图书馆,10.0,0,1,0,10,normal,24,租房|闲置|电动车
p_ext_001009,dElDZmU0VzYwV2VHemRpcmxxSFNwSVdTcXFpYVlaNTltSHBqcTRGc3FjNnZnSVdPZ0xpbmVvdXBxcnVXZmJCbWdLcWhiSnAzZkh1SGlXSjI=,ext_002,问答求助,宿舍维修一般多久来,已经报修了，想问问大家一般多久能处理。,0,0,2026-01-26 08:36:57,3076.25,课程资料|校园卡,生活,宿舍区,0.0,0,0,0,10,normal,19,课程资料|校园卡
p_ext_001010,u_ext_00480,ext_005,学习交流,求操作系统实验报告参考,实验有几个地方卡住了，想交流一下思路。,1,1,2026-02-13 07:04:57,2645.7833,复习资料|课程资料|学习交流|考试|学习经验,学习,宿舍区,0.0,0,0,0,10,normal,19,复习资料|课程资料|学习交流|考试|学习经验
p_ext_001011,u_ext_00207,ext_002,问答求助,求推荐附近打印店,需要打印课程资料，想找价格合适的位置。,1,1,2026-03-19 16:32:57,1820.3167,求问|宿舍|课程资料,生活,全校,0.0,0,0,0,10,normal,19,求问|宿舍|课程资料
p_ext_001012,cm55WHBYKzZ4WVdWbGJxcmpLS3dkbituWjdLRnEzeUNoMlY4ZjVpbXo5Q3pvbld4aHJ1cnI0V1QxSzJXamNhT2xybUloSVdhcW5xWHIySjI=,ext_002,问答求助,求问校园卡补办流程,校园卡丢了，有没有同学知道补办需要带什么材料。,1,1,2026-01-07 02:33:57,3538.3,求问|宿舍,生活,校外,0.0,0,0,0,10,normal,23,求问|宿舍
p_ext_001013,u_ext_00322,ext_006,考研保研,408 考研经验分享,按阶段整理了复习计划和资料选择。,0,0,2025-12-23 13:40:57,3887.1833,考研|408|保研|学习经验,学习,全校,0.0,0,0,0,10,normal,16,考研|408|保研|学习经验
p_ext_001014,u_ext_00419,ext_002,问答求助,求问南校哪里可以自习,最近想找安静地方复习，想问问大家有什么推荐。,0,0,2026-05-01 05:08:57,799.7167,课程资料|宿舍|校园卡|求问|打印店,生活,全校,0.0,0,0,0,10,normal,22,课程资料|宿舍|校园卡|求问|打印店
p_ext_001015,u_ext_00122,ext_012,兼职实习,短期兼职信息,适合课余时间，有意可以留言。,0,0,2026-02-09 17:26:57,2731.4167,薪资|兼职|实习|招聘,发展,图书馆,0.0,0,1,0,10,normal,14,薪资|兼职|实习|招聘
p_ext_001016,u_ext_00414,ext_007,课程评价,期末重点有吗,复习范围有点大，想交流一下重点。,0,0,2026-05-28 03:53:57,152.9667,课程评价|选课|给分,学习,宿舍区,0.0,0,0,0,10,normal,16,课程评价|选课|给分
p_ext_001017,u_ext_00169,ext_002,问答求助,求问校园卡补办流程,校园卡丢了，有没有同学知道补办需要带什么材料。,0,0,2026-04-01 03:55:57,1520.9333,宿舍|打印店|课程资料|求问|校园卡,生活,校外,0.0,0,0,0,10,normal,23,宿舍|打印店|课程资料|求问|校园卡
p_ext_001018,u_ext_00326,ext_001,二手交易,出二手自行车,车况正常，适合校内通勤，深圳校区附近交易，可自提。,1,1,2026-03-29 11:12:57,1585.65,二手交易|闲置,生活,教学区,20.0,0,0,0,10,normal,25,二手交易|闲置
p_ext_001019,u_ext_00342,ext_002,问答求助,宿舍维修一般多久来,已经报修了，想问问大家一般多久能处理。,0,0,2026-01-08 21:20:57,3495.5167,校园卡|打印店|宿舍|课程资料,生活,宿舍区,0.0,0,0,0,10,normal,19,校园卡|打印店|宿舍|课程资料
p_ext_001020,u_ext_00437,ext_004,校园生活,吐槽一下今天的校车,等车时间有点久，大家最近有没有类似情况。,0,0,2026-05-17 16:56:57,403.9167,校车|校园生活|宿舍|共享厨房,社交,校外,0.0,0,0,0,10,normal,20,校车|校园生活|宿舍|共享厨房
p_ext_001021,dEk5a2duK3JxcStJcVpYUWhtYThqWVdwbGE2TmRtdU9pSDJhcEllUnBkRzdmWUN4ZjVXcWFaS3F6OWlJZkphdGZaT2FiSnBpakxLR2lXSjI=,ext_002,问答求助,宿舍维修一般多久来,已经报修了，想问问大家一般多久能处理。,0,0,2026-03-14 02:17:57,1954.5667,课程资料|求问|宿舍|打印店,生活,教学区,0.0,0,0,0,10,normal,19,课程资料|求问|宿舍|打印店
p_ext_001022,u_ext_00154,ext_002,问答求助,求问校园卡补办流程,校园卡丢了，有没有同学知道补办需要带什么材料。,0,0,2026-01-16 05:59:57,3318.8667,校园卡|打印店|求问|宿舍,生活,全校,0.0,0,0,0,10,normal,23,校园卡|打印店|求问|宿舍
p_ext_001023,u_ext_00332,ext_001,二手交易,毕业季出闲置,整理宿舍出一些闲置物品，优先校内自提。,2,1,2026-04-22 09:15:57,1011.6,二手交易|租房|电动车,生活,图书馆,10.0,0,0,0,10,normal,19,二手交易|租房|电动车
p_ext_001024,u_ext_00145,ext_002,问答求助,求推荐附近打印店,需要打印课程资料，想找价格合适的位置。,0,0,2026-01-06 14:01:57,3550.8333,打印店|宿舍|校园卡|课程资料,生活,校外,0.0,0,0,0,10,normal,19,打印店|宿舍|校园卡|课程资料
p_ext_001025,u_ext_00114,ext_011,实习就业,有没有同学了解这个岗位,想问问工作内容和面试形式。,0,0,2026-05-24 19:31:57,233.3333,面试|就业,发展,图书馆,0.0,0,0,0,10,normal,13,面试|就业
p_ext_001026,u_ext_00388,ext_002,问答求助,求推荐附近打印店,需要打印课程资料，想找价格合适的位置。,0,0,2026-01-24 10:55:57,3121.9333,课程资料|打印店|求问|校园卡,生活,校外,0.0,0,0,0,10,normal,19,课程资料|打印店|求问|校园卡
p_ext_001027,u_ext_00417,ext_012,兼职实习,短期兼职信息,适合课余时间，有意可以留言。,0,0,2026-04-18 02:15:57,1114.6,兼职|薪资|家教|实习,发展,食堂区,0.0,0,1,0,10,normal,14,兼职|薪资|家教|实习
p_ext_001028,u_ext_00475,ext_002,问答求助,宿舍维修一般多久来,已经报修了，想问问大家一般多久能处理。,0,0,2026-04-27 02:17:57,898.5667,求问|课程资料|校园卡,生活,教学区,0.0,0,0,0,10,normal,19,求问|课程资料|校园卡
p_ext_001029,u_ext_00355,ext_002,问答求助,宿舍维修一般多久来,已经报修了，想问问大家一般多久能处理。,0,0,2026-04-10 00:40:57,1308.1833,求问|校园卡,生活,宿舍区,0.0,0,0,0,10,normal,19,求问|校园卡
p_ext_001030,u_ext_00354,ext_002,问答求助,求问校园卡补办流程,校园卡丢了，有没有同学知道补办需要带什么材料。,0,0,2026-04-20 18:42:57,1050.15,宿舍|求问|课程资料|校园卡|打印店,生活,校外,0.0,0,0,0,10,normal,23,宿舍|求问|课程资料|校园卡|打印店
p_ext_001031,u_ext_00248,ext_011,实习就业,宣讲会信息分享,时间地点已经整理，感兴趣可以看看。,0,0,2025-12-20 12:27:57,3960.4,实习|简历|招聘|就业|面试,发展,全校,0.0,0,1,0,10,normal,17,实习|简历|招聘|就业|面试
p_ext_001032,u_ext_00334,ext_001,二手交易,收二手电动车,预算有限，想收一辆能正常骑的电动车，最好有校区牌。,3,1,2026-02-08 14:22:57,2758.4833,闲置|二手交易|教材,生活,全校,150.0,0,0,0,10,normal,25,闲置|二手交易|教材
p_ext_001033,d29DSWJJelBvNHlGemN2WGluck5xNWJPaEthWlk1Q29ncU9NZ3BlTng2KzdnSnB0aDZldXI0ZTQxTmlDZkp1ZmhOQjhtWW1maDZxRGVXSjI=,ext_003,恋爱交友,找健身搭子,每周两三次，强度不用太高。,1,1,2026-04-16 16:52:57,1147.9833,拍照|活动|搭子,社交,宿舍区,0.0,0,0,0,10,normal,13,拍照|活动|搭子
p_ext_001034,u_ext_00131,ext_003,恋爱交友,毕业照拍照搭子,想找同学一起拍照，时间可以商量。,0,0,2026-05-26 12:00:57,192.85,活动|交友|搭子|羽毛球|拍照,社交,食堂区,0.0,0,0,0,10,normal,16,活动|交友|搭子|羽毛球|拍照
p_ext_001035,u_ext_00139,ext_010,竞赛科研,竞赛组队招募,方向初步确定，缺会写代码和做展示的同学。,0,0,2026-04-29 18:21:57,834.5,创新项目|组队,发展,食堂区,0.0,0,0,0,10,normal,20,创新项目|组队
p_ext_001036,dEtLYm1vTzYwWjZMdDlTNmdYdk5yWVNvb3FTTGRaMnZoYUdhb29pUnJkbXpqbjJObHJpWmE0VzV1clNZaXNsa2xiZUVhb1dlZktXWXIySjI=,ext_002,问答求助,求问南校哪里可以自习,最近想找安静地方复习，想问问大家有什么推荐。,0,0,2025-12-24 19:42:57,3857.15,求问|校园卡,生活,校外,0.0,0,0,0,10,normal,22,求问|校园卡
p_ext_001037,u_ext_00218,ext_002,问答求助,求推荐附近打印店,需要打印课程资料，想找价格合适的位置。,0,0,2026-02-24 19:32:57,2369.3167,打印店|宿舍|校园卡|求问,生活,校外,0.0,0,0,0,10,normal,19,打印店|宿舍|校园卡|求问
p_ext_001038,dFh5ZXNvaVR5YStMdHNpbGw0M09vSWpQZklxTGg0OXNob3FFazVkOXFKYkVhcDV1aEx1emUzNlUwSzZHb0t5Q2lLYUFiSkNIakdtR2lXSjI=,ext_002,问答求助,求问校园卡补办流程,校园卡丢了，有没有同学知道补办需要带什么材料。,1,1,2026-03-26 23:53:57,1644.9667,课程资料|校园卡|打印店,生活,宿舍区,0.0,0,0,0,10,normal,23,课程资料|校园卡|打印店
p_ext_001039,u_ext_00329,ext_012,兼职实习,兼职避坑提醒,整理一些常见注意事项。,1,1,2026-01-28 00:11:57,3036.6667,家教|兼职,发展,食堂区,0.0,0,1,0,10,normal,11,家教|兼职
p_ext_001040,dDM5c2U1T29yNmlEdXFtU2xxTzNhSlc0YzJ1RWRwQ3NqbnByb1lPUHk2dTNhbVNxaHF1cXJvWFFxckdLb3NxbWxycUliWXhqaktLT3IySjI=,ext_002,问答求助,宿舍维修一般多久来,已经报修了，想问问大家一般多久能处理。,0,0,2025-12-28 13:40:57,3767.1833,宿舍|打印店,生活,食堂区,0.0,0,0,0,10,normal,19,宿舍|打印店
p_ext_001041,eFkrRms1UE56YkNDdGRlV2lXaXNuSlBRbFd5YWhZUi9tWTJJZTVxbnNhaTZhcCtBakpXYXBKVzJ2dENIak5acGdyZW1hbzEzZkgyRmlXSjI=,ext_004,校园生活,今天食堂这个菜怎么样,中午路过看到很多人排队，想问问味道如何。,0,0,2026-02-09 08:15:57,2740.6,宿舍|校车|食堂|共享厨房,社交,图书馆,0.0,0,0,0,10,normal,20,宿舍|校车|食堂|共享厨房
p_ext_001042,u_ext_00481,ext_003,恋爱交友,毕业照拍照搭子,想找同学一起拍照，时间可以商量。,0,0,2025-12-26 23:47:57,3805.0667,羽毛球|搭子|活动|拍照|交友,社交,图书馆,0.0,0,0,0,10,normal,16,羽毛球|搭子|活动|拍照|交友
p_ext_001043,u_ext_00432,ext_001,二手交易,出二手自行车,车况正常，适合校内通勤，深圳校区附近交易，可自提。,1,1,2026-02-01 20:33:57,2920.3,闲置|租房|电动车|二手交易,生活,图书馆,0.0,0,0,0,10,normal,25,闲置|租房|电动车|二手交易
p_ext_001044,eEg2ZmtJYVd0Nm1WdHFxN2dYdTBkNE9VZ0tTT2VZZHRnWWltaUppT3ZOM0VqNFdOaGMzRm5vYXExTXFDZmNaOWhxWjRycENHWjIyRGVXSjI=,ext_008,食堂生活,午餐拼饭帖,中午想找人一起吃饭，地点在食堂区。,1,1,2026-03-07 03:40:57,2121.1833,校园生活|拼饭|食堂,生活,食堂区,0.0,0,0,0,10,normal,17,校园生活|拼饭|食堂
p_ext_001045,u_ext_00485,ext_002,问答求助,求推荐附近打印店,需要打印课程资料，想找价格合适的位置。,0,0,2026-05-07 05:49:57,655.0333,打印店|宿舍|校园卡|求问,生活,宿舍区,0.0,0,0,0,10,normal,19,打印店|宿舍|校园卡|求问
p_ext_001046,u_ext_00346,ext_002,问答求助,求推荐附近打印店,需要打印课程资料，想找价格合适的位置。,1,1,2026-02-17 11:28:57,2545.3833,课程资料|校园卡|打印店,生活,宿舍区,0.0,0,0,0,10,normal,19,课程资料|校园卡|打印店
p_ext_001047,dTQ2TmZJemRxbWw5azY2MWpYcThnNHFTbnEySm5ZeHRnWitNcElxa3ZiQ3ZqWDJ4ZjlDU2U1SzZwcldVZmJpRmhhbXFwWXVHbnF1SGlXSjI=,ext_002,问答求助,求问校园卡补办流程,校园卡丢了，有没有同学知道补办需要带什么材料。,0,0,2026-04-02 05:14:57,1495.6167,求问|课程资料|打印店|宿舍,生活,食堂区,0.0,0,0,0,10,normal,23,求问|课程资料|打印店|宿舍
p_ext_001048,eEpDYnE0UFB5WjZMemN6SmxxSzBkNVBNbWJHS2g0Ujhqbmltc0lTenlwaTNzb1ZyZ05HanFvT3FwZHQvWnJ5RWt0eDRwSXFlb3FDR2lXSjI=,ext_001,二手交易,毕业季出闲置,整理宿舍出一些闲置物品，优先校内自提。,3,1,2026-02-04 23:26:57,2845.4167,电动车|教材|租房|闲置,生活,全校,90.0,0,0,0,10,normal,19,电动车|教材|租房|闲置
p_ext_001049,u_ext_00234,ext_011,实习就业,求简历修改建议,准备投递实习，希望大家给点建议。,1,1,2026-04-03 17:30:57,1459.35,面试|实习,发展,宿舍区,0.0,0,0,0,10,normal,16,面试|实习
p_ext_001050,u_ext_00412,ext_002,问答求助,求问南校哪里可以自习,最近想找安静地方复习，想问问大家有什么推荐。,1,1,2025-12-26 01:42:57,3827.15,课程资料|打印店|校园卡|宿舍,生活,全校,0.0,0,0,0,10,normal,22,课程资料|打印店|校园卡|宿舍
p_ext_001051,u_ext_00333,ext_001,二手交易,出二手自行车,车况正常，适合校内通勤，东校园附近交易，可自提。,1,1,2025-12-13 07:19:57,4133.5333,闲置|电动车|二手交易|教材,生活,宿舍区,10.0,1,0,0,10,normal,24,闲置|电动车|二手交易|教材
p_ext_001052,u_ext_00371,ext_003,恋爱交友,找学习搭子,希望互相监督学习，地点可以在图书馆。,0,0,2026-04-22 19:35:57,1001.2667,交友|拍照|羽毛球|搭子|活动,社交,全校,0.0,0,0,0,10,normal,18,交友|拍照|羽毛球|搭子|活动
p_ext_001053,eFdwb29wZlJ5YStGazYyVmdLTFNpSlMyakxLTWQ2WnRsbnhuYm95T3k2eTNwcHF5Zjg3RmpvYTVxc3lJakplRWk1V0VxNW1jZ0s2Q2VXSjI=,ext_002,问答求助,求问校园卡补办流程,校园卡丢了，有没有同学知道补办需要带什么材料。,0,0,2026-01-26 20:42:57,3064.15,打印店|校园卡|求问|课程资料|宿舍,生活,教学区,0.0,0,0,0,10,normal,23,打印店|校园卡|求问|课程资料|宿舍
p_ext_001054,u_ext_00213,ext_001,二手交易,收二手电动车,预算有限，想收一辆能正常骑的电动车，最好有校区牌。,1,1,2025-12-12 23:14:57,4141.6167,二手交易|闲置|电动车,生活,图书馆,50.0,0,1,0,10,normal,25,二手交易|闲置|电动车
p_ext_001055,u_ext_00426,ext_002,问答求助,求推荐附近打印店,需要打印课程资料，想找价格合适的位置。,0,0,2026-04-30 01:35:57,827.2667,校园卡|求问|宿舍,生活,校外,0.0,0,0,0,10,normal,19,校园卡|求问|宿舍
p_ext_001056,u_ext_00149,ext_007,课程评价,选课避坑指南,整理一些个人体验，欢迎补充不同看法。,1,1,2026-04-04 07:12:57,1445.65,给分|期末|老师|选课|课程评价,学习,宿舍区,0.0,0,0,0,10,normal,18,给分|期末|老师|选课|课程评价
p_ext_001057,u_ext_00411,ext_006,考研保研,408 考研经验分享,按阶段整理了复习计划和资料选择。,0,0,2026-04-21 21:29:57,1023.3667,保研|考研|学习经验|复试|408,学习,宿舍区,0.0,0,0,0,10,normal,16,保研|考研|学习经验|复试|408
p_ext_001058,u_ext_00203,ext_008,食堂生活,午餐拼饭帖,中午想找人一起吃饭，地点在食堂区。,2,1,2026-01-06 21:08:57,3543.7167,拼饭|优惠|窗口测评,生活,校外,0.0,0,0,0,10,normal,17,拼饭|优惠|窗口测评
p_ext_001059,eEg2ZmtJYVd0Nm1WdHFxN2dYdTBkNE9VZ0tTT2VZZHRnWWltaUppT3ZOM0VqNFdOaGMzRm5vYXExTXFDZmNaOWhxWjRycENHWjIyRGVXSjI=,ext_013,失物招领,请帮忙找背包,今天下午可能落在自习室。,0,0,2026-02-15 16:16:57,2588.5833,校园卡|失物招领|证件,生活,校外,0.0,0,0,0,10,normal,12,校园卡|失物招领|证件
p_ext_001060,dzJxanFaZXB4WWVWdWEzVGphRzBvWDNjZElxUW5xNTZtS0dlYklTQXg4ZkVwWDJRaHRDVmEzNnAxSk9JZWJDS2hxbVdyNXFjb29PRGVXSjI=,ext_002,问答求助,宿舍维修一般多久来,已经报修了，想问问大家一般多久能处理。,0,0,2026-04-12 06:19:57,1254.5333,课程资料|校园卡,生活,图书馆,0.0,0,0,0,10,normal,19,课程资料|校园卡
p_ext_001061,u_ext_00500,ext_001,二手交易,收二手电动车,预算有限，想收一辆能正常骑的电动车，最好有校区牌。,0,0,2026-02-04 21:33:57,2847.3,二手交易|闲置|教材,生活,全校,50.0,0,0,0,10,normal,25,二手交易|闲置|教材
p_ext_001062,u_ext_00303,ext_002,问答求助,求推荐附近打印店,需要打印课程资料，想找价格合适的位置。,1,1,2026-02-28 21:32:57,2271.3167,宿舍|求问,生活,校外,0.0,0,0,0,10,normal,19,宿舍|求问
p_ext_001063,u_ext_00262,ext_002,问答求助,求问南校哪里可以自习,最近想找安静地方复习，想问问大家有什么推荐。,0,0,2026-05-10 04:42:57,584.15,宿舍|求问|打印店,生活,食堂区,0.0,0,0,0,10,normal,22,宿舍|求问|打印店
p_ext_001064,u_ext_00456,ext_002,问答求助,求问校园卡补办流程,校园卡丢了，有没有同学知道补办需要带什么材料。,1,1,2026-01-07 05:23:57,3535.4667,课程资料|宿舍|校园卡|打印店,生活,食堂区,0.0,0,0,0,10,normal,23,课程资料|宿舍|校园卡|打印店
p_ext_001065,u_ext_00350,ext_002,问答求助,求问校园卡补办流程,校园卡丢了，有没有同学知道补办需要带什么材料。,0,0,2025-12-14 19:10:57,4097.6833,宿舍|校园卡,生活,食堂区,0.0,0,0,0,10,normal,23,宿舍|校园卡
p_ext_001066,u_ext_00360,ext_002,问答求助,宿舍维修一般多久来,已经报修了，想问问大家一般多久能处理。,1,1,2025-12-15 21:56:57,4070.9167,求问|课程资料,生活,教学区,0.0,0,0,0,10,normal,19,求问|课程资料
p_ext_001067,u_ext_00285,ext_002,问答求助,宿舍维修一般多久来,已经报修了，想问问大家一般多久能处理。,0,0,2026-03-31 22:27:57,1526.4,求问|校园卡|打印店|宿舍|课程资料,生活,图书馆,0.0,0,0,0,10,normal,19,求问|校园卡|打印店|宿舍|课程资料
p_ext_001068,u_ext_00419,ext_002,问答求助,宿舍维修一般多久来,已经报修了，想问问大家一般多久能处理。,0,0,2026-05-02 13:18:57,767.55,宿舍|打印店,生活,校外,0.0,0,0,0,10,normal,19,宿舍|打印店
p_ext_001069,u_ext_00297,ext_013,失物招领,证件失物招领,在图书馆座位旁看到。,1,1,2026-01-26 07:48:57,3077.05,钥匙|校园卡|失物招领|教学楼|证件,生活,教学区,0.0,0,0,0,10,normal,10,钥匙|校园卡|失物招领|教学楼|证件
p_ext_001070,u_ext_00393,ext_002,问答求助,求推荐附近打印店,需要打印课程资料，想找价格合适的位置。,0,0,2026-05-06 15:17:57,669.5667,课程资料|校园卡,生活,校外,0.0,0,0,0,10,normal,19,课程资料|校园卡
p_ext_001071,u_ext_00158,ext_007,课程评价,老师上课风格讨论,准备下学期选课，想了解课堂节奏。,0,0,2026-04-07 00:48:57,1380.05,给分|期末|课程评价|老师,学习,食堂区,0.0,0,0,0,10,normal,16,给分|期末|课程评价|老师
p_ext_001072,u_ext_00323,ext_003,恋爱交友,找学习搭子,希望互相监督学习，地点可以在图书馆。,0,0,2026-04-27 05:01:57,895.8333,活动|搭子|羽毛球|交友|拍照,社交,食堂区,0.0,0,0,0,10,normal,18,活动|搭子|羽毛球|交友|拍照
p_ext_001073,dXFWamFaUzQwV2VEdUxHU2w2T3paMytWb3BDYmlHdURoNHlkcTRtUHg2eXlwSUdMaEtxbnFZZTNyWlNHaXB1dGhLaWlnNE5rbm9HQmVXSjI=,ext_001,二手交易,出二手自行车,车况正常，适合校内通勤，珠海校区附近交易，可自提。,2,1,2026-05-31 10:00:57,74.85,租房|教材|电动车,生活,教学区,90.0,1,1,0,10,normal,25,租房|教材|电动车
p_ext_001074,u_ext_00264,ext_001,二手交易,出二手自行车,车况正常，适合校内通勤，东校园附近交易，可自提。,2,1,2026-04-28 22:51:57,854.0,教材|电动车|闲置|二手交易,生活,校外,20.0,0,0,0,10,normal,24,教材|电动车|闲置|二手交易
p_ext_001075,u_ext_00462,ext_003,恋爱交友,找健身搭子,每周两三次，强度不用太高。,0,0,2026-01-07 13:34:57,3527.2833,交友|活动|搭子,社交,宿舍区,0.0,0,0,0,10,normal,13,交友|活动|搭子
p_ext_001076,u_ext_00147,ext_002,问答求助,求推荐附近打印店,需要打印课程资料，想找价格合适的位置。,1,1,2026-03-20 07:57:57,1804.9,校园卡|宿舍|打印店|课程资料|求问,生活,全校,0.0,0,0,0,10,normal,19,校园卡|宿舍|打印店|课程资料|求问
p_ext_001077,u_ext_00347,ext_003,恋爱交友,找学习搭子,希望互相监督学习，地点可以在图书馆。,1,1,2026-01-23 05:06:57,3151.75,羽毛球|活动,社交,校外,0.0,0,0,0,10,normal,18,羽毛球|活动
p_ext_001078,u_ext_00127,ext_012,兼职实习,短期兼职信息,适合课余时间，有意可以留言。,0,0,2026-02-09 19:29:57,2729.3667,薪资|实习|兼职|家教|招聘,发展,图书馆,0.0,0,0,0,10,normal,14,薪资|实习|兼职|家教|招聘
p_ext_001079,u_ext_00359,ext_002,问答求助,求问校园卡补办流程,校园卡丢了，有没有同学知道补办需要带什么材料。,0,0,2026-02-14 10:44:57,2618.1167,课程资料|宿舍,生活,图书馆,0.0,0,0,0,10,normal,23,课程资料|宿舍
p_ext_001080,u_ext_00249,ext_002,问答求助,求推荐附近打印店,需要打印课程资料，想找价格合适的位置。,1,1,2026-03-27 20:51:57,1624.0,课程资料|打印店,生活,图书馆,0.0,0,0,0,10,normal,19,课程资料|打印店
p_ext_001081,u_ext_00496,ext_001,二手交易,毕业季出闲置,整理宿舍出一些闲置物品，优先校内自提。,3,1,2026-06-02 12:36:57,24.25,租房|闲置|电动车|二手交易,生活,教学区,20.0,0,1,0,10,normal,19,租房|闲置|电动车|二手交易
p_ext_001082,u_ext_00163,ext_001,二手交易,毕业季出闲置,整理宿舍出一些闲置物品，优先校内自提。,1,1,2026-04-12 08:10:57,1252.6833,二手交易|教材|租房|电动车,生活,教学区,90.0,0,0,0,10,normal,19,二手交易|教材|租房|电动车
p_ext_001083,u_ext_00104,ext_002,问答求助,宿舍维修一般多久来,已经报修了，想问问大家一般多久能处理。,0,0,2026-05-05 07:45:57,701.1,求问|校园卡|课程资料|宿舍,生活,教学区,0.0,0,0,0,10,normal,19,求问|校园卡|课程资料|宿舍
p_ext_001084,u_ext_00361,ext_001,二手交易,毕业季出闲置,整理宿舍出一些闲置物品，优先校内自提。,0,0,2026-03-05 00:35:57,2172.2667,租房|二手交易,生活,校外,90.0,0,1,0,10,normal,19,租房|二手交易
p_ext_001085,u_ext_00421,ext_001,二手交易,毕业季出闲置,整理宿舍出一些闲置物品，优先校内自提。,3,1,2025-12-18 06:53:57,4013.9667,闲置|教材,生活,教学区,20.0,1,0,0,10,normal,19,闲置|教材
p_ext_001086,ckdsMWFvdlJyMzErdWJhdWlXYXNab0s2b29TUm5YaXRqYUJyc0lSOXRadkNhNXVRZnQzTlpvQ25zdEtOWjdDcmhiVnJrb1ZraUhxQmVXSjI=,ext_004,校园生活,今天食堂这个菜怎么样,中午路过看到很多人排队，想问问味道如何。,1,1,2026-03-08 18:57:57,2081.9,校园生活|共享厨房,社交,图书馆,0.0,0,0,0,10,normal,20,校园生活|共享厨房
p_ext_001087,u_ext_00410,ext_002,问答求助,求问校园卡补办流程,校园卡丢了，有没有同学知道补办需要带什么材料。,0,0,2025-12-17 09:20:57,4035.5167,宿舍|课程资料|校园卡|求问|打印店,生活,图书馆,0.0,0,0,0,10,normal,23,宿舍|课程资料|校园卡|求问|打印店
p_ext_001088,u_ext_00223,ext_009,社团活动,社团招新公告,面向所有年级，零基础也可以参加。,2,1,2026-01-22 02:43:57,3178.1333,招新|活动,社交,图书馆,0.0,0,0,0,10,normal,16,招新|活动
p_ext_001089,u_ext_00360,ext_002,问答求助,宿舍维修一般多久来,已经报修了，想问问大家一般多久能处理。,1,1,2026-04-07 17:40:57,1363.1833,求问|校园卡,生活,食堂区,0.0,0,0,0,10,normal,19,求问|校园卡
p_ext_001090,u_ext_00288,ext_003,恋爱交友,毕业照拍照搭子,想找同学一起拍照，时间可以商量。,1,1,2026-03-12 12:04:57,1992.7833,活动|搭子,社交,校外,0.0,0,0,0,10,normal,16,活动|搭子
p_ext_001091,u_ext_00381,ext_001,二手交易,出考研资料,资料保存完整，适合复习使用，价格可小刀。,0,0,2026-04-23 11:45:57,985.1,二手交易|电动车,生活,校外,150.0,0,0,0,10,normal,20,二手交易|电动车
p_ext_001092,u_ext_00491,ext_002,问答求助,求问南校哪里可以自习,最近想找安静地方复习，想问问大家有什么推荐。,1,1,2026-01-09 17:28:57,3475.3833,课程资料|求问,生活,教学区,0.0,0,0,0,10,normal,22,课程资料|求问
p_ext_001093,u_ext_00311,ext_002,问答求助,求推荐附近打印店,需要打印课程资料，想找价格合适的位置。,1,1,2025-12-30 16:05:57,3716.7667,求问|课程资料,生活,全校,0.0,0,0,0,10,normal,19,求问|课程资料
p_ext_001094,u_ext_00442,ext_001,二手交易,出二手自行车,车况正常，适合校内通勤，东校园附近交易，可自提。,1,1,2026-01-31 14:48:57,2950.05,电动车|租房|教材,生活,全校,0.0,1,0,0,10,normal,24,电动车|租房|教材
p_ext_001095,u_ext_00165,ext_009,社团活动,社团招新公告,面向所有年级，零基础也可以参加。,1,1,2026-01-10 17:55:57,3450.9333,志愿服务|活动|社团|交友,社交,全校,0.0,0,0,0,10,normal,16,志愿服务|活动|社团|交友
p_ext_001096,u_ext_00324,ext_008,食堂生活,食堂新窗口测评,今天试了一下，味道和分量都还可以。,3,1,2026-02-18 17:55:57,2514.9333,拼饭|食堂|窗口测评|校园生活|优惠,生活,校外,0.0,0,0,0,10,normal,17,拼饭|食堂|窗口测评|校园生活|优惠
p_ext_001097,ckdsMWFvdlJyMzErdWJhdWlXYXNab0s2b29TUm5YaXRqYUJyc0lSOXRadkNhNXVRZnQzTlpvQ25zdEtOWjdDcmhiVnJrb1ZraUhxQmVXSjI=,ext_002,问答求助,求问校园卡补办流程,校园卡丢了，有没有同学知道补办需要带什么材料。,0,0,2025-12-25 04:37:57,3848.2333,校园卡|课程资料|宿舍|求问|打印店,生活,食堂区,0.0,0,0,0,10,normal,23,校园卡|课程资料|宿舍|求问|打印店
p_ext_001098,dHBCMW81U254WDZEemEyVmhhRGFkbjdPZ0lDUllwbHBsNHFtb1l0OXJiVERzb0J0ZjVhM2lwYTYwOU9WZkp0NWxLaUFqWkYwYjRlSWlXSjI=,ext_002,问答求助,宿舍维修一般多久来,已经报修了，想问问大家一般多久能处理。,0,0,2026-04-14 16:44:57,1196.1167,宿舍|课程资料|打印店|求问|校园卡,生活,图书馆,0.0,0,0,0,10,normal,19,宿舍|课程资料|打印店|求问|校园卡
p_ext_001099,u_ext_00260,ext_002,问答求助,求问校园卡补办流程,校园卡丢了，有没有同学知道补办需要带什么材料。,0,0,2026-03-30 09:58:57,1562.8833,课程资料|校园卡|求问|宿舍|打印店,生活,教学区,0.0,0,0,0,10,normal,23,课程资料|校园卡|求问|宿舍|打印店
p_ext_001100,u_ext_00356,ext_002,问答求助,求问校园卡补办流程,校园卡丢了，有没有同学知道补办需要带什么材料。,1,1,2026-06-02 19:18:57,17.55,打印店|校园卡|求问,生活,食堂区,0.0,0,0,0,10,normal,23,打印店|校园卡|求问
p_ext_001101,u_ext_00119,ext_001,二手交易,出二手自行车,车况正常，适合校内通勤，珠海校区附近交易，可自提。,1,1,2026-04-15 06:20:57,1182.5167,教材|租房,生活,食堂区,10.0,1,1,0,10,normal,25,教材|租房
p_ext_001102,u_ext_00112,ext_002,问答求助,求问南校哪里可以自习,最近想找安静地方复习，想问问大家有什么推荐。,1,1,2026-05-15 19:15:57,449.6,校园卡|打印店|求问|宿舍|课程资料,生活,教学区,0.0,0,0,0,10,normal,22,校园卡|打印店|求问|宿舍|课程资料
p_ext_001103,u_ext_00151,ext_002,问答求助,求推荐附近打印店,需要打印课程资料，想找价格合适的位置。,1,1,2026-05-27 16:42:57,164.15,校园卡|课程资料|打印店|求问|宿舍,生活,食堂区,0.0,0,0,0,10,normal,19,校园卡|课程资料|打印店|求问|宿舍
p_ext_001104,u_ext_00209,ext_002,问答求助,求问校园卡补办流程,校园卡丢了，有没有同学知道补办需要带什么材料。,0,0,2025-12-07 23:16:57,4261.5833,求问|课程资料|打印店,生活,宿舍区,0.0,0,0,0,10,normal,23,求问|课程资料|打印店
p_ext_001105,u_ext_00149,ext_002,问答求助,求问南校哪里可以自习,最近想找安静地方复习，想问问大家有什么推荐。,1,1,2026-01-14 06:16:57,3366.5833,校园卡|宿舍|课程资料|求问|打印店,生活,宿舍区,0.0,0,0,0,10,normal,22,校园卡|宿舍|课程资料|求问|打印店
p_ext_001106,u_ext_00437,ext_003,恋爱交友,周末有人一起打羽毛球吗,新手友好，主要想活动一下。,1,1,2026-05-31 16:15:57,68.6,羽毛球|拍照,社交,全校,0.0,0,0,0,10,normal,13,羽毛球|拍照
p_ext_001107,u_ext_00411,ext_005,学习交流,有没有学习经验分享,想调整一下复习节奏，欢迎大家聊聊方法。,1,1,2026-05-06 16:00:57,668.85,学习交流|复习资料|学习经验,学习,图书馆,0.0,0,0,0,10,normal,19,学习交流|复习资料|学习经验
p_ext_001108,u_ext_00198,ext_009,社团活动,周末活动报名,本周末有线下活动，人数有限。,0,0,2025-12-09 22:15:57,4214.6,社团|招新|志愿服务|交友,社交,教学区,0.0,0,0,0,10,normal,14,社团|招新|志愿服务|交友
p_ext_001109,u_ext_00400,ext_002,问答求助,求问校园卡补办流程,校园卡丢了，有没有同学知道补办需要带什么材料。,0,0,2026-01-02 23:48:57,3637.05,课程资料|打印店|校园卡|求问,生活,食堂区,0.0,0,0,0,10,normal,23,课程资料|打印店|校园卡|求问
p_ext_001110,u_ext_00213,ext_002,问答求助,求问校园卡补办流程,校园卡丢了，有没有同学知道补办需要带什么材料。,1,1,2026-02-21 17:46:57,2443.0833,宿舍|校园卡|打印店|求问,生活,教学区,0.0,0,0,0,10,normal,23,宿舍|校园卡|打印店|求问
p_ext_001111,u_ext_00203,ext_006,考研保研,408 考研经验分享,按阶段整理了复习计划和资料选择。,1,1,2025-12-11 04:49:57,4184.0333,考研|学习经验,学习,图书馆,0.0,0,0,0,10,normal,16,考研|学习经验
p_ext_001112,d24rcmJvQzN4R2w4bEpuSmlaK3NncE9TaElHQ1k1cHVpWDJoc1lPUHJiTzdmWnVIakxuTmwzN05uYzJZZkxoOGhaS01yWTJyaktxRGVXSjI=,ext_003,恋爱交友,找学习搭子,希望互相监督学习，地点可以在图书馆。,0,0,2026-05-20 19:59:57,328.8667,拍照|活动|羽毛球,社交,宿舍区,0.0,0,0,0,10,normal,18,拍照|活动|羽毛球
p_ext_001113,u_ext_00339,ext_001,二手交易,出二手自行车,车况正常，适合校内通勤，珠海校区附近交易，可自提。,1,1,2026-01-31 19:49:57,2945.0333,电动车|租房|教材|闲置|二手交易,生活,食堂区,50.0,1,0,0,10,normal,25,电动车|租房|教材|闲置|二手交易
p_ext_001114,u_ext_00185,ext_003,恋爱交友,毕业照拍照搭子,想找同学一起拍照，时间可以商量。,1,1,2026-03-08 00:14:57,2100.6167,交友|活动|搭子|拍照,社交,食堂区,0.0,0,0,0,10,normal,16,交友|活动|搭子|拍照
p_ext_001115,u_ext_00134,ext_004,校园生活,宿舍区附近有什么好吃的,想换换口味，求推荐附近小店。,1,1,2026-02-23 15:46:57,2397.0833,校车|校园生活|宿舍,社交,教学区,0.0,0,0,0,10,normal,14,校车|校园生活|宿舍
p_ext_001116,u_ext_00184,ext_012,兼职实习,家教兼职招人,时间可协调，地点离学校不远。,1,1,2026-03-28 16:39:57,1604.2,兼职|招聘,发展,食堂区,0.0,0,0,0,10,normal,14,兼职|招聘
p_ext_001117,u_ext_00483,ext_002,问答求助,求问校园卡补办流程,校园卡丢了，有没有同学知道补办需要带什么材料。,1,1,2026-02-25 01:04:57,2363.7833,求问|课程资料|打印店|宿舍,生活,全校,0.0,0,0,0,10,normal,23,求问|课程资料|打印店|宿舍
p_ext_001118,u_ext_00351,ext_002,问答求助,求问校园卡补办流程,校园卡丢了，有没有同学知道补办需要带什么材料。,1,1,2026-02-01 18:52:57,2921.9833,课程资料|校园卡,生活,食堂区,0.0,0,0,0,10,normal,23,课程资料|校园卡
p_ext_001119,d24rcmJvQzN4R2w4bEpuSmlaK3NncE9TaElHQ1k1cHVpWDJoc1lPUHJiTzdmWnVIakxuTmwzN05uYzJZZkxoOGhaS01yWTJyaktxRGVXSjI=,ext_006,考研保研,有没有保研经验分享,想了解材料准备和面试注意事项。,0,0,2026-05-01 16:42:57,788.15,复试|考研|学习经验,学习,教学区,0.0,0,0,0,10,normal,15,复试|考研|学习经验
p_ext_001120,u_ext_00385,ext_002,问答求助,宿舍维修一般多久来,已经报修了，想问问大家一般多久能处理。,0,0,2026-05-02 03:50:57,777.0167,求问|宿舍,生活,全校,0.0,0,0,0,10,normal,19,求问|宿舍
p_ext_001121,u_ext_00355,ext_003,恋爱交友,找健身搭子,每周两三次，强度不用太高。,0,0,2026-05-31 05:36:57,79.25,搭子|拍照|羽毛球|交友|活动,社交,宿舍区,0.0,0,0,0,10,normal,13,搭子|拍照|羽毛球|交友|活动
p_ext_001122,u_ext_00328,ext_002,问答求助,宿舍维修一般多久来,已经报修了，想问问大家一般多久能处理。,1,1,2026-02-07 15:05:57,2781.7667,宿舍|打印店|校园卡|求问|课程资料,生活,教学区,0.0,0,0,0,10,normal,19,宿舍|打印店|校园卡|求问|课程资料
p_ext_001123,u_ext_00166,ext_002,问答求助,宿舍维修一般多久来,已经报修了，想问问大家一般多久能处理。,0,0,2026-02-16 21:21:57,2559.5,校园卡|课程资料|宿舍|求问|打印店,生活,全校,0.0,0,0,0,10,normal,19,校园卡|课程资料|宿舍|求问|打印店
p_ext_001124,u_ext_00143,ext_006,考研保研,408 考研经验分享,按阶段整理了复习计划和资料选择。,0,0,2026-05-23 07:17:57,269.5667,考研|408|学习经验,学习,全校,0.0,0,0,0,10,normal,16,考研|408|学习经验
p_ext_001125,dHBCMW81U254WDZEemEyVmhhRGFkbjdPZ0lDUllwbHBsNHFtb1l0OXJiVERzb0J0ZjVhM2lwYTYwOU9WZkp0NWxLaUFqWkYwYjRlSWlXSjI=,ext_002,问答求助,求问南校哪里可以自习,最近想找安静地方复习，想问问大家有什么推荐。,1,1,2026-05-07 19:25:57,641.4333,校园卡|课程资料|打印店|宿舍,生活,全校,0.0,0,0,0,10,normal,22,校园卡|课程资料|打印店|宿舍
p_ext_001126,dGFKNGFZQ1QxWWFIMExiUWwyYTRoMzY0bW9lUmVLMXBsNkdMYVkyaTE5T3dmWmVFaGFpV3JwUE4zTGlJcjhxTWk2cWlzcG1Jakh1WHIySjI=,ext_012,兼职实习,实习信息交流,看到一些岗位，想和大家讨论一下。,0,0,2026-03-05 06:18:57,2166.55,家教|薪资,发展,全校,0.0,0,0,0,10,normal,16,家教|薪资
p_ext_001127,dDJsMWtaYTZ5WG1IdDZxbGdHWEdaWlNvbm1pRWVJU25ocU56YkptT3VkRzdwSFd6aTlDYWg1T3FxcXlXcjhaNWs1S1dxNHAxajJpTGlXSjI=,ext_013,失物招领,寻找钥匙,可能丢在宿舍区或食堂附近。,1,1,2026-01-27 20:01:57,3040.8333,教学楼|证件,生活,校外,0.0,0,0,0,10,normal,13,教学楼|证件
p_ext_001128,u_ext_00227,ext_001,二手交易,出二手自行车,车况正常，适合校内通勤，南校园附近交易，可自提。,0,0,2026-01-10 11:56:57,3456.9167,电动车|教材,生活,宿舍区,150.0,0,0,0,10,normal,24,电动车|教材
p_ext_001129,dG9DanFaZlJ0bWFMcHJLV2dHZXdqSk9tZ0tpTFpJQ0VtR2VxcElTTno3N0RnSDJ0aGFxVnFIN1Fxc3lWZXM2R2hicUlySXVyaUkrSGlXSjI=,ext_002,问答求助,求问校园卡补办流程,校园卡丢了，有没有同学知道补办需要带什么材料。,1,1,2026-03-06 17:32:57,2131.3167,求问|打印店|宿舍,生活,宿舍区,0.0,0,0,0,10,normal,23,求问|打印店|宿舍
p_ext_001130,u_ext_00151,ext_013,失物招领,请帮忙找背包,今天下午可能落在自习室。,0,0,2026-05-30 21:40:57,87.1833,校园卡|失物招领|证件|钥匙|教学楼,生活,校外,0.0,0,0,0,10,normal,12,校园卡|失物招领|证件|钥匙|教学楼
p_ext_001131,u_ext_00481,ext_001,二手交易,收二手电动车,预算有限，想收一辆能正常骑的电动车，最好有校区牌。,3,1,2026-02-28 05:46:57,2287.0833,二手交易|教材|闲置|租房|电动车,生活,校外,50.0,0,0,0,10,normal,25,二手交易|教材|闲置|租房|电动车
p_ext_001132,u_ext_00307,ext_002,问答求助,求问校园卡补办流程,校园卡丢了，有没有同学知道补办需要带什么材料。,0,0,2026-03-26 06:38:57,1662.2167,求问|校园卡|宿舍,生活,教学区,0.0,0,0,0,10,normal,23,求问|校园卡|宿舍
p_ext_001133,dzZTYXE1YW9sbzZXdUwyV2dLQzBabnpjbW4rRllaNnVqcUNNaFlKc3pwbTRmNnR2ZzdxM2lJdTJwcXlZb2FSL2ZzMW5mbzZKcG1tRGVXSjI=,ext_002,问答求助,宿舍维修一般多久来,已经报修了，想问问大家一般多久能处理。,0,0,2026-02-23 18:45:57,2394.1,课程资料|校园卡|求问|宿舍|打印店,生活,教学区,0.0,0,0,0,10,normal,19,课程资料|校园卡|求问|宿舍|打印店
p_ext_001134,d21xQmg0aVRrbytHcXFxNm1JbkdwMzY2b2JDY25KbXdpNHllZzVtT201aXZhNStsbHMydXFJV25sSkdZb3Bkb2xaS0hycGlFYjRlSWlXSjI=,ext_001,二手交易,出考研资料,资料保存完整，适合复习使用，价格可小刀。,2,1,2026-01-25 04:07:57,3104.7333,租房|教材|二手交易|电动车,生活,全校,0.0,0,0,0,10,normal,20,租房|教材|二手交易|电动车
p_ext_001135,u_ext_00336,ext_002,问答求助,宿舍维修一般多久来,已经报修了，想问问大家一般多久能处理。,0,0,2026-04-23 17:52:57,978.9833,校园卡|宿舍|打印店|求问|课程资料,生活,校外,0.0,0,0,0,10,normal,19,校园卡|宿舍|打印店|求问|课程资料
p_ext_001136,dXFXbnJaU3FrcStTMjUzT2dhTFdvSWJOYTZDRVlZeVJnb3VJcllTQTA5ZXpmMmV5aTg2V3JJYlBxcEdCZkx5b2h0eWFiSmlibVd5RGVXSjI=,ext_008,食堂生活,食堂新窗口测评,今天试了一下，味道和分量都还可以。,1,1,2026-02-08 07:51:57,2765.0,优惠|窗口测评|食堂,生活,图书馆,0.0,0,0,0,10,normal,17,优惠|窗口测评|食堂
p_ext_001137,u_ext_00350,ext_006,考研保研,408 考研经验分享,按阶段整理了复习计划和资料选择。,0,0,2026-01-14 14:15:57,3358.6,学习经验|408|考研|复试|保研,学习,全校,0.0,0,0,0,10,normal,16,学习经验|408|考研|复试|保研
p_ext_001138,u_ext_00480,ext_001,二手交易,毕业季出闲置,整理宿舍出一些闲置物品，优先校内自提。,0,0,2026-01-17 04:29:57,3296.3667,闲置|租房,生活,图书馆,50.0,0,1,0,10,normal,19,闲置|租房
p_ext_001139,dEk5a2duK3JxcStJcVpYUWhtYThqWVdwbGE2TmRtdU9pSDJhcEllUnBkRzdmWUN4ZjVXcWFaS3F6OWlJZkphdGZaT2FiSnBpakxLR2lXSjI=,ext_001,二手交易,出二手自行车,车况正常，适合校内通勤，深圳校区附近交易，可自提。,1,1,2026-01-29 13:19:57,2999.5333,二手交易|电动车,生活,宿舍区,0.0,0,0,0,10,normal,25,二手交易|电动车
p_ext_001140,dzZTYXE1YW9sbzZXdUwyV2dLQzBabnpjbW4rRllaNnVqcUNNaFlKc3pwbTRmNnR2ZzdxM2lJdTJwcXlZb2FSL2ZzMW5mbzZKcG1tRGVXSjI=,ext_001,二手交易,出二手自行车,车况正常，适合校内通勤，北校园附近交易，可自提。,0,0,2026-03-16 04:42:57,1904.15,二手交易|电动车,生活,图书馆,10.0,0,0,0,10,normal,24,二手交易|电动车
p_ext_001141,u_ext_00192,ext_002,问答求助,宿舍维修一般多久来,已经报修了，想问问大家一般多久能处理。,0,0,2026-02-16 23:20:57,2557.5167,课程资料|校园卡|求问|打印店|宿舍,生活,图书馆,0.0,0,0,0,10,normal,19,课程资料|校园卡|求问|打印店|宿舍
p_ext_001142,u_ext_00347,ext_002,问答求助,求问南校哪里可以自习,最近想找安静地方复习，想问问大家有什么推荐。,0,0,2026-01-06 15:44:57,3549.1167,校园卡|课程资料|宿舍|求问|打印店,生活,全校,0.0,0,0,0,10,normal,22,校园卡|课程资料|宿舍|求问|打印店
p_ext_001143,u_ext_00459,ext_006,考研保研,有没有保研经验分享,想了解材料准备和面试注意事项。,0,0,2026-01-28 00:12:57,3036.65,考研|学习经验,学习,图书馆,0.0,0,0,0,10,normal,15,考研|学习经验
p_ext_001144,u_ext_00148,ext_010,竞赛科研,科研项目招人,每周有固定讨论，适合想了解科研的同学。,1,1,2026-02-25 00:48:57,2364.05,组队|创新项目|科研项目|竞赛|论文,发展,教学区,0.0,0,0,0,10,normal,19,组队|创新项目|科研项目|竞赛|论文
p_ext_001145,u_ext_00407,ext_013,失物招领,请帮忙找背包,今天下午可能落在自习室。,0,0,2026-01-29 16:27:57,2996.4,证件|校园卡|教学楼,生活,图书馆,0.0,0,0,0,10,normal,12,证件|校园卡|教学楼
p_ext_001146,u_ext_00204,ext_006,考研保研,复试经验整理,把最近问到的问题和准备过程记录一下。,1,1,2026-03-14 18:17:57,1938.5667,学习经验|保研|考研|408|复试,学习,图书馆,0.0,0,0,0,10,normal,18,学习经验|保研|考研|408|复试
p_ext_001147,dzZTYXE1YW9sbzZXdUwyV2dLQzBabnpjbW4rRllaNnVqcUNNaFlKc3pwbTRmNnR2ZzdxM2lJdTJwcXlZb2FSL2ZzMW5mbzZKcG1tRGVXSjI=,ext_002,问答求助,求推荐附近打印店,需要打印课程资料，想找价格合适的位置。,1,1,2026-01-21 17:16:57,3187.5833,课程资料|求问|宿舍|打印店|校园卡,生活,图书馆,0.0,0,0,0,10,normal,19,课程资料|求问|宿舍|打印店|校园卡
p_ext_001148,u_ext_00154,ext_004,校园生活,吐槽一下今天的校车,等车时间有点久，大家最近有没有类似情况。,0,0,2026-04-22 23:42:57,997.15,食堂|校园生活|宿舍,社交,教学区,0.0,0,0,0,10,normal,20,食堂|校园生活|宿舍
p_ext_001149,dzZXQmdJTzZsckNGdDVXcWZtaWtxSk81aUt1RmlZK3dpcUdhanBxbHZiKzBwWDE5bHFqSXJJS1VxdEdZbjdoN2c5dHJzbzJjaEltS2lXSjI=,ext_002,问答求助,求推荐附近打印店,需要打印课程资料，想找价格合适的位置。,0,0,2025-12-30 15:48:57,3717.05,课程资料|求问|打印店,生活,全校,0.0,0,0,0,10,normal,19,课程资料|求问|打印店
p_ext_001150,dFkybnBuL2RzNm1XdDY2eGpJdk9nb2FTZUlpY25wMnZoNjVyckkyUHJiaTRmSnVqbHF2RWFvQzNyckdIaXJPc2dzMTRoSVdIZDY2SmlXSjI=,ext_012,兼职实习,短期兼职信息,适合课余时间，有意可以留言。,0,0,2025-12-22 11:09:57,3913.7,家教|实习|薪资|兼职|招聘,发展,食堂区,0.0,0,0,0,10,normal,14,家教|实习|薪资|兼职|招聘
p_ext_001151,u_ext_00459,ext_002,问答求助,宿舍维修一般多久来,已经报修了，想问问大家一般多久能处理。,1,1,2026-05-21 20:20:57,304.5167,宿舍|课程资料|求问|打印店|校园卡,生活,全校,0.0,0,0,0,10,normal,19,宿舍|课程资料|求问|打印店|校园卡
p_ext_001152,u_ext_00119,ext_002,问答求助,求问校园卡补办流程,校园卡丢了，有没有同学知道补办需要带什么材料。,1,1,2025-12-12 12:01:57,4152.8333,打印店|课程资料|校园卡|求问|宿舍,生活,教学区,0.0,0,0,0,10,normal,23,打印店|课程资料|校园卡|求问|宿舍
p_ext_001153,u_ext_00425,ext_002,问答求助,求推荐附近打印店,需要打印课程资料，想找价格合适的位置。,1,1,2026-02-09 09:19:57,2739.5333,课程资料|校园卡|宿舍,生活,图书馆,0.0,0,0,0,10,normal,19,课程资料|校园卡|宿舍
p_ext_001154,u_ext_00398,ext_002,问答求助,求问校园卡补办流程,校园卡丢了，有没有同学知道补办需要带什么材料。,0,0,2026-05-30 11:14:57,97.6167,打印店|求问,生活,全校,0.0,0,0,0,10,normal,23,打印店|求问
p_ext_001155,u_ext_00335,ext_002,问答求助,求问南校哪里可以自习,最近想找安静地方复习，想问问大家有什么推荐。,1,1,2026-03-08 22:16:57,2078.5833,课程资料|宿舍,生活,校外,0.0,0,0,0,10,normal,22,课程资料|宿舍
p_ext_001156,u_ext_00157,ext_006,考研保研,有没有保研经验分享,想了解材料准备和面试注意事项。,1,1,2026-03-09 23:39:57,2053.2,保研|考研,学习,全校,0.0,0,0,0,10,normal,15,保研|考研
p_ext_001157,u_ext_00455,ext_002,问答求助,求推荐附近打印店,需要打印课程资料，想找价格合适的位置。,0,0,2026-02-02 10:12:57,2906.65,打印店|校园卡|宿舍|课程资料|求问,生活,图书馆,0.0,0,0,0,10,normal,19,打印店|校园卡|宿舍|课程资料|求问
p_ext_001158,u_ext_00404,ext_001,二手交易,毕业季出闲置,整理宿舍出一些闲置物品，优先校内自提。,3,1,2026-05-06 21:31:57,663.3333,闲置|教材|电动车|租房,生活,教学区,150.0,0,0,0,10,normal,19,闲置|教材|电动车|租房
p_ext_001159,u_ext_00368,ext_002,问答求助,求推荐附近打印店,需要打印课程资料，想找价格合适的位置。,0,0,2026-05-23 06:55:57,269.9333,打印店|校园卡|求问|宿舍,生活,图书馆,0.0,0,0,0,10,normal,19,打印店|校园卡|求问|宿舍
p_ext_001160,u_ext_00230,ext_002,问答求助,求问南校哪里可以自习,最近想找安静地方复习，想问问大家有什么推荐。,0,0,2025-12-07 11:27:57,4273.4,宿舍|求问|课程资料|打印店,生活,宿舍区,0.0,0,0,0,10,normal,22,宿舍|求问|课程资料|打印店
p_ext_001161,cm9DQWJZYlF1MmFTdU15MWxtZXNhSkxPaUdpTG5vQ2tmNjkwYVl0cXo3MjNmNGx1bDdxdmZvWE9wczJFYU1wb2ZKU1dnSW1KZUpLVnIySjI=,ext_004,校园生活,宿舍区附近有什么好吃的,想换换口味，求推荐附近小店。,1,1,2026-04-18 20:49:57,1096.0333,宿舍|校园生活|共享厨房,社交,教学区,0.0,0,0,0,10,normal,14,宿舍|校园生活|共享厨房
p_ext_001162,u_ext_00387,ext_008,食堂生活,食堂新窗口测评,今天试了一下，味道和分量都还可以。,0,0,2026-04-13 11:42:57,1225.15,食堂|窗口测评|优惠,生活,图书馆,0.0,0,0,0,10,normal,17,食堂|窗口测评|优惠
p_ext_001163,dUkyTmk0RGRzNnVHek5DbmlIeTRxSUtUb1cySlk1QnNsMldFa29la3ROaTFqblN4bHM2WlpvV1MxTnFHZkxTQmlMbUVnNDJkZUl1SGlXSjI=,ext_010,竞赛科研,创新项目经验,分享一下申报和结题过程。,0,0,2025-12-07 23:58:57,4260.8833,科研项目|组队|创新项目,发展,校外,0.0,0,0,0,10,normal,12,科研项目|组队|创新项目
p_ext_001164,u_ext_00250,ext_004,校园生活,宿舍区附近有什么好吃的,想换换口味，求推荐附近小店。,0,0,2026-03-16 14:31:57,1894.3333,宿舍|食堂|校车|校园生活|共享厨房,社交,宿舍区,0.0,0,0,0,10,normal,14,宿舍|食堂|校车|校园生活|共享厨房
p_ext_001165,u_ext_00211,ext_002,问答求助,求推荐附近打印店,需要打印课程资料，想找价格合适的位置。,1,1,2026-03-05 10:30:57,2162.35,打印店|宿舍|求问|课程资料|校园卡,生活,宿舍区,0.0,0,0,0,10,normal,19,打印店|宿舍|求问|课程资料|校园卡
p_ext_001166,u_ext_00253,ext_002,问答求助,宿舍维修一般多久来,已经报修了，想问问大家一般多久能处理。,0,0,2026-05-03 12:40:57,744.1833,课程资料|打印店|校园卡,生活,宿舍区,0.0,0,0,0,10,normal,19,课程资料|打印店|校园卡
p_ext_001167,eEdxWGlwU1dzbXFTdXNqV2xIckdmNFROaUt5YWlJaW9sNGwwYkltTnVkQ3lqSVZwbEtpV2ZKT1VsYzZZamFpTGhLZG5oNHliZ0llSGlXSjI=,ext_002,问答求助,宿舍维修一般多久来,已经报修了，想问问大家一般多久能处理。,0,0,2026-04-08 22:22:57,1334.4833,课程资料|宿舍|打印店|求问,生活,图书馆,0.0,0,0,0,10,normal,19,课程资料|宿舍|打印店|求问
p_ext_001168,u_ext_00198,ext_002,问答求助,求推荐附近打印店,需要打印课程资料，想找价格合适的位置。,0,0,2026-01-18 20:24:57,3256.45,校园卡|课程资料|求问,生活,全校,0.0,0,0,0,10,normal,19,校园卡|课程资料|求问
p_ext_001169,u_ext_00133,ext_001,二手交易,出考研资料,资料保存完整，适合复习使用，价格可小刀。,0,0,2026-05-01 23:48:57,781.05,二手交易|电动车|闲置|教材,生活,教学区,0.0,0,0,0,10,normal,20,二手交易|电动车|闲置|教材
p_ext_001170,u_ext_00433,ext_004,校园生活,今天食堂这个菜怎么样,中午路过看到很多人排队，想问问味道如何。,0,0,2025-12-06 01:14:57,4307.6167,食堂|校车|共享厨房,社交,宿舍区,0.0,0,0,0,10,normal,20,食堂|校车|共享厨房
p_ext_001171,u_ext_00139,ext_008,食堂生活,这个窗口确实不错,排队人不少，不过出餐挺快。,2,1,2025-12-14 12:30:57,4104.35,拼饭|食堂|窗口测评,生活,校外,0.0,0,0,0,10,normal,13,拼饭|食堂|窗口测评
p_ext_001172,u_ext_00268,ext_002,问答求助,求问校园卡补办流程,校园卡丢了，有没有同学知道补办需要带什么材料。,0,0,2026-02-19 11:47:57,2497.0667,打印店|课程资料,生活,教学区,0.0,0,0,0,10,normal,23,打印店|课程资料
p_ext_001173,u_ext_00149,ext_012,兼职实习,短期兼职信息,适合课余时间，有意可以留言。,0,0,2026-04-28 23:33:57,853.3,兼职|实习|家教,发展,食堂区,0.0,0,0,0,10,normal,14,兼职|实习|家教
p_ext_001174,u_ext_00331,ext_001,二手交易,出二手自行车,车况正常，适合校内通勤，北校园附近交易，可自提。,5,1,2025-12-24 12:01:57,3864.8333,教材|二手交易,生活,校外,90.0,0,0,0,10,normal,24,教材|二手交易
p_ext_001175,u_ext_00392,ext_002,问答求助,求问南校哪里可以自习,最近想找安静地方复习，想问问大家有什么推荐。,1,1,2026-04-03 07:52:57,1468.9833,课程资料|求问,生活,食堂区,0.0,0,0,0,10,normal,22,课程资料|求问
p_ext_001176,u_ext_00180,ext_002,问答求助,求问南校哪里可以自习,最近想找安静地方复习，想问问大家有什么推荐。,0,0,2026-04-13 18:51:57,1218.0,求问|校园卡|宿舍|打印店,生活,宿舍区,0.0,0,0,0,10,normal,22,求问|校园卡|宿舍|打印店
p_ext_001177,u_ext_00377,ext_010,竞赛科研,竞赛组队招募,方向初步确定，缺会写代码和做展示的同学。,0,0,2025-12-07 03:44:57,4281.1167,组队|创新项目|论文|科研项目|竞赛,发展,教学区,0.0,0,0,0,10,normal,20,组队|创新项目|论文|科研项目|竞赛
p_ext_001178,u_ext_00397,ext_012,兼职实习,兼职避坑提醒,整理一些常见注意事项。,0,0,2026-04-12 05:09:57,1255.7,家教|薪资,发展,宿舍区,0.0,0,0,0,10,normal,11,家教|薪资
p_ext_001179,u_ext_00439,ext_007,课程评价,这门课给分怎么样,想问问作业量和期末难度。,0,0,2026-01-30 12:55:57,2975.9333,选课|老师|课程评价|给分,学习,食堂区,0.0,0,0,0,10,normal,12,选课|老师|课程评价|给分
p_ext_001180,c0h4NWlJelF0bXAvdHNlVmYyZkdqSlMzZ0lHWXE2S25pWHFXcklWKzI3akZmSmVBbHFtN3FaU25zcGFXbjZTTGhxbVphNFZob3FtSGlXSjI=,ext_001,二手交易,收二手电动车,预算有限，想收一辆能正常骑的电动车，最好有校区牌。,0,0,2026-03-31 07:12:57,1541.65,租房|二手交易,生活,全校,0.0,0,0,0,10,normal,25,租房|二手交易
p_ext_001181,dEthZmJaT29zMmlHcXNpWGpZdWpxNVROWTdDUmVLMnVtS0dXa0l5bXFicTFwbmx0aGJpdmpwUzRxWlNFWmJ5RGk4Mk1ocGgybW5xSGlXSjI=,ext_002,问答求助,求问南校哪里可以自习,最近想找安静地方复习，想问问大家有什么推荐。,0,0,2026-04-09 20:20:57,1312.5167,打印店|课程资料,生活,宿舍区,0.0,0,0,0,10,normal,22,打印店|课程资料
p_ext_001182,u_ext_00393,ext_002,问答求助,宿舍维修一般多久来,已经报修了，想问问大家一般多久能处理。,1,1,2026-01-22 23:24:57,3157.45,求问|打印店|宿舍|课程资料,生活,食堂区,0.0,0,0,0,10,normal,19,求问|打印店|宿舍|课程资料
p_ext_001183,u_ext_00325,ext_001,二手交易,出二手自行车,车况正常，适合校内通勤，南校园附近交易，可自提。,5,1,2026-02-04 15:19:57,2853.5333,教材|电动车,生活,教学区,150.0,0,0,0,10,normal,24,教材|电动车
p_ext_001184,u_ext_00253,ext_002,问答求助,宿舍维修一般多久来,已经报修了，想问问大家一般多久能处理。,0,0,2025-12-08 08:52:57,4251.9833,打印店|课程资料|求问|校园卡,生活,教学区,0.0,0,0,0,10,normal,19,打印店|课程资料|求问|校园卡
p_ext_001185,u_ext_00442,ext_002,问答求助,求问校园卡补办流程,校园卡丢了，有没有同学知道补办需要带什么材料。,0,0,2026-03-27 23:23:57,1621.4667,宿舍|课程资料|求问|校园卡,生活,图书馆,0.0,0,0,0,10,normal,23,宿舍|课程资料|求问|校园卡
p_ext_001186,dzJxanFaZXB4WWVWdWEzVGphRzBvWDNjZElxUW5xNTZtS0dlYklTQXg4ZkVwWDJRaHRDVmEzNnAxSk9JZWJDS2hxbVdyNXFjb29PRGVXSjI=,ext_002,问答求助,求问校园卡补办流程,校园卡丢了，有没有同学知道补办需要带什么材料。,0,0,2026-01-07 00:02:57,3540.8167,打印店|课程资料|校园卡|宿舍|求问,生活,全校,0.0,0,0,0,10,normal,23,打印店|课程资料|校园卡|宿舍|求问
p_ext_001187,u_ext_00385,ext_002,问答求助,求问校园卡补办流程,校园卡丢了，有没有同学知道补办需要带什么材料。,1,1,2026-01-12 09:51:57,3411.0,求问|校园卡|打印店|课程资料|宿舍,生活,食堂区,0.0,0,0,0,10,normal,23,求问|校园卡|打印店|课程资料|宿舍
p_ext_001188,u_ext_00266,ext_002,问答求助,求问校园卡补办流程,校园卡丢了，有没有同学知道补办需要带什么材料。,0,0,2026-05-10 00:21:57,588.5,课程资料|校园卡|宿舍|求问,生活,教学区,0.0,0,0,0,10,normal,23,课程资料|校园卡|宿舍|求问
p_ext_001189,u_ext_00178,ext_001,二手交易,收二手电动车,预算有限，想收一辆能正常骑的电动车，最好有校区牌。,0,0,2026-02-24 07:15:57,2381.6,闲置|电动车|租房|二手交易|教材,生活,图书馆,50.0,1,0,0,10,normal,25,闲置|电动车|租房|二手交易|教材
p_ext_001190,u_ext_00442,ext_002,问答求助,求问南校哪里可以自习,最近想找安静地方复习，想问问大家有什么推荐。,0,0,2026-05-29 13:21:57,119.5,校园卡|求问|课程资料|打印店|宿舍,生活,宿舍区,0.0,0,0,0,10,normal,22,校园卡|求问|课程资料|打印店|宿舍
p_ext_001191,u_ext_00446,ext_002,问答求助,求问南校哪里可以自习,最近想找安静地方复习，想问问大家有什么推荐。,1,1,2026-02-28 12:10:57,2280.6833,课程资料|校园卡|宿舍,生活,食堂区,0.0,0,0,0,10,normal,22,课程资料|校园卡|宿舍
p_ext_001192,u_ext_00397,ext_002,问答求助,求推荐附近打印店,需要打印课程资料，想找价格合适的位置。,0,0,2026-04-10 11:45:57,1297.1,课程资料|打印店|求问,生活,食堂区,0.0,0,0,0,10,normal,19,课程资料|打印店|求问
p_ext_001193,u_ext_00354,ext_010,竞赛科研,论文阅读小组,一起读论文，互相讲解重点。,0,0,2025-12-05 14:34:57,4318.2833,论文|竞赛,发展,教学区,0.0,0,0,0,10,normal,13,论文|竞赛
p_ext_001194,u_ext_00458,ext_002,问答求助,求问南校哪里可以自习,最近想找安静地方复习，想问问大家有什么推荐。,0,0,2026-01-19 20:14:57,3232.6167,课程资料|校园卡,生活,图书馆,0.0,0,0,0,10,normal,22,课程资料|校园卡
p_ext_001195,u_ext_00346,ext_008,食堂生活,午餐拼饭帖,中午想找人一起吃饭，地点在食堂区。,1,1,2026-04-04 04:44:57,1448.1167,优惠|食堂|校园生活|拼饭,生活,教学区,0.0,0,0,0,10,normal,17,优惠|食堂|校园生活|拼饭
p_ext_001196,u_ext_00378,ext_001,二手交易,毕业季出闲置,整理宿舍出一些闲置物品，优先校内自提。,3,1,2026-01-01 00:43:57,3684.1333,租房|闲置,生活,图书馆,150.0,0,0,0,10,normal,19,租房|闲置
p_ext_001197,c0h4NWlJelF0bXAvdHNlVmYyZkdqSlMzZ0lHWXE2S25pWHFXckpwcDE3ZTJpMnlLbGN5YWpJdmJuY0tCbzgxa2dMZWloWTZJcHBHSGlXSjI=,ext_002,问答求助,求问南校哪里可以自习,最近想找安静地方复习，想问问大家有什么推荐。,1,1,2026-03-14 14:09:57,1942.7,求问|宿舍|课程资料,生活,图书馆,0.0,0,0,0,10,normal,22,求问|宿舍|课程资料
p_ext_001198,u_ext_00331,ext_005,学习交流,数据结构期末复习资料整理,整理了一些重点和往年题型，欢迎补充。,1,1,2026-01-30 05:42:57,2983.15,学习经验|复习资料|考试,学习,校外,0.0,0,0,0,10,normal,18,学习经验|复习资料|考试
p_ext_001199,dzZXQmdJTzZsckNGdDVXcWZtaWtxSk81aUt1RmlZK3dpcUdhanBxbHZiKzBwWDE5bHFqSXJJS1VxdEdZbjdoN2c5dHJzbzJjaEltS2lXSjI=,ext_006,考研保研,有没有保研经验分享,想了解材料准备和面试注意事项。,0,0,2026-03-14 04:26:57,1952.4167,考研|408,学习,全校,0.0,0,0,0,10,normal,15,考研|408
p_ext_001200,eHFPRWJaV25xMnFUemE2bmxtYW5aSmFxZktXWllZaUJtWitJZll0K25OU3Zmbld3aDgydmlZWGNwWkdLbjhhaGg1S2VpSnRqZklHT3IySjI=,ext_002,问答求助,求推荐附近打印店,需要打印课程资料，想找价格合适的位置。,0,0,2026-03-12 14:55:57,1989.9333,打印店|校园卡|课程资料|求问,生活,图书馆,0.0,0,0,0,10,normal,19,打印店|校园卡|课程资料|求问
p_ext_001201,u_ext_00353,ext_002,问答求助,求推荐附近打印店,需要打印课程资料，想找价格合适的位置。,0,0,2026-05-25 07:35:57,221.2667,校园卡|宿舍|求问|课程资料|打印店,生活,教学区,0.0,0,0,0,10,normal,19,校园卡|宿舍|求问|课程资料|打印店
p_ext_001202,u_ext_00228,ext_002,问答求助,求问校园卡补办流程,校园卡丢了，有没有同学知道补办需要带什么材料。,0,0,2026-05-27 22:03:57,158.8,课程资料|求问|宿舍,生活,全校,0.0,0,0,0,10,normal,23,课程资料|求问|宿舍
p_ext_001203,u_ext_00204,ext_003,恋爱交友,周末有人一起打羽毛球吗,新手友好，主要想活动一下。,1,1,2026-05-27 06:45:57,174.1,交友|拍照|搭子,社交,校外,0.0,0,0,0,10,normal,13,交友|拍照|搭子
p_ext_001204,u_ext_00268,ext_002,问答求助,求问南校哪里可以自习,最近想找安静地方复习，想问问大家有什么推荐。,1,1,2026-02-20 03:23:57,2481.4667,宿舍|课程资料|求问|校园卡,生活,宿舍区,0.0,0,0,0,10,normal,22,宿舍|课程资料|求问|校园卡
p_ext_001205,u_ext_00440,ext_001,二手交易,收二手电动车,预算有限，想收一辆能正常骑的电动车，最好有校区牌。,5,1,2026-03-30 05:52:57,1566.9833,电动车|二手交易|闲置|教材|租房,生活,全校,0.0,1,0,0,10,normal,25,电动车|二手交易|闲置|教材|租房
p_ext_001206,u_ext_00491,ext_002,问答求助,求问南校哪里可以自习,最近想找安静地方复习，想问问大家有什么推荐。,1,1,2026-04-13 08:34:57,1228.2833,打印店|求问,生活,教学区,0.0,0,0,0,10,normal,22,打印店|求问
p_ext_001207,cjJpcWJJblFyNE9UdHJLdWlHYTRqcFBPZEcyY25JQ3BpWHFlYnBlUXJiK3Zhb1dLaEpiUnJwV21wdHFGZTlLR2hhbDRxSnRrZUtHQ2VXSjI=,ext_009,社团活动,志愿服务招募,需要几位同学协助现场秩序。,1,1,2026-03-03 04:14:57,2216.6167,交友|志愿服务|活动|招新|社团,社交,图书馆,0.0,0,0,0,10,normal,13,交友|志愿服务|活动|招新|社团
p_ext_001208,u_ext_00445,ext_003,恋爱交友,毕业照拍照搭子,想找同学一起拍照，时间可以商量。,0,0,2025-12-09 22:00:57,4214.85,羽毛球|活动,社交,图书馆,0.0,0,0,0,10,normal,16,羽毛球|活动
p_ext_001209,u_ext_00182,ext_002,问答求助,求问校园卡补办流程,校园卡丢了，有没有同学知道补办需要带什么材料。,1,1,2026-03-30 09:43:57,1563.1333,宿舍|求问|校园卡|课程资料|打印店,生活,校外,0.0,0,0,0,10,normal,23,宿舍|求问|校园卡|课程资料|打印店
p_ext_001210,dzVCMXI0WFB5WTJGbExYWGpZcTRub3FUb29LRllhNnRtWXVFaDRlUnk3ckZqNDJCaTlHM3JJdXB1dGFHZTZScGZxZUFhSm1Gbm02R2lXSjI=,ext_001,二手交易,出考研资料,资料保存完整，适合复习使用，价格可小刀。,1,1,2026-03-28 11:02:57,1609.8167,闲置|电动车|租房,生活,图书馆,0.0,1,0,0,10,normal,20,闲置|电动车|租房
p_ext_001211,u_ext_00331,ext_002,问答求助,求问南校哪里可以自习,最近想找安静地方复习，想问问大家有什么推荐。,0,0,2026-02-27 05:04:57,2311.7833,打印店|求问|课程资料,生活,全校,0.0,0,0,0,10,normal,22,打印店|求问|课程资料
p_ext_001212,u_ext_00350,ext_002,问答求助,宿舍维修一般多久来,已经报修了，想问问大家一般多久能处理。,1,1,2026-03-11 21:06:57,2007.75,宿舍|求问|课程资料|校园卡,生活,宿舍区,0.0,0,0,0,10,normal,19,宿舍|求问|课程资料|校园卡
p_ext_001213,u_ext_00293,ext_002,问答求助,求问校园卡补办流程,校园卡丢了，有没有同学知道补办需要带什么材料。,0,0,2026-04-30 07:14:57,821.6167,校园卡|课程资料|打印店|求问|宿舍,生活,图书馆,0.0,0,0,0,10,normal,23,校园卡|课程资料|打印店|求问|宿舍
p_ext_001214,u_ext_00165,ext_002,问答求助,求推荐附近打印店,需要打印课程资料，想找价格合适的位置。,1,1,2026-03-29 17:23:57,1579.4667,课程资料|求问|宿舍|打印店|校园卡,生活,教学区,0.0,0,0,0,10,normal,19,课程资料|求问|宿舍|打印店|校园卡
p_ext_001215,c0h4NWlJelF0bXAvdHNlVmYyZkdqSlMzZ0lHWXE2S25pWHFXcklWKzI3akZmSmVBbHFtN3FaU25zcGFXbjZTTGhxbVphNFZob3FtSGlXSjI=,ext_006,考研保研,考研学习搭子,希望每天互相打卡，保持节奏。,0,0,2026-05-15 00:21:57,468.5,学习经验|408|复试|保研,学习,校外,0.0,0,0,0,10,normal,14,学习经验|408|复试|保研
p_ext_001216,u_ext_00227,ext_006,考研保研,有没有保研经验分享,想了解材料准备和面试注意事项。,0,0,2025-12-29 21:25:57,3735.4333,复试|保研|408|考研|学习经验,学习,全校,0.0,0,0,0,10,normal,15,复试|保研|408|考研|学习经验
p_ext_001217,c21pZm9ZeXFsbytVemRDemxXZmFxNUtWaEs2TW5hYW1oWitWYklxUXo4ZXZhb0duaHFyRmhZcVVxWlNWZk5acWxxaWVyNWgybnJDV3IySjI=,ext_002,问答求助,求推荐附近打印店,需要打印课程资料，想找价格合适的位置。,0,0,2026-04-08 01:23:57,1355.4667,课程资料|求问|校园卡|宿舍|打印店,生活,校外,0.0,0,0,0,10,normal,19,课程资料|求问|校园卡|宿舍|打印店
p_ext_001218,u_ext_00442,ext_012,兼职实习,家教兼职招人,时间可协调，地点离学校不远。,0,0,2025-12-31 14:21:57,3694.5,实习|招聘|薪资|兼职|家教,发展,校外,0.0,0,1,0,10,normal,14,实习|招聘|薪资|兼职|家教
p_ext_001219,u_ext_00345,ext_001,二手交易,出考研资料,资料保存完整，适合复习使用，价格可小刀。,0,0,2026-01-19 16:51:57,3236.0,租房|二手交易|电动车,生活,全校,20.0,1,0,0,10,normal,20,租房|二手交易|电动车
p_ext_001220,u_ext_00450,ext_003,恋爱交友,找健身搭子,每周两三次，强度不用太高。,0,0,2026-04-26 06:09:57,918.7,交友|活动|羽毛球|拍照,社交,全校,0.0,0,0,0,10,normal,13,交友|活动|羽毛球|拍照
p_ext_001221,u_ext_00231,ext_003,恋爱交友,毕业照拍照搭子,想找同学一起拍照，时间可以商量。,0,0,2025-12-09 05:27:57,4231.4,拍照|活动|搭子|羽毛球|交友,社交,全校,0.0,0,0,0,10,normal,16,拍照|活动|搭子|羽毛球|交友
p_ext_001222,u_ext_00139,ext_002,问答求助,宿舍维修一般多久来,已经报修了，想问问大家一般多久能处理。,0,0,2026-04-22 12:38:57,1008.2167,校园卡|求问|宿舍|打印店|课程资料,生活,宿舍区,0.0,0,0,0,10,normal,19,校园卡|求问|宿舍|打印店|课程资料
p_ext_001223,u_ext_00104,ext_001,二手交易,出考研资料,资料保存完整，适合复习使用，价格可小刀。,3,1,2026-01-16 02:45:57,3322.1,租房|闲置,生活,校外,50.0,1,0,0,10,normal,20,租房|闲置
p_ext_001224,dzMyYm9ZU3FrbmlTcXFyQ2xLTzBxWXZNZkdpUnE0dHNpV1ZucDRpUnFiVzFzV3l1Zzl5YW9YMlVtSkorWmJocGhwS1dzWkNHb21pWHIySjI=,ext_002,问答求助,求问校园卡补办流程,校园卡丢了，有没有同学知道补办需要带什么材料。,1,1,2026-05-22 02:21:57,298.5,打印店|校园卡|求问,生活,图书馆,0.0,0,0,0,10,normal,23,打印店|校园卡|求问
p_ext_001225,u_ext_00150,ext_004,校园生活,吐槽一下今天的校车,等车时间有点久，大家最近有没有类似情况。,1,1,2025-12-09 16:47:57,4220.0667,食堂|宿舍|校园生活|校车|共享厨房,社交,校外,0.0,0,0,0,10,normal,20,食堂|宿舍|校园生活|校车|共享厨房
p_ext_001226,u_ext_00281,ext_007,课程评价,选课避坑指南,整理一些个人体验，欢迎补充不同看法。,1,1,2026-05-06 12:51:57,672.0,选课|期末|课程评价,学习,校外,0.0,0,0,0,10,normal,18,选课|期末|课程评价
p_ext_001227,u_ext_00121,ext_001,二手交易,毕业季出闲置,整理宿舍出一些闲置物品，优先校内自提。,0,0,2026-04-25 01:16:57,947.5833,租房|电动车|二手交易|教材|闲置,生活,食堂区,150.0,0,1,0,10,normal,19,租房|电动车|二手交易|教材|闲置
p_ext_001228,u_ext_00368,ext_002,问答求助,求问南校哪里可以自习,最近想找安静地方复习，想问问大家有什么推荐。,1,1,2026-01-09 02:33:57,3490.3,打印店|校园卡|课程资料|宿舍,生活,全校,0.0,0,0,0,10,normal,22,打印店|校园卡|课程资料|宿舍
p_ext_001229,u_ext_00211,ext_002,问答求助,求推荐附近打印店,需要打印课程资料，想找价格合适的位置。,0,0,2025-12-28 00:21:57,3780.5,宿舍|求问|打印店|课程资料|校园卡,生活,教学区,0.0,0,0,0,10,normal,19,宿舍|求问|打印店|课程资料|校园卡
p_ext_001230,u_ext_00349,ext_002,问答求助,求推荐附近打印店,需要打印课程资料，想找价格合适的位置。,0,0,2026-04-29 17:00:57,835.85,宿舍|求问|校园卡,生活,图书馆,0.0,0,0,0,10,normal,19,宿舍|求问|校园卡
p_ext_001231,u_ext_00113,ext_010,竞赛科研,竞赛组队招募,方向初步确定，缺会写代码和做展示的同学。,1,1,2026-04-23 21:40:57,975.1833,组队|论文,发展,全校,0.0,0,0,0,10,normal,20,组队|论文
p_ext_001232,u_ext_00388,ext_002,问答求助,求推荐附近打印店,需要打印课程资料，想找价格合适的位置。,0,0,2026-04-27 12:42:57,888.15,打印店|宿舍,生活,食堂区,0.0,0,0,0,10,normal,19,打印店|宿舍
p_ext_001233,u_ext_00103,ext_002,问答求助,求问校园卡补办流程,校园卡丢了，有没有同学知道补办需要带什么材料。,0,0,2026-04-04 00:52:57,1451.9833,打印店|宿舍,生活,食堂区,0.0,0,0,0,10,normal,23,打印店|宿舍
p_ext_001234,u_ext_00305,ext_001,二手交易,出考研资料,资料保存完整，适合复习使用，价格可小刀。,0,0,2026-03-23 20:59:57,1719.8667,电动车|闲置,生活,教学区,20.0,0,1,0,10,normal,20,电动车|闲置
p_ext_001235,eFgyamdvR28xR2lTdWRqTmg2KzhuNFROcG9HYm5KQ0ppcCthZTVDUDB0MnZqNk9JaHMyamVvak12cWFYaXBPbWY4MmVrSW1lYjRPSWlXSjI=,ext_002,问答求助,求问校园卡补办流程,校园卡丢了，有没有同学知道补办需要带什么材料。,0,0,2025-12-21 05:25:57,3943.4333,课程资料|校园卡|打印店|求问,生活,图书馆,0.0,0,0,0,10,normal,23,课程资料|校园卡|打印店|求问
p_ext_001236,u_ext_00326,ext_002,问答求助,宿舍维修一般多久来,已经报修了，想问问大家一般多久能处理。,0,0,2026-05-07 22:55:57,637.9333,课程资料|宿舍|打印店,生活,校外,0.0,0,0,0,10,normal,19,课程资料|宿舍|打印店
p_ext_001237,u_ext_00160,ext_002,问答求助,求推荐附近打印店,需要打印课程资料，想找价格合适的位置。,1,1,2026-04-06 18:01:57,1386.8333,求问|宿舍,生活,教学区,0.0,0,0,0,10,normal,19,求问|宿舍
p_ext_001238,dzVCMXI0WFB5WTJGbExYWGpZcTRub3FUb29LRllhNnRtWXVFaDRlTW01bXVzbml2aEpXU2tJak50ZGlNakxSNGtxZG5hSVI0ZkpLS2lXSjI=,ext_002,问答求助,求问南校哪里可以自习,最近想找安静地方复习，想问问大家有什么推荐。,0,0,2026-02-22 13:02:57,2423.8167,校园卡|求问,生活,图书馆,0.0,0,0,0,10,normal,22,校园卡|求问
p_ext_001239,u_ext_00360,ext_002,问答求助,宿舍维修一般多久来,已经报修了，想问问大家一般多久能处理。,1,1,2026-01-03 01:06:57,3635.75,求问|课程资料|打印店,生活,校外,0.0,0,0,0,10,normal,19,求问|课程资料|打印店
p_ext_001240,u_ext_00474,ext_001,二手交易,出二手自行车,车况正常，适合校内通勤，深圳校区附近交易，可自提。,0,0,2026-03-24 15:08:57,1701.7167,二手交易|租房|教材|闲置|电动车,生活,食堂区,150.0,0,0,0,10,normal,25,二手交易|租房|教材|闲置|电动车
p_ext_001241,cmJLYnM0UE96WCtWM0xxMGxLSFNmWWZOb251RW5YaU5ocU9Fb1ltQngrRERvNXQvaGFxM2VJUzR1dEtYaXBKb2ZKS2FxSVNGZklTS2lXSjI=,ext_002,问答求助,求问南校哪里可以自习,最近想找安静地方复习，想问问大家有什么推荐。,0,0,2026-03-06 20:26:57,2128.4167,课程资料|求问|宿舍|校园卡,生活,图书馆,0.0,0,0,0,10,normal,22,课程资料|求问|宿舍|校园卡
p_ext_001242,c21pZm9ZeXFsbytVemRDemxXZmFxNUtWaEs2TW5hYW1oWitWYklxUXo4ZXZhb0duaHFyRmhZcVVxWlNWZk5acWxxaWVyNWgybnJDV3IySjI=,ext_002,问答求助,求问校园卡补办流程,校园卡丢了，有没有同学知道补办需要带什么材料。,0,0,2026-01-09 17:10:57,3475.6833,求问|宿舍|打印店,生活,教学区,0.0,0,0,0,10,normal,23,求问|宿舍|打印店
p_ext_001243,u_ext_00486,ext_002,问答求助,宿舍维修一般多久来,已经报修了，想问问大家一般多久能处理。,0,0,2026-06-02 14:02:57,22.8167,校园卡|课程资料,生活,食堂区,0.0,0,0,0,10,normal,19,校园卡|课程资料
p_ext_001244,u_ext_00110,ext_002,问答求助,宿舍维修一般多久来,已经报修了，想问问大家一般多久能处理。,0,0,2026-04-28 21:10:57,855.6833,课程资料|求问|宿舍|校园卡|打印店,生活,校外,0.0,0,0,0,10,normal,19,课程资料|求问|宿舍|校园卡|打印店
p_ext_001245,u_ext_00489,ext_002,问答求助,求问校园卡补办流程,校园卡丢了，有没有同学知道补办需要带什么材料。,0,0,2026-05-19 11:36:57,361.25,校园卡|宿舍,生活,全校,0.0,0,0,0,10,normal,23,校园卡|宿舍
p_ext_001246,u_ext_00338,ext_002,问答求助,求问校园卡补办流程,校园卡丢了，有没有同学知道补办需要带什么材料。,1,1,2025-12-20 15:53:57,3956.9667,校园卡|课程资料,生活,食堂区,0.0,0,0,0,10,normal,23,校园卡|课程资料
p_ext_001247,u_ext_00117,ext_002,问答求助,求问校园卡补办流程,校园卡丢了，有没有同学知道补办需要带什么材料。,0,0,2025-12-22 22:36:57,3902.25,课程资料|求问|宿舍,生活,校外,0.0,0,0,0,10,normal,23,课程资料|求问|宿舍
p_ext_001248,u_ext_00193,ext_002,问答求助,求问南校哪里可以自习,最近想找安静地方复习，想问问大家有什么推荐。,0,0,2025-12-10 06:33:57,4206.3,打印店|校园卡|宿舍|课程资料,生活,教学区,0.0,0,0,0,10,normal,22,打印店|校园卡|宿舍|课程资料
p_ext_001249,ckdsMWFvdlJyMzErdWJhdWlXYXNab0s2b29TUm5YaXRqYUJyc0lSOXRadkNhNXVRZnQzTlpvQ25zdEtOWjdDcmhiVnJrb1ZraUhxQmVXSjI=,ext_008,食堂生活,这个窗口确实不错,排队人不少，不过出餐挺快。,5,1,2026-02-20 06:08:57,2478.7167,拼饭|食堂|校园生活|优惠|窗口测评,生活,教学区,0.0,0,0,0,10,normal,13,拼饭|食堂|校园生活|优惠|窗口测评
p_ext_001250,u_ext_00334,ext_002,问答求助,求推荐附近打印店,需要打印课程资料，想找价格合适的位置。,0,0,2026-02-05 08:31:57,2836.3333,求问|校园卡|打印店|课程资料,生活,图书馆,0.0,0,0,0,10,normal,19,求问|校园卡|打印店|课程资料
p_ext_001251,cjMrZWFZV1dxNHAva3REYmhhK25hSU8yaDYrS2RLcUxqbnFpcEpxQnJhNjJpNmV3aExtemlJcVR1cVNZamJTZWxybW1qWnVhYjRtRmlXSjI=,ext_003,恋爱交友,找健身搭子,每周两三次，强度不用太高。,0,0,2025-12-08 00:42:57,4260.15,活动|交友|羽毛球|拍照|搭子,社交,教学区,0.0,0,0,0,10,normal,13,活动|交友|羽毛球|拍照|搭子
p_ext_001252,u_ext_00190,ext_002,问答求助,求问校园卡补办流程,校园卡丢了，有没有同学知道补办需要带什么材料。,0,0,2026-05-19 18:49:57,354.0333,打印店|校园卡|课程资料|求问|宿舍,生活,校外,0.0,0,0,0,10,normal,23,打印店|校园卡|课程资料|求问|宿舍
p_ext_001253,u_ext_00310,ext_013,失物招领,寻找钥匙,可能丢在宿舍区或食堂附近。,0,0,2025-12-28 22:35:57,3758.2667,证件|失物招领|教学楼|钥匙|校园卡,生活,全校,0.0,0,0,0,10,normal,13,证件|失物招领|教学楼|钥匙|校园卡
p_ext_001254,u_ext_00308,ext_001,二手交易,出考研资料,资料保存完整，适合复习使用，价格可小刀。,0,0,2026-01-15 21:02:57,3327.8167,电动车|租房|二手交易,生活,宿舍区,0.0,0,0,0,10,normal,20,电动车|租房|二手交易
p_ext_001255,u_ext_00417,ext_002,问答求助,求问南校哪里可以自习,最近想找安静地方复习，想问问大家有什么推荐。,0,0,2026-02-18 11:18:57,2521.55,校园卡|打印店|宿舍,生活,图书馆,0.0,0,0,0,10,normal,22,校园卡|打印店|宿舍
p_ext_001256,u_ext_00476,ext_008,食堂生活,这个窗口确实不错,排队人不少，不过出餐挺快。,2,1,2026-02-09 05:26:57,2743.4167,校园生活|窗口测评|拼饭|食堂|优惠,生活,教学区,0.0,0,0,0,10,normal,13,校园生活|窗口测评|拼饭|食堂|优惠
p_ext_001257,u_ext_00378,ext_003,恋爱交友,找健身搭子,每周两三次，强度不用太高。,0,0,2026-03-17 19:06:57,1865.75,搭子|拍照|活动|羽毛球,社交,宿舍区,0.0,0,0,0,10,normal,13,搭子|拍照|活动|羽毛球
p_ext_001258,u_ext_00459,ext_001,二手交易,收二手电动车,预算有限，想收一辆能正常骑的电动车，最好有校区牌。,0,0,2025-12-05 15:48:57,4317.05,电动车|闲置|二手交易|租房|教材,生活,宿舍区,50.0,0,0,0,10,normal,25,电动车|闲置|二手交易|租房|教材
p_ext_001259,czMxbnNaU251NUNBcHI2cGlHVzhkNGE2ZktXRlk2S0poMmlpZ28rbTA5dkZvMzJ5Z0xpN2VwV295TnVIWnNxTmhaUjhwSnFGaklTRGVXSjI=,ext_002,问答求助,求问南校哪里可以自习,最近想找安静地方复习，想问问大家有什么推荐。,1,1,2026-04-06 03:44:57,1401.1167,课程资料|校园卡|求问|宿舍,生活,宿舍区,0.0,0,0,0,10,normal,22,课程资料|校园卡|求问|宿舍
p_ext_001260,u_ext_00333,ext_001,二手交易,毕业季出闲置,整理宿舍出一些闲置物品，优先校内自提。,5,1,2026-03-06 08:37:57,2140.2333,二手交易|租房,生活,校外,20.0,0,0,0,10,normal,19,二手交易|租房
p_ext_001261,cjJtanNZVzdzNHVBcUxYWWlvckthWWpNaDZxTlpKNkdobWlWcTRtUno1bkNzcCt1aWJmTmUzNlYwOXFVcnRhZWxLaDhqcHAzZUsrWHIySjI=,ext_002,问答求助,求问校园卡补办流程,校园卡丢了，有没有同学知道补办需要带什么材料。,0,0,2026-04-14 22:38:57,1190.2167,求问|打印店|宿舍|课程资料,生活,宿舍区,0.0,0,0,0,10,normal,23,求问|打印店|宿舍|课程资料
p_ext_001262,u_ext_00483,ext_002,问答求助,求推荐附近打印店,需要打印课程资料，想找价格合适的位置。,1,1,2026-03-26 13:52:57,1654.9833,校园卡|打印店|求问|课程资料,生活,食堂区,0.0,0,0,0,10,normal,19,校园卡|打印店|求问|课程资料
p_ext_001263,u_ext_00127,ext_002,问答求助,求问南校哪里可以自习,最近想找安静地方复习，想问问大家有什么推荐。,1,1,2026-03-21 14:22:57,1774.4833,校园卡|求问|打印店|宿舍,生活,食堂区,0.0,0,0,0,10,normal,22,校园卡|求问|打印店|宿舍
p_ext_001264,u_ext_00192,ext_001,二手交易,毕业季出闲置,整理宿舍出一些闲置物品，优先校内自提。,3,1,2026-04-08 16:32:57,1340.3167,租房|电动车|教材|闲置,生活,食堂区,0.0,1,1,0,10,normal,19,租房|电动车|教材|闲置
p_ext_001265,eFdsOWtZeXAwWDZWenE3UGpHWE9vWDZxZEpDT2Q2S0FtWXQ0cklGcms1ckdvNSt5ZlpTN2tJZVVycnFBWnFTbGs2cWFpWnlmaUh5SGlXSjI=,ext_002,问答求助,求问校园卡补办流程,校园卡丢了，有没有同学知道补办需要带什么材料。,1,1,2026-04-08 02:40:57,1354.1833,求问|校园卡,生活,校外,0.0,0,0,0,10,normal,23,求问|校园卡
p_ext_001266,d24ramduK1VzcTkvdHI2VGdYbTRubjYzaUk2TllxS2ttWXQ4b28xK3ViU3prSXlyZzd1bmk1T24wTFNXZTlKM2Y1U1dpSXFHaEk2TGlXSjI=,ext_002,问答求助,求问校园卡补办流程,校园卡丢了，有没有同学知道补办需要带什么材料。,0,0,2026-05-28 17:12:57,139.65,课程资料|校园卡,生活,全校,0.0,0,0,0,10,normal,23,课程资料|校园卡
p_ext_001267,u_ext_00199,ext_002,问答求助,求问校园卡补办流程,校园卡丢了，有没有同学知道补办需要带什么材料。,0,0,2026-02-21 17:52:57,2442.9833,课程资料|打印店|求问|宿舍,生活,教学区,0.0,0,0,0,10,normal,23,课程资料|打印店|求问|宿舍
p_ext_001268,u_ext_00386,ext_005,学习交流,求操作系统实验报告参考,实验有几个地方卡住了，想交流一下思路。,0,0,2025-12-09 21:55:57,4214.9333,学习经验|复习资料|考试|课程资料,学习,图书馆,0.0,0,0,0,10,normal,19,学习经验|复习资料|考试|课程资料
p_ext_001269,cm1pYmlZU3BycTJDemFtV2xHZk9wSXVWZ0txTmQ0T3FpNHlpaUppa3k2dTBmNTlzaTVhdmpaTzEyTk9LbzdTbWt0eDhvcGwzakgrWXIySjI=,ext_008,食堂生活,午餐拼饭帖,中午想找人一起吃饭，地点在食堂区。,3,1,2026-05-10 05:35:57,583.2667,窗口测评|优惠,生活,食堂区,0.0,0,0,0,10,normal,17,窗口测评|优惠
p_ext_001270,u_ext_00485,ext_009,社团活动,志愿服务招募,需要几位同学协助现场秩序。,0,0,2026-05-03 06:52:57,749.9833,活动|交友|社团,社交,校外,0.0,0,0,0,10,normal,13,活动|交友|社团
p_ext_001271,u_ext_00461,ext_005,学习交流,数据结构期末复习资料整理,整理了一些重点和往年题型，欢迎补充。,0,0,2026-01-22 20:46:57,3160.0833,考试|课程资料|学习经验|复习资料,学习,全校,0.0,0,0,0,10,normal,18,考试|课程资料|学习经验|复习资料
p_ext_001272,cnFSOW81YVRsckNXdXFiTGhHak5ySWpPbm9tR2lJTnJqb3Q3cjRTUHNOeTRwSFd4ZjdpdnJwUFB0cTJOWjdSbmlzK2VwSkY0b211V3IySjI=,ext_002,问答求助,宿舍维修一般多久来,已经报修了，想问问大家一般多久能处理。,0,0,2026-05-09 15:12:57,597.65,宿舍|课程资料|求问|打印店|校园卡,生活,教学区,0.0,0,0,0,10,normal,19,宿舍|课程资料|求问|打印店|校园卡
p_ext_001273,u_ext_00487,ext_002,问答求助,求推荐附近打印店,需要打印课程资料，想找价格合适的位置。,1,1,2026-05-08 07:23:57,629.4667,课程资料|求问|宿舍|校园卡,生活,教学区,0.0,0,0,0,10,normal,19,课程资料|求问|宿舍|校园卡
p_ext_001274,u_ext_00267,ext_006,考研保研,考研学习搭子,希望每天互相打卡，保持节奏。,0,0,2026-04-29 11:34:57,841.2833,保研|考研,学习,教学区,0.0,0,0,0,10,normal,14,保研|考研
p_ext_001275,cm9DQWJZYlF1MmFTdU15MWxtZXNhSkxPaUdpTG5vQ2tmNjkwYVl0cXo3MjNmNGx1bDdxdmZvWE9wczJFYU1wb2ZKU1dnSW1KZUpLVnIySjI=,ext_002,问答求助,求推荐附近打印店,需要打印课程资料，想找价格合适的位置。,1,1,2026-04-12 23:25:57,1237.4333,课程资料|求问|校园卡|打印店|宿舍,生活,教学区,0.0,0,0,0,10,normal,19,课程资料|求问|校园卡|打印店|宿舍
p_ext_001276,u_ext_00296,ext_002,问答求助,宿舍维修一般多久来,已经报修了，想问问大家一般多久能处理。,0,0,2025-12-29 08:42:57,3748.15,宿舍|打印店|校园卡|课程资料,生活,宿舍区,0.0,0,0,0,10,normal,19,宿舍|打印店|校园卡|课程资料
p_ext_001277,dGFONWhJUE5xNkdEdWI2NWZtalNaWXFVZUxHTmg2S0FqV2RqZ0p1bng5bTBqNWVTbExtN2FYMlVsYkdJak01cGhhbUVlNXA1aEsyQ2VXSjI=,ext_003,恋爱交友,找学习搭子,希望互相监督学习，地点可以在图书馆。,0,0,2025-12-15 07:41:57,4085.1667,活动|拍照|搭子|羽毛球|交友,社交,教学区,0.0,0,0,0,10,normal,18,活动|拍照|搭子|羽毛球|交友
p_ext_001278,u_ext_00409,ext_001,二手交易,收二手电动车,预算有限，想收一辆能正常骑的电动车，最好有校区牌。,3,1,2026-03-06 02:13:57,2146.6333,闲置|教材|租房,生活,教学区,0.0,1,0,0,10,normal,25,闲置|教材|租房
p_ext_001279,u_ext_00377,ext_003,恋爱交友,找学习搭子,希望互相监督学习，地点可以在图书馆。,0,0,2026-05-25 05:51:57,223.0,活动|拍照|羽毛球|搭子,社交,教学区,0.0,0,0,0,10,normal,18,活动|拍照|羽毛球|搭子
p_ext_001280,u_ext_00412,ext_001,二手交易,收二手电动车,预算有限，想收一辆能正常骑的电动车，最好有校区牌。,3,1,2026-03-02 20:34:57,2224.2833,电动车|闲置|租房|二手交易|教材,生活,校外,0.0,1,0,0,10,normal,25,电动车|闲置|租房|二手交易|教材
p_ext_001281,u_ext_00142,ext_006,考研保研,复试经验整理,把最近问到的问题和准备过程记录一下。,0,0,2026-04-22 23:17:57,997.5667,408|考研|保研|复试|学习经验,学习,全校,0.0,0,0,0,10,normal,18,408|考研|保研|复试|学习经验
p_ext_001282,dzVCMXI0WFB5WTJGbExYWGpZcTRub3FUb29LRllhNnRtWXVFaDRlTW01bXVzbml2aEpXU2tJak50ZGlNakxSNGtxZG5hSVI0ZkpLS2lXSjI=,ext_001,二手交易,毕业季出闲置,整理宿舍出一些闲置物品，优先校内自提。,2,1,2026-04-02 11:50:57,1489.0167,电动车|二手交易|闲置|租房|教材,生活,全校,0.0,1,0,0,10,normal,19,电动车|二手交易|闲置|租房|教材
p_ext_001283,u_ext_00170,ext_001,二手交易,出二手自行车,车况正常，适合校内通勤，珠海校区附近交易，可自提。,0,0,2026-05-07 15:15:57,645.6,二手交易|教材,生活,宿舍区,0.0,0,0,0,10,normal,25,二手交易|教材
p_ext_001284,d24ramduK1VzcTkvdHI2VGdYbTRubjYzaUk2TllxS2ttWXQ4b28xK3ViU3prSXlyZzd1bmk1T24wTFNXZTlKM2Y1U1dpSXFHaEk2TGlXSjI=,ext_011,实习就业,暑期实习内推,岗位适合大三大四，有相关项目经验更好。,0,0,2025-12-07 23:33:57,4261.3,实习|招聘|就业,发展,宿舍区,0.0,0,1,0,10,normal,19,实习|招聘|就业
p_ext_001285,u_ext_00391,ext_002,问答求助,宿舍维修一般多久来,已经报修了，想问问大家一般多久能处理。,0,0,2026-04-08 10:32:57,1346.3167,校园卡|求问|课程资料|宿舍|打印店,生活,食堂区,0.0,0,0,0,10,normal,19,校园卡|求问|课程资料|宿舍|打印店
p_ext_001286,u_ext_00258,ext_002,问答求助,宿舍维修一般多久来,已经报修了，想问问大家一般多久能处理。,0,0,2026-03-30 06:54:57,1565.95,课程资料|打印店|宿舍,生活,全校,0.0,0,0,0,10,normal,19,课程资料|打印店|宿舍
p_ext_001287,u_ext_00259,ext_002,问答求助,求推荐附近打印店,需要打印课程资料，想找价格合适的位置。,0,0,2026-03-19 22:43:57,1814.1333,求问|宿舍|打印店,生活,教学区,0.0,0,0,0,10,normal,19,求问|宿舍|打印店
p_ext_001288,u_ext_00253,ext_002,问答求助,求问校园卡补办流程,校园卡丢了，有没有同学知道补办需要带什么材料。,0,0,2025-12-24 04:09:57,3872.7,求问|课程资料,生活,教学区,0.0,0,0,0,10,normal,23,求问|课程资料
p_ext_001289,u_ext_00432,ext_001,二手交易,出二手自行车,车况正常，适合校内通勤，珠海校区附近交易，可自提。,5,1,2026-01-13 11:24:57,3385.45,电动车|教材|二手交易|闲置,生活,宿舍区,20.0,0,0,0,10,normal,25,电动车|教材|二手交易|闲置
p_ext_001290,u_ext_00278,ext_001,二手交易,出二手自行车,车况正常，适合校内通勤，南校园附近交易，可自提。,1,1,2026-03-11 02:51:57,2026.0,闲置|二手交易|教材,生活,图书馆,150.0,0,0,0,10,normal,24,闲置|二手交易|教材
p_ext_001291,dzR5RnNJVFFybWFHM0xhNWdudThvNHVuZzdDSmRZU3JnWXA0a28rano5M0ZqM21EbGMzRm5vaXBzWmFVWjVPRGlybU1tWkdJZ0c2WXIySjI=,ext_002,问答求助,求推荐附近打印店,需要打印课程资料，想找价格合适的位置。,1,1,2026-03-13 06:34:57,1974.2833,课程资料|校园卡|求问|打印店|宿舍,生活,校外,0.0,0,0,0,10,normal,19,课程资料|校园卡|求问|打印店|宿舍
p_ext_001292,u_ext_00459,ext_004,校园生活,有人一起去操场跑步吗,晚上想找搭子慢跑，节奏轻松就行。,0,0,2025-12-12 01:31:57,4163.3333,共享厨房|校园生活|食堂|宿舍,社交,全校,0.0,0,0,0,10,normal,16,共享厨房|校园生活|食堂|宿舍
p_ext_001293,u_ext_00388,ext_002,问答求助,求问南校哪里可以自习,最近想找安静地方复习，想问问大家有什么推荐。,0,0,2026-05-13 19:40:57,497.1833,课程资料|宿舍|求问|校园卡,生活,校外,0.0,0,0,0,10,normal,22,课程资料|宿舍|求问|校园卡
p_ext_001294,cjVCNGE0ek5wNjZGenE3VGpXZTNaSC9PYzZxRmVJaXRpbnBucm9scXp0MjFnSUdobHJpbnNJV3AzS3lCb2M2bmc3aDByWTEzZjJxV3IySjI=,ext_006,考研保研,有没有保研经验分享,想了解材料准备和面试注意事项。,0,0,2026-03-06 09:43:57,2139.1333,408|考研|学习经验|复试,学习,校外,0.0,0,0,0,10,normal,15,408|考研|学习经验|复试
p_ext_001295,u_ext_00342,ext_013,失物招领,捡到校园卡,在教学楼附近捡到，失主可以联系认领。,0,0,2026-04-12 09:17:57,1251.5667,教学楼|校园卡|钥匙,生活,全校,0.0,0,0,0,10,normal,18,教学楼|校园卡|钥匙
p_ext_001296,u_ext_00197,ext_002,问答求助,宿舍维修一般多久来,已经报修了，想问问大家一般多久能处理。,0,0,2026-01-14 12:24:57,3360.45,校园卡|课程资料|求问|宿舍|打印店,生活,教学区,0.0,0,0,0,10,normal,19,校园卡|课程资料|求问|宿舍|打印店
p_ext_001297,u_ext_00124,ext_001,二手交易,毕业季出闲置,整理宿舍出一些闲置物品，优先校内自提。,3,1,2026-05-18 06:06:57,390.75,闲置|二手交易,生活,宿舍区,20.0,1,0,0,10,normal,19,闲置|二手交易
p_ext_001298,u_ext_00365,ext_006,考研保研,408 考研经验分享,按阶段整理了复习计划和资料选择。,0,0,2026-04-20 14:55:57,1053.9333,学习经验|408|考研|复试|保研,学习,校外,0.0,0,0,0,10,normal,16,学习经验|408|考研|复试|保研
p_ext_001299,u_ext_00255,ext_001,二手交易,毕业季出闲置,整理宿舍出一些闲置物品，优先校内自提。,0,0,2026-03-30 10:54:57,1561.95,电动车|教材,生活,教学区,90.0,0,1,0,10,normal,19,电动车|教材
p_ext_001300,u_ext_00168,ext_002,问答求助,宿舍维修一般多久来,已经报修了，想问问大家一般多久能处理。,0,0,2026-05-24 04:18:57,248.55,课程资料|宿舍,生活,全校,0.0,0,0,0,10,normal,19,课程资料|宿舍
p_ext_001301,dDQxa2k1T3JvNnlHcWEzWW1JcXZyWWFTaElDTWhacUxqWjkwaDVDenFhaTBmMmV2aUpTamdZU1Z2dG1VWlp1VmY3aUVhWnRqYjZxQ2VXSjI=,ext_002,问答求助,宿舍维修一般多久来,已经报修了，想问问大家一般多久能处理。,1,1,2026-04-24 03:26:57,969.4167,求问|宿舍|打印店,生活,宿舍区,0.0,0,0,0,10,normal,19,求问|宿舍|打印店
p_ext_001302,u_ext_00249,ext_004,校园生活,宿舍区附近有什么好吃的,想换换口味，求推荐附近小店。,0,0,2026-01-30 12:40:57,2976.1833,宿舍|食堂|校园生活,社交,校外,0.0,0,0,0,10,normal,14,宿舍|食堂|校园生活
p_ext_001303,u_ext_00318,ext_002,问答求助,求推荐附近打印店,需要打印课程资料，想找价格合适的位置。,0,0,2026-05-16 05:43:57,439.1333,课程资料|宿舍|校园卡|打印店|求问,生活,校外,0.0,0,0,0,10,normal,19,课程资料|宿舍|校园卡|打印店|求问
p_ext_001304,u_ext_00320,ext_001,二手交易,毕业季出闲置,整理宿舍出一些闲置物品，优先校内自提。,1,1,2026-05-22 00:18:57,300.55,电动车|教材|闲置|二手交易,生活,校外,150.0,0,0,0,10,normal,19,电动车|教材|闲置|二手交易
p_ext_001305,u_ext_00293,ext_002,问答求助,求问南校哪里可以自习,最近想找安静地方复习，想问问大家有什么推荐。,0,0,2026-03-22 17:37:57,1747.2333,求问|校园卡,生活,全校,0.0,0,0,0,10,normal,22,求问|校园卡
p_ext_001306,u_ext_00275,ext_002,问答求助,求问校园卡补办流程,校园卡丢了，有没有同学知道补办需要带什么材料。,0,0,2025-12-11 04:50:57,4184.0167,求问|课程资料|打印店|宿舍,生活,教学区,0.0,0,0,0,10,normal,23,求问|课程资料|打印店|宿舍
p_ext_001307,u_ext_00170,ext_001,二手交易,出二手自行车,车况正常，适合校内通勤，南校园附近交易，可自提。,0,0,2026-02-23 16:04:57,2396.7833,教材|租房|电动车|二手交易|闲置,生活,全校,50.0,0,0,0,10,normal,24,教材|租房|电动车|二手交易|闲置
p_ext_001308,u_ext_00104,ext_002,问答求助,求问校园卡补办流程,校园卡丢了，有没有同学知道补办需要带什么材料。,0,0,2026-05-03 15:22:57,741.4833,求问|打印店|校园卡,生活,图书馆,0.0,0,0,0,10,normal,23,求问|打印店|校园卡
p_ext_001309,u_ext_00367,ext_002,问答求助,求问南校哪里可以自习,最近想找安静地方复习，想问问大家有什么推荐。,0,0,2026-02-12 17:46:57,2659.0833,校园卡|课程资料|打印店|宿舍,生活,图书馆,0.0,0,0,0,10,normal,22,校园卡|课程资料|打印店|宿舍
p_ext_001310,u_ext_00486,ext_001,二手交易,收二手电动车,预算有限，想收一辆能正常骑的电动车，最好有校区牌。,0,0,2026-02-06 07:50:57,2813.0167,租房|闲置|二手交易,生活,全校,20.0,0,0,0,10,normal,25,租房|闲置|二手交易
p_ext_001311,dFg2QmZJdVZxMzJIMExLemduM1NucE9VbG91Q1laQ1JpM3Q0cW9xT21LbTdnS04vaU16VWE1Yk50cWVOWjhhS2xzK3FiSXljbW4yTnIySjI=,ext_002,问答求助,宿舍维修一般多久来,已经报修了，想问问大家一般多久能处理。,0,0,2026-03-11 10:34:57,2018.2833,打印店|求问|课程资料,生活,宿舍区,0.0,0,0,0,10,normal,19,打印店|求问|课程资料
p_ext_001312,u_ext_00107,ext_006,考研保研,408 考研经验分享,按阶段整理了复习计划和资料选择。,0,0,2026-02-06 03:02:57,2817.8167,复试|考研,学习,宿舍区,0.0,0,0,0,10,normal,16,复试|考研
p_ext_001313,dzVCMXI0WFB5WTJGbExYWGpZcTRub3FUb29LRllhNnRtWXVFaDRlUnk3ckZqNDJCaTlHM3JJdXB1dGFHZTZScGZxZUFhSm1Gbm02R2lXSjI=,ext_007,课程评价,这门课给分怎么样,想问问作业量和期末难度。,1,1,2026-01-29 23:52:57,2988.9833,给分|老师|期末|选课,学习,图书馆,0.0,0,0,0,10,normal,12,给分|老师|期末|选课
p_ext_001314,u_ext_00255,ext_002,问答求助,求推荐附近打印店,需要打印课程资料，想找价格合适的位置。,1,1,2026-03-08 16:26:57,2084.4167,课程资料|校园卡|打印店,生活,图书馆,0.0,0,0,0,10,normal,19,课程资料|校园卡|打印店
p_ext_001315,u_ext_00291,ext_002,问答求助,求问南校哪里可以自习,最近想找安静地方复习，想问问大家有什么推荐。,0,0,2025-12-15 13:56:57,4078.9167,校园卡|课程资料|宿舍|求问,生活,全校,0.0,0,0,0,10,normal,22,校园卡|课程资料|宿舍|求问
p_ext_001316,c21xQXM0dk5wNnVIdVptNWhXYThmMytuZ0tPRW4zaWtpSXByajVkK3FOKzBzbjJ4aGM2V25vV25uYytOamJTQ2Y3bXFoWkY0WjMrSWlXSjI=,ext_007,课程评价,选课避坑指南,整理一些个人体验，欢迎补充不同看法。,0,0,2025-12-13 12:24:57,4128.45,选课|老师|课程评价,学习,全校,0.0,0,0,0,10,normal,18,选课|老师|课程评价
p_ext_001317,u_ext_00292,ext_002,问答求助,求问南校哪里可以自习,最近想找安静地方复习，想问问大家有什么推荐。,0,0,2025-12-24 06:59:57,3869.8667,求问|宿舍,生活,图书馆,0.0,0,0,0,10,normal,22,求问|宿舍
p_ext_001318,u_ext_00478,ext_003,恋爱交友,毕业照拍照搭子,想找同学一起拍照，时间可以商量。,0,0,2026-02-28 23:47:57,2269.0667,羽毛球|拍照,社交,全校,0.0,0,0,0,10,normal,16,羽毛球|拍照
p_ext_001319,u_ext_00396,ext_002,问答求助,求问南校哪里可以自习,最近想找安静地方复习，想问问大家有什么推荐。,0,0,2026-01-10 21:49:57,3447.0333,打印店|校园卡|课程资料|宿舍|求问,生活,食堂区,0.0,0,0,0,10,normal,22,打印店|校园卡|课程资料|宿舍|求问
p_ext_001320,u_ext_00404,ext_001,二手交易,出二手自行车,车况正常，适合校内通勤，珠海校区附近交易，可自提。,5,1,2026-03-03 08:42:57,2212.15,教材|租房,生活,宿舍区,0.0,0,0,0,10,normal,25,教材|租房
p_ext_001321,u_ext_00285,ext_003,恋爱交友,找健身搭子,每周两三次，强度不用太高。,0,0,2026-02-15 20:23:57,2584.4667,拍照|交友|活动,社交,图书馆,0.0,0,0,0,10,normal,13,拍照|交友|活动
p_ext_001322,c0h4NWlJelF0bXAvdHNlVmYyZkdqSlMzZ0lHWXE2S25pWHFXcklWKzI3akZmSmVBbHFtN3FaU25zcGFXbjZTTGhxbVphNFZob3FtSGlXSjI=,ext_009,社团活动,周末活动报名,本周末有线下活动，人数有限。,0,0,2026-05-22 15:17:57,285.5667,交友|社团|活动,社交,图书馆,0.0,0,0,0,10,normal,14,交友|社团|活动
p_ext_001323,u_ext_00263,ext_010,竞赛科研,创新项目经验,分享一下申报和结题过程。,0,0,2026-01-26 19:12:57,3065.65,竞赛|科研项目,发展,全校,0.0,0,0,0,10,normal,12,竞赛|科研项目
p_ext_001324,dG8yWGtaYlFyNCtHMExLUmxYcldhWlRRZUg2Wm0zaWxpSDJEc0kybXg4NjdwbjJPbGRDU3FJZW11czZYZWNaNmY3aUlmb3VmZUlLTGlXSjI=,ext_013,失物招领,请帮忙找背包,今天下午可能落在自习室。,0,0,2025-12-12 19:31:57,4145.3333,校园卡|失物招领|钥匙,生活,图书馆,0.0,0,0,0,10,normal,12,校园卡|失物招领|钥匙
p_ext_001325,u_ext_00451,ext_007,课程评价,老师上课风格讨论,准备下学期选课，想了解课堂节奏。,1,1,2026-04-07 10:49:57,1370.0333,课程评价|给分,学习,校外,0.0,0,0,0,10,normal,16,课程评价|给分
p_ext_001326,u_ext_00303,ext_004,校园生活,今天食堂这个菜怎么样,中午路过看到很多人排队，想问问味道如何。,0,0,2026-02-14 15:18:57,2613.55,宿舍|校车,社交,食堂区,0.0,0,0,0,10,normal,20,宿舍|校车
p_ext_001327,c0h4NWlJelF0bXAvdHNlVmYyZkdqSlMzZ0lHWXE2S25pWHFXcklWKzI3akZmSmVBbHFtN3FaU25zcGFXbjZTTGhxbVphNFZob3FtSGlXSjI=,ext_006,考研保研,408 考研经验分享,按阶段整理了复习计划和资料选择。,0,0,2026-05-20 09:47:57,339.0667,考研|学习经验|保研|408,学习,食堂区,0.0,0,0,0,10,normal,16,考研|学习经验|保研|408
p_ext_001328,u_ext_00241,ext_002,问答求助,求问南校哪里可以自习,最近想找安静地方复习，想问问大家有什么推荐。,0,0,2026-04-13 20:07:57,1216.7333,宿舍|校园卡|打印店,生活,图书馆,0.0,0,0,0,10,normal,22,宿舍|校园卡|打印店
p_ext_001329,u_ext_00157,ext_002,问答求助,求问校园卡补办流程,校园卡丢了，有没有同学知道补办需要带什么材料。,0,0,2026-03-16 20:01:57,1888.8333,打印店|校园卡|课程资料|宿舍,生活,全校,0.0,0,0,0,10,normal,23,打印店|校园卡|课程资料|宿舍
p_ext_001330,u_ext_00248,ext_012,兼职实习,家教兼职招人,时间可协调，地点离学校不远。,0,0,2026-03-09 21:14:57,2055.6167,薪资|家教|兼职|招聘,发展,食堂区,0.0,0,0,0,10,normal,14,薪资|家教|兼职|招聘
p_ext_001331,u_ext_00127,ext_003,恋爱交友,找学习搭子,希望互相监督学习，地点可以在图书馆。,0,0,2026-04-05 04:43:57,1424.1333,拍照|羽毛球,社交,宿舍区,0.0,0,0,0,10,normal,18,拍照|羽毛球
p_ext_001332,dUkyTmk0RGRzNnVHek5DbmlIeTRxSUtUb1cySlk1QnNsMldFa29la3ROaTFqblN4bHM2WlpvV1MxTnFHZkxTQmlMbUVnNDJkZUl1SGlXSjI=,ext_002,问答求助,宿舍维修一般多久来,已经报修了，想问问大家一般多久能处理。,0,0,2025-12-05 03:38:57,4329.2167,课程资料|打印店,生活,校外,0.0,0,0,0,10,normal,19,课程资料|打印店
p_ext_001333,u_ext_00240,ext_003,恋爱交友,周末有人一起打羽毛球吗,新手友好，主要想活动一下。,1,1,2025-12-06 05:43:57,4303.1333,羽毛球|交友|活动|拍照|搭子,社交,图书馆,0.0,0,0,0,10,normal,13,羽毛球|交友|活动|拍照|搭子
p_ext_001334,u_ext_00467,ext_002,问答求助,求推荐附近打印店,需要打印课程资料，想找价格合适的位置。,0,0,2026-01-05 14:14:57,3574.6167,宿舍|打印店|校园卡,生活,宿舍区,0.0,0,0,0,10,normal,19,宿舍|打印店|校园卡
p_ext_001335,u_ext_00225,ext_002,问答求助,求问南校哪里可以自习,最近想找安静地方复习，想问问大家有什么推荐。,0,0,2026-01-26 06:22:57,3078.4833,打印店|求问|课程资料|宿舍|校园卡,生活,教学区,0.0,0,0,0,10,normal,22,打印店|求问|课程资料|宿舍|校园卡
p_ext_001336,u_ext_00330,ext_001,二手交易,收二手电动车,预算有限，想收一辆能正常骑的电动车，最好有校区牌。,5,1,2026-01-05 06:21:57,3582.5,二手交易|电动车|租房|闲置|教材,生活,校外,0.0,0,0,0,10,normal,25,二手交易|电动车|租房|闲置|教材
p_ext_001337,dEk5a2duK3JxcStJcVpYUWhtYThqWVdwbGE2TmRtdU9pSDJhcEllUnBkRzdmWUN4ZjVXcWFaS3F6OWlJZkphdGZaT2FiSnBpakxLR2lXSjI=,ext_011,实习就业,求简历修改建议,准备投递实习，希望大家给点建议。,0,0,2025-12-21 01:52:57,3946.9833,简历|就业,发展,校外,0.0,0,1,0,10,normal,16,简历|就业
p_ext_001338,dzR1bXNvZW5zNjJTcU5TbW1IeW9qSVM2ZUtLSWhvQnRnNHFpajVxbHRhdkRpMngrazVPV2JJYVRxcktYakxoL2xkQ1dpNXgzZzJpWHIySjI=,ext_006,考研保研,考研学习搭子,希望每天互相打卡，保持节奏。,1,1,2025-12-27 06:11:57,3798.6667,学习经验|保研,学习,全校,0.0,0,0,0,10,normal,14,学习经验|保研
p_ext_001339,u_ext_00310,ext_002,问答求助,求推荐附近打印店,需要打印课程资料，想找价格合适的位置。,0,0,2026-02-26 22:12:57,2318.65,宿舍|求问|课程资料,生活,校外,0.0,0,0,0,10,normal,19,宿舍|求问|课程资料
p_ext_001340,eHFPRWJaV25xMnFUemE2bmxtYW5aSmFxZktXWllZaUJtWitJZll0K25OU3Zmbld3aDgydmlZWGNwWkdLbjhhaGg1S2VpSnRqZklHT3IySjI=,ext_003,恋爱交友,找健身搭子,每周两三次，强度不用太高。,0,0,2026-04-03 13:04:57,1463.7833,搭子|羽毛球|拍照|活动,社交,食堂区,0.0,0,0,0,10,normal,13,搭子|羽毛球|拍照|活动
p_ext_001341,u_ext_00277,ext_001,二手交易,毕业季出闲置,整理宿舍出一些闲置物品，优先校内自提。,1,1,2025-12-12 17:32:57,4147.3167,租房|教材|电动车|闲置,生活,教学区,0.0,0,1,0,10,normal,19,租房|教材|电动车|闲置
p_ext_001342,u_ext_00408,ext_001,二手交易,出二手自行车,车况正常，适合校内通勤，南校园附近交易，可自提。,0,0,2026-01-16 06:19:57,3318.5333,教材|租房|闲置,生活,食堂区,0.0,1,0,0,10,normal,24,教材|租房|闲置
p_ext_001343,u_ext_00224,ext_007,课程评价,这门课给分怎么样,想问问作业量和期末难度。,1,1,2026-05-14 04:14:57,488.6167,给分|选课|期末,学习,宿舍区,0.0,0,0,0,10,normal,12,给分|选课|期末
p_ext_001344,u_ext_00442,ext_011,实习就业,宣讲会信息分享,时间地点已经整理，感兴趣可以看看。,1,1,2026-04-05 00:01:57,1428.8333,就业|简历|招聘|面试|实习,发展,图书馆,0.0,0,0,0,10,normal,17,就业|简历|招聘|面试|实习
p_ext_001345,u_ext_00246,ext_002,问答求助,宿舍维修一般多久来,已经报修了，想问问大家一般多久能处理。,0,0,2026-05-31 11:45:57,73.1,校园卡|求问|宿舍|课程资料,生活,校外,0.0,0,0,0,10,normal,19,校园卡|求问|宿舍|课程资料
p_ext_001346,u_ext_00346,ext_001,二手交易,毕业季出闲置,整理宿舍出一些闲置物品，优先校内自提。,1,1,2026-01-16 08:48:57,3316.05,电动车|教材|闲置|租房,生活,教学区,20.0,1,0,0,10,normal,19,电动车|教材|闲置|租房
p_ext_001347,u_ext_00109,ext_008,食堂生活,午餐拼饭帖,中午想找人一起吃饭，地点在食堂区。,2,1,2026-02-11 08:14:57,2692.6167,拼饭|食堂,生活,图书馆,0.0,0,0,0,10,normal,17,拼饭|食堂
p_ext_001348,u_ext_00144,ext_002,问答求助,求推荐附近打印店,需要打印课程资料，想找价格合适的位置。,0,0,2026-01-07 05:55:57,3534.9333,课程资料|打印店|宿舍|求问|校园卡,生活,全校,0.0,0,0,0,10,normal,19,课程资料|打印店|宿舍|求问|校园卡
p_ext_001349,dG8yWGtaYlFyNCtHMExLUmxYcldhWlRRZUg2Wm0zaWxpSDJEc0kybXg4NjdwbjJPbGRDU3FJZW11czZYZWNaNmY3aUlmb3VmZUlLTGlXSjI=,ext_002,问答求助,求问南校哪里可以自习,最近想找安静地方复习，想问问大家有什么推荐。,1,1,2026-01-01 18:07:57,3666.7333,宿舍|打印店|校园卡,生活,全校,0.0,0,0,0,10,normal,22,宿舍|打印店|校园卡
p_ext_001350,eFgyamdvR28xR2lTdWRqTmg2KzhuNFROcG9HYm5KQ0ppcCthZTVDUDB0MnZqNk9JaHMyamVvak12cWFYaXBPbWY4MmVrSW1lYjRPSWlXSjI=,ext_001,二手交易,毕业季出闲置,整理宿舍出一些闲置物品，优先校内自提。,1,1,2026-01-24 02:48:57,3130.05,租房|电动车,生活,教学区,0.0,1,0,0,10,normal,19,租房|电动车
p_ext_001351,dHBCMW81U254WDZEemEyVmhhRGFkbjdPZ0lDUllwbHBsNHFtb1l0OXJiVERzb0J0ZjVhM2lwYTYwOU9WZkp0NWxLaUFqWkYwYjRlSWlXSjI=,ext_001,二手交易,出考研资料,资料保存完整，适合复习使用，价格可小刀。,1,1,2026-04-23 16:44:57,980.1167,电动车|二手交易|闲置|租房|教材,生活,全校,150.0,0,0,0,10,normal,20,电动车|二手交易|闲置|租房|教材
p_ext_001352,u_ext_00150,ext_002,问答求助,求问南校哪里可以自习,最近想找安静地方复习，想问问大家有什么推荐。,0,0,2026-06-01 05:36:57,55.25,宿舍|求问|课程资料|打印店,生活,食堂区,0.0,0,0,0,10,normal,22,宿舍|求问|课程资料|打印店
p_ext_001353,u_ext_00482,ext_002,问答求助,求问校园卡补办流程,校园卡丢了，有没有同学知道补办需要带什么材料。,0,0,2026-01-01 18:38:57,3666.2167,课程资料|求问,生活,校外,0.0,0,0,0,10,normal,23,课程资料|求问
p_ext_001354,u_ext_00457,ext_003,恋爱交友,找健身搭子,每周两三次，强度不用太高。,1,1,2026-05-14 13:34:57,479.2833,交友|搭子|羽毛球,社交,宿舍区,0.0,0,0,0,10,normal,13,交友|搭子|羽毛球
p_ext_001355,u_ext_00484,ext_001,二手交易,收二手电动车,预算有限，想收一辆能正常骑的电动车，最好有校区牌。,3,1,2026-01-22 00:11:57,3180.6667,租房|二手交易,生活,校外,150.0,0,1,0,10,normal,25,租房|二手交易
p_ext_001356,u_ext_00143,ext_002,问答求助,求问校园卡补办流程,校园卡丢了，有没有同学知道补办需要带什么材料。,1,1,2026-05-04 09:36:57,723.25,课程资料|校园卡|宿舍|打印店|求问,生活,宿舍区,0.0,0,0,0,10,normal,23,课程资料|校园卡|宿舍|打印店|求问
p_ext_001357,u_ext_00462,ext_002,问答求助,宿舍维修一般多久来,已经报修了，想问问大家一般多久能处理。,0,0,2026-04-24 13:57:57,958.9,打印店|课程资料|宿舍,生活,图书馆,0.0,0,0,0,10,normal,19,打印店|课程资料|宿舍
p_ext_001358,u_ext_00136,ext_002,问答求助,求问校园卡补办流程,校园卡丢了，有没有同学知道补办需要带什么材料。,0,0,2026-03-11 06:25:57,2022.4333,课程资料|求问,生活,教学区,0.0,0,0,0,10,normal,23,课程资料|求问
p_ext_001359,u_ext_00241,ext_002,问答求助,求问校园卡补办流程,校园卡丢了，有没有同学知道补办需要带什么材料。,0,0,2026-02-02 02:32:57,2914.3167,打印店|宿舍|课程资料,生活,校外,0.0,0,0,0,10,normal,23,打印店|宿舍|课程资料
p_ext_001360,u_ext_00326,ext_002,问答求助,求问南校哪里可以自习,最近想找安静地方复习，想问问大家有什么推荐。,0,0,2026-05-23 00:21:57,276.5,求问|打印店,生活,宿舍区,0.0,0,0,0,10,normal,22,求问|打印店
p_ext_001361,eEpDYnE0UFB5WjZMemN6SmxxSzBkNVBNbWJHS2g0Ujhqbmltc0lTenlwaTNzb1ZyZ05HanFvT3FwZHQvWnJ5RWt0eDRwSXFlb3FDR2lXSjI=,ext_003,恋爱交友,找健身搭子,每周两三次，强度不用太高。,0,0,2026-05-13 07:52:57,508.9833,拍照|搭子|羽毛球,社交,宿舍区,0.0,0,0,0,10,normal,13,拍照|搭子|羽毛球
p_ext_001362,u_ext_00463,ext_001,二手交易,出考研资料,资料保存完整，适合复习使用，价格可小刀。,5,1,2026-02-19 01:03:57,2507.8,租房|二手交易|教材,生活,全校,0.0,1,0,0,10,normal,20,租房|二手交易|教材
p_ext_001363,dDM5c2U1T29yNmlEdXFtU2xxTzNhSlc0YzJ1RWRwQ3NqbnByb1lPUHk2dTNhbVNxaHF1cXJvWFFxckdLb3NxbWxycUliWXhqaktLT3IySjI=,ext_002,问答求助,求推荐附近打印店,需要打印课程资料，想找价格合适的位置。,0,0,2025-12-30 00:13:57,3732.6333,校园卡|打印店|课程资料,生活,校外,0.0,0,0,0,10,normal,19,校园卡|打印店|课程资料
p_ext_001364,u_ext_00309,ext_004,校园生活,有人一起去操场跑步吗,晚上想找搭子慢跑，节奏轻松就行。,0,0,2026-05-12 20:21:57,520.5,共享厨房|校车|宿舍|校园生活,社交,图书馆,0.0,0,0,0,10,normal,16,共享厨房|校车|宿舍|校园生活
p_ext_001365,u_ext_00392,ext_003,恋爱交友,找健身搭子,每周两三次，强度不用太高。,0,0,2026-03-29 06:25:57,1590.4333,羽毛球|交友|搭子|活动|拍照,社交,校外,0.0,0,0,0,10,normal,13,羽毛球|交友|搭子|活动|拍照
p_ext_001366,u_ext_00465,ext_001,二手交易,收二手电动车,预算有限，想收一辆能正常骑的电动车，最好有校区牌。,0,0,2026-03-14 15:30:57,1941.35,二手交易|闲置|租房|教材|电动车,生活,教学区,90.0,1,0,0,10,normal,25,二手交易|闲置|租房|教材|电动车
p_ext_001367,u_ext_00423,ext_002,问答求助,求推荐附近打印店,需要打印课程资料，想找价格合适的位置。,0,0,2026-04-13 11:32:57,1225.3167,宿舍|校园卡,生活,图书馆,0.0,0,0,0,10,normal,19,宿舍|校园卡
p_ext_001368,u_ext_00480,ext_003,恋爱交友,找学习搭子,希望互相监督学习，地点可以在图书馆。,1,1,2026-04-23 01:48:57,995.05,拍照|搭子|羽毛球,社交,食堂区,0.0,0,0,0,10,normal,18,拍照|搭子|羽毛球
p_ext_001369,u_ext_00318,ext_002,问答求助,求问南校哪里可以自习,最近想找安静地方复习，想问问大家有什么推荐。,0,0,2026-05-07 02:29:57,658.3667,课程资料|求问|打印店,生活,校外,0.0,0,0,0,10,normal,22,课程资料|求问|打印店
p_ext_001370,u_ext_00233,ext_010,竞赛科研,创新项目经验,分享一下申报和结题过程。,0,0,2026-01-07 10:03:57,3530.8,科研项目|论文|组队|创新项目|竞赛,发展,校外,0.0,0,0,0,10,normal,12,科研项目|论文|组队|创新项目|竞赛
p_ext_001371,u_ext_00186,ext_002,问答求助,求问南校哪里可以自习,最近想找安静地方复习，想问问大家有什么推荐。,1,1,2026-02-03 00:18:57,2892.55,求问|课程资料|校园卡|打印店,生活,教学区,0.0,0,0,0,10,normal,22,求问|课程资料|校园卡|打印店
p_ext_001372,u_ext_00367,ext_002,问答求助,宿舍维修一般多久来,已经报修了，想问问大家一般多久能处理。,1,1,2026-02-03 18:46:57,2874.0833,求问|宿舍,生活,全校,0.0,0,0,0,10,normal,19,求问|宿舍
p_ext_001373,u_ext_00457,ext_002,问答求助,求问南校哪里可以自习,最近想找安静地方复习，想问问大家有什么推荐。,0,0,2026-04-18 16:18:57,1100.55,课程资料|求问,生活,宿舍区,0.0,0,0,0,10,normal,22,课程资料|求问
p_ext_001374,eFkrRms1UE56YkNDdGRlV2lXaXNuSlBRbFd5YWhZUi9tWTJJZTVxbnNhaTZhcCtBakpXYXBKVzJ2dENIak5acGdyZW1hbzEzZkgyRmlXSjI=,ext_001,二手交易,出考研资料,资料保存完整，适合复习使用，价格可小刀。,0,0,2026-05-29 22:05:57,110.7667,闲置|电动车|二手交易|教材,生活,教学区,150.0,0,1,0,10,normal,20,闲置|电动车|二手交易|教材
p_ext_001375,u_ext_00198,ext_002,问答求助,求问校园卡补办流程,校园卡丢了，有没有同学知道补办需要带什么材料。,0,0,2026-02-01 20:16:57,2920.5833,宿舍|打印店,生活,食堂区,0.0,0,0,0,10,normal,23,宿舍|打印店
p_ext_001376,u_ext_00435,ext_001,二手交易,出考研资料,资料保存完整，适合复习使用，价格可小刀。,0,0,2025-12-15 15:02:57,4077.8167,租房|电动车|教材|二手交易,生活,全校,0.0,0,1,0,10,normal,20,租房|电动车|教材|二手交易
p_ext_001377,u_ext_00260,ext_001,二手交易,出考研资料,资料保存完整，适合复习使用，价格可小刀。,0,0,2026-04-02 06:25:57,1494.4333,租房|闲置|电动车,生活,校外,90.0,0,0,0,10,normal,20,租房|闲置|电动车
p_ext_001378,cjdLWGpuK1V5R2VTcWNpdWwzcXduWWVTcG95T2hwNXJpWXQ0Zkl5Tng3aTJmbzF1aExpYWJJUzUxNWFXWjgxcGxiZUloSnVGZjJ1SmlXSjI=,ext_001,二手交易,收二手电动车,预算有限，想收一辆能正常骑的电动车，最好有校区牌。,1,1,2026-04-01 01:25:57,1523.4333,闲置|二手交易|租房|电动车,生活,校外,150.0,0,1,0,10,normal,25,闲置|二手交易|租房|电动车
p_ext_001379,u_ext_00180,ext_013,失物招领,捡到校园卡,在教学楼附近捡到，失主可以联系认领。,0,0,2026-02-16 22:16:57,2558.5833,教学楼|失物招领,生活,图书馆,0.0,0,0,0,10,normal,18,教学楼|失物招领
p_ext_001380,c28ybnJJelEwSzZHbExhNWxZM09xSlBOYTRPTmlKQ0lsYUNtallSL3FkbXZrSmVwZzlDM2hYL1BzcytCaTZOcGZ0eUFwWnFmbld1WHIySjI=,ext_001,二手交易,毕业季出闲置,整理宿舍出一些闲置物品，优先校内自提。,0,0,2026-01-18 14:01:57,3262.8333,二手交易|电动车|租房,生活,全校,10.0,1,1,0,10,normal,19,二手交易|电动车|租房
p_ext_001381,dFd0MWZJbXFxNnVFcDZuWGdhQ3ZxNU9uZUlxUnE0eCtobjJFZ1p1bnZhNnlhSG1xbDZpV25vZTJ6NUtJWjZlc2tyZUFib2hobm4rSWlXSjI=,ext_002,问答求助,宿舍维修一般多久来,已经报修了，想问问大家一般多久能处理。,0,0,2026-02-08 16:34:57,2756.2833,校园卡|求问|课程资料|宿舍|打印店,生活,宿舍区,0.0,0,0,0,10,normal,19,校园卡|求问|课程资料|宿舍|打印店
p_ext_001382,eFdsOWtZeXAwWDZWenE3UGpHWE9vWDZxZEpDT2Q2S0FtWXQ0cklGcms1ckdvNSt5ZlpTN2tJZVVycnFBWnFTbGs2cWFpWnlmaUh5SGlXSjI=,ext_002,问答求助,宿舍维修一般多久来,已经报修了，想问问大家一般多久能处理。,0,0,2026-01-01 13:03:57,3671.8,宿舍|打印店,生活,图书馆,0.0,0,0,0,10,normal,19,宿舍|打印店
p_ext_001383,u_ext_00490,ext_002,问答求助,求推荐附近打印店,需要打印课程资料，想找价格合适的位置。,0,0,2025-12-12 19:33:57,4145.3,课程资料|宿舍|打印店|校园卡,生活,食堂区,0.0,0,0,0,10,normal,19,课程资料|宿舍|打印店|校园卡
p_ext_001384,u_ext_00400,ext_002,问答求助,求问南校哪里可以自习,最近想找安静地方复习，想问问大家有什么推荐。,0,0,2025-12-27 23:21:57,3781.5,求问|宿舍|课程资料|打印店,生活,图书馆,0.0,0,0,0,10,normal,22,求问|宿舍|课程资料|打印店
p_ext_001385,u_ext_00300,ext_009,社团活动,社团活动招人,活动时间比较灵活，欢迎感兴趣的同学加入。,1,1,2025-12-25 05:55:57,3846.9333,活动|社团|招新|交友,社交,全校,0.0,0,0,0,10,normal,20,活动|社团|招新|交友
p_ext_001386,u_ext_00279,ext_002,问答求助,求问南校哪里可以自习,最近想找安静地方复习，想问问大家有什么推荐。,1,1,2026-04-02 11:44:57,1489.1167,打印店|校园卡|求问|课程资料|宿舍,生活,教学区,0.0,0,0,0,10,normal,22,打印店|校园卡|求问|课程资料|宿舍
p_ext_001387,u_ext_00104,ext_006,考研保研,复试经验整理,把最近问到的问题和准备过程记录一下。,0,0,2026-03-10 01:03:57,2051.8,保研|408|考研|复试|学习经验,学习,教学区,0.0,0,0,0,10,normal,18,保研|408|考研|复试|学习经验
p_ext_001388,u_ext_00369,ext_002,问答求助,求问南校哪里可以自习,最近想找安静地方复习，想问问大家有什么推荐。,1,1,2025-12-22 12:33:57,3912.3,课程资料|打印店,生活,教学区,0.0,0,0,0,10,normal,22,课程资料|打印店
p_ext_001389,eFdwb29wZlJ5YStGazYyVmdLTFNpSlMyakxLTWQ2WnRsbnhuYm95T3k2eTNwcHF5Zjg3RmpvYTVxc3lJakplRWk1V0VxNW1jZ0s2Q2VXSjI=,ext_002,问答求助,求问南校哪里可以自习,最近想找安静地方复习，想问问大家有什么推荐。,1,1,2026-03-01 12:20:57,2256.5167,打印店|宿舍|求问|课程资料,生活,食堂区,0.0,0,0,0,10,normal,22,打印店|宿舍|求问|课程资料
p_ext_001390,u_ext_00108,ext_002,问答求助,求问校园卡补办流程,校园卡丢了，有没有同学知道补办需要带什么材料。,1,1,2026-05-25 18:55:57,209.9333,求问|校园卡|打印店|课程资料|宿舍,生活,全校,0.0,0,0,0,10,normal,23,求问|校园卡|打印店|课程资料|宿舍
p_ext_001391,u_ext_00476,ext_002,问答求助,宿舍维修一般多久来,已经报修了，想问问大家一般多久能处理。,0,0,2026-05-25 15:12:57,213.65,求问|校园卡|宿舍|课程资料|打印店,生活,教学区,0.0,0,0,0,10,normal,19,求问|校园卡|宿舍|课程资料|打印店
p_ext_001392,u_ext_00269,ext_001,二手交易,毕业季出闲置,整理宿舍出一些闲置物品，优先校内自提。,3,1,2025-12-08 06:46:57,4254.0833,教材|闲置,生活,全校,10.0,0,0,0,10,normal,19,教材|闲置
p_ext_001393,u_ext_00144,ext_011,实习就业,宣讲会信息分享,时间地点已经整理，感兴趣可以看看。,0,0,2026-05-27 02:33:57,178.3,就业|面试,发展,食堂区,0.0,0,0,0,10,normal,17,就业|面试
p_ext_001394,dDMxb2E0ZmMxYU9XcWR5MGxJMjhwSDdRZElhTXFxcVpnbnlJaW9lbno3RzFmb21uZmQzTmlZUFF1ZGlJb05Hc2lwS2FpSU5qbldxWHIySjI=,ext_002,问答求助,求推荐附近打印店,需要打印课程资料，想找价格合适的位置。,0,0,2026-01-10 18:21:57,3450.5,宿舍|课程资料|校园卡,生活,教学区,0.0,0,0,0,10,normal,19,宿舍|课程资料|校园卡
p_ext_001395,ckdsMWFvdlJyMzErdWJhdWlXYXNab0s2b29TUm5YaXRqYUJyc0lSOXRadkNhNXVRZnQzTlpvQ25zdEtOWjdDcmhiVnJrb1ZraUhxQmVXSjI=,ext_013,失物招领,请帮忙找背包,今天下午可能落在自习室。,0,0,2025-12-15 02:30:57,4090.35,证件|钥匙,生活,教学区,0.0,0,0,0,10,normal,12,证件|钥匙
p_ext_001396,u_ext_00121,ext_002,问答求助,求问南校哪里可以自习,最近想找安静地方复习，想问问大家有什么推荐。,1,1,2026-03-15 02:27:57,1930.4,课程资料|宿舍|求问|打印店,生活,图书馆,0.0,0,0,0,10,normal,22,课程资料|宿舍|求问|打印店
p_ext_001397,eFdsOWtZeXAwWDZWenE3UGpHWE9vWDZxZEpDT2Q2S0FtWXQ0cklGcms1ckdvNSt5ZlpTN2tJZVVycnFBWnFTbGs2cWFpWnlmaUh5SGlXSjI=,ext_002,问答求助,宿舍维修一般多久来,已经报修了，想问问大家一般多久能处理。,0,0,2026-02-09 11:31:57,2737.3333,宿舍|打印店|课程资料,生活,图书馆,0.0,0,0,0,10,normal,19,宿舍|打印店|课程资料
p_ext_001398,u_ext_00200,ext_013,失物招领,请帮忙找背包,今天下午可能落在自习室。,0,0,2026-01-22 13:38:57,3167.2167,校园卡|钥匙|证件,生活,宿舍区,0.0,0,0,0,10,normal,12,校园卡|钥匙|证件
p_ext_001399,u_ext_00278,ext_005,学习交流,数据结构期末复习资料整理,整理了一些重点和往年题型，欢迎补充。,0,0,2026-04-15 05:57:57,1182.9,学习交流|考试|学习经验|复习资料|课程资料,学习,宿舍区,0.0,0,0,0,10,normal,18,学习交流|考试|学习经验|复习资料|课程资料
p_ext_001400,u_ext_00105,ext_008,食堂生活,食堂新窗口测评,今天试了一下，味道和分量都还可以。,5,1,2026-03-22 15:15:57,1749.6,窗口测评|拼饭|校园生活,生活,食堂区,0.0,0,0,0,10,normal,17,窗口测评|拼饭|校园生活
p_ext_001401,u_ext_00280,ext_001,二手交易,出二手自行车,车况正常，适合校内通勤，东校园附近交易，可自提。,1,1,2025-12-22 19:03:57,3905.8,租房|闲置|二手交易,生活,全校,150.0,0,0,0,10,normal,24,租房|闲置|二手交易
p_ext_001402,u_ext_00476,ext_005,学习交流,数据结构期末复习资料整理,整理了一些重点和往年题型，欢迎补充。,0,0,2026-03-19 01:16:57,1835.5833,学习经验|课程资料,学习,全校,0.0,0,0,0,10,normal,18,学习经验|课程资料
p_ext_001403,u_ext_00451,ext_002,问答求助,求问南校哪里可以自习,最近想找安静地方复习，想问问大家有什么推荐。,0,0,2026-03-06 16:04:57,2132.7833,课程资料|打印店|求问,生活,全校,0.0,0,0,0,10,normal,22,课程资料|打印店|求问
p_ext_001404,u_ext_00485,ext_002,问答求助,求问南校哪里可以自习,最近想找安静地方复习，想问问大家有什么推荐。,0,0,2026-01-24 21:05:57,3111.7667,求问|打印店|宿舍|校园卡,生活,全校,0.0,0,0,0,10,normal,22,求问|打印店|宿舍|校园卡
p_ext_001405,u_ext_00194,ext_008,食堂生活,午餐拼饭帖,中午想找人一起吃饭，地点在食堂区。,3,1,2026-04-15 08:24:57,1180.45,优惠|校园生活|拼饭|食堂,生活,校外,0.0,0,0,0,10,normal,17,优惠|校园生活|拼饭|食堂
p_ext_001406,u_ext_00313,ext_010,竞赛科研,创新项目经验,分享一下申报和结题过程。,0,0,2025-12-13 19:04:57,4121.7833,创新项目|竞赛|组队,发展,图书馆,0.0,0,0,0,10,normal,12,创新项目|竞赛|组队
p_ext_001407,u_ext_00178,ext_002,问答求助,求问南校哪里可以自习,最近想找安静地方复习，想问问大家有什么推荐。,0,0,2025-12-16 17:02:57,4051.8167,课程资料|校园卡,生活,教学区,0.0,0,0,0,10,normal,22,课程资料|校园卡
p_ext_001408,u_ext_00119,ext_004,校园生活,有人一起去操场跑步吗,晚上想找搭子慢跑，节奏轻松就行。,0,0,2026-04-16 16:25:57,1148.4333,校园生活|校车|食堂|宿舍|共享厨房,社交,教学区,0.0,0,0,0,10,normal,16,校园生活|校车|食堂|宿舍|共享厨房
p_ext_001409,u_ext_00479,ext_002,问答求助,求推荐附近打印店,需要打印课程资料，想找价格合适的位置。,0,0,2026-05-15 08:15:57,460.6,宿舍|求问,生活,食堂区,0.0,0,0,0,10,normal,19,宿舍|求问
p_ext_001410,u_ext_00198,ext_011,实习就业,宣讲会信息分享,时间地点已经整理，感兴趣可以看看。,1,1,2026-01-25 02:53:57,3105.9667,实习|简历|面试|就业|招聘,发展,全校,0.0,0,0,0,10,normal,17,实习|简历|面试|就业|招聘
p_ext_001411,u_ext_00111,ext_013,失物招领,捡到校园卡,在教学楼附近捡到，失主可以联系认领。,0,0,2026-05-18 07:32:57,389.3167,钥匙|教学楼|失物招领|证件|校园卡,生活,教学区,0.0,0,0,0,10,normal,18,钥匙|教学楼|失物招领|证件|校园卡
p_ext_001412,u_ext_00130,ext_012,兼职实习,短期兼职信息,适合课余时间，有意可以留言。,0,0,2026-05-07 08:06:57,652.75,招聘|兼职|薪资|家教,发展,校外,0.0,0,0,0,10,normal,14,招聘|兼职|薪资|家教
p_ext_001413,u_ext_00137,ext_002,问答求助,宿舍维修一般多久来,已经报修了，想问问大家一般多久能处理。,1,1,2026-03-22 07:36:57,1757.25,课程资料|打印店|校园卡|求问|宿舍,生活,教学区,0.0,0,0,0,10,normal,19,课程资料|打印店|校园卡|求问|宿舍
p_ext_001414,u_ext_00371,ext_002,问答求助,宿舍维修一般多久来,已经报修了，想问问大家一般多久能处理。,0,0,2025-12-17 12:34:57,4032.2833,求问|校园卡,生活,教学区,0.0,0,0,0,10,normal,19,求问|校园卡
p_ext_001415,u_ext_00147,ext_004,校园生活,今天食堂这个菜怎么样,中午路过看到很多人排队，想问问味道如何。,0,0,2026-05-02 16:43:57,764.1333,宿舍|食堂|共享厨房,社交,教学区,0.0,0,0,0,10,normal,20,宿舍|食堂|共享厨房
p_ext_001416,u_ext_00216,ext_001,二手交易,出考研资料,资料保存完整，适合复习使用，价格可小刀。,3,1,2026-03-31 11:22:57,1537.4833,电动车|教材|闲置,生活,全校,0.0,1,0,0,10,normal,20,电动车|教材|闲置
p_ext_001417,u_ext_00499,ext_002,问答求助,求问校园卡补办流程,校园卡丢了，有没有同学知道补办需要带什么材料。,0,0,2026-05-30 19:30:57,89.35,宿舍|校园卡|求问|课程资料|打印店,生活,宿舍区,0.0,0,0,0,10,normal,23,宿舍|校园卡|求问|课程资料|打印店
p_ext_001418,c0h4NWlJelF0bXAvdHNlVmYyZkdqSlMzZ0lHWXE2S25pWHFXcklWKzI3akZmSmVBbHFtN3FaU25zcGFXbjZTTGhxbVphNFZob3FtSGlXSjI=,ext_001,二手交易,收二手电动车,预算有限，想收一辆能正常骑的电动车，最好有校区牌。,2,1,2026-01-31 21:35:57,2943.2667,教材|二手交易|电动车,生活,食堂区,0.0,0,1,0,10,normal,25,教材|二手交易|电动车
p_ext_001419,u_ext_00349,ext_007,课程评价,这门课给分怎么样,想问问作业量和期末难度。,0,0,2026-01-30 01:38:57,2987.2167,选课|老师|期末,学习,宿舍区,0.0,0,0,0,10,normal,12,选课|老师|期末
p_ext_001420,u_ext_00268,ext_002,问答求助,求推荐附近打印店,需要打印课程资料，想找价格合适的位置。,0,0,2026-05-18 04:25:57,392.4333,打印店|课程资料|校园卡|宿舍,生活,教学区,0.0,0,0,0,10,normal,19,打印店|课程资料|校园卡|宿舍
p_ext_001421,u_ext_00430,ext_002,问答求助,求问南校哪里可以自习,最近想找安静地方复习，想问问大家有什么推荐。,0,0,2026-02-04 04:24:57,2864.45,课程资料|宿舍|校园卡|打印店,生活,全校,0.0,0,0,0,10,normal,22,课程资料|宿舍|校园卡|打印店
p_ext_001422,u_ext_00322,ext_002,问答求助,求推荐附近打印店,需要打印课程资料，想找价格合适的位置。,0,0,2025-12-15 01:45:57,4091.1,打印店|课程资料|校园卡|求问,生活,校外,0.0,0,0,0,10,normal,19,打印店|课程资料|校园卡|求问
p_ext_001423,c21pZm9ZeXFsbytVemRDemxXZmFxNUtWaEs2TW5hYW1oWitWYklxUXo4ZXZhb0duaHFyRmhZcVVxWlNWZk5acWxxaWVyNWgybnJDV3IySjI=,ext_002,问答求助,求问校园卡补办流程,校园卡丢了，有没有同学知道补办需要带什么材料。,0,0,2026-03-08 17:36:57,2083.25,打印店|校园卡|求问|课程资料,生活,食堂区,0.0,0,0,0,10,normal,23,打印店|校园卡|求问|课程资料
p_ext_001424,u_ext_00104,ext_002,问答求助,宿舍维修一般多久来,已经报修了，想问问大家一般多久能处理。,0,0,2026-05-27 18:37:57,162.2333,求问|课程资料,生活,图书馆,0.0,0,0,0,10,normal,19,求问|课程资料
p_ext_001425,eGFXcXNYK1Z0Nk4vdWN5cmxXaXJyb0tWaEhxWm41cURobnVpc1lxbXg1eXphR2lTak4zTmE0ZVQxTktWZTgydGhaUmpyWTUwYjRXV3IySjI=,ext_013,失物招领,证件失物招领,在图书馆座位旁看到。,0,0,2026-04-08 19:50:57,1337.0167,失物招领|钥匙|校园卡,生活,宿舍区,0.0,0,0,0,10,normal,10,失物招领|钥匙|校园卡
p_ext_001426,u_ext_00120,ext_002,问答求助,求问南校哪里可以自习,最近想找安静地方复习，想问问大家有什么推荐。,0,0,2026-05-19 03:28:57,369.3833,课程资料|求问|宿舍|校园卡|打印店,生活,宿舍区,0.0,0,0,0,10,normal,22,课程资料|求问|宿舍|校园卡|打印店
p_ext_001427,u_ext_00109,ext_001,二手交易,收二手电动车,预算有限，想收一辆能正常骑的电动车，最好有校区牌。,1,1,2026-05-04 12:42:57,720.15,电动车|闲置,生活,校外,0.0,0,0,0,10,normal,25,电动车|闲置
p_ext_001428,u_ext_00127,ext_006,考研保研,考研学习搭子,希望每天互相打卡，保持节奏。,0,0,2026-04-08 00:27:57,1356.4,考研|复试|学习经验,学习,食堂区,0.0,0,0,0,10,normal,14,考研|复试|学习经验
p_ext_001429,u_ext_00419,ext_002,问答求助,求问南校哪里可以自习,最近想找安静地方复习，想问问大家有什么推荐。,1,1,2026-05-29 21:07:57,111.7333,宿舍|求问|校园卡,生活,校外,0.0,0,0,0,10,normal,22,宿舍|求问|校园卡
p_ext_001430,u_ext_00335,ext_002,问答求助,求问校园卡补办流程,校园卡丢了，有没有同学知道补办需要带什么材料。,0,0,2026-02-04 11:06:57,2857.75,求问|打印店|宿舍|校园卡,生活,宿舍区,0.0,0,0,0,10,normal,23,求问|打印店|宿舍|校园卡
p_ext_001431,u_ext_00142,ext_004,校园生活,有人一起去操场跑步吗,晚上想找搭子慢跑，节奏轻松就行。,0,0,2026-04-22 00:14:57,1020.6167,宿舍|共享厨房|食堂,社交,教学区,0.0,0,0,0,10,normal,16,宿舍|共享厨房|食堂
p_ext_001432,u_ext_00481,ext_002,问答求助,宿舍维修一般多久来,已经报修了，想问问大家一般多久能处理。,0,0,2026-04-14 08:22:57,1204.4833,打印店|宿舍|校园卡|求问,生活,宿舍区,0.0,0,0,0,10,normal,19,打印店|宿舍|校园卡|求问
p_ext_001433,u_ext_00132,ext_002,问答求助,求问南校哪里可以自习,最近想找安静地方复习，想问问大家有什么推荐。,1,1,2026-02-12 22:18:57,2654.55,课程资料|校园卡|求问,生活,全校,0.0,0,0,0,10,normal,22,课程资料|校园卡|求问
p_ext_001434,u_ext_00379,ext_002,问答求助,求问校园卡补办流程,校园卡丢了，有没有同学知道补办需要带什么材料。,1,1,2026-01-16 04:46:57,3320.0833,校园卡|课程资料|宿舍,生活,宿舍区,0.0,0,0,0,10,normal,23,校园卡|课程资料|宿舍
p_ext_001435,u_ext_00482,ext_002,问答求助,宿舍维修一般多久来,已经报修了，想问问大家一般多久能处理。,1,1,2026-01-16 19:39:57,3305.2,宿舍|求问|课程资料|打印店|校园卡,生活,校外,0.0,0,0,0,10,normal,19,宿舍|求问|课程资料|打印店|校园卡
p_ext_001436,u_ext_00207,ext_008,食堂生活,食堂新窗口测评,今天试了一下，味道和分量都还可以。,3,1,2026-03-20 22:59:57,1789.8667,窗口测评|优惠|食堂|拼饭,生活,宿舍区,0.0,0,0,0,10,normal,17,窗口测评|优惠|食堂|拼饭
p_ext_001437,c28ybnJJelEwSzZHbExhNWxZM09xSlBOYTRPTmlKQ0lsYUNtallSL3FkbXZrSmVwZzlDM2hYL1BzcytCaTZOcGZ0eUFwWnFmbld1WHIySjI=,ext_002,问答求助,求问校园卡补办流程,校园卡丢了，有没有同学知道补办需要带什么材料。,0,0,2026-03-31 05:31:57,1543.3333,校园卡|课程资料|宿舍|打印店,生活,图书馆,0.0,0,0,0,10,normal,23,校园卡|课程资料|宿舍|打印店
p_ext_001438,u_ext_00274,ext_001,二手交易,收二手电动车,预算有限，想收一辆能正常骑的电动车，最好有校区牌。,3,1,2026-02-01 06:00:57,2934.85,电动车|闲置|教材|租房,生活,教学区,50.0,1,1,0,10,normal,25,电动车|闲置|教材|租房
p_ext_001439,u_ext_00344,ext_002,问答求助,求问南校哪里可以自习,最近想找安静地方复习，想问问大家有什么推荐。,0,0,2026-02-03 07:09:57,2885.7,打印店|求问|课程资料|校园卡|宿舍,生活,全校,0.0,0,0,0,10,normal,22,打印店|求问|课程资料|校园卡|宿舍
p_ext_001440,u_ext_00297,ext_008,食堂生活,午餐拼饭帖,中午想找人一起吃饭，地点在食堂区。,2,1,2026-03-23 19:05:57,1721.7667,校园生活|窗口测评|拼饭|食堂|优惠,生活,图书馆,0.0,0,0,0,10,normal,17,校园生活|窗口测评|拼饭|食堂|优惠
p_ext_001441,u_ext_00228,ext_003,恋爱交友,找学习搭子,希望互相监督学习，地点可以在图书馆。,0,0,2025-12-05 14:38:57,4318.2167,交友|羽毛球|活动|拍照|搭子,社交,全校,0.0,0,0,0,10,normal,18,交友|羽毛球|活动|拍照|搭子
p_ext_001442,cjdLWGpuK1V5R2VTcWNpdWwzcXduWWVTcG95T2hwNXJpWXQ0Zkl5Tng3aTJmbzF1aExpYWJJUzUxNWFXWjgxcGxiZUloSnVGZjJ1SmlXSjI=,ext_009,社团活动,志愿服务招募,需要几位同学协助现场秩序。,0,0,2026-06-03 00:27:57,12.4,志愿服务|交友|招新,社交,食堂区,0.0,0,0,0,10,normal,13,志愿服务|交友|招新
p_ext_001443,u_ext_00189,ext_010,竞赛科研,竞赛组队招募,方向初步确定，缺会写代码和做展示的同学。,1,1,2026-01-30 08:47:57,2980.0667,科研项目|论文|竞赛|创新项目,发展,教学区,0.0,0,0,0,10,normal,20,科研项目|论文|竞赛|创新项目
p_ext_001444,dDQ1MWk1ZTN4YkIvazY2MmxYcXdvSU8zZktHWWhxWm9tR2RqYVptUnZhN0NwWTJLaDZlM1pwWE9wcFNNWnJSK2twSnJlcGxpa0krTGlXSjI=,ext_012,兼职实习,实习信息交流,看到一些岗位，想和大家讨论一下。,1,1,2026-01-26 04:52:57,3079.9833,招聘|兼职|家教|实习,发展,教学区,0.0,0,0,0,10,normal,16,招聘|兼职|家教|实习
p_ext_001445,u_ext_00136,ext_002,问答求助,求问南校哪里可以自习,最近想找安静地方复习，想问问大家有什么推荐。,0,0,2026-01-17 04:14:57,3296.6167,打印店|校园卡|求问|课程资料|宿舍,生活,教学区,0.0,0,0,0,10,normal,22,打印店|校园卡|求问|课程资料|宿舍
p_ext_001446,c3BDRWE1YmRzNmFXdDVqWmlxUE9nWWpQZUg2RmVKNktsNHQ4azRlUXg5YXpmYUtyaEttcmZaT1NxcGVFcjdSOGc3YWFnSTJjYjJtWHIySjI=,ext_002,问答求助,求推荐附近打印店,需要打印课程资料，想找价格合适的位置。,0,0,2025-12-09 04:18:57,4232.55,校园卡|课程资料|打印店,生活,全校,0.0,0,0,0,10,normal,19,校园卡|课程资料|打印店
p_ext_001447,u_ext_00369,ext_002,问答求助,宿舍维修一般多久来,已经报修了，想问问大家一般多久能处理。,1,1,2026-04-27 16:39:57,884.2,求问|宿舍|课程资料|打印店|校园卡,生活,教学区,0.0,0,0,0,10,normal,19,求问|宿舍|课程资料|打印店|校园卡
p_ext_001448,d21xQmg0aVRrbytHcXFxNm1JbkdwMzY2b2JDY25KbXdpNHllZzVtT201aXZhNStsbHMydXFJV25sSkdZb3Bkb2xaS0hycGlFYjRlSWlXSjI=,ext_002,问答求助,宿舍维修一般多久来,已经报修了，想问问大家一般多久能处理。,1,1,2026-03-17 09:42:57,1875.15,宿舍|校园卡|打印店|求问|课程资料,生活,图书馆,0.0,0,0,0,10,normal,19,宿舍|校园卡|打印店|求问|课程资料
p_ext_001449,u_ext_00403,ext_002,问答求助,求推荐附近打印店,需要打印课程资料，想找价格合适的位置。,1,1,2026-05-17 04:03:57,416.8,求问|课程资料|打印店,生活,校外,0.0,0,0,0,10,normal,19,求问|课程资料|打印店
p_ext_001450,dEk5a2duK3JxcStJcVpYUWhtYThqWVdwbGE2TmRtdU9pSDJhcEllUnBkRzdmWUN4ZjVXcWFaS3F6OWlJZkphdGZaT2FiSnBpakxLR2lXSjI=,ext_001,二手交易,出二手自行车,车况正常，适合校内通勤，珠海校区附近交易，可自提。,5,1,2026-05-19 02:43:57,370.1333,闲置|二手交易|教材|电动车|租房,生活,图书馆,0.0,0,1,0,10,normal,25,闲置|二手交易|教材|电动车|租房
p_ext_001451,u_ext_00252,ext_002,问答求助,求问校园卡补办流程,校园卡丢了，有没有同学知道补办需要带什么材料。,0,0,2026-03-16 21:22:57,1887.4833,打印店|宿舍|求问,生活,全校,0.0,0,0,0,10,normal,23,打印店|宿舍|求问
p_ext_001452,u_ext_00162,ext_002,问答求助,求问校园卡补办流程,校园卡丢了，有没有同学知道补办需要带什么材料。,1,1,2026-02-04 12:28:57,2856.3833,校园卡|打印店|求问|宿舍|课程资料,生活,图书馆,0.0,0,0,0,10,normal,23,校园卡|打印店|求问|宿舍|课程资料
p_ext_001453,u_ext_00106,ext_002,问答求助,宿舍维修一般多久来,已经报修了，想问问大家一般多久能处理。,0,0,2026-01-16 19:28:57,3305.3833,宿舍|求问|打印店|校园卡|课程资料,生活,教学区,0.0,0,0,0,10,normal,19,宿舍|求问|打印店|校园卡|课程资料
p_ext_001454,u_ext_00312,ext_009,社团活动,志愿服务招募,需要几位同学协助现场秩序。,0,0,2025-12-04 17:02:57,4339.8167,活动|社团|交友|志愿服务|招新,社交,宿舍区,0.0,0,0,0,10,normal,13,活动|社团|交友|志愿服务|招新
p_ext_001455,u_ext_00303,ext_002,问答求助,求推荐附近打印店,需要打印课程资料，想找价格合适的位置。,1,1,2026-04-15 22:13:57,1166.6333,打印店|校园卡|宿舍|求问,生活,校外,0.0,0,0,0,10,normal,19,打印店|校园卡|宿舍|求问
p_ext_001456,u_ext_00142,ext_001,二手交易,出考研资料,资料保存完整，适合复习使用，价格可小刀。,0,0,2026-02-15 08:35:57,2596.2667,闲置|二手交易,生活,全校,0.0,0,0,0,10,normal,20,闲置|二手交易
p_ext_001457,cjJpcWJJblFyNE9UdHJLdWlHYTRqcFBPZEcyY25JQ3BpWHFlYnBlUXJiK3Zhb1dLaEpiUnJwV21wdHFGZTlLR2hhbDRxSnRrZUtHQ2VXSjI=,ext_002,问答求助,求问南校哪里可以自习,最近想找安静地方复习，想问问大家有什么推荐。,0,0,2026-01-27 11:20:57,3049.5167,求问|宿舍,生活,教学区,0.0,0,0,0,10,normal,22,求问|宿舍
p_ext_001458,cm55Qm1uNlRrcTZJemJhVWYyV3JwcFNWaUtlWW5xNm1sb3VBaEpocjBwYTZwSTE5aTdxcmdaS3Fzc3lZZk1xQWs1UmpwNDFrbm15R2lXSjI=,ext_001,二手交易,收二手电动车,预算有限，想收一辆能正常骑的电动车，最好有校区牌。,2,1,2026-05-11 19:02:57,545.8167,租房|闲置|电动车|二手交易|教材,生活,教学区,50.0,1,0,0,10,normal,25,租房|闲置|电动车|二手交易|教材
p_ext_001459,u_ext_00497,ext_002,问答求助,求推荐附近打印店,需要打印课程资料，想找价格合适的位置。,0,0,2026-01-01 03:51:57,3681.0,宿舍|打印店|课程资料|校园卡|求问,生活,校外,0.0,0,0,0,10,normal,19,宿舍|打印店|课程资料|校园卡|求问
p_ext_001460,u_ext_00332,ext_002,问答求助,求推荐附近打印店,需要打印课程资料，想找价格合适的位置。,0,0,2026-01-24 20:01:57,3112.8333,宿舍|打印店|校园卡|求问,生活,校外,0.0,0,0,0,10,normal,19,宿舍|打印店|校园卡|求问
p_ext_001461,c0h4NWlJelF0bXAvdHNlVmYyZkdqSlMzZ0lHWXE2S25pWHFXckpwcDE3ZTJpMnlLbGN5YWpJdmJuY0tCbzgxa2dMZWloWTZJcHBHSGlXSjI=,ext_002,问答求助,求问南校哪里可以自习,最近想找安静地方复习，想问问大家有什么推荐。,0,0,2026-02-08 18:10:57,2754.6833,课程资料|打印店|宿舍|校园卡|求问,生活,校外,0.0,0,0,0,10,normal,22,课程资料|打印店|宿舍|校园卡|求问
p_ext_001462,u_ext_00399,ext_003,恋爱交友,找学习搭子,希望互相监督学习，地点可以在图书馆。,1,1,2026-05-24 21:45:57,231.1,拍照|交友|活动,社交,全校,0.0,0,0,0,10,normal,18,拍照|交友|活动
p_ext_001463,u_ext_00309,ext_003,恋爱交友,找学习搭子,希望互相监督学习，地点可以在图书馆。,1,1,2026-01-24 02:16:57,3130.5833,羽毛球|拍照|活动|搭子,社交,食堂区,0.0,0,0,0,10,normal,18,羽毛球|拍照|活动|搭子
p_ext_001464,czQrRmdaV3IwWW1FcHNpa2xwK2tycFduZUt1WVpKcUFqb2w4ajQyT25LeTRqWmVUZnBQVWFuK1NzdEdHbjg1K2k4MkVzSm1GaUhxRmlXSjI=,ext_002,问答求助,宿舍维修一般多久来,已经报修了，想问问大家一般多久能处理。,0,0,2026-05-03 16:32:57,740.3167,宿舍|求问,生活,图书馆,0.0,0,0,0,10,normal,19,宿舍|求问
p_ext_001465,cm95WGhwZTZ1NFNLbE1pNGdaK25aNHJRZUt5YWRvQ2toWXBqczVlQW5KYTBwSW1TZ0x2RVozKzN6TFNDakp0bmxybUFoSmgxa0c2TGlXSjI=,ext_002,问答求助,求问南校哪里可以自习,最近想找安静地方复习，想问问大家有什么推荐。,0,0,2026-03-03 19:08:57,2201.7167,打印店|求问|课程资料,生活,校外,0.0,0,0,0,10,normal,22,打印店|求问|课程资料
p_ext_001466,u_ext_00281,ext_012,兼职实习,家教兼职招人,时间可协调，地点离学校不远。,0,0,2026-02-25 22:56:57,2341.9167,家教|薪资,发展,图书馆,0.0,0,1,0,10,normal,14,家教|薪资
p_ext_001467,u_ext_00187,ext_008,食堂生活,隐藏菜单分享,最近发现一个不错的搭配，价格也还行。,5,1,2026-03-04 23:10:57,2173.6833,拼饭|窗口测评|优惠,生活,图书馆,0.0,0,0,0,10,normal,18,拼饭|窗口测评|优惠
p_ext_001468,u_ext_00113,ext_007,课程评价,老师上课风格讨论,准备下学期选课，想了解课堂节奏。,0,0,2026-01-04 01:48:57,3611.05,老师|期末|选课|给分,学习,食堂区,0.0,0,0,0,10,normal,16,老师|期末|选课|给分
p_ext_001469,u_ext_00346,ext_004,校园生活,有人一起去操场跑步吗,晚上想找搭子慢跑，节奏轻松就行。,1,1,2026-04-12 07:57:57,1252.9,共享厨房|校园生活,社交,图书馆,0.0,0,0,0,10,normal,16,共享厨房|校园生活
p_ext_001470,u_ext_00384,ext_004,校园生活,宿舍区附近有什么好吃的,想换换口味，求推荐附近小店。,0,0,2026-02-22 15:37:57,2421.2333,食堂|宿舍|校园生活|校车|共享厨房,社交,全校,0.0,0,0,0,10,normal,14,食堂|宿舍|校园生活|校车|共享厨房
p_ext_001471,u_ext_00365,ext_002,问答求助,求推荐附近打印店,需要打印课程资料，想找价格合适的位置。,0,0,2026-01-14 13:10:57,3359.6833,打印店|校园卡|课程资料|求问,生活,教学区,0.0,0,0,0,10,normal,19,打印店|校园卡|课程资料|求问
p_ext_001472,u_ext_00491,ext_002,问答求助,宿舍维修一般多久来,已经报修了，想问问大家一般多久能处理。,1,1,2025-12-13 05:18:57,4135.55,宿舍|课程资料|校园卡|求问|打印店,生活,宿舍区,0.0,0,0,0,10,normal,19,宿舍|课程资料|校园卡|求问|打印店
p_ext_001473,u_ext_00346,ext_002,问答求助,求问校园卡补办流程,校园卡丢了，有没有同学知道补办需要带什么材料。,0,0,2026-03-07 10:50:57,2114.0167,课程资料|校园卡|求问,生活,图书馆,0.0,0,0,0,10,normal,23,课程资料|校园卡|求问
p_ext_001474,u_ext_00384,ext_002,问答求助,宿舍维修一般多久来,已经报修了，想问问大家一般多久能处理。,0,0,2026-02-03 20:30:57,2872.35,课程资料|打印店,生活,教学区,0.0,0,0,0,10,normal,19,课程资料|打印店
p_ext_001475,u_ext_00187,ext_002,问答求助,宿舍维修一般多久来,已经报修了，想问问大家一般多久能处理。,0,0,2026-05-10 19:29:57,569.3667,宿舍|求问|校园卡|课程资料|打印店,生活,校外,0.0,0,0,0,10,normal,19,宿舍|求问|校园卡|课程资料|打印店
p_ext_001476,u_ext_00467,ext_002,问答求助,求问南校哪里可以自习,最近想找安静地方复习，想问问大家有什么推荐。,0,0,2026-01-16 21:46:57,3303.0833,宿舍|打印店|校园卡|课程资料,生活,食堂区,0.0,0,0,0,10,normal,22,宿舍|打印店|校园卡|课程资料
p_ext_001477,dTRDQnNZTzZ4WXlVdXRETWhLK2tnWWlscGErYVpJaXJncDVxYll5Qng2NjFqcGF5bDdqRmE1S3F2cmlHb2M1a2k4K3FnWngyWjZtTnIySjI=,ext_002,问答求助,求问南校哪里可以自习,最近想找安静地方复习，想问问大家有什么推荐。,0,0,2026-05-10 13:58:57,574.8833,课程资料|求问|校园卡|打印店,生活,宿舍区,0.0,0,0,0,10,normal,22,课程资料|求问|校园卡|打印店
p_ext_001478,u_ext_00465,ext_003,恋爱交友,找健身搭子,每周两三次，强度不用太高。,0,0,2026-03-25 09:08:57,1683.7167,交友|拍照|活动,社交,食堂区,0.0,0,0,0,10,normal,13,交友|拍照|活动
p_ext_001479,u_ext_00340,ext_001,二手交易,出考研资料,资料保存完整，适合复习使用，价格可小刀。,1,1,2026-05-09 01:35:57,611.2667,二手交易|闲置|电动车|租房,生活,食堂区,50.0,0,1,0,10,normal,20,二手交易|闲置|电动车|租房
p_ext_001480,u_ext_00111,ext_002,问答求助,求推荐附近打印店,需要打印课程资料，想找价格合适的位置。,0,0,2026-03-15 19:44:57,1913.1167,求问|课程资料|宿舍|打印店,生活,教学区,0.0,0,0,0,10,normal,19,求问|课程资料|宿舍|打印店
p_ext_001481,u_ext_00500,ext_002,问答求助,求问南校哪里可以自习,最近想找安静地方复习，想问问大家有什么推荐。,0,0,2026-02-09 23:34:57,2725.2833,宿舍|校园卡,生活,校外,0.0,0,0,0,10,normal,22,宿舍|校园卡
p_ext_001482,czMxbnNaU251NUNBcHI2cGlHVzhkNGE2ZktXRlk2S0poMmlpZ28rbTA5dkZvMzJ5Z0xpN2VwV295TnVIWnNxTmhaUjhwSnFGaklTRGVXSjI=,ext_001,二手交易,毕业季出闲置,整理宿舍出一些闲置物品，优先校内自提。,0,0,2026-02-25 12:57:57,2351.9,闲置|电动车,生活,教学区,0.0,0,1,0,10,normal,19,闲置|电动车
p_ext_001483,dXFLSmlwYW5zNnlVa3FxM2xtVzRycGE0ZDIyT2VZeG9sMmlBb1psOG05N0RrSWh1Z2Flam9aV1UwTmlVcjZPdGk2aWhzSnQ1Z0hxRmlXSjI=,ext_001,二手交易,毕业季出闲置,整理宿舍出一些闲置物品，优先校内自提。,0,0,2025-12-07 14:59:57,4269.8667,二手交易|电动车|教材,生活,校外,150.0,1,0,0,10,normal,19,二手交易|电动车|教材
p_ext_001484,u_ext_00432,ext_010,竞赛科研,论文阅读小组,一起读论文，互相讲解重点。,1,1,2025-12-21 18:06:57,3930.75,竞赛|科研项目,发展,食堂区,0.0,0,0,0,10,normal,13,竞赛|科研项目
p_ext_001485,u_ext_00307,ext_008,食堂生活,食堂新窗口测评,今天试了一下，味道和分量都还可以。,1,1,2026-03-02 01:28:57,2243.3833,校园生活|拼饭|优惠,生活,全校,0.0,0,0,0,10,normal,17,校园生活|拼饭|优惠
p_ext_001486,dXFWamFaUzQwV2VEdUxHU2w2T3paMytWb3BDYmlHdURoNHlkcTRtUHg2eXlwSUdMaEtxbnFZZTNyWlNHaXB1dGhLaWlnNE5rbm9HQmVXSjI=,ext_001,二手交易,毕业季出闲置,整理宿舍出一些闲置物品，优先校内自提。,1,1,2026-01-12 19:06:57,3401.75,闲置|租房|教材|二手交易,生活,食堂区,20.0,1,0,0,10,normal,19,闲置|租房|教材|二手交易
p_ext_001487,u_ext_00210,ext_002,问答求助,求问校园卡补办流程,校园卡丢了，有没有同学知道补办需要带什么材料。,0,0,2025-12-16 07:24:57,4061.45,求问|校园卡|打印店|课程资料|宿舍,生活,全校,0.0,0,0,0,10,normal,23,求问|校园卡|打印店|课程资料|宿舍
p_ext_001488,u_ext_00410,ext_001,二手交易,收二手电动车,预算有限，想收一辆能正常骑的电动车，最好有校区牌。,3,1,2026-05-03 00:37:57,756.2333,闲置|电动车|教材|二手交易|租房,生活,宿舍区,0.0,1,0,0,10,normal,25,闲置|电动车|教材|二手交易|租房
p_ext_001489,dGFKNGFZQ1QxWWFIMExiUWwyYTRoMzY0bW9lUmVLMXBsNkdMYVkyaTE5T3dmWmVFaGFpV3JwUE4zTGlJcjhxTWk2cWlzcG1Jakh1WHIySjI=,ext_001,二手交易,收二手电动车,预算有限，想收一辆能正常骑的电动车，最好有校区牌。,0,0,2026-05-10 02:19:57,586.5333,闲置|二手交易,生活,食堂区,0.0,1,0,0,10,normal,25,闲置|二手交易
p_ext_001490,u_ext_00152,ext_006,考研保研,408 考研经验分享,按阶段整理了复习计划和资料选择。,0,0,2025-12-19 13:04:57,3983.7833,复试|学习经验,学习,图书馆,0.0,0,0,0,10,normal,16,复试|学习经验
p_ext_001491,dzQ5OWFZU1Rsb0NBdU5DMGlxR3dpSVMzYXJHR2VZZHBsNHVoYllWK3RjNnprSDJ4aWMzSWE1S21ycmlHaTd1bWZKS0FqNFoyb29lSWlXSjI=,ext_002,问答求助,求推荐附近打印店,需要打印课程资料，想找价格合适的位置。,0,0,2026-03-30 12:28:57,1560.3833,课程资料|宿舍|校园卡|求问|打印店,生活,食堂区,0.0,0,0,0,10,normal,19,课程资料|宿舍|校园卡|求问|打印店
p_ext_001492,dDZOa2ZJeTRyMzZIbExhV2hJbkdvbnlWbm8rRWlZdHJoNitla1pwcXhwcXpqV1NrbHF1anI0QzZxZHFOZk5xQWY4K0FqNGFIcHBtWXIySjI=,ext_001,二手交易,出二手自行车,车况正常，适合校内通勤，珠海校区附近交易，可自提。,0,0,2026-05-24 11:32:57,241.3167,闲置|教材|电动车|租房,生活,教学区,50.0,1,1,0,10,normal,25,闲置|教材|电动车|租房
p_ext_001493,u_ext_00367,ext_001,二手交易,出二手自行车,车况正常，适合校内通勤，东校园附近交易，可自提。,0,0,2026-02-06 22:47:57,2798.0667,二手交易|闲置|租房|电动车|教材,生活,教学区,10.0,1,0,0,10,normal,24,二手交易|闲置|租房|电动车|教材
p_ext_001494,dG1tSmZJZXJ1NEdEM01pMmpZcTBhcFMybm9pSW01MXRsWHlJcDRwK3FiMjRqNFJyaHBXbWFaU3F2czZHakxPdGc4OWpzb3FjZTJtSmlXSjI=,ext_011,实习就业,有没有同学了解这个岗位,想问问工作内容和面试形式。,1,1,2026-05-15 05:15:57,463.6,就业|招聘|简历|面试|实习,发展,教学区,0.0,0,0,0,10,normal,13,就业|招聘|简历|面试|实习
p_ext_001495,u_ext_00424,ext_002,问答求助,求推荐附近打印店,需要打印课程资料，想找价格合适的位置。,0,0,2026-03-07 22:09:57,2102.7,校园卡|求问|打印店,生活,食堂区,0.0,0,0,0,10,normal,19,校园卡|求问|打印店
p_ext_001496,u_ext_00190,ext_012,兼职实习,兼职避坑提醒,整理一些常见注意事项。,0,0,2026-04-08 06:13:57,1350.6333,兼职|招聘|实习|薪资,发展,图书馆,0.0,0,1,0,10,normal,11,兼职|招聘|实习|薪资
p_ext_001497,u_ext_00435,ext_001,二手交易,收二手电动车,预算有限，想收一辆能正常骑的电动车，最好有校区牌。,2,1,2025-12-09 19:42:57,4217.15,教材|二手交易,生活,全校,50.0,0,1,0,10,normal,25,教材|二手交易
p_ext_001498,u_ext_00301,ext_007,课程评价,老师上课风格讨论,准备下学期选课，想了解课堂节奏。,0,0,2026-03-24 16:55:57,1699.9333,给分|老师|选课|课程评价|期末,学习,宿舍区,0.0,0,0,0,10,normal,16,给分|老师|选课|课程评价|期末
p_ext_001499,eFdwb29wZlJ5YStGazYyVmdLTFNpSlMyakxLTWQ2WnRsbnhuYm95T3k2eTNwcHF5Zjg3RmpvYTVxc3lJakplRWk1V0VxNW1jZ0s2Q2VXSjI=,ext_002,问答求助,求推荐附近打印店,需要打印课程资料，想找价格合适的位置。,0,0,2026-05-16 08:55:57,435.9333,校园卡|课程资料,生活,食堂区,0.0,0,0,0,10,normal,19,校园卡|课程资料
p_ext_001500,u_ext_00105,ext_006,考研保研,408 考研经验分享,按阶段整理了复习计划和资料选择。,0,0,2026-03-20 07:29:57,1805.3667,408|保研,学习,全校,0.0,0,0,0,10,normal,16,408|保研
p_ext_001501,u_ext_00294,ext_001,二手交易,出二手自行车,车况正常，适合校内通勤，南校园附近交易，可自提。,1,1,2025-12-24 11:08:57,3865.7167,租房|闲置,生活,图书馆,0.0,1,1,0,10,normal,24,租房|闲置
p_ext_001502,u_ext_00130,ext_002,问答求助,宿舍维修一般多久来,已经报修了，想问问大家一般多久能处理。,1,1,2026-02-03 16:55:57,2875.9333,课程资料|宿舍,生活,宿舍区,0.0,0,0,0,10,normal,19,课程资料|宿舍
p_ext_001503,u_ext_00380,ext_001,二手交易,出二手自行车,车况正常，适合校内通勤，南校园附近交易，可自提。,2,1,2026-03-15 20:07:57,1912.7333,电动车|租房,生活,教学区,0.0,0,1,0,10,normal,24,电动车|租房
p_ext_001504,u_ext_00193,ext_001,二手交易,出二手自行车,车况正常，适合校内通勤，北校园附近交易，可自提。,3,1,2026-03-21 11:39:57,1777.2,电动车|二手交易|教材|闲置,生活,教学区,90.0,0,0,0,10,normal,24,电动车|二手交易|教材|闲置
p_ext_001505,u_ext_00231,ext_002,问答求助,求问南校哪里可以自习,最近想找安静地方复习，想问问大家有什么推荐。,0,0,2026-05-10 16:33:57,572.3,校园卡|宿舍|求问|打印店,生活,校外,0.0,0,0,0,10,normal,22,校园卡|宿舍|求问|打印店
p_ext_001506,u_ext_00430,ext_001,二手交易,收二手电动车,预算有限，想收一辆能正常骑的电动车，最好有校区牌。,1,1,2026-02-12 11:13:57,2665.6333,二手交易|闲置|租房,生活,宿舍区,0.0,1,0,0,10,normal,25,二手交易|闲置|租房
p_ext_001507,u_ext_00277,ext_002,问答求助,求推荐附近打印店,需要打印课程资料，想找价格合适的位置。,0,0,2026-03-06 23:06:57,2125.75,打印店|校园卡|宿舍,生活,食堂区,0.0,0,0,0,10,normal,19,打印店|校园卡|宿舍
p_ext_001508,u_ext_00113,ext_013,失物招领,请帮忙找背包,今天下午可能落在自习室。,0,0,2026-05-02 16:37:57,764.2333,证件|教学楼|失物招领,生活,食堂区,0.0,0,0,0,10,normal,12,证件|教学楼|失物招领
p_ext_001509,u_ext_00124,ext_002,问答求助,求推荐附近打印店,需要打印课程资料，想找价格合适的位置。,1,1,2026-02-22 09:27:57,2427.4,打印店|求问|课程资料|宿舍|校园卡,生活,图书馆,0.0,0,0,0,10,normal,19,打印店|求问|课程资料|宿舍|校园卡
p_ext_001510,u_ext_00272,ext_002,问答求助,求推荐附近打印店,需要打印课程资料，想找价格合适的位置。,0,0,2026-01-30 12:02:57,2976.8167,打印店|求问|课程资料|校园卡,生活,教学区,0.0,0,0,0,10,normal,19,打印店|求问|课程资料|校园卡
p_ext_001511,dDZOa2ZJeTRyMzZIbExhV2hJbkdvbnlWbm8rRWlZdHJoNitla1pwcXhwcXpqV1NrbHF1anI0QzZxZHFOZk5xQWY4K0FqNGFIcHBtWXIySjI=,ext_002,问答求助,求问南校哪里可以自习,最近想找安静地方复习，想问问大家有什么推荐。,0,0,2026-05-15 23:45:57,445.1,宿舍|校园卡|打印店|求问,生活,全校,0.0,0,0,0,10,normal,22,宿舍|校园卡|打印店|求问
p_ext_001512,dUtSNWI0UzNxbWFTcU5DN2w2SzBwNUxQcW9lWW5LMnhpWXBtYkltQnRhckNhcU9qaTg2N2ZwSzUzTmVZaXE5bGdwSjRhWkdkcHF1S2lXSjI=,ext_002,问答求助,宿舍维修一般多久来,已经报修了，想问问大家一般多久能处理。,1,1,2025-12-27 02:27:57,3802.4,课程资料|宿舍,生活,食堂区,0.0,0,0,0,10,normal,19,课程资料|宿舍
p_ext_001513,u_ext_00412,ext_008,食堂生活,隐藏菜单分享,最近发现一个不错的搭配，价格也还行。,0,0,2025-12-16 18:54:57,4049.95,食堂|窗口测评|优惠|拼饭,生活,校外,0.0,0,0,0,10,normal,18,食堂|窗口测评|优惠|拼饭
p_ext_001514,u_ext_00331,ext_003,恋爱交友,找学习搭子,希望互相监督学习，地点可以在图书馆。,1,1,2026-05-10 03:01:57,585.8333,羽毛球|交友|拍照|搭子|活动,社交,食堂区,0.0,0,0,0,10,normal,18,羽毛球|交友|拍照|搭子|活动
p_ext_001515,u_ext_00245,ext_002,问答求助,宿舍维修一般多久来,已经报修了，想问问大家一般多久能处理。,0,0,2026-01-14 23:15:57,3349.6,校园卡|求问|宿舍,生活,宿舍区,0.0,0,0,0,10,normal,19,校园卡|求问|宿舍
p_ext_001516,cjZGc2lJdTZwNCtGcWFxMWhwL0daWCtUaEtPYm5tYXZncTkwcDRGc3JKdkRvb2h0bEpXV29vVFFydGlKbjZpTmhKT2llcHRqbm51QmVXSjI=,ext_002,问答求助,求问南校哪里可以自习,最近想找安静地方复习，想问问大家有什么推荐。,0,0,2026-02-15 05:46:57,2599.0833,打印店|校园卡|求问|宿舍,生活,教学区,0.0,0,0,0,10,normal,22,打印店|校园卡|求问|宿舍
p_ext_001517,u_ext_00376,ext_003,恋爱交友,找健身搭子,每周两三次，强度不用太高。,0,0,2026-05-27 17:47:57,163.0667,拍照|活动|羽毛球|交友|搭子,社交,宿舍区,0.0,0,0,0,10,normal,13,拍照|活动|羽毛球|交友|搭子
p_ext_001518,u_ext_00202,ext_002,问答求助,求推荐附近打印店,需要打印课程资料，想找价格合适的位置。,1,1,2026-01-22 09:57:57,3170.9,打印店|校园卡|课程资料|宿舍|求问,生活,教学区,0.0,0,0,0,10,normal,19,打印店|校园卡|课程资料|宿舍|求问
p_ext_001519,u_ext_00320,ext_001,二手交易,出考研资料,资料保存完整，适合复习使用，价格可小刀。,0,0,2026-01-30 12:08:57,2976.7167,闲置|电动车|教材|租房|二手交易,生活,食堂区,0.0,0,0,0,10,normal,20,闲置|电动车|教材|租房|二手交易
p_ext_001520,u_ext_00276,ext_002,问答求助,求问南校哪里可以自习,最近想找安静地方复习，想问问大家有什么推荐。,1,1,2026-05-13 05:26:57,511.4167,课程资料|宿舍|校园卡,生活,食堂区,0.0,0,0,0,10,normal,22,课程资料|宿舍|校园卡
p_ext_001521,u_ext_00299,ext_001,二手交易,毕业季出闲置,整理宿舍出一些闲置物品，优先校内自提。,0,0,2026-02-03 18:31:57,2874.3333,闲置|租房|电动车|教材|二手交易,生活,宿舍区,10.0,1,0,0,10,normal,19,闲置|租房|电动车|教材|二手交易
p_ext_001522,u_ext_00469,ext_004,校园生活,吐槽一下今天的校车,等车时间有点久，大家最近有没有类似情况。,0,0,2026-04-26 04:45:57,920.1,食堂|校车|校园生活,社交,教学区,0.0,0,0,0,10,normal,20,食堂|校车|校园生活
p_ext_001523,u_ext_00445,ext_003,恋爱交友,找健身搭子,每周两三次，强度不用太高。,0,0,2026-05-23 22:09:57,254.7,交友|拍照|活动|羽毛球|搭子,社交,全校,0.0,0,0,0,10,normal,13,交友|拍照|活动|羽毛球|搭子
p_ext_001524,dDJ1WHNZQ25vMzJGdHI3UGlZck5aNFhRZUl1Sm5LcUpnb3hucVl5eno3QzRqcDZ3bE4yN3BwVGN2cStOWnNXcWlwT01wWVY1cGFxQmVXSjI=,ext_002,问答求助,求推荐附近打印店,需要打印课程资料，想找价格合适的位置。,0,0,2026-05-21 13:54:57,310.95,校园卡|宿舍,生活,宿舍区,0.0,0,0,0,10,normal,19,校园卡|宿舍
p_ext_001525,u_ext_00104,ext_002,问答求助,宿舍维修一般多久来,已经报修了，想问问大家一般多久能处理。,0,0,2026-03-10 07:22:57,2045.4833,求问|宿舍|课程资料|校园卡|打印店,生活,食堂区,0.0,0,0,0,10,normal,19,求问|宿舍|课程资料|校园卡|打印店
p_ext_001526,dEk2YnFKVzQyR2lTenE2NmlZM1NmWlRjbXFXTGVKbXZpM3Flc1pkcnZkckZhbm1JaHN5YXNKTzVzdHFOak5hbWhKV2VzcEdGZ0txS2lXSjI=,ext_002,问答求助,宿舍维修一般多久来,已经报修了，想问问大家一般多久能处理。,0,0,2026-01-23 18:48:57,3138.05,宿舍|课程资料,生活,教学区,0.0,0,0,0,10,normal,19,宿舍|课程资料
p_ext_001527,u_ext_00443,ext_001,二手交易,出二手自行车,车况正常，适合校内通勤，东校园附近交易，可自提。,5,1,2026-03-02 23:46:57,2221.0833,闲置|教材|租房|二手交易,生活,食堂区,0.0,0,0,0,10,normal,24,闲置|教材|租房|二手交易
p_ext_001528,u_ext_00351,ext_008,食堂生活,午餐拼饭帖,中午想找人一起吃饭，地点在食堂区。,3,1,2026-03-20 10:23:57,1802.4667,食堂|优惠,生活,宿舍区,0.0,0,0,0,10,normal,17,食堂|优惠
p_ext_001529,u_ext_00243,ext_005,学习交流,求操作系统实验报告参考,实验有几个地方卡住了，想交流一下思路。,0,0,2026-01-31 15:33:57,2949.3,学习经验|考试|复习资料|课程资料|学习交流,学习,教学区,0.0,0,0,0,10,normal,19,学习经验|考试|复习资料|课程资料|学习交流
p_ext_001530,d21xQmg0aVRrbytHcXFxNm1JbkdwMzY2b2JDY25KbXdpNHllZzVtT201aXZhNStsbHMydXFJV25sSkdZb3Bkb2xaS0hycGlFYjRlSWlXSjI=,ext_002,问答求助,求问南校哪里可以自习,最近想找安静地方复习，想问问大家有什么推荐。,0,0,2026-04-29 17:45:57,835.1,宿舍|课程资料|打印店|求问|校园卡,生活,图书馆,0.0,0,0,0,10,normal,22,宿舍|课程资料|打印店|求问|校园卡
p_ext_001531,dUtSNWI0UzNxbWFTcU5DN2w2SzBwNUxQcW9lWW5LMnhpWXBtYkltQnRhckNhcU9qaTg2N2ZwSzUzTmVZaXE5bGdwSjRhWkdkcHF1S2lXSjI=,ext_006,考研保研,408 考研经验分享,按阶段整理了复习计划和资料选择。,1,1,2026-01-14 19:33:57,3353.3,学习经验|复试|保研|408,学习,图书馆,0.0,0,0,0,10,normal,16,学习经验|复试|保研|408
p_ext_001532,u_ext_00384,ext_002,问答求助,求推荐附近打印店,需要打印课程资料，想找价格合适的位置。,0,0,2026-05-19 09:36:57,363.25,课程资料|求问|宿舍|打印店|校园卡,生活,食堂区,0.0,0,0,0,10,normal,19,课程资料|求问|宿舍|打印店|校园卡
p_ext_001533,u_ext_00465,ext_002,问答求助,求推荐附近打印店,需要打印课程资料，想找价格合适的位置。,1,1,2026-02-16 14:01:57,2566.8333,校园卡|课程资料|求问,生活,全校,0.0,0,0,0,10,normal,19,校园卡|课程资料|求问
p_ext_001534,u_ext_00191,ext_004,校园生活,今天食堂这个菜怎么样,中午路过看到很多人排队，想问问味道如何。,1,1,2026-03-20 16:14:57,1796.6167,食堂|校车|共享厨房|宿舍|校园生活,社交,校外,0.0,0,0,0,10,normal,20,食堂|校车|共享厨房|宿舍|校园生活
p_ext_001535,u_ext_00309,ext_005,学习交流,求操作系统实验报告参考,实验有几个地方卡住了，想交流一下思路。,0,0,2026-03-13 04:41:57,1976.1667,考试|复习资料|课程资料|学习经验|学习交流,学习,全校,0.0,0,0,0,10,normal,19,考试|复习资料|课程资料|学习经验|学习交流
p_ext_001536,u_ext_00496,ext_002,问答求助,宿舍维修一般多久来,已经报修了，想问问大家一般多久能处理。,1,1,2025-12-25 16:51:57,3836.0,课程资料|宿舍|打印店,生活,教学区,0.0,0,0,0,10,normal,19,课程资料|宿舍|打印店
p_ext_001537,u_ext_00117,ext_002,问答求助,宿舍维修一般多久来,已经报修了，想问问大家一般多久能处理。,0,0,2026-01-28 21:56:57,3014.9167,宿舍|课程资料|校园卡|打印店|求问,生活,图书馆,0.0,0,0,0,10,normal,19,宿舍|课程资料|校园卡|打印店|求问
p_ext_001538,c0h4NWlJelF0bXAvdHNlVmYyZkdqSlMzZ0lHWXE2S25pWHFXcklWKzI3akZmSmVBbHFtN3FaU25zcGFXbjZTTGhxbVphNFZob3FtSGlXSjI=,ext_001,二手交易,出考研资料,资料保存完整，适合复习使用，价格可小刀。,5,1,2026-02-15 08:08:57,2596.7167,闲置|租房|教材,生活,校外,10.0,1,0,0,10,normal,20,闲置|租房|教材
p_ext_001539,u_ext_00207,ext_002,问答求助,求推荐附近打印店,需要打印课程资料，想找价格合适的位置。,0,0,2026-01-29 06:39:57,3006.2,求问|课程资料|宿舍,生活,校外,0.0,0,0,0,10,normal,19,求问|课程资料|宿舍
p_ext_001540,cjVCNGE0ek5wNjZGenE3VGpXZTNaSC9PYzZxRmVJaXRpbnBucm9scXp0MjFnSUdobHJpbnNJV3AzS3lCb2M2bmc3aDByWTEzZjJxV3IySjI=,ext_002,问答求助,宿舍维修一般多久来,已经报修了，想问问大家一般多久能处理。,1,1,2026-04-07 10:32:57,1370.3167,课程资料|打印店|宿舍|校园卡|求问,生活,宿舍区,0.0,0,0,0,10,normal,19,课程资料|打印店|宿舍|校园卡|求问
p_ext_001541,u_ext_00189,ext_002,问答求助,求推荐附近打印店,需要打印课程资料，想找价格合适的位置。,0,0,2026-02-03 12:58:57,2879.8833,宿舍|课程资料|校园卡|打印店,生活,食堂区,0.0,0,0,0,10,normal,19,宿舍|课程资料|校园卡|打印店
p_ext_001542,u_ext_00400,ext_002,问答求助,求问校园卡补办流程,校园卡丢了，有没有同学知道补办需要带什么材料。,0,0,2026-03-08 01:29:57,2099.3667,打印店|课程资料|校园卡|宿舍,生活,食堂区,0.0,0,0,0,10,normal,23,打印店|课程资料|校园卡|宿舍
p_ext_001543,u_ext_00361,ext_002,问答求助,求问南校哪里可以自习,最近想找安静地方复习，想问问大家有什么推荐。,0,0,2026-04-14 22:29:57,1190.3667,课程资料|打印店|校园卡|宿舍|求问,生活,校外,0.0,0,0,0,10,normal,22,课程资料|打印店|校园卡|宿舍|求问
p_ext_001544,u_ext_00342,ext_004,校园生活,宿舍区附近有什么好吃的,想换换口味，求推荐附近小店。,1,1,2026-01-26 19:44:57,3065.1167,校车|共享厨房|校园生活|食堂,社交,教学区,0.0,0,0,0,10,normal,14,校车|共享厨房|校园生活|食堂
p_ext_001545,u_ext_00145,ext_004,校园生活,有人一起去操场跑步吗,晚上想找搭子慢跑，节奏轻松就行。,0,0,2026-02-04 01:41:57,2867.1667,共享厨房|宿舍|校车,社交,图书馆,0.0,0,0,0,10,normal,16,共享厨房|宿舍|校车
p_ext_001546,u_ext_00402,ext_002,问答求助,求问校园卡补办流程,校园卡丢了，有没有同学知道补办需要带什么材料。,0,0,2026-05-07 15:42:57,645.15,校园卡|求问,生活,宿舍区,0.0,0,0,0,10,normal,23,校园卡|求问
p_ext_001547,dG42TnEzL091NHVTMEw3T2w2RzRaNVducHFtRlluOXJnNHg0aTRoOXk5M0RwbldEaEpXNmFKVzV0cldIWjlxS2lNNmVvSVdybXFxQmVXSjI=,ext_001,二手交易,出考研资料,资料保存完整，适合复习使用，价格可小刀。,5,1,2026-01-10 09:54:57,3458.95,租房|二手交易|闲置|教材,生活,教学区,10.0,1,0,0,10,normal,20,租房|二手交易|闲置|教材
p_ext_001548,cjdLWGpuK1V5R2VTcWNpdWwzcXduWWVTcG95T2hwNXJpWXQ0Zkl5Tng3aTJmbzF1aExpYWJJUzUxNWFXWjgxcGxiZUloSnVGZjJ1SmlXSjI=,ext_002,问答求助,宿舍维修一般多久来,已经报修了，想问问大家一般多久能处理。,1,1,2025-12-10 15:07:57,4197.7333,打印店|求问|宿舍,生活,教学区,0.0,0,0,0,10,normal,19,打印店|求问|宿舍
p_ext_001549,u_ext_00267,ext_002,问答求助,宿舍维修一般多久来,已经报修了，想问问大家一般多久能处理。,1,1,2026-05-25 09:50:57,219.0167,校园卡|求问|课程资料|宿舍|打印店,生活,图书馆,0.0,0,0,0,10,normal,19,校园卡|求问|课程资料|宿舍|打印店
p_ext_001550,u_ext_00298,ext_002,问答求助,求问校园卡补办流程,校园卡丢了，有没有同学知道补办需要带什么材料。,0,0,2025-12-13 21:35:57,4119.2667,宿舍|求问,生活,宿舍区,0.0,0,0,0,10,normal,23,宿舍|求问
p_ext_001551,u_ext_00242,ext_002,问答求助,求推荐附近打印店,需要打印课程资料，想找价格合适的位置。,0,0,2025-12-22 05:39:57,3919.2,课程资料|校园卡,生活,全校,0.0,0,0,0,10,normal,19,课程资料|校园卡
p_ext_001552,u_ext_00338,ext_002,问答求助,求推荐附近打印店,需要打印课程资料，想找价格合适的位置。,1,1,2026-05-01 15:26:57,789.4167,校园卡|求问,生活,图书馆,0.0,0,0,0,10,normal,19,校园卡|求问
p_ext_001553,u_ext_00369,ext_003,恋爱交友,周末有人一起打羽毛球吗,新手友好，主要想活动一下。,0,0,2026-02-23 08:29:57,2404.3667,搭子|活动|羽毛球|交友,社交,食堂区,0.0,0,0,0,10,normal,13,搭子|活动|羽毛球|交友
p_ext_001554,dzQ5b2JJYTYwWXVLdHN5cGwzeXNacGFwaEdxT201cDhpNG1Nam94cnNlQ3ZhbXhwaTlETlpwV1MyS21ZakxTT2tyZDNzSVdlYjRHWHIySjI=,ext_003,恋爱交友,找健身搭子,每周两三次，强度不用太高。,1,1,2026-06-02 10:39:57,26.2,交友|拍照|羽毛球|活动|搭子,社交,食堂区,0.0,0,0,0,10,normal,13,交友|拍照|羽毛球|活动|搭子
p_ext_001555,u_ext_00416,ext_011,实习就业,宣讲会信息分享,时间地点已经整理，感兴趣可以看看。,0,0,2026-03-09 04:35:57,2072.2667,简历|实习|招聘|就业|面试,发展,食堂区,0.0,0,0,0,10,normal,17,简历|实习|招聘|就业|面试
p_ext_001556,u_ext_00307,ext_002,问答求助,求问校园卡补办流程,校园卡丢了，有没有同学知道补办需要带什么材料。,0,0,2025-12-14 08:12:57,4108.65,求问|宿舍|课程资料|校园卡|打印店,生活,宿舍区,0.0,0,0,0,10,normal,23,求问|宿舍|课程资料|校园卡|打印店
p_ext_001557,u_ext_00306,ext_002,问答求助,求问校园卡补办流程,校园卡丢了，有没有同学知道补办需要带什么材料。,1,1,2026-01-21 02:55:57,3201.9333,打印店|课程资料|宿舍|求问,生活,全校,0.0,0,0,0,10,normal,23,打印店|课程资料|宿舍|求问
p_ext_001558,u_ext_00235,ext_004,校园生活,有人一起去操场跑步吗,晚上想找搭子慢跑，节奏轻松就行。,1,1,2025-12-13 01:32:57,4139.3167,校园生活|共享厨房|食堂|校车|宿舍,社交,宿舍区,0.0,0,0,0,10,normal,16,校园生活|共享厨房|食堂|校车|宿舍
p_ext_001559,u_ext_00132,ext_002,问答求助,宿舍维修一般多久来,已经报修了，想问问大家一般多久能处理。,0,0,2026-03-23 20:45:57,1720.1,打印店|课程资料|求问|校园卡|宿舍,生活,校外,0.0,0,0,0,10,normal,19,打印店|课程资料|求问|校园卡|宿舍
p_ext_001560,u_ext_00407,ext_002,问答求助,求问南校哪里可以自习,最近想找安静地方复习，想问问大家有什么推荐。,0,0,2026-01-22 08:27:57,3172.4,打印店|课程资料,生活,图书馆,0.0,0,0,0,10,normal,22,打印店|课程资料
p_ext_001561,u_ext_00246,ext_001,二手交易,出考研资料,资料保存完整，适合复习使用，价格可小刀。,1,1,2026-02-26 10:00:57,2330.85,租房|二手交易|闲置|教材,生活,宿舍区,50.0,1,1,0,10,normal,20,租房|二手交易|闲置|教材
p_ext_001562,u_ext_00363,ext_002,问答求助,宿舍维修一般多久来,已经报修了，想问问大家一般多久能处理。,0,0,2026-04-13 18:54:57,1217.95,求问|宿舍,生活,宿舍区,0.0,0,0,0,10,normal,19,求问|宿舍
p_ext_001563,u_ext_00211,ext_001,二手交易,出二手自行车,车况正常，适合校内通勤，北校园附近交易，可自提。,0,0,2026-02-20 09:37:57,2475.2333,租房|电动车|教材|二手交易|闲置,生活,教学区,150.0,0,1,0,10,normal,24,租房|电动车|教材|二手交易|闲置
p_ext_001564,eEdxWGlwU1dzbXFTdXNqV2xIckdmNFROaUt5YWlJaW9sNGwwYkltTnVkQ3lqSVZwbEtpV2ZKT1VsYzZZamFpTGhLZG5oNHliZ0llSGlXSjI=,ext_002,问答求助,求问校园卡补办流程,校园卡丢了，有没有同学知道补办需要带什么材料。,0,0,2026-04-27 21:33:57,879.3,宿舍|求问,生活,宿舍区,0.0,0,0,0,10,normal,23,宿舍|求问
p_ext_001565,dFg2QmZJdVZxMzJIMExLemduM1NucE9VbG91Q1laQ1JpM3Q0cW9xT21LbTdnS04vaU16VWE1Yk50cWVOWjhhS2xzK3FiSXljbW4yTnIySjI=,ext_002,问答求助,宿舍维修一般多久来,已经报修了，想问问大家一般多久能处理。,0,0,2025-12-20 23:13:57,3949.6333,打印店|宿舍|课程资料,生活,校外,0.0,0,0,0,10,normal,19,打印店|宿舍|课程资料
p_ext_001566,u_ext_00485,ext_008,食堂生活,隐藏菜单分享,最近发现一个不错的搭配，价格也还行。,1,1,2026-05-03 15:34:57,741.2833,食堂|校园生活,生活,图书馆,0.0,0,0,0,10,normal,18,食堂|校园生活
p_ext_001567,u_ext_00350,ext_006,考研保研,复试经验整理,把最近问到的问题和准备过程记录一下。,0,0,2026-02-14 09:29:57,2619.3667,408|复试|保研|考研,学习,食堂区,0.0,0,0,0,10,normal,18,408|复试|保研|考研
p_ext_001568,u_ext_00112,ext_002,问答求助,求问南校哪里可以自习,最近想找安静地方复习，想问问大家有什么推荐。,0,0,2026-05-20 16:51:57,332.0,打印店|求问|校园卡|课程资料|宿舍,生活,校外,0.0,0,0,0,10,normal,22,打印店|求问|校园卡|课程资料|宿舍
p_ext_001569,eFdwb29wZlJ5YStGazYyVmdLTFNpSlMyakxLTWQ2WnRsbnhuYm95T3k2eTNwcHF5Zjg3RmpvYTVxc3lJakplRWk1V0VxNW1jZ0s2Q2VXSjI=,ext_002,问答求助,求推荐附近打印店,需要打印课程资料，想找价格合适的位置。,1,1,2026-02-28 05:15:57,2287.6,打印店|校园卡|宿舍|求问|课程资料,生活,图书馆,0.0,0,0,0,10,normal,19,打印店|校园卡|宿舍|求问|课程资料
p_ext_001570,u_ext_00327,ext_002,问答求助,求问南校哪里可以自习,最近想找安静地方复习，想问问大家有什么推荐。,0,0,2026-03-21 23:12:57,1765.65,校园卡|宿舍|打印店|求问,生活,教学区,0.0,0,0,0,10,normal,22,校园卡|宿舍|打印店|求问
p_ext_001571,u_ext_00150,ext_002,问答求助,求推荐附近打印店,需要打印课程资料，想找价格合适的位置。,0,0,2026-05-29 19:29:57,113.3667,打印店|课程资料|宿舍|求问|校园卡,生活,全校,0.0,0,0,0,10,normal,19,打印店|课程资料|宿舍|求问|校园卡
p_ext_001572,u_ext_00115,ext_010,竞赛科研,创新项目经验,分享一下申报和结题过程。,0,0,2026-01-06 02:16:57,3562.5833,创新项目|科研项目|论文|竞赛|组队,发展,食堂区,0.0,0,0,0,10,normal,12,创新项目|科研项目|论文|竞赛|组队
p_ext_001573,cm9DQWJZYlF1MmFTdU15MWxtZXNhSkxPaUdpTG5vQ2tmNjkwYVl0cXo3MjNmNGx1bDdxdmZvWE9wczJFYU1wb2ZKU1dnSW1KZUpLVnIySjI=,ext_001,二手交易,出二手自行车,车况正常，适合校内通勤，东校园附近交易，可自提。,0,0,2026-03-06 07:24:57,2141.45,二手交易|租房|教材|闲置|电动车,生活,食堂区,10.0,0,1,0,10,normal,24,二手交易|租房|教材|闲置|电动车
p_ext_001574,dUtWc2lJaW9scUtTdWRDNGhubXpaSUMzbm5xRm5wbXdobzJpbzVDbTI5ckVmcHRyaHM2U29KVE8xTkNKWjdTVmxxcWVob3ViaDdDTnIySjI=,ext_001,二手交易,出考研资料,资料保存完整，适合复习使用，价格可小刀。,3,1,2026-02-03 03:08:57,2889.7167,教材|闲置|租房|二手交易|电动车,生活,教学区,150.0,1,0,0,10,normal,20,教材|闲置|租房|二手交易|电动车
p_ext_001575,u_ext_00192,ext_002,问答求助,求推荐附近打印店,需要打印课程资料，想找价格合适的位置。,1,1,2026-01-29 15:14:57,2997.6167,宿舍|校园卡,生活,宿舍区,0.0,0,0,0,10,normal,19,宿舍|校园卡
p_ext_001576,u_ext_00426,ext_002,问答求助,宿舍维修一般多久来,已经报修了，想问问大家一般多久能处理。,0,0,2026-04-26 22:46:57,902.0833,打印店|课程资料|求问|宿舍|校园卡,生活,校外,0.0,0,0,0,10,normal,19,打印店|课程资料|求问|宿舍|校园卡
p_ext_001577,u_ext_00287,ext_002,问答求助,宿舍维修一般多久来,已经报修了，想问问大家一般多久能处理。,0,0,2026-04-17 13:00:57,1127.85,课程资料|宿舍|校园卡|求问|打印店,生活,全校,0.0,0,0,0,10,normal,19,课程资料|宿舍|校园卡|求问|打印店
p_ext_001578,u_ext_00311,ext_002,问答求助,宿舍维修一般多久来,已经报修了，想问问大家一般多久能处理。,1,1,2025-12-18 12:29:57,4008.3667,打印店|课程资料,生活,全校,0.0,0,0,0,10,normal,19,打印店|课程资料
p_ext_001579,u_ext_00424,ext_009,社团活动,周末活动报名,本周末有线下活动，人数有限。,1,1,2026-03-04 00:27:57,2196.4,招新|活动|志愿服务,社交,图书馆,0.0,0,0,0,10,normal,14,招新|活动|志愿服务
p_ext_001580,u_ext_00186,ext_001,二手交易,出考研资料,资料保存完整，适合复习使用，价格可小刀。,1,1,2026-05-19 00:04:57,372.7833,电动车|教材|二手交易|租房,生活,宿舍区,90.0,1,0,0,10,normal,20,电动车|教材|二手交易|租房
p_ext_001581,u_ext_00434,ext_011,实习就业,暑期实习内推,岗位适合大三大四，有相关项目经验更好。,0,0,2025-12-14 23:16:57,4093.5833,实习|招聘|简历|就业|面试,发展,图书馆,0.0,0,0,0,10,normal,19,实习|招聘|简历|就业|面试
p_ext_001582,u_ext_00475,ext_002,问答求助,宿舍维修一般多久来,已经报修了，想问问大家一般多久能处理。,1,1,2026-03-28 17:51:57,1603.0,求问|校园卡,生活,教学区,0.0,0,0,0,10,normal,19,求问|校园卡
p_ext_001583,u_ext_00311,ext_001,二手交易,出二手自行车,车况正常，适合校内通勤，珠海校区附近交易，可自提。,5,1,2026-05-02 07:46:57,773.0833,租房|二手交易|闲置|电动车,生活,食堂区,0.0,1,0,0,10,normal,25,租房|二手交易|闲置|电动车
p_ext_001584,u_ext_00463,ext_002,问答求助,求推荐附近打印店,需要打印课程资料，想找价格合适的位置。,0,0,2025-12-20 10:34:57,3962.2833,课程资料|打印店|校园卡,生活,全校,0.0,0,0,0,10,normal,19,课程资料|打印店|校园卡
p_ext_001585,u_ext_00404,ext_002,问答求助,求问校园卡补办流程,校园卡丢了，有没有同学知道补办需要带什么材料。,1,1,2025-12-13 11:27:57,4129.4,打印店|校园卡|求问,生活,教学区,0.0,0,0,0,10,normal,23,打印店|校园卡|求问
p_ext_001586,u_ext_00311,ext_002,问答求助,求推荐附近打印店,需要打印课程资料，想找价格合适的位置。,1,1,2026-04-03 13:44:57,1463.1167,宿舍|校园卡|求问,生活,全校,0.0,0,0,0,10,normal,19,宿舍|校园卡|求问
p_ext_001587,u_ext_00261,ext_012,兼职实习,短期兼职信息,适合课余时间，有意可以留言。,0,0,2026-01-23 16:57:57,3139.9,实习|薪资|兼职|招聘|家教,发展,教学区,0.0,0,0,0,10,normal,14,实习|薪资|兼职|招聘|家教
p_ext_001588,u_ext_00427,ext_003,恋爱交友,毕业照拍照搭子,想找同学一起拍照，时间可以商量。,1,1,2025-12-22 02:33:57,3922.3,交友|活动|羽毛球|拍照|搭子,社交,图书馆,0.0,0,0,0,10,normal,16,交友|活动|羽毛球|拍照|搭子
p_ext_001589,u_ext_00468,ext_011,实习就业,求简历修改建议,准备投递实习，希望大家给点建议。,1,1,2026-04-23 11:32:57,985.3167,简历|面试,发展,宿舍区,0.0,0,1,0,10,normal,16,简历|面试
p_ext_001590,dzVCMXI0WFB5WTJGbExYWGpZcTRub3FUb29LRllhNnRtWXVFaDRlTW01bXVzbml2aEpXU2tJak50ZGlNakxSNGtxZG5hSVI0ZkpLS2lXSjI=,ext_009,社团活动,周末活动报名,本周末有线下活动，人数有限。,3,1,2026-01-03 14:17:57,3622.5667,志愿服务|招新,社交,图书馆,0.0,0,0,0,10,normal,14,志愿服务|招新
p_ext_001591,u_ext_00356,ext_001,二手交易,出考研资料,资料保存完整，适合复习使用，价格可小刀。,2,1,2026-05-03 00:47:57,756.0667,闲置|电动车|租房|二手交易|教材,生活,教学区,20.0,0,1,0,10,normal,20,闲置|电动车|租房|二手交易|教材
p_ext_001592,u_ext_00260,ext_002,问答求助,求推荐附近打印店,需要打印课程资料，想找价格合适的位置。,0,0,2026-05-28 00:12:57,156.65,求问|打印店,生活,食堂区,0.0,0,0,0,10,normal,19,求问|打印店
p_ext_001593,dTVDWHJKZk51MzkvcHFhbWlhTzhoSmFvbG95YWlJeVJsb3BqcUlHenBKbXdqcDZ3aWREWXFJZVMwTmFCWnM1bmhxZHFhWnlHZ0lLRmlXSjI=,ext_001,二手交易,出考研资料,资料保存完整，适合复习使用，价格可小刀。,0,0,2026-03-04 08:18:57,2188.55,电动车|闲置|教材|二手交易,生活,食堂区,0.0,1,1,0,10,normal,20,电动车|闲置|教材|二手交易
p_ext_001594,u_ext_00459,ext_003,恋爱交友,毕业照拍照搭子,想找同学一起拍照，时间可以商量。,1,1,2026-05-23 12:48:57,264.05,交友|羽毛球|拍照,社交,全校,0.0,0,0,0,10,normal,16,交友|羽毛球|拍照
p_ext_001595,u_ext_00360,ext_002,问答求助,宿舍维修一般多久来,已经报修了，想问问大家一般多久能处理。,0,0,2025-12-22 08:10:57,3916.6833,求问|课程资料|校园卡|打印店|宿舍,生活,全校,0.0,0,0,0,10,normal,19,求问|课程资料|校园卡|打印店|宿舍
p_ext_001596,u_ext_00453,ext_002,问答求助,求问南校哪里可以自习,最近想找安静地方复习，想问问大家有什么推荐。,0,0,2026-02-21 00:12:57,2460.65,课程资料|校园卡|打印店|宿舍,生活,食堂区,0.0,0,0,0,10,normal,22,课程资料|校园卡|打印店|宿舍
p_ext_001597,u_ext_00292,ext_012,兼职实习,短期兼职信息,适合课余时间，有意可以留言。,0,0,2026-04-11 21:10:57,1263.6833,实习|家教,发展,校外,0.0,0,0,0,10,normal,14,实习|家教
p_ext_001598,u_ext_00256,ext_002,问答求助,求问南校哪里可以自习,最近想找安静地方复习，想问问大家有什么推荐。,0,0,2026-05-15 21:01:57,447.8333,课程资料|打印店|求问|校园卡,生活,图书馆,0.0,0,0,0,10,normal,22,课程资料|打印店|求问|校园卡
p_ext_001599,u_ext_00190,ext_002,问答求助,求推荐附近打印店,需要打印课程资料，想找价格合适的位置。,0,0,2026-02-02 01:06:57,2915.75,课程资料|打印店|宿舍,生活,食堂区,0.0,0,0,0,10,normal,19,课程资料|打印店|宿舍
p_ext_001600,u_ext_00474,ext_002,问答求助,求问校园卡补办流程,校园卡丢了，有没有同学知道补办需要带什么材料。,0,0,2026-02-21 21:44:57,2439.1167,打印店|课程资料,生活,全校,0.0,0,0,0,10,normal,23,打印店|课程资料
p_ext_001601,u_ext_00492,ext_001,二手交易,毕业季出闲置,整理宿舍出一些闲置物品，优先校内自提。,1,1,2026-01-14 02:24:57,3370.45,二手交易|教材|闲置,生活,食堂区,0.0,1,0,0,10,normal,19,二手交易|教材|闲置
p_ext_001602,u_ext_00279,ext_002,问答求助,求推荐附近打印店,需要打印课程资料，想找价格合适的位置。,1,1,2026-01-01 13:23:57,3671.4667,宿舍|校园卡,生活,教学区,0.0,0,0,0,10,normal,19,宿舍|校园卡
p_ext_001603,c28rQmlJdlF4SzZIemE3YmdZM05aWk9UZEtTYVlZU0NoWXVpb3BxTnlwZkZwSUN6bGFlM1pvYTN6OXFLZk5xT2hMYUlvNG1HZklLSmlXSjI=,ext_002,问答求助,宿舍维修一般多久来,已经报修了，想问问大家一般多久能处理。,1,1,2026-03-07 02:46:57,2122.0833,宿舍|打印店|校园卡|课程资料|求问,生活,图书馆,0.0,0,0,0,10,normal,19,宿舍|打印店|校园卡|课程资料|求问
p_ext_001604,u_ext_00497,ext_001,二手交易,毕业季出闲置,整理宿舍出一些闲置物品，优先校内自提。,2,1,2026-03-23 18:19:57,1722.5333,二手交易|教材,生活,教学区,90.0,0,0,0,10,normal,19,二手交易|教材
p_ext_001605,u_ext_00447,ext_002,问答求助,求问南校哪里可以自习,最近想找安静地方复习，想问问大家有什么推荐。,1,1,2026-04-23 14:18:57,982.55,求问|校园卡|打印店,生活,食堂区,0.0,0,0,0,10,normal,22,求问|校园卡|打印店
p_ext_001606,dzQ5b2JJYTYwWXVLdHN5cGwzeXNacGFwaEdxT201cDhpNG1Nam94cnNlQ3ZhbXhwaTlETlpwV1MyS21ZakxTT2tyZDNzSVdlYjRHWHIySjI=,ext_001,二手交易,出考研资料,资料保存完整，适合复习使用，价格可小刀。,0,0,2026-04-17 03:38:57,1137.2167,电动车|教材|二手交易,生活,教学区,10.0,1,0,0,10,normal,20,电动车|教材|二手交易
p_ext_001607,u_ext_00311,ext_008,食堂生活,这个窗口确实不错,排队人不少，不过出餐挺快。,1,1,2026-01-18 03:09:57,3273.7,窗口测评|拼饭|校园生活|食堂,生活,宿舍区,0.0,0,0,0,10,normal,13,窗口测评|拼饭|校园生活|食堂
p_ext_001608,u_ext_00131,ext_010,竞赛科研,竞赛组队招募,方向初步确定，缺会写代码和做展示的同学。,0,0,2025-12-06 08:21:57,4300.5,论文|创新项目|组队|科研项目|竞赛,发展,宿舍区,0.0,0,0,0,10,normal,20,论文|创新项目|组队|科研项目|竞赛
p_ext_001609,u_ext_00388,ext_002,问答求助,求问校园卡补办流程,校园卡丢了，有没有同学知道补办需要带什么材料。,1,1,2026-05-03 03:32:57,753.3167,课程资料|打印店,生活,图书馆,0.0,0,0,0,10,normal,23,课程资料|打印店
p_ext_001610,u_ext_00361,ext_002,问答求助,求问校园卡补办流程,校园卡丢了，有没有同学知道补办需要带什么材料。,1,1,2025-12-26 09:00:57,3819.85,宿舍|打印店,生活,全校,0.0,0,0,0,10,normal,23,宿舍|打印店
p_ext_001611,u_ext_00103,ext_010,竞赛科研,科研项目招人,每周有固定讨论，适合想了解科研的同学。,0,0,2026-03-01 19:52:57,2248.9833,创新项目|科研项目|论文|组队,发展,教学区,0.0,0,0,0,10,normal,19,创新项目|科研项目|论文|组队
p_ext_001612,dTVDWHJKZk51MzkvcHFhbWlhTzhoSmFvbG95YWlJeVJsb3BqcUlHenBKbXdqcDZ3aWREWXFJZVMwTmFCWnM1bmhxZHFhWnlHZ0lLRmlXSjI=,ext_002,问答求助,求推荐附近打印店,需要打印课程资料，想找价格合适的位置。,1,1,2026-03-05 23:20:57,2149.5167,校园卡|求问|宿舍|课程资料|打印店,生活,校外,0.0,0,0,0,10,normal,19,校园卡|求问|宿舍|课程资料|打印店
p_ext_001613,u_ext_00385,ext_002,问答求助,求问南校哪里可以自习,最近想找安静地方复习，想问问大家有什么推荐。,0,0,2026-02-06 18:15:57,2802.6,校园卡|打印店|宿舍|求问,生活,食堂区,0.0,0,0,0,10,normal,22,校园卡|打印店|宿舍|求问
p_ext_001614,u_ext_00420,ext_002,问答求助,宿舍维修一般多久来,已经报修了，想问问大家一般多久能处理。,0,0,2026-05-01 14:32:57,790.3167,宿舍|课程资料|校园卡,生活,图书馆,0.0,0,0,0,10,normal,19,宿舍|课程资料|校园卡
p_ext_001615,u_ext_00193,ext_009,社团活动,志愿服务招募,需要几位同学协助现场秩序。,0,0,2026-05-01 21:31:57,783.3333,志愿服务|交友|招新|活动|社团,社交,图书馆,0.0,0,0,0,10,normal,13,志愿服务|交友|招新|活动|社团
p_ext_001616,u_ext_00294,ext_003,恋爱交友,找学习搭子,希望互相监督学习，地点可以在图书馆。,0,0,2026-04-27 05:15:57,895.6,交友|搭子|羽毛球,社交,全校,0.0,0,0,0,10,normal,18,交友|搭子|羽毛球
p_ext_001617,u_ext_00380,ext_003,恋爱交友,找学习搭子,希望互相监督学习，地点可以在图书馆。,0,0,2026-02-05 07:14:57,2837.6167,拍照|搭子|羽毛球|活动|交友,社交,全校,0.0,0,0,0,10,normal,18,拍照|搭子|羽毛球|活动|交友
p_ext_001618,u_ext_00145,ext_002,问答求助,求推荐附近打印店,需要打印课程资料，想找价格合适的位置。,0,0,2026-02-18 03:16:57,2529.5833,宿舍|课程资料,生活,教学区,0.0,0,0,0,10,normal,19,宿舍|课程资料
p_ext_001619,u_ext_00420,ext_002,问答求助,求问校园卡补办流程,校园卡丢了，有没有同学知道补办需要带什么材料。,1,1,2026-06-03 04:27:57,8.4,宿舍|打印店|校园卡|课程资料|求问,生活,宿舍区,0.0,0,0,0,10,normal,23,宿舍|打印店|校园卡|课程资料|求问
p_ext_001620,u_ext_00464,ext_002,问答求助,求推荐附近打印店,需要打印课程资料，想找价格合适的位置。,0,0,2026-03-13 12:10:57,1968.6833,打印店|校园卡|课程资料|宿舍|求问,生活,教学区,0.0,0,0,0,10,normal,19,打印店|校园卡|课程资料|宿舍|求问
p_ext_001621,u_ext_00145,ext_001,二手交易,收二手电动车,预算有限，想收一辆能正常骑的电动车，最好有校区牌。,0,0,2026-01-03 15:49:57,3621.0333,教材|电动车|二手交易,生活,食堂区,0.0,1,0,0,10,normal,25,教材|电动车|二手交易
p_ext_001622,u_ext_00205,ext_002,问答求助,求问南校哪里可以自习,最近想找安静地方复习，想问问大家有什么推荐。,1,1,2026-02-23 16:49:57,2396.0333,课程资料|求问|打印店|校园卡|宿舍,生活,宿舍区,0.0,0,0,0,10,normal,22,课程资料|求问|打印店|校园卡|宿舍
p_ext_001623,d24rcmJvQzN4R2w4bEpuSmlaK3NncE9TaElHQ1k1cHVpWDJoc1lPUHJiTzdmWnVIakxuTmwzN05uYzJZZkxoOGhaS01yWTJyaktxRGVXSjI=,ext_002,问答求助,宿舍维修一般多久来,已经报修了，想问问大家一般多久能处理。,1,1,2026-01-03 14:19:57,3622.5333,宿舍|校园卡|打印店,生活,全校,0.0,0,0,0,10,normal,19,宿舍|校园卡|打印店
p_ext_001624,u_ext_00420,ext_001,二手交易,出考研资料,资料保存完整，适合复习使用，价格可小刀。,2,1,2026-01-29 03:20:57,3009.5167,闲置|电动车|租房|二手交易|教材,生活,校外,20.0,1,0,0,10,normal,20,闲置|电动车|租房|二手交易|教材
p_ext_001625,u_ext_00475,ext_006,考研保研,有没有保研经验分享,想了解材料准备和面试注意事项。,0,0,2025-12-22 01:48:57,3923.05,408|学习经验|复试|考研,学习,宿舍区,0.0,0,0,0,10,normal,15,408|学习经验|复试|考研
p_ext_001626,u_ext_00132,ext_001,二手交易,毕业季出闲置,整理宿舍出一些闲置物品，优先校内自提。,0,0,2025-12-18 11:13:57,4009.6333,电动车|教材|闲置|租房,生活,全校,0.0,1,0,0,10,normal,19,电动车|教材|闲置|租房
p_ext_001627,u_ext_00334,ext_002,问答求助,宿舍维修一般多久来,已经报修了，想问问大家一般多久能处理。,1,1,2026-03-06 08:47:57,2140.0667,打印店|校园卡,生活,宿舍区,0.0,0,0,0,10,normal,19,打印店|校园卡
p_ext_001628,u_ext_00192,ext_003,恋爱交友,找健身搭子,每周两三次，强度不用太高。,0,0,2026-03-23 18:01:57,1722.8333,交友|活动,社交,食堂区,0.0,0,0,0,10,normal,13,交友|活动
p_ext_001629,dzQ5OWFZU1Rsb0NBdU5DMGlxR3dpSVMzYXJHR2VZZHBsNHVoYllWK3RjNnprSDJ4aWMzSWE1S21ycmlHaTd1bWZKS0FqNFoyb29lSWlXSjI=,ext_002,问答求助,宿舍维修一般多久来,已经报修了，想问问大家一般多久能处理。,1,1,2026-04-10 05:49:57,1303.0333,打印店|宿舍,生活,图书馆,0.0,0,0,0,10,normal,19,打印店|宿舍
p_ext_001630,u_ext_00264,ext_009,社团活动,社团招新公告,面向所有年级，零基础也可以参加。,0,0,2026-01-02 23:50:57,3637.0167,社团|交友|志愿服务|招新,社交,图书馆,0.0,0,0,0,10,normal,16,社团|交友|志愿服务|招新
p_ext_001631,dDZPbm8zMlZrb1NEbEsyVWdhQ3doWmE0aElPUW02SjdqYStBc3BlbnZadTFqcU9LZ0tpWnNJUzRzdGFNamRLQWtwV2FtWkZpZklhQ2VXSjI=,ext_003,恋爱交友,毕业照拍照搭子,想找同学一起拍照，时间可以商量。,0,0,2026-01-29 09:34:57,3003.2833,交友|活动|搭子|拍照,社交,校外,0.0,0,0,0,10,normal,16,交友|活动|搭子|拍照
p_ext_001632,dFh5ZXNvaVR5YStMdHNpbGw0M09vSWpQZklxTGg0OXNob3FFazVkOXFKYkVhcDV1aEx1emUzNlUwSzZHb0t5Q2lLYUFiSkNIakdtR2lXSjI=,ext_002,问答求助,求推荐附近打印店,需要打印课程资料，想找价格合适的位置。,1,1,2026-06-01 15:13:57,45.6333,宿舍|课程资料|求问,生活,校外,0.0,0,0,0,10,normal,19,宿舍|课程资料|求问
p_ext_001633,u_ext_00343,ext_004,校园生活,今天食堂这个菜怎么样,中午路过看到很多人排队，想问问味道如何。,1,1,2026-02-19 01:04:57,2507.7833,校车|食堂|宿舍|校园生活|共享厨房,社交,校外,0.0,0,0,0,10,normal,20,校车|食堂|宿舍|校园生活|共享厨房
p_ext_001634,u_ext_00174,ext_002,问答求助,求问校园卡补办流程,校园卡丢了，有没有同学知道补办需要带什么材料。,0,0,2026-04-12 22:00:57,1238.85,打印店|课程资料,生活,校外,0.0,0,0,0,10,normal,23,打印店|课程资料
p_ext_001635,u_ext_00112,ext_001,二手交易,毕业季出闲置,整理宿舍出一些闲置物品，优先校内自提。,0,0,2026-04-01 01:07:57,1523.7333,电动车|闲置|租房|二手交易,生活,图书馆,150.0,1,0,0,10,normal,19,电动车|闲置|租房|二手交易
p_ext_001636,u_ext_00438,ext_002,问答求助,求推荐附近打印店,需要打印课程资料，想找价格合适的位置。,0,0,2026-02-15 13:17:57,2591.5667,求问|校园卡|打印店|课程资料|宿舍,生活,教学区,0.0,0,0,0,10,normal,19,求问|校园卡|打印店|课程资料|宿舍
p_ext_001637,u_ext_00154,ext_004,校园生活,今天食堂这个菜怎么样,中午路过看到很多人排队，想问问味道如何。,1,1,2025-12-17 13:20:57,4031.5167,共享厨房|宿舍|校园生活,社交,图书馆,0.0,0,0,0,10,normal,20,共享厨房|宿舍|校园生活
p_ext_001638,czQrTmdYK3FyNFdVcDh6S2xvcXdoNVRNZUdpUmQ1MXFsbWVIc1lPbHZidTFhNStSbHFtbmk0dTFuWldYb05LRmZOeUlpWnA1ZkllVnIySjI=,ext_005,学习交流,数据结构期末复习资料整理,整理了一些重点和往年题型，欢迎补充。,1,1,2026-02-07 20:56:57,2775.9167,复习资料|学习经验,学习,全校,0.0,0,0,0,10,normal,18,复习资料|学习经验
p_ext_001639,cjZGc2lJdTZwNCtGcWFxMWhwL0daWCtUaEtPYm5tYXZncTkwcDRGc3JKdkRvb2h0bEpXV29vVFFydGlKbjZpTmhKT2llcHRqbm51QmVXSjI=,ext_004,校园生活,宿舍区附近有什么好吃的,想换换口味，求推荐附近小店。,0,0,2026-02-14 10:02:57,2618.8167,宿舍|共享厨房|食堂,社交,教学区,0.0,0,0,0,10,normal,14,宿舍|共享厨房|食堂
p_ext_001640,u_ext_00395,ext_002,问答求助,求问南校哪里可以自习,最近想找安静地方复习，想问问大家有什么推荐。,0,0,2026-04-22 17:53:57,1002.9667,求问|打印店|课程资料|宿舍|校园卡,生活,教学区,0.0,0,0,0,10,normal,22,求问|打印店|课程资料|宿舍|校园卡
p_ext_001641,cjZGc2lJdTZwNCtGcWFxMWhwL0daWCtUaEtPYm5tYXZncTkwcDRGc3JKdkRvb2h0bEpXV29vVFFydGlKbjZpTmhKT2llcHRqbm51QmVXSjI=,ext_002,问答求助,求问南校哪里可以自习,最近想找安静地方复习，想问问大家有什么推荐。,0,0,2025-12-10 08:52:57,4203.9833,课程资料|宿舍,生活,校外,0.0,0,0,0,10,normal,22,课程资料|宿舍
p_ext_001642,u_ext_00158,ext_009,社团活动,志愿服务招募,需要几位同学协助现场秩序。,1,1,2026-01-22 10:23:57,3170.4667,志愿服务|活动,社交,全校,0.0,0,0,0,10,normal,13,志愿服务|活动
p_ext_001643,u_ext_00366,ext_002,问答求助,求推荐附近打印店,需要打印课程资料，想找价格合适的位置。,1,1,2026-05-04 11:58:57,720.8833,宿舍|课程资料|求问|打印店,生活,教学区,0.0,0,0,0,10,normal,19,宿舍|课程资料|求问|打印店
p_ext_001644,dG9DanFaZlJ0bWFMcHJLV2dHZXdqSk9tZ0tpTFpJQ0VtR2VxcElTTno3N0RnSDJ0aGFxVnFIN1Fxc3lWZXM2R2hicUlySXVyaUkrSGlXSjI=,ext_002,问答求助,求推荐附近打印店,需要打印课程资料，想找价格合适的位置。,0,0,2026-03-05 09:39:57,2163.2,打印店|校园卡|宿舍|求问|课程资料,生活,宿舍区,0.0,0,0,0,10,normal,19,打印店|校园卡|宿舍|求问|课程资料
p_ext_001645,dGFKNGFZQ1QxWWFIMExiUWwyYTRoMzY0bW9lUmVLMXBsNkdMYVkyaTE5T3dmWmVFaGFpV3JwUE4zTGlJcjhxTWk2cWlzcG1Jakh1WHIySjI=,ext_001,二手交易,收二手电动车,预算有限，想收一辆能正常骑的电动车，最好有校区牌。,0,0,2026-03-28 16:34:57,1604.2833,二手交易|电动车|教材|租房|闲置,生活,校外,10.0,0,0,0,10,normal,25,二手交易|电动车|教材|租房|闲置
p_ext_001646,eFgyamdvR28xR2lTdWRqTmg2KzhuNFROcG9HYm5KQ0ppcCthZTVDUDB0MnZqNk9JaHMyamVvak12cWFYaXBPbWY4MmVrSW1lYjRPSWlXSjI=,ext_002,问答求助,求问南校哪里可以自习,最近想找安静地方复习，想问问大家有什么推荐。,0,0,2026-01-07 16:05:57,3524.7667,宿舍|打印店|求问|课程资料,生活,校外,0.0,0,0,0,10,normal,22,宿舍|打印店|求问|课程资料
p_ext_001647,u_ext_00168,ext_002,问答求助,求问校园卡补办流程,校园卡丢了，有没有同学知道补办需要带什么材料。,0,0,2026-01-09 07:07:57,3485.7333,宿舍|校园卡|课程资料,生活,校外,0.0,0,0,0,10,normal,23,宿舍|校园卡|课程资料
p_ext_001648,u_ext_00357,ext_002,问答求助,求问校园卡补办流程,校园卡丢了，有没有同学知道补办需要带什么材料。,0,0,2026-01-08 01:20:57,3515.5167,课程资料|打印店|求问|校园卡,生活,宿舍区,0.0,0,0,0,10,normal,23,课程资料|打印店|求问|校园卡
p_ext_001649,u_ext_00387,ext_002,问答求助,宿舍维修一般多久来,已经报修了，想问问大家一般多久能处理。,0,0,2026-03-02 00:21:57,2244.5,打印店|宿舍,生活,食堂区,0.0,0,0,0,10,normal,19,打印店|宿舍
p_ext_001650,u_ext_00444,ext_002,问答求助,求推荐附近打印店,需要打印课程资料，想找价格合适的位置。,1,1,2025-12-26 10:40:57,3818.1833,校园卡|打印店|课程资料|求问|宿舍,生活,食堂区,0.0,0,0,0,10,normal,19,校园卡|打印店|课程资料|求问|宿舍
p_ext_001651,u_ext_00164,ext_003,恋爱交友,毕业照拍照搭子,想找同学一起拍照，时间可以商量。,1,1,2026-02-26 02:56:57,2337.9167,羽毛球|搭子|活动,社交,食堂区,0.0,0,0,0,10,normal,16,羽毛球|搭子|活动
p_ext_001652,u_ext_00359,ext_002,问答求助,宿舍维修一般多久来,已经报修了，想问问大家一般多久能处理。,0,0,2026-01-31 07:07:57,2957.7333,打印店|宿舍,生活,图书馆,0.0,0,0,0,10,normal,19,打印店|宿舍
p_ext_001653,u_ext_00410,ext_001,二手交易,收二手电动车,预算有限，想收一辆能正常骑的电动车，最好有校区牌。,3,1,2026-04-25 07:30:57,941.35,电动车|闲置|二手交易|教材,生活,食堂区,50.0,1,1,0,10,normal,25,电动车|闲置|二手交易|教材
p_ext_001654,u_ext_00485,ext_009,社团活动,社团活动招人,活动时间比较灵活，欢迎感兴趣的同学加入。,1,1,2026-03-24 15:47:57,1701.0667,活动|招新|志愿服务|交友|社团,社交,食堂区,0.0,0,0,0,10,normal,20,活动|招新|志愿服务|交友|社团
p_ext_001655,u_ext_00117,ext_003,恋爱交友,找健身搭子,每周两三次，强度不用太高。,1,1,2026-04-30 10:39:57,818.2,羽毛球|拍照|交友,社交,全校,0.0,0,0,0,10,normal,13,羽毛球|拍照|交友
p_ext_001656,u_ext_00451,ext_002,问答求助,求推荐附近打印店,需要打印课程资料，想找价格合适的位置。,0,0,2026-01-29 22:20:57,2990.5167,课程资料|宿舍|校园卡|求问,生活,校外,0.0,0,0,0,10,normal,19,课程资料|宿舍|校园卡|求问
p_ext_001657,u_ext_00299,ext_002,问答求助,求问南校哪里可以自习,最近想找安静地方复习，想问问大家有什么推荐。,1,1,2026-03-28 08:01:57,1612.8333,校园卡|课程资料|求问|打印店|宿舍,生活,教学区,0.0,0,0,0,10,normal,22,校园卡|课程资料|求问|打印店|宿舍
p_ext_001658,u_ext_00153,ext_009,社团活动,社团活动招人,活动时间比较灵活，欢迎感兴趣的同学加入。,0,0,2026-02-12 13:53:57,2662.9667,交友|志愿服务|招新,社交,全校,0.0,0,0,0,10,normal,20,交友|志愿服务|招新
p_ext_001659,eFdwb29wZlJ5YStGazYyVmdLTFNpSlMyakxLTWQ2WnRsbnhuYm95T3k2eTNwcHF5Zjg3RmpvYTVxc3lJakplRWk1V0VxNW1jZ0s2Q2VXSjI=,ext_002,问答求助,宿舍维修一般多久来,已经报修了，想问问大家一般多久能处理。,1,1,2025-12-10 09:21:57,4203.5,宿舍|校园卡,生活,全校,0.0,0,0,0,10,normal,19,宿舍|校园卡
p_ext_001660,u_ext_00387,ext_005,学习交流,求操作系统实验报告参考,实验有几个地方卡住了，想交流一下思路。,0,0,2026-04-07 07:01:57,1373.8333,课程资料|学习交流,学习,食堂区,0.0,0,0,0,10,normal,19,课程资料|学习交流
p_ext_001661,u_ext_00164,ext_011,实习就业,求简历修改建议,准备投递实习，希望大家给点建议。,1,1,2026-03-16 20:47:57,1888.0667,就业|面试|实习|简历,发展,教学区,0.0,0,1,0,10,normal,16,就业|面试|实习|简历
p_ext_001662,eFkrRms1UE56YkNDdGRlV2lXaXNuSlBRbFd5YWhZUi9tWTJJZTVxbnNhaTZhcCtBakpXYXBKVzJ2dENIak5acGdyZW1hbzEzZkgyRmlXSjI=,ext_001,二手交易,收二手电动车,预算有限，想收一辆能正常骑的电动车，最好有校区牌。,2,1,2026-01-21 20:54:57,3183.95,租房|二手交易|闲置|电动车|教材,生活,宿舍区,90.0,1,0,0,10,normal,25,租房|二手交易|闲置|电动车|教材
p_ext_001663,u_ext_00416,ext_003,恋爱交友,找健身搭子,每周两三次，强度不用太高。,0,0,2026-01-18 22:57:57,3253.9,活动|搭子,社交,校外,0.0,0,0,0,10,normal,13,活动|搭子
p_ext_001664,u_ext_00101,ext_002,问答求助,求问南校哪里可以自习,最近想找安静地方复习，想问问大家有什么推荐。,0,0,2026-03-07 00:31:57,2124.3333,求问|课程资料,生活,校外,0.0,0,0,0,10,normal,22,求问|课程资料
p_ext_001665,u_ext_00111,ext_002,问答求助,宿舍维修一般多久来,已经报修了，想问问大家一般多久能处理。,0,0,2026-01-09 01:46:57,3491.0833,校园卡|求问|课程资料|打印店,生活,图书馆,0.0,0,0,0,10,normal,19,校园卡|求问|课程资料|打印店
p_ext_001666,u_ext_00297,ext_002,问答求助,宿舍维修一般多久来,已经报修了，想问问大家一般多久能处理。,1,1,2026-01-22 23:16:57,3157.5833,课程资料|宿舍|校园卡|求问|打印店,生活,宿舍区,0.0,0,0,0,10,normal,19,课程资料|宿舍|校园卡|求问|打印店
p_ext_001667,u_ext_00450,ext_002,问答求助,宿舍维修一般多久来,已经报修了，想问问大家一般多久能处理。,0,0,2026-04-06 05:29:57,1399.3667,宿舍|求问|课程资料|校园卡,生活,教学区,0.0,0,0,0,10,normal,19,宿舍|求问|课程资料|校园卡
p_ext_001668,czMxbnNaU251NUNBcHI2cGlHVzhkNGE2ZktXRlk2S0poMmlpZ28rbTA5dkZvMzJ5Z0xpN2VwV295TnVIWnNxTmhaUjhwSnFGaklTRGVXSjI=,ext_002,问答求助,求问南校哪里可以自习,最近想找安静地方复习，想问问大家有什么推荐。,0,0,2026-02-07 07:22:57,2789.4833,打印店|求问|宿舍|校园卡,生活,全校,0.0,0,0,0,10,normal,22,打印店|求问|宿舍|校园卡
p_ext_001669,u_ext_00494,ext_001,二手交易,毕业季出闲置,整理宿舍出一些闲置物品，优先校内自提。,5,1,2026-04-05 15:38:57,1413.2167,租房|电动车,生活,教学区,50.0,1,0,0,10,normal,19,租房|电动车
p_ext_001670,u_ext_00248,ext_002,问答求助,求问校园卡补办流程,校园卡丢了，有没有同学知道补办需要带什么材料。,0,0,2026-04-20 07:58:57,1060.8833,课程资料|校园卡|求问,生活,图书馆,0.0,0,0,0,10,normal,23,课程资料|校园卡|求问
p_ext_001671,u_ext_00390,ext_002,问答求助,求推荐附近打印店,需要打印课程资料，想找价格合适的位置。,0,0,2025-12-22 16:47:57,3908.0667,宿舍|求问|打印店|课程资料,生活,食堂区,0.0,0,0,0,10,normal,19,宿舍|求问|打印店|课程资料
p_ext_001672,u_ext_00200,ext_002,问答求助,求推荐附近打印店,需要打印课程资料，想找价格合适的位置。,1,1,2026-01-05 22:20:57,3566.5167,校园卡|宿舍|课程资料|求问,生活,校外,0.0,0,0,0,10,normal,19,校园卡|宿舍|课程资料|求问
p_ext_001673,u_ext_00264,ext_002,问答求助,宿舍维修一般多久来,已经报修了，想问问大家一般多久能处理。,0,0,2026-04-15 07:59:57,1180.8667,求问|校园卡|课程资料|宿舍,生活,宿舍区,0.0,0,0,0,10,normal,19,求问|校园卡|课程资料|宿舍
p_ext_001674,u_ext_00162,ext_004,校园生活,今天食堂这个菜怎么样,中午路过看到很多人排队，想问问味道如何。,0,0,2026-02-27 22:22:57,2294.4833,校园生活|食堂|宿舍|校车|共享厨房,社交,食堂区,0.0,0,0,0,10,normal,20,校园生活|食堂|宿舍|校车|共享厨房
p_ext_001675,u_ext_00106,ext_011,实习就业,宣讲会信息分享,时间地点已经整理，感兴趣可以看看。,1,1,2026-04-12 07:23:57,1253.4667,实习|就业|简历,发展,食堂区,0.0,0,1,0,10,normal,17,实习|就业|简历
p_ext_001676,u_ext_00114,ext_002,问答求助,求问南校哪里可以自习,最近想找安静地方复习，想问问大家有什么推荐。,1,1,2026-05-26 18:54:57,185.95,宿舍|校园卡|课程资料,生活,宿舍区,0.0,0,0,0,10,normal,22,宿舍|校园卡|课程资料
p_ext_001677,u_ext_00115,ext_003,恋爱交友,找学习搭子,希望互相监督学习，地点可以在图书馆。,0,0,2026-03-08 16:08:57,2084.7167,羽毛球|活动|交友|搭子,社交,宿舍区,0.0,0,0,0,10,normal,18,羽毛球|活动|交友|搭子
p_ext_001678,dTJtZmdwZTIxYStUcUxYVGxHV1RvNGUzZUtLWmQ0ZHRpR2lJcVpsL3g3UERvb2l3bGRHcnE0UzRwcm1BZXErdWxaT0lzWVNFYjJpSmlXSjI=,ext_002,问答求助,宿舍维修一般多久来,已经报修了，想问问大家一般多久能处理。,0,0,2026-04-30 11:30:57,817.35,求问|校园卡|宿舍,生活,全校,0.0,0,0,0,10,normal,19,求问|校园卡|宿舍
p_ext_001679,u_ext_00256,ext_002,问答求助,求问校园卡补办流程,校园卡丢了，有没有同学知道补办需要带什么材料。,1,1,2026-01-06 00:30:57,3564.35,求问|宿舍|打印店,生活,教学区,0.0,0,0,0,10,normal,23,求问|宿舍|打印店
p_ext_001680,u_ext_00156,ext_002,问答求助,求问南校哪里可以自习,最近想找安静地方复习，想问问大家有什么推荐。,0,0,2026-03-03 10:00:57,2210.85,求问|宿舍|打印店,生活,图书馆,0.0,0,0,0,10,normal,22,求问|宿舍|打印店
p_ext_001681,u_ext_00122,ext_002,问答求助,宿舍维修一般多久来,已经报修了，想问问大家一般多久能处理。,1,1,2026-05-16 16:50:57,428.0167,打印店|校园卡|课程资料|求问,生活,食堂区,0.0,0,0,0,10,normal,19,打印店|校园卡|课程资料|求问
p_ext_001682,u_ext_00394,ext_002,问答求助,求问校园卡补办流程,校园卡丢了，有没有同学知道补办需要带什么材料。,1,1,2026-04-21 09:17:57,1035.5667,宿舍|校园卡,生活,校外,0.0,0,0,0,10,normal,23,宿舍|校园卡
p_ext_001683,u_ext_00219,ext_002,问答求助,求推荐附近打印店,需要打印课程资料，想找价格合适的位置。,0,0,2026-03-07 12:47:57,2112.0667,校园卡|求问|宿舍,生活,食堂区,0.0,0,0,0,10,normal,19,校园卡|求问|宿舍
p_ext_001684,u_ext_00313,ext_002,问答求助,求问南校哪里可以自习,最近想找安静地方复习，想问问大家有什么推荐。,1,1,2026-04-02 15:55:57,1484.9333,校园卡|打印店|宿舍|课程资料|求问,生活,图书馆,0.0,0,0,0,10,normal,22,校园卡|打印店|宿舍|课程资料|求问
p_ext_001685,d29DSWJJelBvNHlGemN2WGluck5xNWJPaEthWlk1Q29ncU9NZ3BlTng2KzdnSnB0aDZldXI0ZTQxTmlDZkp1ZmhOQjhtWW1maDZxRGVXSjI=,ext_002,问答求助,求推荐附近打印店,需要打印课程资料，想找价格合适的位置。,0,0,2026-03-20 07:12:57,1805.65,宿舍|校园卡|求问|打印店|课程资料,生活,宿舍区,0.0,0,0,0,10,normal,19,宿舍|校园卡|求问|打印店|课程资料
p_ext_001686,u_ext_00268,ext_011,实习就业,求简历修改建议,准备投递实习，希望大家给点建议。,0,0,2026-02-02 17:40:57,2899.1833,实习|简历,发展,教学区,0.0,0,0,0,10,normal,16,实习|简历
p_ext_001687,dzVCMXI0WFB5WTJGbExYWGpZcTRub3FUb29LRllhNnRtWXVFaDRlTW01bXVzbml2aEpXU2tJak50ZGlNakxSNGtxZG5hSVI0ZkpLS2lXSjI=,ext_002,问答求助,求推荐附近打印店,需要打印课程资料，想找价格合适的位置。,1,1,2026-01-14 12:08:57,3360.7167,宿舍|课程资料|求问,生活,校外,0.0,0,0,0,10,normal,19,宿舍|课程资料|求问
p_ext_001688,u_ext_00153,ext_003,恋爱交友,毕业照拍照搭子,想找同学一起拍照，时间可以商量。,0,0,2026-01-20 10:35:57,3218.2667,搭子|活动|羽毛球,社交,图书馆,0.0,0,0,0,10,normal,16,搭子|活动|羽毛球
p_ext_001689,u_ext_00425,ext_007,课程评价,这门课给分怎么样,想问问作业量和期末难度。,0,0,2025-12-18 07:30:57,4013.35,课程评价|选课|期末|给分,学习,教学区,0.0,0,0,0,10,normal,12,课程评价|选课|期末|给分
p_ext_001690,u_ext_00337,ext_010,竞赛科研,论文阅读小组,一起读论文，互相讲解重点。,0,0,2026-04-25 14:04:57,934.7833,创新项目|竞赛|科研项目|组队,发展,全校,0.0,0,0,0,10,normal,13,创新项目|竞赛|科研项目|组队
p_ext_001691,u_ext_00217,ext_002,问答求助,宿舍维修一般多久来,已经报修了，想问问大家一般多久能处理。,1,1,2025-12-19 00:35:57,3996.2667,校园卡|宿舍|打印店|求问|课程资料,生活,全校,0.0,0,0,0,10,normal,19,校园卡|宿舍|打印店|求问|课程资料
p_ext_001692,u_ext_00164,ext_001,二手交易,出二手自行车,车况正常，适合校内通勤，珠海校区附近交易，可自提。,0,0,2026-02-21 12:00:57,2448.85,电动车|教材,生活,宿舍区,0.0,1,1,0,10,normal,25,电动车|教材
p_ext_001693,u_ext_00225,ext_001,二手交易,出考研资料,资料保存完整，适合复习使用，价格可小刀。,0,0,2026-01-01 10:01:57,3674.8333,租房|教材|二手交易,生活,教学区,90.0,0,1,0,10,normal,20,租房|教材|二手交易
p_ext_001694,u_ext_00322,ext_002,问答求助,求问南校哪里可以自习,最近想找安静地方复习，想问问大家有什么推荐。,0,0,2026-02-09 20:27:57,2728.4,课程资料|宿舍|求问|打印店,生活,图书馆,0.0,0,0,0,10,normal,22,课程资料|宿舍|求问|打印店
p_ext_001695,u_ext_00222,ext_008,食堂生活,食堂新窗口测评,今天试了一下，味道和分量都还可以。,0,0,2026-01-30 08:57:57,2979.9,拼饭|校园生活,生活,食堂区,0.0,0,0,0,10,normal,17,拼饭|校园生活
p_ext_001696,u_ext_00138,ext_002,问答求助,求推荐附近打印店,需要打印课程资料，想找价格合适的位置。,1,1,2026-05-14 22:36:57,470.25,校园卡|宿舍|求问|打印店|课程资料,生活,全校,0.0,0,0,0,10,normal,19,校园卡|宿舍|求问|打印店|课程资料
p_ext_001697,u_ext_00397,ext_002,问答求助,求推荐附近打印店,需要打印课程资料，想找价格合适的位置。,0,0,2026-05-09 06:06:57,606.75,课程资料|求问|打印店|校园卡|宿舍,生活,校外,0.0,0,0,0,10,normal,19,课程资料|求问|打印店|校园卡|宿舍
p_ext_001698,u_ext_00306,ext_002,问答求助,求推荐附近打印店,需要打印课程资料，想找价格合适的位置。,0,0,2026-01-08 09:42:57,3507.15,宿舍|课程资料,生活,教学区,0.0,0,0,0,10,normal,19,宿舍|课程资料
p_ext_001699,u_ext_00311,ext_002,问答求助,求推荐附近打印店,需要打印课程资料，想找价格合适的位置。,1,1,2026-05-24 23:18:57,229.55,求问|课程资料,生活,校外,0.0,0,0,0,10,normal,19,求问|课程资料
p_ext_001700,u_ext_00182,ext_001,二手交易,毕业季出闲置,整理宿舍出一些闲置物品，优先校内自提。,3,1,2026-03-13 14:45:57,1966.1,教材|租房,生活,食堂区,20.0,1,1,0,10,normal,19,教材|租房
p_ext_001701,u_ext_00468,ext_001,二手交易,出考研资料,资料保存完整，适合复习使用，价格可小刀。,5,1,2026-03-29 05:17:57,1591.5667,闲置|租房,生活,食堂区,10.0,0,0,0,10,normal,20,闲置|租房
p_ext_001702,c294NW9veTdwNWVUenJIVGlveTBlNVRQWW1pWW0zaWhpbnVhaEl5a25NQzNqNmRxaTdtdnJJdTV1cW1FaXBlVmdzMTNhb21yZkg2WXIySjI=,ext_003,恋爱交友,毕业照拍照搭子,想找同学一起拍照，时间可以商量。,0,0,2026-01-30 20:29:57,2968.3667,搭子|拍照|羽毛球|活动,社交,宿舍区,0.0,0,0,0,10,normal,16,搭子|拍照|羽毛球|活动
p_ext_001703,u_ext_00416,ext_002,问答求助,求问南校哪里可以自习,最近想找安静地方复习，想问问大家有什么推荐。,1,1,2026-05-21 22:14:57,302.6167,校园卡|打印店|课程资料,生活,图书馆,0.0,0,0,0,10,normal,22,校园卡|打印店|课程资料
p_ext_001704,u_ext_00229,ext_002,问答求助,求问南校哪里可以自习,最近想找安静地方复习，想问问大家有什么推荐。,0,0,2026-04-28 22:00:57,854.85,求问|打印店,生活,校外,0.0,0,0,0,10,normal,22,求问|打印店
p_ext_001705,u_ext_00425,ext_002,问答求助,宿舍维修一般多久来,已经报修了，想问问大家一般多久能处理。,1,1,2026-03-24 03:33:57,1713.3,校园卡|宿舍|打印店|课程资料|求问,生活,校外,0.0,0,0,0,10,normal,19,校园卡|宿舍|打印店|课程资料|求问
p_ext_001706,u_ext_00190,ext_002,问答求助,求问南校哪里可以自习,最近想找安静地方复习，想问问大家有什么推荐。,0,0,2026-02-25 20:35:57,2344.2667,宿舍|课程资料,生活,校外,0.0,0,0,0,10,normal,22,宿舍|课程资料
p_ext_001707,u_ext_00482,ext_003,恋爱交友,毕业照拍照搭子,想找同学一起拍照，时间可以商量。,0,0,2025-12-11 09:00:57,4179.85,活动|交友,社交,图书馆,0.0,0,0,0,10,normal,16,活动|交友
p_ext_001708,u_ext_00469,ext_001,二手交易,出二手自行车,车况正常，适合校内通勤，南校园附近交易，可自提。,0,0,2026-01-01 16:01:57,3668.8333,二手交易|电动车|闲置|租房|教材,生活,图书馆,0.0,1,1,0,10,normal,24,二手交易|电动车|闲置|租房|教材
p_ext_001709,u_ext_00303,ext_001,二手交易,出二手自行车,车况正常，适合校内通勤，北校园附近交易，可自提。,3,1,2026-02-03 11:27:57,2881.4,教材|闲置|租房,生活,教学区,0.0,1,0,0,10,normal,24,教材|闲置|租房
p_ext_001710,u_ext_00139,ext_004,校园生活,宿舍区附近有什么好吃的,想换换口味，求推荐附近小店。,0,0,2026-05-10 07:52:57,580.9833,宿舍|共享厨房,社交,教学区,0.0,0,0,0,10,normal,14,宿舍|共享厨房
p_ext_001711,ckdsMWFvdlJyMzErdWJhdWlXYXNab0s2b29TUm5YaXRqYUJyc0lSOXRadkNhNXVRZnQzTlpvQ25zdEtOWjdDcmhiVnJrb1ZraUhxQmVXSjI=,ext_002,问答求助,求推荐附近打印店,需要打印课程资料，想找价格合适的位置。,0,0,2026-05-20 06:49:57,342.0333,打印店|求问|校园卡|课程资料|宿舍,生活,校外,0.0,0,0,0,10,normal,19,打印店|求问|校园卡|课程资料|宿舍
p_ext_001712,u_ext_00306,ext_001,二手交易,收二手电动车,预算有限，想收一辆能正常骑的电动车，最好有校区牌。,3,1,2026-01-31 23:30:57,2941.35,租房|电动车|闲置,生活,校外,10.0,0,0,0,10,normal,25,租房|电动车|闲置
p_ext_001713,u_ext_00226,ext_002,问答求助,求推荐附近打印店,需要打印课程资料，想找价格合适的位置。,0,0,2026-05-11 21:42:57,543.15,求问|课程资料|打印店|校园卡|宿舍,生活,全校,0.0,0,0,0,10,normal,19,求问|课程资料|打印店|校园卡|宿舍
p_ext_001714,u_ext_00171,ext_002,问答求助,求推荐附近打印店,需要打印课程资料，想找价格合适的位置。,0,0,2026-03-20 20:45:57,1792.1,宿舍|校园卡|求问|课程资料,生活,全校,0.0,0,0,0,10,normal,19,宿舍|校园卡|求问|课程资料
p_ext_001715,dzR5RnNJVFFybWFHM0xhNWdudThvNHVuZzdDSmRZU3JnWXA0a28rano5M0ZqM21EbGMzRm5vaXBzWmFVWjVPRGlybU1tWkdJZ0c2WXIySjI=,ext_002,问答求助,求推荐附近打印店,需要打印课程资料，想找价格合适的位置。,0,0,2026-02-23 06:27:57,2406.4,求问|课程资料,生活,全校,0.0,0,0,0,10,normal,19,求问|课程资料
p_ext_001716,u_ext_00430,ext_005,学习交流,这门课给分怎么样,准备选课，想听听上过的同学评价。,1,1,2026-04-04 00:20:57,1452.5167,学习交流|学习经验|复习资料,学习,宿舍区,0.0,0,0,0,10,normal,16,学习交流|学习经验|复习资料
p_ext_001717,c0h4NWlJelF0bXAvdHNlVmYyZkdqSlMzZ0lHWXE2S25pWHFXcklWKzI3akZmSmVBbHFtN3FaU25zcGFXbjZTTGhxbVphNFZob3FtSGlXSjI=,ext_010,竞赛科研,科研项目招人,每周有固定讨论，适合想了解科研的同学。,0,0,2026-01-03 05:51:57,3631.0,科研项目|创新项目|竞赛|组队,发展,宿舍区,0.0,0,0,0,10,normal,19,科研项目|创新项目|竞赛|组队
p_ext_001718,u_ext_00357,ext_002,问答求助,宿舍维修一般多久来,已经报修了，想问问大家一般多久能处理。,1,1,2026-01-07 06:11:57,3534.6667,校园卡|打印店|宿舍,生活,图书馆,0.0,0,0,0,10,normal,19,校园卡|打印店|宿舍
p_ext_001719,u_ext_00111,ext_006,考研保研,有没有保研经验分享,想了解材料准备和面试注意事项。,0,0,2026-01-22 14:06:57,3166.75,学习经验|考研,学习,食堂区,0.0,0,0,0,10,normal,15,学习经验|考研
p_ext_001720,u_ext_00193,ext_003,恋爱交友,周末有人一起打羽毛球吗,新手友好，主要想活动一下。,1,1,2026-02-06 05:50:57,2815.0167,交友|搭子|活动|羽毛球|拍照,社交,宿舍区,0.0,0,0,0,10,normal,13,交友|搭子|活动|羽毛球|拍照
p_ext_001721,cm95WGhwZTZ1NFNLbE1pNGdaK25aNHJRZUt5YWRvQ2toWXBqczVlQW5KYTBwSW1TZ0x2RVozKzN6TFNDakp0bmxybUFoSmgxa0c2TGlXSjI=,ext_002,问答求助,宿舍维修一般多久来,已经报修了，想问问大家一般多久能处理。,1,1,2026-03-13 18:38:57,1962.2167,求问|宿舍,生活,宿舍区,0.0,0,0,0,10,normal,19,求问|宿舍
p_ext_001722,u_ext_00284,ext_013,失物招领,证件失物招领,在图书馆座位旁看到。,0,0,2025-12-09 08:10:57,4228.6833,钥匙|失物招领|教学楼,生活,全校,0.0,0,0,0,10,normal,10,钥匙|失物招领|教学楼
p_ext_001723,u_ext_00285,ext_002,问答求助,宿舍维修一般多久来,已经报修了，想问问大家一般多久能处理。,0,0,2026-03-03 01:31:57,2219.3333,打印店|求问|课程资料,生活,教学区,0.0,0,0,0,10,normal,19,打印店|求问|课程资料
p_ext_001724,u_ext_00362,ext_008,食堂生活,食堂新窗口测评,今天试了一下，味道和分量都还可以。,1,1,2026-04-28 16:02:57,860.8167,拼饭|校园生活,生活,图书馆,0.0,0,0,0,10,normal,17,拼饭|校园生活
p_ext_001725,dFg2QmZJdVZxMzJIMExLemduM1NucE9VbG91Q1laQ1JpM3Q0cW9xT21LbTdnS04vaU16VWE1Yk50cWVOWjhhS2xzK3FiSXljbW4yTnIySjI=,ext_002,问答求助,求问校园卡补办流程,校园卡丢了，有没有同学知道补办需要带什么材料。,1,1,2026-03-24 09:39:57,1707.2,求问|宿舍|打印店|校园卡,生活,教学区,0.0,0,0,0,10,normal,23,求问|宿舍|打印店|校园卡
p_ext_001726,u_ext_00453,ext_002,问答求助,宿舍维修一般多久来,已经报修了，想问问大家一般多久能处理。,1,1,2026-04-04 21:43:57,1431.1333,校园卡|课程资料|宿舍|求问|打印店,生活,宿舍区,0.0,0,0,0,10,normal,19,校园卡|课程资料|宿舍|求问|打印店
p_ext_001727,u_ext_00293,ext_002,问答求助,求推荐附近打印店,需要打印课程资料，想找价格合适的位置。,0,0,2025-12-16 06:40:57,4062.1833,校园卡|打印店|宿舍,生活,图书馆,0.0,0,0,0,10,normal,19,校园卡|打印店|宿舍
p_ext_001728,u_ext_00123,ext_002,问答求助,求问校园卡补办流程,校园卡丢了，有没有同学知道补办需要带什么材料。,0,0,2026-03-29 17:25:57,1579.4333,课程资料|打印店,生活,图书馆,0.0,0,0,0,10,normal,23,课程资料|打印店
p_ext_001729,eFkrRms1UE56YkNDdGRlV2lXaXNuSlBRbFd5YWhZUi9tWTJJZTVxbnNhaTZhcCtBakpXYXBKVzJ2dENIak5acGdyZW1hbzEzZkgyRmlXSjI=,ext_004,校园生活,宿舍区附近有什么好吃的,想换换口味，求推荐附近小店。,0,0,2026-02-19 18:47:57,2490.0667,食堂|宿舍,社交,教学区,0.0,0,0,0,10,normal,14,食堂|宿舍
p_ext_001730,dElDZmU0VzYwV2VHemRpcmxxSFNwSVdTcXFpYVlaNTltSHBqcTRGc3FjNnZnSVdPZ0xpbmVvdXBxcnVXZmJCbWdLcWhiSnAzZkh1SGlXSjI=,ext_002,问答求助,宿舍维修一般多久来,已经报修了，想问问大家一般多久能处理。,0,0,2026-01-17 12:39:57,3288.2,课程资料|宿舍|校园卡|求问|打印店,生活,教学区,0.0,0,0,0,10,normal,19,课程资料|宿舍|校园卡|求问|打印店
p_ext_001731,u_ext_00340,ext_002,问答求助,求问南校哪里可以自习,最近想找安静地方复习，想问问大家有什么推荐。,0,0,2026-04-18 03:57:57,1112.9,求问|宿舍|校园卡|课程资料|打印店,生活,食堂区,0.0,0,0,0,10,normal,22,求问|宿舍|校园卡|课程资料|打印店
p_ext_001732,u_ext_00205,ext_002,问答求助,宿舍维修一般多久来,已经报修了，想问问大家一般多久能处理。,1,1,2026-02-28 18:25:57,2274.4333,求问|打印店|宿舍,生活,教学区,0.0,0,0,0,10,normal,19,求问|打印店|宿舍
p_ext_001733,u_ext_00258,ext_003,恋爱交友,找健身搭子,每周两三次，强度不用太高。,0,0,2026-01-15 01:27:57,3347.4,活动|交友|搭子,社交,教学区,0.0,0,0,0,10,normal,13,活动|交友|搭子
p_ext_001734,u_ext_00182,ext_003,恋爱交友,毕业照拍照搭子,想找同学一起拍照，时间可以商量。,0,0,2026-05-03 17:59:57,738.8667,搭子|拍照|羽毛球|活动,社交,全校,0.0,0,0,0,10,normal,16,搭子|拍照|羽毛球|活动
p_ext_001735,u_ext_00112,ext_002,问答求助,求推荐附近打印店,需要打印课程资料，想找价格合适的位置。,0,0,2025-12-20 05:03:57,3967.8,校园卡|宿舍|课程资料|求问,生活,全校,0.0,0,0,0,10,normal,19,校园卡|宿舍|课程资料|求问
p_ext_001736,u_ext_00453,ext_006,考研保研,408 考研经验分享,按阶段整理了复习计划和资料选择。,0,0,2026-04-23 15:02:57,981.8167,保研|学习经验|考研|408,学习,校外,0.0,0,0,0,10,normal,16,保研|学习经验|考研|408
p_ext_001737,u_ext_00136,ext_002,问答求助,求推荐附近打印店,需要打印课程资料，想找价格合适的位置。,1,1,2026-05-26 04:59:57,199.8667,打印店|课程资料|求问|校园卡,生活,全校,0.0,0,0,0,10,normal,19,打印店|课程资料|求问|校园卡
p_ext_001738,cjZGc2lJdTZwNCtGcWFxMWhwL0daWCtUaEtPYm5tYXZncTkwcDRGc3JKdkRvb2h0bEpXV29vVFFydGlKbjZpTmhKT2llcHRqbm51QmVXSjI=,ext_003,恋爱交友,毕业照拍照搭子,想找同学一起拍照，时间可以商量。,1,1,2025-12-12 23:40:57,4141.1833,羽毛球|搭子|交友|拍照,社交,校外,0.0,0,0,0,10,normal,16,羽毛球|搭子|交友|拍照
p_ext_001739,u_ext_00492,ext_002,问答求助,求问南校哪里可以自习,最近想找安静地方复习，想问问大家有什么推荐。,0,0,2025-12-15 22:33:57,4070.3,打印店|求问|校园卡,生活,图书馆,0.0,0,0,0,10,normal,22,打印店|求问|校园卡
p_ext_001740,u_ext_00109,ext_013,失物招领,请帮忙找背包,今天下午可能落在自习室。,1,1,2026-04-05 03:39:57,1425.2,证件|失物招领,生活,图书馆,0.0,0,0,0,10,normal,12,证件|失物招领
p_ext_001741,u_ext_00334,ext_001,二手交易,出二手自行车,车况正常，适合校内通勤，北校园附近交易，可自提。,3,1,2026-02-19 04:13:57,2504.6333,租房|二手交易|教材|闲置|电动车,生活,宿舍区,10.0,1,0,0,10,normal,24,租房|二手交易|教材|闲置|电动车
p_ext_001742,u_ext_00430,ext_002,问答求助,求推荐附近打印店,需要打印课程资料，想找价格合适的位置。,1,1,2026-02-04 06:19:57,2862.5333,打印店|求问|校园卡,生活,食堂区,0.0,0,0,0,10,normal,19,打印店|求问|校园卡
p_ext_001743,u_ext_00156,ext_001,二手交易,收二手电动车,预算有限，想收一辆能正常骑的电动车，最好有校区牌。,3,1,2026-02-06 11:27:57,2809.4,闲置|租房|二手交易|电动车|教材,生活,食堂区,20.0,0,1,0,10,normal,25,闲置|租房|二手交易|电动车|教材
p_ext_001744,u_ext_00171,ext_002,问答求助,求推荐附近打印店,需要打印课程资料，想找价格合适的位置。,1,1,2026-04-04 11:31:57,1441.3333,校园卡|求问,生活,宿舍区,0.0,0,0,0,10,normal,19,校园卡|求问
p_ext_001745,u_ext_00125,ext_001,二手交易,出考研资料,资料保存完整，适合复习使用，价格可小刀。,5,1,2026-04-20 03:03:57,1065.8,二手交易|教材|电动车|租房,生活,全校,0.0,0,0,0,10,normal,20,二手交易|教材|电动车|租房
p_ext_001746,u_ext_00154,ext_002,问答求助,求问校园卡补办流程,校园卡丢了，有没有同学知道补办需要带什么材料。,0,0,2026-05-23 18:51:57,258.0,校园卡|求问,生活,全校,0.0,0,0,0,10,normal,23,校园卡|求问
p_ext_001747,u_ext_00183,ext_007,课程评价,选课避坑指南,整理一些个人体验，欢迎补充不同看法。,1,1,2026-05-29 08:20:57,124.5167,老师|课程评价|选课,学习,校外,0.0,0,0,0,10,normal,18,老师|课程评价|选课
p_ext_001748,u_ext_00125,ext_006,考研保研,复试经验整理,把最近问到的问题和准备过程记录一下。,1,1,2026-03-05 12:35:57,2160.2667,保研|学习经验|考研,学习,全校,0.0,0,0,0,10,normal,18,保研|学习经验|考研
p_ext_001749,dXFLSmlwYW5zNnlVa3FxM2xtVzRycGE0ZDIyT2VZeG9sMmlBb1psOG05N0RrSWh1Z2Flam9aV1UwTmlVcjZPdGk2aWhzSnQ1Z0hxRmlXSjI=,ext_007,课程评价,期末重点有吗,复习范围有点大，想交流一下重点。,1,1,2025-12-04 18:14:57,4338.6167,选课|给分,学习,教学区,0.0,0,0,0,10,normal,16,选课|给分
p_ext_001750,u_ext_00357,ext_001,二手交易,收二手电动车,预算有限，想收一辆能正常骑的电动车，最好有校区牌。,1,1,2026-02-03 22:11:57,2870.6667,二手交易|闲置|租房|电动车|教材,生活,全校,10.0,0,0,0,10,normal,25,二手交易|闲置|租房|电动车|教材
p_ext_001751,u_ext_00470,ext_009,社团活动,周末活动报名,本周末有线下活动，人数有限。,3,1,2026-03-31 05:05:57,1543.7667,交友|活动|社团,社交,图书馆,0.0,0,0,0,10,normal,14,交友|活动|社团
p_ext_001752,u_ext_00171,ext_002,问答求助,求推荐附近打印店,需要打印课程资料，想找价格合适的位置。,0,0,2026-02-28 06:35:57,2286.2667,求问|校园卡|课程资料|打印店,生活,全校,0.0,0,0,0,10,normal,19,求问|校园卡|课程资料|打印店
p_ext_001753,u_ext_00296,ext_012,兼职实习,家教兼职招人,时间可协调，地点离学校不远。,1,1,2026-05-21 03:38:57,321.2167,实习|家教,发展,校外,0.0,0,0,0,10,normal,14,实习|家教
p_ext_001754,u_ext_00419,ext_002,问答求助,求推荐附近打印店,需要打印课程资料，想找价格合适的位置。,1,1,2025-12-27 19:01:57,3785.8333,校园卡|求问|课程资料|宿舍|打印店,生活,全校,0.0,0,0,0,10,normal,19,校园卡|求问|课程资料|宿舍|打印店
p_ext_001755,u_ext_00124,ext_002,问答求助,宿舍维修一般多久来,已经报修了，想问问大家一般多久能处理。,1,1,2026-03-29 08:14:57,1588.6167,打印店|校园卡|课程资料|求问|宿舍,生活,图书馆,0.0,0,0,0,10,normal,19,打印店|校园卡|课程资料|求问|宿舍
p_ext_001756,u_ext_00207,ext_001,二手交易,收二手电动车,预算有限，想收一辆能正常骑的电动车，最好有校区牌。,0,0,2026-04-02 07:48:57,1493.05,教材|二手交易|租房|电动车,生活,食堂区,10.0,0,0,0,10,normal,25,教材|二手交易|租房|电动车
p_ext_001757,u_ext_00390,ext_013,失物招领,请帮忙找背包,今天下午可能落在自习室。,0,0,2026-02-03 00:46:57,2892.0833,失物招领|钥匙|校园卡,生活,全校,0.0,0,0,0,10,normal,12,失物招领|钥匙|校园卡
p_ext_001758,u_ext_00163,ext_002,问答求助,求问校园卡补办流程,校园卡丢了，有没有同学知道补办需要带什么材料。,0,0,2025-12-13 23:53:57,4116.9667,校园卡|求问|课程资料|宿舍,生活,教学区,0.0,0,0,0,10,normal,23,校园卡|求问|课程资料|宿舍
p_ext_001759,dGFONWhJUE5xNkdEdWI2NWZtalNaWXFVZUxHTmg2S0FqV2RqZ0p1bng5bTBqNWVTbExtN2FYMlVsYkdJak01cGhhbUVlNXA1aEsyQ2VXSjI=,ext_002,问答求助,求推荐附近打印店,需要打印课程资料，想找价格合适的位置。,0,0,2026-05-02 14:27:57,766.4,宿舍|打印店|求问|课程资料|校园卡,生活,校外,0.0,0,0,0,10,normal,19,宿舍|打印店|求问|课程资料|校园卡
p_ext_001760,u_ext_00432,ext_007,课程评价,这门课给分怎么样,想问问作业量和期末难度。,0,0,2026-03-08 06:18:57,2094.55,期末|选课|老师,学习,全校,0.0,0,0,0,10,normal,12,期末|选课|老师
p_ext_001761,u_ext_00373,ext_002,问答求助,求问南校哪里可以自习,最近想找安静地方复习，想问问大家有什么推荐。,0,0,2026-02-11 15:49:57,2685.0333,宿舍|打印店|校园卡|课程资料|求问,生活,校外,0.0,0,0,0,10,normal,22,宿舍|打印店|校园卡|课程资料|求问
p_ext_001762,u_ext_00116,ext_009,社团活动,社团招新公告,面向所有年级，零基础也可以参加。,0,0,2026-01-04 11:53:57,3600.9667,交友|活动|社团,社交,教学区,0.0,0,0,0,10,normal,16,交友|活动|社团
p_ext_001763,u_ext_00497,ext_001,二手交易,毕业季出闲置,整理宿舍出一些闲置物品，优先校内自提。,0,0,2026-04-12 11:05:57,1249.7667,二手交易|闲置|电动车|教材,生活,食堂区,0.0,0,1,0,10,normal,19,二手交易|闲置|电动车|教材
p_ext_001764,u_ext_00202,ext_004,校园生活,吐槽一下今天的校车,等车时间有点久，大家最近有没有类似情况。,0,0,2026-01-10 03:16:57,3465.5833,校车|共享厨房|食堂|宿舍|校园生活,社交,图书馆,0.0,0,0,0,10,normal,20,校车|共享厨房|食堂|宿舍|校园生活
p_ext_001765,u_ext_00407,ext_001,二手交易,出考研资料,资料保存完整，适合复习使用，价格可小刀。,1,1,2026-05-03 12:27:57,744.4,租房|电动车|闲置|教材,生活,全校,0.0,0,0,0,10,normal,20,租房|电动车|闲置|教材
p_ext_001766,u_ext_00183,ext_010,竞赛科研,竞赛组队招募,方向初步确定，缺会写代码和做展示的同学。,0,0,2026-01-27 01:29:57,3059.3667,论文|科研项目|创新项目|竞赛,发展,教学区,0.0,0,0,0,10,normal,20,论文|科研项目|创新项目|竞赛
p_ext_001767,u_ext_00313,ext_001,二手交易,出考研资料,资料保存完整，适合复习使用，价格可小刀。,0,0,2026-01-06 22:48:57,3542.05,教材|二手交易|租房|闲置,生活,食堂区,0.0,0,0,0,10,normal,20,教材|二手交易|租房|闲置
p_ext_001768,u_ext_00341,ext_002,问答求助,宿舍维修一般多久来,已经报修了，想问问大家一般多久能处理。,1,1,2026-04-09 08:51:57,1324.0,求问|宿舍|校园卡|课程资料|打印店,生活,校外,0.0,0,0,0,10,normal,19,求问|宿舍|校园卡|课程资料|打印店
p_ext_001769,u_ext_00310,ext_006,考研保研,408 考研经验分享,按阶段整理了复习计划和资料选择。,0,0,2026-01-10 19:45:57,3449.1,学习经验|保研|考研|408|复试,学习,校外,0.0,0,0,0,10,normal,16,学习经验|保研|考研|408|复试
p_ext_001770,u_ext_00137,ext_007,课程评价,选课避坑指南,整理一些个人体验，欢迎补充不同看法。,1,1,2026-02-17 06:34:57,2550.2833,课程评价|选课|给分|老师,学习,全校,0.0,0,0,0,10,normal,18,课程评价|选课|给分|老师
p_ext_001771,u_ext_00149,ext_002,问答求助,求问南校哪里可以自习,最近想找安静地方复习，想问问大家有什么推荐。,1,1,2025-12-23 15:42:57,3885.15,打印店|求问|课程资料,生活,全校,0.0,0,0,0,10,normal,22,打印店|求问|课程资料
p_ext_001772,cmJLYnM0UE96WCtWM0xxMGxLSFNmWWZOb251RW5YaU5ocU9Fb1ltQngrRERvNXQvaGFxM2VJUzR1dEtYaXBKb2ZKS2FxSVNGZklTS2lXSjI=,ext_001,二手交易,毕业季出闲置,整理宿舍出一些闲置物品，优先校内自提。,0,0,2026-05-12 06:20:57,534.5167,教材|电动车|租房|二手交易|闲置,生活,食堂区,0.0,0,1,0,10,normal,19,教材|电动车|租房|二手交易|闲置
p_ext_001773,u_ext_00113,ext_001,二手交易,出考研资料,资料保存完整，适合复习使用，价格可小刀。,0,0,2026-05-11 06:36:57,558.25,电动车|闲置|二手交易,生活,全校,20.0,1,0,0,10,normal,20,电动车|闲置|二手交易
p_ext_001774,u_ext_00412,ext_001,二手交易,出二手自行车,车况正常，适合校内通勤，深圳校区附近交易，可自提。,1,1,2026-02-07 17:22:57,2779.4833,教材|闲置,生活,教学区,20.0,1,0,0,10,normal,25,教材|闲置
p_ext_001775,u_ext_00456,ext_001,二手交易,毕业季出闲置,整理宿舍出一些闲置物品，优先校内自提。,2,1,2025-12-17 15:18:57,4029.55,教材|电动车|租房,生活,图书馆,0.0,0,0,0,10,normal,19,教材|电动车|租房
p_ext_001776,u_ext_00368,ext_001,二手交易,出考研资料,资料保存完整，适合复习使用，价格可小刀。,0,0,2025-12-29 17:09:57,3739.7,租房|电动车,生活,宿舍区,10.0,1,0,0,10,normal,20,租房|电动车
p_ext_001777,u_ext_00115,ext_002,问答求助,求问校园卡补办流程,校园卡丢了，有没有同学知道补办需要带什么材料。,0,0,2026-01-25 03:12:57,3105.65,打印店|课程资料|校园卡|求问|宿舍,生活,食堂区,0.0,0,0,0,10,normal,23,打印店|课程资料|校园卡|求问|宿舍
p_ext_001778,u_ext_00223,ext_003,恋爱交友,找健身搭子,每周两三次，强度不用太高。,0,0,2026-05-12 22:24:57,518.45,搭子|拍照,社交,食堂区,0.0,0,0,0,10,normal,13,搭子|拍照
p_ext_001779,cjZGc2lJdTZwNCtGcWFxMWhwL0daWCtUaEtPYm5tYXZncTkwcDRGc3JKdkRvb2h0bEpXV29vVFFydGlKbjZpTmhKT2llcHRqbm51QmVXSjI=,ext_002,问答求助,宿舍维修一般多久来,已经报修了，想问问大家一般多久能处理。,0,0,2026-04-11 17:02:57,1267.8167,打印店|宿舍|求问|校园卡,生活,校外,0.0,0,0,0,10,normal,19,打印店|宿舍|求问|校园卡
p_ext_001780,u_ext_00127,ext_002,问答求助,宿舍维修一般多久来,已经报修了，想问问大家一般多久能处理。,0,0,2026-05-09 03:05:57,609.7667,校园卡|求问|宿舍|课程资料,生活,全校,0.0,0,0,0,10,normal,19,校园卡|求问|宿舍|课程资料
p_ext_001781,u_ext_00102,ext_004,校园生活,今天食堂这个菜怎么样,中午路过看到很多人排队，想问问味道如何。,0,0,2026-05-17 23:38:57,397.2167,食堂|共享厨房,社交,宿舍区,0.0,0,0,0,10,normal,20,食堂|共享厨房
p_ext_001782,u_ext_00219,ext_013,失物招领,证件失物招领,在图书馆座位旁看到。,0,0,2026-03-15 09:03:57,1923.8,失物招领|证件,生活,食堂区,0.0,0,0,0,10,normal,10,失物招领|证件
p_ext_001783,dXFXbnJaU3FrcStTMjUzT2dhTFdvSWJOYTZDRVlZeVJnb3VJclp1TnZiQzBhR1NoZ05Demg0clExTnFJb2Nab2haS0VmWU5qcW4rT3IySjI=,ext_002,问答求助,求问校园卡补办流程,校园卡丢了，有没有同学知道补办需要带什么材料。,1,1,2026-02-22 17:29:57,2419.3667,校园卡|打印店,生活,图书馆,0.0,0,0,0,10,normal,23,校园卡|打印店
p_ext_001784,u_ext_00261,ext_002,问答求助,求问校园卡补办流程,校园卡丢了，有没有同学知道补办需要带什么材料。,1,1,2026-03-04 10:24:57,2186.45,宿舍|求问|打印店|校园卡,生活,全校,0.0,0,0,0,10,normal,23,宿舍|求问|打印店|校园卡
p_ext_001785,u_ext_00140,ext_002,问答求助,求问南校哪里可以自习,最近想找安静地方复习，想问问大家有什么推荐。,1,1,2026-04-03 21:56:57,1454.9167,求问|打印店|校园卡|课程资料|宿舍,生活,全校,0.0,0,0,0,10,normal,22,求问|打印店|校园卡|课程资料|宿舍
p_ext_001786,cm1pYmlZU3BycTJDemFtV2xHZk9wSXVWZ0txTmQ0T3FpNHlpaUppa3k2dTBmNTlzaTVhdmpaTzEyTk9LbzdTbWt0eDhvcGwzakgrWXIySjI=,ext_001,二手交易,收二手电动车,预算有限，想收一辆能正常骑的电动车，最好有校区牌。,0,0,2026-03-11 12:57:57,2015.9,闲置|电动车|二手交易,生活,校外,50.0,0,1,0,10,normal,25,闲置|电动车|二手交易
p_ext_001787,eEtTZWJaYlExWHFJemFxWGhZdW9yb3ZNZjJtUW5vU0VpbzJXaEltbHVkQ3pvbzJ5bGRISmc1YTZ0c3VNak5LR2xMZVdyb1ZrbnBtSGlXSjI=,ext_002,问答求助,求推荐附近打印店,需要打印课程资料，想找价格合适的位置。,0,0,2025-12-10 17:11:57,4195.6667,宿舍|课程资料|打印店,生活,图书馆,0.0,0,0,0,10,normal,19,宿舍|课程资料|打印店
p_ext_001788,u_ext_00478,ext_002,问答求助,求问南校哪里可以自习,最近想找安静地方复习，想问问大家有什么推荐。,1,1,2026-05-27 04:54:57,175.95,打印店|宿舍|求问|课程资料|校园卡,生活,图书馆,0.0,0,0,0,10,normal,22,打印店|宿舍|求问|课程资料|校园卡
p_ext_001789,u_ext_00412,ext_001,二手交易,出二手自行车,车况正常，适合校内通勤，深圳校区附近交易，可自提。,0,0,2026-01-06 21:15:57,3543.6,租房|闲置|电动车|教材|二手交易,生活,教学区,90.0,0,1,0,10,normal,25,租房|闲置|电动车|教材|二手交易
p_ext_001790,u_ext_00128,ext_001,二手交易,出二手自行车,车况正常，适合校内通勤，北校园附近交易，可自提。,5,1,2025-12-19 04:32:57,3992.3167,租房|闲置,生活,宿舍区,10.0,0,0,0,10,normal,24,租房|闲置
p_ext_001791,dG42TnEzL091NHVTMEw3T2w2RzRaNVducHFtRlluOXJnNHg0aTRoOXk5M0RwbldEaEpXNmFKVzV0cldIWjlxS2lNNmVvSVdybXFxQmVXSjI=,ext_013,失物招领,寻找钥匙,可能丢在宿舍区或食堂附近。,0,0,2026-03-31 19:20:57,1529.5167,失物招领|证件|教学楼|校园卡,生活,食堂区,0.0,0,0,0,10,normal,13,失物招领|证件|教学楼|校园卡
p_ext_001792,u_ext_00120,ext_002,问答求助,宿舍维修一般多久来,已经报修了，想问问大家一般多久能处理。,0,0,2025-12-07 03:53:57,4280.9667,宿舍|求问,生活,校外,0.0,0,0,0,10,normal,19,宿舍|求问
p_ext_001793,u_ext_00208,ext_003,恋爱交友,周末有人一起打羽毛球吗,新手友好，主要想活动一下。,1,1,2025-12-10 14:20:57,4198.5167,拍照|羽毛球|活动|交友|搭子,社交,教学区,0.0,0,0,0,10,normal,13,拍照|羽毛球|活动|交友|搭子
p_ext_001794,dDM5c2U1T29yNmlEdXFtU2xxTzNhSlc0YzJ1RWRwQ3NqbnByb1lPUHk2dTNhbVNxaHF1cXJvWFFxckdLb3NxbWxycUliWXhqaktLT3IySjI=,ext_002,问答求助,宿舍维修一般多久来,已经报修了，想问问大家一般多久能处理。,0,0,2026-05-24 00:11:57,252.6667,校园卡|打印店,生活,宿舍区,0.0,0,0,0,10,normal,19,校园卡|打印店
p_ext_001795,u_ext_00442,ext_001,二手交易,收二手电动车,预算有限，想收一辆能正常骑的电动车，最好有校区牌。,0,0,2026-02-11 16:41:57,2684.1667,电动车|闲置|租房|二手交易|教材,生活,全校,0.0,0,0,0,10,normal,25,电动车|闲置|租房|二手交易|教材
p_ext_001796,u_ext_00439,ext_002,问答求助,求推荐附近打印店,需要打印课程资料，想找价格合适的位置。,0,0,2026-03-14 00:34:57,1956.2833,课程资料|求问|打印店,生活,图书馆,0.0,0,0,0,10,normal,19,课程资料|求问|打印店
p_ext_001797,u_ext_00465,ext_002,问答求助,求推荐附近打印店,需要打印课程资料，想找价格合适的位置。,0,0,2026-03-18 05:49:57,1855.0333,求问|校园卡,生活,校外,0.0,0,0,0,10,normal,19,求问|校园卡
p_ext_001798,u_ext_00216,ext_002,问答求助,求问南校哪里可以自习,最近想找安静地方复习，想问问大家有什么推荐。,0,0,2026-02-15 23:51:57,2581.0,打印店|求问|课程资料,生活,图书馆,0.0,0,0,0,10,normal,22,打印店|求问|课程资料
p_ext_001799,u_ext_00131,ext_002,问答求助,求问校园卡补办流程,校园卡丢了，有没有同学知道补办需要带什么材料。,1,1,2026-02-03 11:18:57,2881.55,打印店|求问|校园卡|课程资料,生活,图书馆,0.0,0,0,0,10,normal,23,打印店|求问|校园卡|课程资料
p_ext_001800,u_ext_00161,ext_001,二手交易,毕业季出闲置,整理宿舍出一些闲置物品，优先校内自提。,5,1,2026-03-02 12:02:57,2232.8167,闲置|教材|二手交易|租房,生活,图书馆,10.0,1,0,0,10,normal,19,闲置|教材|二手交易|租房
p_ext_001801,dG9DanFaZlJ0bWFMcHJLV2dHZXdqSk9tZ0tpTFpJQ0VtR2VxcElTTno3N0RnSDJ0aGFxVnFIN1Fxc3lWZXM2R2hicUlySXVyaUkrSGlXSjI=,ext_002,问答求助,求问南校哪里可以自习,最近想找安静地方复习，想问问大家有什么推荐。,0,0,2026-02-03 14:47:57,2878.0667,求问|宿舍|课程资料,生活,图书馆,0.0,0,0,0,10,normal,22,求问|宿舍|课程资料
p_ext_001802,u_ext_00448,ext_002,问答求助,宿舍维修一般多久来,已经报修了，想问问大家一般多久能处理。,0,0,2026-01-27 06:29:57,3054.3667,课程资料|校园卡|打印店|宿舍|求问,生活,食堂区,0.0,0,0,0,10,normal,19,课程资料|校园卡|打印店|宿舍|求问
p_ext_001803,u_ext_00293,ext_002,问答求助,求问校园卡补办流程,校园卡丢了，有没有同学知道补办需要带什么材料。,1,1,2026-05-03 11:45:57,745.1,打印店|宿舍,生活,全校,0.0,0,0,0,10,normal,23,打印店|宿舍
p_ext_001804,u_ext_00400,ext_004,校园生活,宿舍区附近有什么好吃的,想换换口味，求推荐附近小店。,0,0,2026-02-25 20:08:57,2344.7167,共享厨房|食堂|宿舍|校车,社交,全校,0.0,0,0,0,10,normal,14,共享厨房|食堂|宿舍|校车
p_ext_001805,u_ext_00123,ext_011,实习就业,暑期实习内推,岗位适合大三大四，有相关项目经验更好。,1,1,2026-05-28 23:35:57,133.2667,面试|简历|实习,发展,宿舍区,0.0,0,1,0,10,normal,19,面试|简历|实习
p_ext_001806,u_ext_00486,ext_002,问答求助,宿舍维修一般多久来,已经报修了，想问问大家一般多久能处理。,0,0,2025-12-09 22:06:57,4214.75,打印店|校园卡|求问|宿舍|课程资料,生活,校外,0.0,0,0,0,10,normal,19,打印店|校园卡|求问|宿舍|课程资料
p_ext_001807,u_ext_00150,ext_002,问答求助,宿舍维修一般多久来,已经报修了，想问问大家一般多久能处理。,0,0,2025-12-25 16:28:57,3836.3833,打印店|校园卡|宿舍|求问|课程资料,生活,教学区,0.0,0,0,0,10,normal,19,打印店|校园卡|宿舍|求问|课程资料
p_ext_001808,u_ext_00459,ext_002,问答求助,求问南校哪里可以自习,最近想找安静地方复习，想问问大家有什么推荐。,1,1,2026-03-10 20:18:57,2032.55,求问|校园卡,生活,宿舍区,0.0,0,0,0,10,normal,22,求问|校园卡
p_ext_001809,u_ext_00455,ext_002,问答求助,求问南校哪里可以自习,最近想找安静地方复习，想问问大家有什么推荐。,0,0,2026-05-28 05:57:57,150.9,求问|宿舍|校园卡|打印店|课程资料,生活,食堂区,0.0,0,0,0,10,normal,22,求问|宿舍|校园卡|打印店|课程资料
p_ext_001810,u_ext_00170,ext_003,恋爱交友,毕业照拍照搭子,想找同学一起拍照，时间可以商量。,0,0,2026-02-04 21:07:57,2847.7333,拍照|交友|活动|搭子|羽毛球,社交,宿舍区,0.0,0,0,0,10,normal,16,拍照|交友|活动|搭子|羽毛球
p_ext_001811,u_ext_00275,ext_001,二手交易,收二手电动车,预算有限，想收一辆能正常骑的电动车，最好有校区牌。,0,0,2026-02-27 09:38:57,2307.2167,电动车|教材,生活,宿舍区,20.0,0,0,0,10,normal,25,电动车|教材
p_ext_001812,u_ext_00472,ext_005,学习交流,数据结构期末复习资料整理,整理了一些重点和往年题型，欢迎补充。,0,0,2025-12-07 11:52:57,4272.9833,复习资料|学习交流|考试|学习经验|课程资料,学习,教学区,0.0,0,0,0,10,normal,18,复习资料|学习交流|考试|学习经验|课程资料
p_ext_001813,dTQ2TmZJemRxbWw5azY2MWpYcThnNHFTbnEySm5ZeHRnWitNcElxa3ZiQ3ZqWDJ4ZjlDU2U1SzZwcldVZmJpRmhhbXFwWXVHbnF1SGlXSjI=,ext_007,课程评价,这门课给分怎么样,想问问作业量和期末难度。,1,1,2026-02-03 22:45:57,2870.1,期末|课程评价|给分,学习,宿舍区,0.0,0,0,0,10,normal,12,期末|课程评价|给分
p_ext_001814,u_ext_00411,ext_011,实习就业,暑期实习内推,岗位适合大三大四，有相关项目经验更好。,1,1,2026-02-15 14:25:57,2590.4333,招聘|面试,发展,食堂区,0.0,0,1,0,10,normal,19,招聘|面试
p_ext_001815,u_ext_00156,ext_008,食堂生活,隐藏菜单分享,最近发现一个不错的搭配，价格也还行。,5,1,2026-04-07 03:34:57,1377.2833,校园生活|拼饭|食堂|窗口测评,生活,全校,0.0,0,0,0,10,normal,18,校园生活|拼饭|食堂|窗口测评
p_ext_001816,u_ext_00449,ext_001,二手交易,出二手自行车,车况正常，适合校内通勤，珠海校区附近交易，可自提。,0,0,2026-05-01 07:22:57,797.4833,教材|租房,生活,校外,0.0,1,1,0,10,normal,25,教材|租房
p_ext_001817,u_ext_00268,ext_002,问答求助,求问校园卡补办流程,校园卡丢了，有没有同学知道补办需要带什么材料。,1,1,2026-05-11 21:19:57,543.5333,打印店|宿舍|求问|校园卡,生活,宿舍区,0.0,0,0,0,10,normal,23,打印店|宿舍|求问|校园卡
p_ext_001818,eFkxNWo0ZTdxNHVMazZxdGw0dTRkMzY2ZktxT2hZU3NsMmVWYklXTnJkMnZmNStEZjVUTmVZT1RzcWFZaXF5Vms3bWxhNXRocldpTGlXSjI=,ext_001,二手交易,出考研资料,资料保存完整，适合复习使用，价格可小刀。,0,0,2026-01-16 06:18:57,3318.55,电动车|闲置,生活,宿舍区,20.0,0,1,0,10,normal,20,电动车|闲置
p_ext_001819,u_ext_00376,ext_002,问答求助,宿舍维修一般多久来,已经报修了，想问问大家一般多久能处理。,1,1,2026-02-06 13:48:57,2807.05,校园卡|课程资料|宿舍,生活,全校,0.0,0,0,0,10,normal,19,校园卡|课程资料|宿舍
p_ext_001820,u_ext_00460,ext_002,问答求助,求问南校哪里可以自习,最近想找安静地方复习，想问问大家有什么推荐。,0,0,2026-05-01 19:50:57,785.0167,打印店|课程资料|求问|校园卡|宿舍,生活,宿舍区,0.0,0,0,0,10,normal,22,打印店|课程资料|求问|校园卡|宿舍
p_ext_001821,u_ext_00331,ext_002,问答求助,求问南校哪里可以自习,最近想找安静地方复习，想问问大家有什么推荐。,0,0,2026-05-18 14:07:57,382.7333,宿舍|打印店|课程资料,生活,食堂区,0.0,0,0,0,10,normal,22,宿舍|打印店|课程资料
p_ext_001822,dTRDQnNZTzZ4WXlVdXRETWhLK2tnWWlscGErYVpJaXJncDVxYll5Qng2NjFqcGF5bDdqRmE1S3F2cmlHb2M1a2k4K3FnWngyWjZtTnIySjI=,ext_003,恋爱交友,找学习搭子,希望互相监督学习，地点可以在图书馆。,1,1,2026-03-20 19:12:57,1793.65,拍照|搭子|羽毛球|交友,社交,图书馆,0.0,0,0,0,10,normal,18,拍照|搭子|羽毛球|交友
p_ext_001823,u_ext_00385,ext_009,社团活动,周末活动报名,本周末有线下活动，人数有限。,5,1,2026-01-30 23:43:57,2965.1333,活动|交友|社团,社交,教学区,0.0,0,0,0,10,normal,14,活动|交友|社团
p_ext_001824,u_ext_00143,ext_002,问答求助,求推荐附近打印店,需要打印课程资料，想找价格合适的位置。,0,0,2026-04-09 20:25:57,1312.4333,课程资料|打印店|校园卡,生活,食堂区,0.0,0,0,0,10,normal,19,课程资料|打印店|校园卡
p_ext_001825,u_ext_00194,ext_013,失物招领,捡到校园卡,在教学楼附近捡到，失主可以联系认领。,0,0,2026-01-29 13:35:57,2999.2667,钥匙|失物招领|教学楼|校园卡|证件,生活,教学区,0.0,0,0,0,10,normal,18,钥匙|失物招领|教学楼|校园卡|证件
p_ext_001826,u_ext_00148,ext_002,问答求助,求推荐附近打印店,需要打印课程资料，想找价格合适的位置。,0,0,2026-05-01 15:29:57,789.3667,求问|打印店|校园卡,生活,图书馆,0.0,0,0,0,10,normal,19,求问|打印店|校园卡
p_ext_001827,u_ext_00448,ext_003,恋爱交友,毕业照拍照搭子,想找同学一起拍照，时间可以商量。,1,1,2026-05-18 13:34:57,383.2833,活动|搭子|拍照|羽毛球|交友,社交,教学区,0.0,0,0,0,10,normal,16,活动|搭子|拍照|羽毛球|交友
p_ext_001828,u_ext_00422,ext_008,食堂生活,隐藏菜单分享,最近发现一个不错的搭配，价格也还行。,1,1,2026-02-05 11:47:57,2833.0667,校园生活|拼饭|优惠|窗口测评,生活,全校,0.0,0,0,0,10,normal,18,校园生活|拼饭|优惠|窗口测评
p_ext_001829,u_ext_00195,ext_002,问答求助,求问南校哪里可以自习,最近想找安静地方复习，想问问大家有什么推荐。,0,0,2026-01-12 13:49:57,3407.0333,宿舍|校园卡,生活,校外,0.0,0,0,0,10,normal,22,宿舍|校园卡
p_ext_001830,u_ext_00210,ext_002,问答求助,宿舍维修一般多久来,已经报修了，想问问大家一般多久能处理。,1,1,2026-04-21 11:59:57,1032.8667,求问|宿舍|打印店|校园卡,生活,图书馆,0.0,0,0,0,10,normal,19,求问|宿舍|打印店|校园卡
p_ext_001831,u_ext_00242,ext_004,校园生活,宿舍区附近有什么好吃的,想换换口味，求推荐附近小店。,0,0,2026-01-31 05:43:57,2959.1333,校园生活|食堂|共享厨房|宿舍,社交,宿舍区,0.0,0,0,0,10,normal,14,校园生活|食堂|共享厨房|宿舍
p_ext_001832,u_ext_00421,ext_001,二手交易,毕业季出闲置,整理宿舍出一些闲置物品，优先校内自提。,0,0,2026-04-04 15:03:57,1437.8,租房|二手交易|教材|电动车,生活,宿舍区,0.0,1,0,0,10,normal,19,租房|二手交易|教材|电动车
p_ext_001833,u_ext_00455,ext_001,二手交易,收二手电动车,预算有限，想收一辆能正常骑的电动车，最好有校区牌。,2,1,2026-02-23 21:37:57,2391.2333,教材|电动车|二手交易,生活,全校,50.0,1,0,0,10,normal,25,教材|电动车|二手交易
p_ext_001834,u_ext_00434,ext_002,问答求助,求问校园卡补办流程,校园卡丢了，有没有同学知道补办需要带什么材料。,0,0,2026-04-24 09:08:57,963.7167,打印店|求问|宿舍,生活,食堂区,0.0,0,0,0,10,normal,23,打印店|求问|宿舍
p_ext_001835,u_ext_00345,ext_011,实习就业,有没有同学了解这个岗位,想问问工作内容和面试形式。,0,0,2026-03-01 15:09:57,2253.7,实习|招聘|简历|就业,发展,图书馆,0.0,0,0,0,10,normal,13,实习|招聘|简历|就业
p_ext_001836,dzMyYm9ZU3FrbmlTcXFyQ2xLTzBxWXZNZkdpUnE0dHNpV1ZucDRpUnFiVzFzV3l1Zzl5YW9YMlVtSkorWmJocGhwS1dzWkNHb21pWHIySjI=,ext_002,问答求助,求问校园卡补办流程,校园卡丢了，有没有同学知道补办需要带什么材料。,0,0,2026-01-08 08:21:57,3508.5,打印店|校园卡|求问|课程资料|宿舍,生活,食堂区,0.0,0,0,0,10,normal,23,打印店|校园卡|求问|课程资料|宿舍
p_ext_001837,u_ext_00361,ext_002,问答求助,宿舍维修一般多久来,已经报修了，想问问大家一般多久能处理。,0,0,2026-01-20 04:15:57,3224.6,宿舍|打印店|求问|课程资料,生活,宿舍区,0.0,0,0,0,10,normal,19,宿舍|打印店|求问|课程资料
p_ext_001838,u_ext_00371,ext_001,二手交易,出二手自行车,车况正常，适合校内通勤，南校园附近交易，可自提。,1,1,2026-05-07 05:22:57,655.4833,租房|二手交易|电动车|闲置|教材,生活,全校,50.0,1,0,0,10,normal,24,租房|二手交易|电动车|闲置|教材
p_ext_001839,u_ext_00380,ext_002,问答求助,求推荐附近打印店,需要打印课程资料，想找价格合适的位置。,0,0,2026-05-17 07:05:57,413.7667,宿舍|课程资料,生活,教学区,0.0,0,0,0,10,normal,19,宿舍|课程资料
p_ext_001840,cm55Qm1uNlRrcTZJemJhVWYyV3JwcFNWaUtlWW5xNm1sb3VBaEpocjBwYTZwSTE5aTdxcmdaS3Fzc3lZZk1xQWs1UmpwNDFrbm15R2lXSjI=,ext_002,问答求助,宿舍维修一般多久来,已经报修了，想问问大家一般多久能处理。,0,0,2026-03-11 14:02:57,2014.8167,求问|宿舍|校园卡|打印店|课程资料,生活,全校,0.0,0,0,0,10,normal,19,求问|宿舍|校园卡|打印店|课程资料
p_ext_001841,eEdxWGlwU1dzbXFTdXNqV2xIckdmNFROaUt5YWlJaW9sNGwwYkltTnVkQ3lqSVZwbEtpV2ZKT1VsYzZZamFpTGhLZG5oNHliZ0llSGlXSjI=,ext_012,兼职实习,短期兼职信息,适合课余时间，有意可以留言。,0,0,2025-12-05 13:34:57,4319.2833,家教|兼职|招聘|薪资|实习,发展,教学区,0.0,0,0,0,10,normal,14,家教|兼职|招聘|薪资|实习
p_ext_001842,u_ext_00480,ext_003,恋爱交友,找学习搭子,希望互相监督学习，地点可以在图书馆。,1,1,2026-05-30 19:32:57,89.3167,活动|交友|搭子|拍照|羽毛球,社交,食堂区,0.0,0,0,0,10,normal,18,活动|交友|搭子|拍照|羽毛球
p_ext_001843,cm95WGhwZTZ1NFNLbE1pNGdaK25aNHJRZUt5YWRvQ2toWXBqczVlQW5KYTBwSW1TZ0x2RVozKzN6TFNDakp0bmxybUFoSmgxa0c2TGlXSjI=,ext_004,校园生活,今天食堂这个菜怎么样,中午路过看到很多人排队，想问问味道如何。,0,0,2026-05-20 02:16:57,346.5833,校园生活|共享厨房|校车|宿舍,社交,图书馆,0.0,0,0,0,10,normal,20,校园生活|共享厨房|校车|宿舍
p_ext_001844,cm1pYmlZU3BycTJDemFtV2xHZk9wSXVWZ0txTmQ0T3FpNHlpaUppa3k2dTBmNTlzaTVhdmpaTzEyTk9LbzdTbWt0eDhvcGwzakgrWXIySjI=,ext_002,问答求助,求问校园卡补办流程,校园卡丢了，有没有同学知道补办需要带什么材料。,0,0,2026-04-10 03:23:57,1305.4667,宿舍|校园卡|打印店|求问|课程资料,生活,图书馆,0.0,0,0,0,10,normal,23,宿舍|校园卡|打印店|求问|课程资料
p_ext_001845,u_ext_00231,ext_002,问答求助,求推荐附近打印店,需要打印课程资料，想找价格合适的位置。,0,0,2026-02-22 04:21:57,2432.5,打印店|课程资料|求问|宿舍|校园卡,生活,全校,0.0,0,0,0,10,normal,19,打印店|课程资料|求问|宿舍|校园卡
p_ext_001846,u_ext_00139,ext_002,问答求助,求问南校哪里可以自习,最近想找安静地方复习，想问问大家有什么推荐。,0,0,2025-12-28 00:57:57,3779.9,宿舍|求问|打印店|校园卡,生活,校外,0.0,0,0,0,10,normal,22,宿舍|求问|打印店|校园卡
p_ext_001847,dFpDSWJaTzVwMzE4M016U2g0MmpaWlNUZTIyRlk0ZHRqWXVFb1krbnFONjRmSit5aTlDVnJvdVMzSmVVaTZldWk2aU1wbzE0a0lDQmVXSjI=,ext_002,问答求助,求问校园卡补办流程,校园卡丢了，有没有同学知道补办需要带什么材料。,0,0,2026-02-03 07:10:57,2885.6833,宿舍|求问|校园卡,生活,图书馆,0.0,0,0,0,10,normal,23,宿舍|求问|校园卡
p_ext_001848,u_ext_00121,ext_002,问答求助,求推荐附近打印店,需要打印课程资料，想找价格合适的位置。,1,1,2026-02-18 04:51:57,2528.0,校园卡|求问,生活,食堂区,0.0,0,0,0,10,normal,19,校园卡|求问
p_ext_001849,u_ext_00209,ext_005,学习交流,求操作系统实验报告参考,实验有几个地方卡住了，想交流一下思路。,1,1,2026-04-18 14:22:57,1102.4833,课程资料|考试|复习资料|学习交流,学习,全校,0.0,0,0,0,10,normal,19,课程资料|考试|复习资料|学习交流
p_ext_001850,u_ext_00115,ext_010,竞赛科研,创新项目经验,分享一下申报和结题过程。,1,1,2025-12-27 18:07:57,3786.7333,创新项目|科研项目|论文|组队,发展,校外,0.0,0,0,0,10,normal,12,创新项目|科研项目|论文|组队
p_ext_001851,u_ext_00423,ext_013,失物招领,寻找钥匙,可能丢在宿舍区或食堂附近。,1,1,2026-03-13 00:04:57,1980.7833,证件|教学楼|失物招领,生活,全校,0.0,0,0,0,10,normal,13,证件|教学楼|失物招领
p_ext_001852,u_ext_00243,ext_002,问答求助,求问南校哪里可以自习,最近想找安静地方复习，想问问大家有什么推荐。,1,1,2026-03-05 08:14:57,2164.6167,打印店|宿舍|课程资料|求问,生活,教学区,0.0,0,0,0,10,normal,22,打印店|宿舍|课程资料|求问
p_ext_001853,u_ext_00499,ext_001,二手交易,收二手电动车,预算有限，想收一辆能正常骑的电动车，最好有校区牌。,1,1,2026-04-06 13:43:57,1391.1333,二手交易|教材|闲置|租房|电动车,生活,教学区,0.0,0,1,0,10,normal,25,二手交易|教材|闲置|租房|电动车
p_ext_001854,u_ext_00175,ext_002,问答求助,宿舍维修一般多久来,已经报修了，想问问大家一般多久能处理。,0,0,2026-01-04 18:24:57,3594.45,打印店|宿舍|校园卡|课程资料|求问,生活,食堂区,0.0,0,0,0,10,normal,19,打印店|宿舍|校园卡|课程资料|求问
p_ext_001855,dHBCMW81U254WDZEemEyVmhhRGFkbjdPZ0lDUllwbHBsNHFtb1l0OXJiVERzb0J0ZjVhM2lwYTYwOU9WZkp0NWxLaUFqWkYwYjRlSWlXSjI=,ext_002,问答求助,求推荐附近打印店,需要打印课程资料，想找价格合适的位置。,1,1,2026-01-27 08:42:57,3052.15,求问|课程资料|宿舍|校园卡|打印店,生活,图书馆,0.0,0,0,0,10,normal,19,求问|课程资料|宿舍|校园卡|打印店
p_ext_001856,u_ext_00128,ext_002,问答求助,求问南校哪里可以自习,最近想找安静地方复习，想问问大家有什么推荐。,0,0,2026-05-10 03:51:57,585.0,校园卡|课程资料|宿舍|求问,生活,食堂区,0.0,0,0,0,10,normal,22,校园卡|课程资料|宿舍|求问
p_ext_001857,u_ext_00300,ext_002,问答求助,求问校园卡补办流程,校园卡丢了，有没有同学知道补办需要带什么材料。,0,0,2026-01-22 05:58:57,3174.8833,课程资料|宿舍|打印店|校园卡|求问,生活,全校,0.0,0,0,0,10,normal,23,课程资料|宿舍|打印店|校园卡|求问
p_ext_001858,dXFXbnJaU3FrcStTMjUzT2dhTFdvSWJOYTZDRVlZeVJnb3VJcllTQTA5ZXpmMmV5aTg2V3JJYlBxcEdCZkx5b2h0eWFiSmlibVd5RGVXSjI=,ext_002,问答求助,求问校园卡补办流程,校园卡丢了，有没有同学知道补办需要带什么材料。,1,1,2026-05-19 08:21:57,364.5,宿舍|打印店|课程资料|求问,生活,宿舍区,0.0,0,0,0,10,normal,23,宿舍|打印店|课程资料|求问
p_ext_001859,u_ext_00324,ext_003,恋爱交友,找健身搭子,每周两三次，强度不用太高。,1,1,2026-03-09 01:17:57,2075.5667,交友|拍照|羽毛球,社交,校外,0.0,0,0,0,10,normal,13,交友|拍照|羽毛球
p_ext_001860,dEk5a2duK3JxcStJcVpYUWhtYThqWVdwbGE2TmRtdU9pSDJhcEllUnBkRzdmWUN4ZjVXcWFaS3F6OWlJZkphdGZaT2FiSnBpakxLR2lXSjI=,ext_002,问答求助,求推荐附近打印店,需要打印课程资料，想找价格合适的位置。,1,1,2025-12-09 14:12:57,4222.65,打印店|课程资料,生活,校外,0.0,0,0,0,10,normal,19,打印店|课程资料
p_ext_001861,u_ext_00267,ext_002,问答求助,求问校园卡补办流程,校园卡丢了，有没有同学知道补办需要带什么材料。,0,0,2026-01-21 22:20:57,3182.5167,求问|校园卡|宿舍,生活,食堂区,0.0,0,0,0,10,normal,23,求问|校园卡|宿舍
p_ext_001862,dzMyYm9ZU3FrbmlTcXFyQ2xLTzBxWXZNZkdpUnE0dHNpV1ZucDRpUnFiVzFzV3l1Zzl5YW9YMlVtSkorWmJocGhwS1dzWkNHb21pWHIySjI=,ext_002,问答求助,求问校园卡补办流程,校园卡丢了，有没有同学知道补办需要带什么材料。,0,0,2026-05-07 11:19:57,649.5333,课程资料|宿舍|打印店,生活,全校,0.0,0,0,0,10,normal,23,课程资料|宿舍|打印店
p_ext_001863,u_ext_00189,ext_002,问答求助,求推荐附近打印店,需要打印课程资料，想找价格合适的位置。,0,0,2026-01-30 14:11:57,2974.6667,打印店|求问|课程资料|校园卡,生活,食堂区,0.0,0,0,0,10,normal,19,打印店|求问|课程资料|校园卡
p_ext_001864,u_ext_00478,ext_001,二手交易,出考研资料,资料保存完整，适合复习使用，价格可小刀。,2,1,2026-02-10 17:15:57,2707.6,二手交易|租房|闲置|电动车,生活,宿舍区,90.0,1,0,0,10,normal,20,二手交易|租房|闲置|电动车
p_ext_001865,u_ext_00252,ext_013,失物招领,寻找钥匙,可能丢在宿舍区或食堂附近。,1,1,2026-03-21 22:42:57,1766.15,失物招领|教学楼,生活,教学区,0.0,0,0,0,10,normal,13,失物招领|教学楼
p_ext_001866,u_ext_00351,ext_001,二手交易,出考研资料,资料保存完整，适合复习使用，价格可小刀。,5,1,2026-01-12 13:04:57,3407.7833,教材|闲置|二手交易|租房|电动车,生活,图书馆,20.0,0,0,0,10,normal,20,教材|闲置|二手交易|租房|电动车
p_ext_001867,u_ext_00105,ext_001,二手交易,收二手电动车,预算有限，想收一辆能正常骑的电动车，最好有校区牌。,0,0,2026-01-29 18:59:57,2993.8667,二手交易|电动车|租房,生活,食堂区,50.0,1,1,0,10,normal,25,二手交易|电动车|租房
p_ext_001868,u_ext_00191,ext_004,校园生活,吐槽一下今天的校车,等车时间有点久，大家最近有没有类似情况。,0,0,2026-03-23 13:23:57,1727.4667,校园生活|宿舍,社交,校外,0.0,0,0,0,10,normal,20,校园生活|宿舍
p_ext_001869,u_ext_00143,ext_002,问答求助,求推荐附近打印店,需要打印课程资料，想找价格合适的位置。,0,0,2026-02-13 20:58:57,2631.8833,宿舍|课程资料|打印店,生活,教学区,0.0,0,0,0,10,normal,19,宿舍|课程资料|打印店
p_ext_001870,czMxbnNaU251NUNBcHI2cGlHVzhkNGE2ZktXRlk2S0poMmlpZ28rbTA5dkZvMzJ5Z0xpN2VwV295TnVIWnNxTmhaUjhwSnFGaklTRGVXSjI=,ext_002,问答求助,求推荐附近打印店,需要打印课程资料，想找价格合适的位置。,1,1,2026-01-30 22:34:57,2966.2833,求问|宿舍|课程资料|校园卡|打印店,生活,教学区,0.0,0,0,0,10,normal,19,求问|宿舍|课程资料|校园卡|打印店
p_ext_001871,u_ext_00176,ext_002,问答求助,求问校园卡补办流程,校园卡丢了，有没有同学知道补办需要带什么材料。,1,1,2026-05-01 22:58:57,781.8833,打印店|校园卡|课程资料|宿舍|求问,生活,全校,0.0,0,0,0,10,normal,23,打印店|校园卡|课程资料|宿舍|求问
p_ext_001872,u_ext_00124,ext_013,失物招领,证件失物招领,在图书馆座位旁看到。,0,0,2026-05-09 08:37:57,604.2333,失物招领|校园卡|钥匙|证件,生活,全校,0.0,0,0,0,10,normal,10,失物招领|校园卡|钥匙|证件
p_ext_001873,dUtWc2lJaW9scUtTdWRDNGhubXpaSUMzbm5xRm5wbXdobzJpbzVDbTI5ckVmcHRyaHM2U29KVE8xTkNKWjdTVmxxcWVob3ViaDdDTnIySjI=,ext_002,问答求助,求问校园卡补办流程,校园卡丢了，有没有同学知道补办需要带什么材料。,0,0,2026-01-05 12:46:57,3576.0833,打印店|课程资料|校园卡,生活,宿舍区,0.0,0,0,0,10,normal,23,打印店|课程资料|校园卡
p_ext_001874,u_ext_00347,ext_010,竞赛科研,科研项目招人,每周有固定讨论，适合想了解科研的同学。,0,0,2026-05-05 01:54:57,706.95,科研项目|论文|竞赛|组队|创新项目,发展,宿舍区,0.0,0,0,0,10,normal,19,科研项目|论文|竞赛|组队|创新项目
p_ext_001875,u_ext_00225,ext_002,问答求助,求问校园卡补办流程,校园卡丢了，有没有同学知道补办需要带什么材料。,0,0,2026-03-28 06:27:57,1614.4,宿舍|校园卡|求问|课程资料|打印店,生活,宿舍区,0.0,0,0,0,10,normal,23,宿舍|校园卡|求问|课程资料|打印店
p_ext_001876,u_ext_00403,ext_006,考研保研,408 考研经验分享,按阶段整理了复习计划和资料选择。,1,1,2026-04-16 00:16:57,1164.5833,保研|408,学习,食堂区,0.0,0,0,0,10,normal,16,保研|408
p_ext_001877,dXFXbnJaU3FrcStTMjUzT2dhTFdvSWJOYTZDRVlZeVJnb3VJcllTQTA5ZXpmMmV5aTg2V3JJYlBxcEdCZkx5b2h0eWFiSmlibVd5RGVXSjI=,ext_002,问答求助,求推荐附近打印店,需要打印课程资料，想找价格合适的位置。,1,1,2026-01-15 11:22:57,3337.4833,宿舍|校园卡,生活,图书馆,0.0,0,0,0,10,normal,19,宿舍|校园卡
p_ext_001878,u_ext_00257,ext_012,兼职实习,兼职避坑提醒,整理一些常见注意事项。,1,1,2026-04-29 16:54:57,835.95,招聘|兼职|实习|薪资|家教,发展,全校,0.0,0,1,0,10,normal,11,招聘|兼职|实习|薪资|家教
p_ext_001879,u_ext_00312,ext_002,问答求助,求问校园卡补办流程,校园卡丢了，有没有同学知道补办需要带什么材料。,0,0,2026-02-01 11:58:57,2928.8833,求问|打印店|课程资料|宿舍,生活,校外,0.0,0,0,0,10,normal,23,求问|打印店|课程资料|宿舍
p_ext_001880,dHBCMW81U254WDZEemEyVmhhRGFkbjdPZ0lDUllwbHBsNHFtb1l0OXJiVERzb0J0ZjVhM2lwYTYwOU9WZkp0NWxLaUFqWkYwYjRlSWlXSjI=,ext_004,校园生活,宿舍区附近有什么好吃的,想换换口味，求推荐附近小店。,1,1,2026-02-12 14:01:57,2662.8333,校园生活|宿舍|食堂|校车,社交,全校,0.0,0,0,0,10,normal,14,校园生活|宿舍|食堂|校车
p_ext_001881,u_ext_00492,ext_011,实习就业,暑期实习内推,岗位适合大三大四，有相关项目经验更好。,0,0,2026-01-08 04:39:57,3512.2,实习|简历,发展,全校,0.0,0,1,0,10,normal,19,实习|简历
p_ext_001882,u_ext_00240,ext_002,问答求助,求问校园卡补办流程,校园卡丢了，有没有同学知道补办需要带什么材料。,0,0,2025-12-06 19:08:57,4289.7167,课程资料|校园卡|求问,生活,图书馆,0.0,0,0,0,10,normal,23,课程资料|校园卡|求问
p_ext_001883,u_ext_00266,ext_011,实习就业,求简历修改建议,准备投递实习，希望大家给点建议。,0,0,2026-03-14 21:17:57,1935.5667,简历|面试|就业|招聘,发展,校外,0.0,0,0,0,10,normal,16,简历|面试|就业|招聘
p_ext_001884,u_ext_00195,ext_001,二手交易,出二手自行车,车况正常，适合校内通勤，珠海校区附近交易，可自提。,0,0,2026-04-25 05:15:57,943.6,二手交易|闲置|电动车,生活,教学区,50.0,0,0,0,10,normal,25,二手交易|闲置|电动车
p_ext_001885,u_ext_00485,ext_001,二手交易,出二手自行车,车况正常，适合校内通勤，东校园附近交易，可自提。,5,1,2026-04-06 17:21:57,1387.5,二手交易|闲置|教材,生活,全校,0.0,1,0,0,10,normal,24,二手交易|闲置|教材
p_ext_001886,u_ext_00227,ext_001,二手交易,收二手电动车,预算有限，想收一辆能正常骑的电动车，最好有校区牌。,1,1,2025-12-24 18:01:57,3858.8333,教材|二手交易,生活,校外,150.0,0,0,0,10,normal,25,教材|二手交易
p_ext_001887,u_ext_00359,ext_001,二手交易,出考研资料,资料保存完整，适合复习使用，价格可小刀。,5,1,2026-05-21 04:22:57,320.4833,电动车|租房|教材|二手交易|闲置,生活,全校,90.0,0,1,0,10,normal,20,电动车|租房|教材|二手交易|闲置
p_ext_001888,cmJLYnM0UE96WCtWM0xxMGxLSFNmWWZOb251RW5YaU5ocU9Fb1ltQngrRERvNXQvaGFxM2VJUzR1dEtYaXBKb2ZKS2FxSVNGZklTS2lXSjI=,ext_001,二手交易,出二手自行车,车况正常，适合校内通勤，北校园附近交易，可自提。,0,0,2026-02-17 01:17:57,2555.5667,教材|二手交易|电动车|租房|闲置,生活,宿舍区,20.0,1,0,0,10,normal,24,教材|二手交易|电动车|租房|闲置
p_ext_001889,u_ext_00407,ext_001,二手交易,收二手电动车,预算有限，想收一辆能正常骑的电动车，最好有校区牌。,0,0,2026-04-29 17:57:57,834.9,租房|教材|闲置|二手交易|电动车,生活,教学区,90.0,1,0,0,10,normal,25,租房|教材|闲置|二手交易|电动车
p_ext_001890,u_ext_00233,ext_001,二手交易,出考研资料,资料保存完整，适合复习使用，价格可小刀。,0,0,2026-02-04 18:58:57,2849.8833,电动车|租房|二手交易|教材|闲置,生活,全校,150.0,1,1,0,10,normal,20,电动车|租房|二手交易|教材|闲置
p_ext_001891,u_ext_00305,ext_005,学习交流,有没有学习经验分享,想调整一下复习节奏，欢迎大家聊聊方法。,1,1,2026-01-18 03:58:57,3272.8833,复习资料|学习交流,学习,校外,0.0,0,0,0,10,normal,19,复习资料|学习交流
p_ext_001892,u_ext_00446,ext_007,课程评价,这门课给分怎么样,想问问作业量和期末难度。,0,0,2026-02-07 21:58:57,2774.8833,老师|选课|给分,学习,食堂区,0.0,0,0,0,10,normal,12,老师|选课|给分
p_ext_001893,dEk5a2duK3JxcStJcVpYUWhtYThqWVdwbGE2TmRtdU9pSDJhcEllUnBkRzdmWUN4ZjVXcWFaS3F6OWlJZkphdGZaT2FiSnBpakxLR2lXSjI=,ext_001,二手交易,毕业季出闲置,整理宿舍出一些闲置物品，优先校内自提。,3,1,2026-04-23 14:25:57,982.4333,电动车|闲置,生活,全校,10.0,1,0,0,10,normal,19,电动车|闲置
p_ext_001894,dXFXbnJaU3FrcStTMjUzT2dhTFdvSWJOYTZDRVlZeVJnb3VJclp1TnZiQzBhR1NoZ05Demg0clExTnFJb2Nab2haS0VmWU5qcW4rT3IySjI=,ext_002,问答求助,求问南校哪里可以自习,最近想找安静地方复习，想问问大家有什么推荐。,1,1,2026-03-26 20:31:57,1648.3333,校园卡|求问|课程资料,生活,校外,0.0,0,0,0,10,normal,22,校园卡|求问|课程资料
p_ext_001895,u_ext_00344,ext_004,校园生活,吐槽一下今天的校车,等车时间有点久，大家最近有没有类似情况。,0,0,2025-12-30 16:14:57,3716.6167,宿舍|食堂|校园生活,社交,教学区,0.0,0,0,0,10,normal,20,宿舍|食堂|校园生活
p_ext_001896,u_ext_00387,ext_001,二手交易,毕业季出闲置,整理宿舍出一些闲置物品，优先校内自提。,0,0,2026-02-02 11:39:57,2905.2,闲置|租房|电动车|二手交易|教材,生活,图书馆,0.0,1,0,0,10,normal,19,闲置|租房|电动车|二手交易|教材
p_ext_001897,u_ext_00128,ext_002,问答求助,求问南校哪里可以自习,最近想找安静地方复习，想问问大家有什么推荐。,0,0,2026-02-04 18:37:57,2850.2333,求问|打印店|课程资料,生活,全校,0.0,0,0,0,10,normal,22,求问|打印店|课程资料
p_ext_001898,u_ext_00410,ext_003,恋爱交友,毕业照拍照搭子,想找同学一起拍照，时间可以商量。,0,0,2026-02-10 23:19:57,2701.5333,交友|拍照,社交,宿舍区,0.0,0,0,0,10,normal,16,交友|拍照
p_ext_001899,u_ext_00400,ext_003,恋爱交友,找学习搭子,希望互相监督学习，地点可以在图书馆。,1,1,2026-02-15 19:05:57,2585.7667,拍照|羽毛球|活动,社交,宿舍区,0.0,0,0,0,10,normal,18,拍照|羽毛球|活动
p_ext_001900,u_ext_00497,ext_004,校园生活,有人一起去操场跑步吗,晚上想找搭子慢跑，节奏轻松就行。,0,0,2025-12-24 13:23:57,3863.4667,食堂|校车,社交,教学区,0.0,0,0,0,10,normal,16,食堂|校车
p_ext_001901,u_ext_00108,ext_001,二手交易,收二手电动车,预算有限，想收一辆能正常骑的电动车，最好有校区牌。,0,0,2026-01-02 17:16:57,3643.5833,闲置|教材|二手交易,生活,宿舍区,150.0,0,0,0,10,normal,25,闲置|教材|二手交易
p_ext_001902,u_ext_00140,ext_001,二手交易,收二手电动车,预算有限，想收一辆能正常骑的电动车，最好有校区牌。,0,0,2026-05-31 17:50:57,67.0167,教材|租房|二手交易|闲置|电动车,生活,教学区,0.0,1,0,0,10,normal,25,教材|租房|二手交易|闲置|电动车
p_ext_001903,u_ext_00347,ext_001,二手交易,收二手电动车,预算有限，想收一辆能正常骑的电动车，最好有校区牌。,1,1,2026-05-17 05:11:57,415.6667,租房|电动车,生活,校外,50.0,0,0,0,10,normal,25,租房|电动车
p_ext_001904,c28ybnJJelEwSzZHbExhNWxZM09xSlBOYTRPTmlKQ0lsYUNtallSL3FkbXZrSmVwZzlDM2hYL1BzcytCaTZOcGZ0eUFwWnFmbld1WHIySjI=,ext_002,问答求助,求问校园卡补办流程,校园卡丢了，有没有同学知道补办需要带什么材料。,0,0,2026-05-31 12:17:57,72.5667,宿舍|求问|校园卡|课程资料,生活,教学区,0.0,0,0,0,10,normal,23,宿舍|求问|校园卡|课程资料
p_ext_001905,u_ext_00102,ext_002,问答求助,求问校园卡补办流程,校园卡丢了，有没有同学知道补办需要带什么材料。,0,0,2026-02-11 21:17:57,2679.5667,打印店|校园卡|课程资料|宿舍,生活,校外,0.0,0,0,0,10,normal,23,打印店|校园卡|课程资料|宿舍
p_ext_001906,u_ext_00117,ext_002,问答求助,求问校园卡补办流程,校园卡丢了，有没有同学知道补办需要带什么材料。,1,1,2026-04-01 19:22:57,1505.4833,宿舍|求问,生活,图书馆,0.0,0,0,0,10,normal,23,宿舍|求问
p_ext_001907,u_ext_00367,ext_002,问答求助,求推荐附近打印店,需要打印课程资料，想找价格合适的位置。,0,0,2026-02-03 20:50:57,2872.0167,宿舍|校园卡,生活,图书馆,0.0,0,0,0,10,normal,19,宿舍|校园卡
p_ext_001908,u_ext_00391,ext_002,问答求助,求问南校哪里可以自习,最近想找安静地方复习，想问问大家有什么推荐。,0,0,2026-05-08 15:50:57,621.0167,宿舍|校园卡,生活,校外,0.0,0,0,0,10,normal,22,宿舍|校园卡
p_ext_001909,u_ext_00151,ext_003,恋爱交友,毕业照拍照搭子,想找同学一起拍照，时间可以商量。,0,0,2025-12-23 12:33:57,3888.3,搭子|交友|拍照|羽毛球|活动,社交,教学区,0.0,0,0,0,10,normal,16,搭子|交友|拍照|羽毛球|活动
p_ext_001910,u_ext_00182,ext_003,恋爱交友,毕业照拍照搭子,想找同学一起拍照，时间可以商量。,0,0,2025-12-09 06:24:57,4230.45,活动|羽毛球|拍照|搭子|交友,社交,食堂区,0.0,0,0,0,10,normal,16,活动|羽毛球|拍照|搭子|交友
p_ext_001911,u_ext_00116,ext_004,校园生活,有人一起去操场跑步吗,晚上想找搭子慢跑，节奏轻松就行。,0,0,2025-12-22 21:01:57,3903.8333,校园生活|宿舍|食堂|校车,社交,教学区,0.0,0,0,0,10,normal,16,校园生活|宿舍|食堂|校车
p_ext_001912,u_ext_00229,ext_002,问答求助,求推荐附近打印店,需要打印课程资料，想找价格合适的位置。,1,1,2026-06-02 05:44:57,31.1167,打印店|求问|宿舍,生活,教学区,0.0,0,0,0,10,normal,19,打印店|求问|宿舍
p_ext_001913,u_ext_00110,ext_002,问答求助,求问南校哪里可以自习,最近想找安静地方复习，想问问大家有什么推荐。,0,0,2026-02-21 04:52:57,2455.9833,求问|宿舍|校园卡|课程资料|打印店,生活,全校,0.0,0,0,0,10,normal,22,求问|宿舍|校园卡|课程资料|打印店
p_ext_001914,u_ext_00158,ext_002,问答求助,宿舍维修一般多久来,已经报修了，想问问大家一般多久能处理。,0,0,2025-12-26 00:02:57,3828.8167,宿舍|求问|课程资料,生活,宿舍区,0.0,0,0,0,10,normal,19,宿舍|求问|课程资料
p_ext_001915,u_ext_00285,ext_001,二手交易,毕业季出闲置,整理宿舍出一些闲置物品，优先校内自提。,0,0,2026-02-26 19:05:57,2321.7667,闲置|电动车|教材|二手交易|租房,生活,校外,150.0,1,0,0,10,normal,19,闲置|电动车|教材|二手交易|租房
p_ext_001916,eEg5cnM1V1Z0NHlJcHFiU2phTFNybitVaUtxRm40K3hobWVlc1lTUnNkYkRvMlNobEpUSmE1Yk4wSmVXYU1hTGhjMXJybzE1b3FtT3IySjI=,ext_002,问答求助,求推荐附近打印店,需要打印课程资料，想找价格合适的位置。,0,0,2026-05-01 02:27:57,802.4,打印店|宿舍|课程资料|求问|校园卡,生活,宿舍区,0.0,0,0,0,10,normal,19,打印店|宿舍|课程资料|求问|校园卡
p_ext_001917,u_ext_00365,ext_002,问答求助,求推荐附近打印店,需要打印课程资料，想找价格合适的位置。,0,0,2026-03-25 12:23:57,1680.4667,求问|课程资料|校园卡|打印店,生活,食堂区,0.0,0,0,0,10,normal,19,求问|课程资料|校园卡|打印店
p_ext_001918,u_ext_00352,ext_003,恋爱交友,毕业照拍照搭子,想找同学一起拍照，时间可以商量。,0,0,2026-02-07 05:47:57,2791.0667,活动|交友|拍照,社交,教学区,0.0,0,0,0,10,normal,16,活动|交友|拍照
p_ext_001919,cjJtanNZVzdzNHVBcUxYWWlvckthWWpNaDZxTlpKNkdobWlWcTRtUno1bkNzcCt1aWJmTmUzNlYwOXFVcnRhZWxLaDhqcHAzZUsrWHIySjI=,ext_013,失物招领,捡到校园卡,在教学楼附近捡到，失主可以联系认领。,0,0,2026-01-10 02:02:57,3466.8167,教学楼|证件,生活,宿舍区,0.0,0,0,0,10,normal,18,教学楼|证件
p_ext_001920,dDJsMWtaYTZ5WG1IdDZxbGdHWEdaWlNvbm1pRWVJU25ocU56YkptT3VkRzdwSFd6aTlDYWg1T3FxcXlXcjhaNWs1S1dxNHAxajJpTGlXSjI=,ext_002,问答求助,求问校园卡补办流程,校园卡丢了，有没有同学知道补办需要带什么材料。,0,0,2026-05-16 10:46:57,434.0833,打印店|求问|课程资料|校园卡|宿舍,生活,全校,0.0,0,0,0,10,normal,23,打印店|求问|课程资料|校园卡|宿舍
p_ext_001921,dG42TnEzL091NHVTMEw3T2w2RzRaNVducHFtRlluOXJnNHg0aTRoOXk5M0RwbldEaEpXNmFKVzV0cldIWjlxS2lNNmVvSVdybXFxQmVXSjI=,ext_001,二手交易,收二手电动车,预算有限，想收一辆能正常骑的电动车，最好有校区牌。,0,0,2026-03-04 10:01:57,2186.8333,教材|电动车,生活,教学区,90.0,0,0,0,10,normal,25,教材|电动车
p_ext_001922,u_ext_00285,ext_001,二手交易,收二手电动车,预算有限，想收一辆能正常骑的电动车，最好有校区牌。,0,0,2026-03-17 15:34:57,1869.2833,教材|二手交易|电动车|租房|闲置,生活,宿舍区,0.0,0,0,0,10,normal,25,教材|二手交易|电动车|租房|闲置
p_ext_001923,u_ext_00366,ext_010,竞赛科研,创新项目经验,分享一下申报和结题过程。,1,1,2025-12-09 08:07:57,4228.7333,论文|竞赛|创新项目|科研项目,发展,图书馆,0.0,0,0,0,10,normal,12,论文|竞赛|创新项目|科研项目
p_ext_001924,u_ext_00246,ext_002,问答求助,宿舍维修一般多久来,已经报修了，想问问大家一般多久能处理。,1,1,2026-04-24 08:21:57,964.5,课程资料|校园卡|宿舍,生活,全校,0.0,0,0,0,10,normal,19,课程资料|校园卡|宿舍
p_ext_001925,u_ext_00159,ext_002,问答求助,求推荐附近打印店,需要打印课程资料，想找价格合适的位置。,1,1,2026-01-07 07:35:57,3533.2667,宿舍|课程资料|校园卡,生活,宿舍区,0.0,0,0,0,10,normal,19,宿舍|课程资料|校园卡
p_ext_001926,u_ext_00347,ext_002,问答求助,求问校园卡补办流程,校园卡丢了，有没有同学知道补办需要带什么材料。,1,1,2026-04-27 13:10:57,887.6833,校园卡|求问|宿舍,生活,图书馆,0.0,0,0,0,10,normal,23,校园卡|求问|宿舍
p_ext_001927,u_ext_00152,ext_002,问答求助,宿舍维修一般多久来,已经报修了，想问问大家一般多久能处理。,0,0,2026-01-23 10:50:57,3146.0167,宿舍|课程资料,生活,教学区,0.0,0,0,0,10,normal,19,宿舍|课程资料
p_ext_001928,dEtLYm1vTzYwWjZMdDlTNmdYdk5yWVNvb3FTTGRaMnZoYUdhb29pUnJkbXpqbjJObHJpWmE0VzV1clNZaXNsa2xiZUVhb1dlZktXWXIySjI=,ext_002,问答求助,求推荐附近打印店,需要打印课程资料，想找价格合适的位置。,0,0,2026-04-22 13:44:57,1007.1167,宿舍|校园卡,生活,全校,0.0,0,0,0,10,normal,19,宿舍|校园卡
p_ext_001929,u_ext_00342,ext_001,二手交易,毕业季出闲置,整理宿舍出一些闲置物品，优先校内自提。,2,1,2026-01-18 14:40:57,3262.1833,二手交易|教材|电动车,生活,校外,90.0,1,1,0,10,normal,19,二手交易|教材|电动车
p_ext_001930,u_ext_00378,ext_002,问答求助,宿舍维修一般多久来,已经报修了，想问问大家一般多久能处理。,1,1,2026-03-10 07:36:57,2045.25,校园卡|打印店|课程资料,生活,校外,0.0,0,0,0,10,normal,19,校园卡|打印店|课程资料
p_ext_001931,eFgyamdvR28xR2lTdWRqTmg2KzhuNFROcG9HYm5KQ0ppcCthZTVDUDB0MnZqNk9JaHMyamVvak12cWFYaXBPbWY4MmVrSW1lYjRPSWlXSjI=,ext_002,问答求助,宿舍维修一般多久来,已经报修了，想问问大家一般多久能处理。,1,1,2025-12-17 12:49:57,4032.0333,求问|校园卡|宿舍|课程资料,生活,教学区,0.0,0,0,0,10,normal,19,求问|校园卡|宿舍|课程资料
p_ext_001932,u_ext_00124,ext_002,问答求助,宿舍维修一般多久来,已经报修了，想问问大家一般多久能处理。,0,0,2026-05-05 18:00:57,690.85,宿舍|求问|校园卡,生活,全校,0.0,0,0,0,10,normal,19,宿舍|求问|校园卡
p_ext_001933,u_ext_00496,ext_002,问答求助,宿舍维修一般多久来,已经报修了，想问问大家一般多久能处理。,1,1,2025-12-10 14:59:57,4197.8667,宿舍|求问|校园卡|课程资料,生活,校外,0.0,0,0,0,10,normal,19,宿舍|求问|校园卡|课程资料
p_ext_001934,u_ext_00358,ext_002,问答求助,求问校园卡补办流程,校园卡丢了，有没有同学知道补办需要带什么材料。,1,1,2026-05-24 19:07:57,233.7333,校园卡|课程资料|打印店|求问|宿舍,生活,教学区,0.0,0,0,0,10,normal,23,校园卡|课程资料|打印店|求问|宿舍
p_ext_001935,u_ext_00223,ext_010,竞赛科研,论文阅读小组,一起读论文，互相讲解重点。,0,0,2026-04-05 12:00:57,1416.85,创新项目|组队|竞赛|科研项目|论文,发展,教学区,0.0,0,0,0,10,normal,13,创新项目|组队|竞赛|科研项目|论文
p_ext_001936,u_ext_00325,ext_002,问答求助,求问南校哪里可以自习,最近想找安静地方复习，想问问大家有什么推荐。,0,0,2026-03-26 03:58:57,1664.8833,校园卡|求问,生活,全校,0.0,0,0,0,10,normal,22,校园卡|求问
p_ext_001937,czQrRmdaV3IwWW1FcHNpa2xwK2tycFduZUt1WVpKcUFqb2w4ajQyT25LeTRqWmVUZnBQVWFuK1NzdEdHbjg1K2k4MkVzSm1GaUhxRmlXSjI=,ext_002,问答求助,求问南校哪里可以自习,最近想找安静地方复习，想问问大家有什么推荐。,1,1,2026-04-12 07:42:57,1253.15,课程资料|宿舍|打印店,生活,食堂区,0.0,0,0,0,10,normal,22,课程资料|宿舍|打印店
p_ext_001938,u_ext_00356,ext_001,二手交易,出二手自行车,车况正常，适合校内通勤，深圳校区附近交易，可自提。,1,1,2026-05-09 15:48:57,597.05,闲置|租房|教材,生活,宿舍区,150.0,0,0,0,10,normal,25,闲置|租房|教材
p_ext_001939,u_ext_00264,ext_002,问答求助,求推荐附近打印店,需要打印课程资料，想找价格合适的位置。,1,1,2026-05-04 18:00:57,714.85,求问|打印店,生活,全校,0.0,0,0,0,10,normal,19,求问|打印店
p_ext_001940,u_ext_00416,ext_002,问答求助,求推荐附近打印店,需要打印课程资料，想找价格合适的位置。,0,0,2026-03-01 22:50:57,2246.0167,宿舍|求问,生活,图书馆,0.0,0,0,0,10,normal,19,宿舍|求问
p_ext_001941,u_ext_00436,ext_002,问答求助,求问校园卡补办流程,校园卡丢了，有没有同学知道补办需要带什么材料。,0,0,2026-04-02 06:17:57,1494.5667,宿舍|校园卡,生活,校外,0.0,0,0,0,10,normal,23,宿舍|校园卡
p_ext_001942,u_ext_00212,ext_010,竞赛科研,科研项目招人,每周有固定讨论，适合想了解科研的同学。,1,1,2025-12-06 09:02:57,4299.8167,组队|竞赛|论文,发展,全校,0.0,0,0,0,10,normal,19,组队|竞赛|论文
p_ext_001943,u_ext_00273,ext_012,兼职实习,实习信息交流,看到一些岗位，想和大家讨论一下。,0,0,2026-02-22 04:26:57,2432.4167,薪资|兼职|招聘|家教,发展,教学区,0.0,0,1,0,10,normal,16,薪资|兼职|招聘|家教
p_ext_001944,d24ramduK1VzcTkvdHI2VGdYbTRubjYzaUk2TllxS2ttWXQ4b28xK3ViU3prSXlyZzd1bmk1T24wTFNXZTlKM2Y1U1dpSXFHaEk2TGlXSjI=,ext_002,问答求助,求推荐附近打印店,需要打印课程资料，想找价格合适的位置。,1,1,2026-03-15 01:27:57,1931.4,课程资料|打印店|宿舍|校园卡,生活,食堂区,0.0,0,0,0,10,normal,19,课程资料|打印店|宿舍|校园卡
p_ext_001945,u_ext_00294,ext_012,兼职实习,短期兼职信息,适合课余时间，有意可以留言。,1,1,2026-04-17 21:40:57,1119.1833,薪资|家教|实习,发展,全校,0.0,0,1,0,10,normal,14,薪资|家教|实习
p_ext_001946,u_ext_00438,ext_002,问答求助,宿舍维修一般多久来,已经报修了，想问问大家一般多久能处理。,0,0,2026-02-25 18:08:57,2346.7167,宿舍|课程资料,生活,全校,0.0,0,0,0,10,normal,19,宿舍|课程资料
p_ext_001947,u_ext_00263,ext_001,二手交易,毕业季出闲置,整理宿舍出一些闲置物品，优先校内自提。,3,1,2025-12-19 14:26:57,3982.4167,租房|教材|电动车|二手交易|闲置,生活,教学区,90.0,0,0,0,10,normal,19,租房|教材|电动车|二手交易|闲置
p_ext_001948,u_ext_00354,ext_003,恋爱交友,找健身搭子,每周两三次，强度不用太高。,1,1,2026-03-05 20:46:57,2152.0833,搭子|交友,社交,图书馆,0.0,0,0,0,10,normal,13,搭子|交友
p_ext_001949,u_ext_00147,ext_002,问答求助,求问校园卡补办流程,校园卡丢了，有没有同学知道补办需要带什么材料。,0,0,2025-12-28 09:48:57,3771.05,求问|校园卡|打印店|宿舍|课程资料,生活,食堂区,0.0,0,0,0,10,normal,23,求问|校园卡|打印店|宿舍|课程资料
p_ext_001950,u_ext_00405,ext_004,校园生活,今天食堂这个菜怎么样,中午路过看到很多人排队，想问问味道如何。,0,0,2026-03-03 10:34:57,2210.2833,共享厨房|食堂|校车|宿舍|校园生活,社交,教学区,0.0,0,0,0,10,normal,20,共享厨房|食堂|校车|宿舍|校园生活
p_ext_001951,u_ext_00151,ext_002,问答求助,求问校园卡补办流程,校园卡丢了，有没有同学知道补办需要带什么材料。,0,0,2026-01-02 20:38:57,3640.2167,求问|校园卡|课程资料|打印店|宿舍,生活,宿舍区,0.0,0,0,0,10,normal,23,求问|校园卡|课程资料|打印店|宿舍
p_ext_001952,u_ext_00192,ext_002,问答求助,求问南校哪里可以自习,最近想找安静地方复习，想问问大家有什么推荐。,0,0,2026-04-23 05:50:57,991.0167,课程资料|求问|打印店,生活,校外,0.0,0,0,0,10,normal,22,课程资料|求问|打印店
p_ext_001953,u_ext_00184,ext_012,兼职实习,家教兼职招人,时间可协调，地点离学校不远。,1,1,2026-04-28 04:46:57,872.0833,兼职|招聘|薪资|家教|实习,发展,校外,0.0,0,1,0,10,normal,14,兼职|招聘|薪资|家教|实习
p_ext_001954,u_ext_00330,ext_002,问答求助,宿舍维修一般多久来,已经报修了，想问问大家一般多久能处理。,1,1,2025-12-17 12:21:57,4032.5,打印店|宿舍|校园卡|课程资料,生活,教学区,0.0,0,0,0,10,normal,19,打印店|宿舍|校园卡|课程资料
p_ext_001955,u_ext_00290,ext_001,二手交易,出考研资料,资料保存完整，适合复习使用，价格可小刀。,3,1,2025-12-26 01:29:57,3827.3667,二手交易|租房|电动车|教材,生活,校外,50.0,0,0,0,10,normal,20,二手交易|租房|电动车|教材
p_ext_001956,u_ext_00454,ext_002,问答求助,宿舍维修一般多久来,已经报修了，想问问大家一般多久能处理。,0,0,2026-04-27 01:05:57,899.7667,求问|课程资料,生活,校外,0.0,0,0,0,10,normal,19,求问|课程资料
p_ext_001957,u_ext_00409,ext_001,二手交易,收二手电动车,预算有限，想收一辆能正常骑的电动车，最好有校区牌。,0,0,2025-12-24 10:19:57,3866.5333,闲置|二手交易,生活,教学区,0.0,0,0,0,10,normal,25,闲置|二手交易
p_ext_001958,u_ext_00235,ext_002,问答求助,宿舍维修一般多久来,已经报修了，想问问大家一般多久能处理。,0,0,2026-03-08 12:42:57,2088.15,课程资料|打印店|校园卡,生活,宿舍区,0.0,0,0,0,10,normal,19,课程资料|打印店|校园卡
p_ext_001959,u_ext_00378,ext_011,实习就业,暑期实习内推,岗位适合大三大四，有相关项目经验更好。,0,0,2025-12-18 04:05:57,4016.7667,简历|招聘|实习|面试|就业,发展,宿舍区,0.0,0,0,0,10,normal,19,简历|招聘|实习|面试|就业
p_ext_001960,u_ext_00128,ext_006,考研保研,408 考研经验分享,按阶段整理了复习计划和资料选择。,1,1,2026-04-28 20:22:57,856.4833,408|考研|保研,学习,宿舍区,0.0,0,0,0,10,normal,16,408|考研|保研
p_ext_001961,u_ext_00374,ext_002,问答求助,求推荐附近打印店,需要打印课程资料，想找价格合适的位置。,0,0,2026-02-20 01:34:57,2483.2833,打印店|求问|宿舍|校园卡,生活,食堂区,0.0,0,0,0,10,normal,19,打印店|求问|宿舍|校园卡
p_ext_001962,u_ext_00474,ext_006,考研保研,有没有保研经验分享,想了解材料准备和面试注意事项。,1,1,2026-04-18 01:01:57,1115.8333,考研|复试|学习经验|保研,学习,图书馆,0.0,0,0,0,10,normal,15,考研|复试|学习经验|保研
p_ext_001963,u_ext_00178,ext_002,问答求助,求推荐附近打印店,需要打印课程资料，想找价格合适的位置。,0,0,2026-02-19 14:21:57,2494.5,宿舍|打印店|校园卡|课程资料|求问,生活,食堂区,0.0,0,0,0,10,normal,19,宿舍|打印店|校园卡|课程资料|求问
p_ext_001964,u_ext_00250,ext_011,实习就业,宣讲会信息分享,时间地点已经整理，感兴趣可以看看。,1,1,2026-01-25 02:08:57,3106.7167,就业|实习|招聘|简历,发展,图书馆,0.0,0,1,0,10,normal,17,就业|实习|招聘|简历
p_ext_001965,u_ext_00381,ext_012,兼职实习,实习信息交流,看到一些岗位，想和大家讨论一下。,1,1,2026-04-20 02:58:57,1065.8833,薪资|家教|招聘|实习|兼职,发展,教学区,0.0,0,0,0,10,normal,16,薪资|家教|招聘|实习|兼职
p_ext_001966,dzR1bXNvZW5zNjJTcU5TbW1IeW9qSVM2ZUtLSWhvQnRnNHFpajVxbHRhdkRpMngrazVPV2JJYVRxcktYakxoL2xkQ1dpNXgzZzJpWHIySjI=,ext_002,问答求助,求问南校哪里可以自习,最近想找安静地方复习，想问问大家有什么推荐。,0,0,2026-03-17 05:11:57,1879.6667,课程资料|打印店|求问,生活,教学区,0.0,0,0,0,10,normal,22,课程资料|打印店|求问
p_ext_001967,u_ext_00349,ext_002,问答求助,求推荐附近打印店,需要打印课程资料，想找价格合适的位置。,0,0,2025-12-24 11:57:57,3864.9,求问|校园卡|打印店,生活,宿舍区,0.0,0,0,0,10,normal,19,求问|校园卡|打印店
p_ext_001968,u_ext_00291,ext_002,问答求助,宿舍维修一般多久来,已经报修了，想问问大家一般多久能处理。,0,0,2026-01-29 03:58:57,3008.8833,打印店|校园卡,生活,全校,0.0,0,0,0,10,normal,19,打印店|校园卡
p_ext_001969,u_ext_00431,ext_002,问答求助,求问南校哪里可以自习,最近想找安静地方复习，想问问大家有什么推荐。,0,0,2025-12-19 00:10:57,3996.6833,打印店|求问|校园卡|宿舍,生活,校外,0.0,0,0,0,10,normal,22,打印店|求问|校园卡|宿舍
p_ext_001970,u_ext_00242,ext_002,问答求助,求问校园卡补办流程,校园卡丢了，有没有同学知道补办需要带什么材料。,0,0,2025-12-30 17:52:57,3714.9833,宿舍|校园卡|打印店|课程资料,生活,校外,0.0,0,0,0,10,normal,23,宿舍|校园卡|打印店|课程资料
p_ext_001971,u_ext_00469,ext_003,恋爱交友,找健身搭子,每周两三次，强度不用太高。,1,1,2026-03-05 00:26:57,2172.4167,搭子|拍照|交友,社交,食堂区,0.0,0,0,0,10,normal,13,搭子|拍照|交友
p_ext_001972,u_ext_00358,ext_002,问答求助,求问校园卡补办流程,校园卡丢了，有没有同学知道补办需要带什么材料。,1,1,2026-01-24 17:54:57,3114.95,课程资料|打印店|宿舍,生活,图书馆,0.0,0,0,0,10,normal,23,课程资料|打印店|宿舍
p_ext_001973,u_ext_00463,ext_002,问答求助,求推荐附近打印店,需要打印课程资料，想找价格合适的位置。,1,1,2026-05-16 09:23:57,435.4667,校园卡|宿舍|打印店|课程资料,生活,教学区,0.0,0,0,0,10,normal,19,校园卡|宿舍|打印店|课程资料
p_ext_001974,u_ext_00358,ext_002,问答求助,求问校园卡补办流程,校园卡丢了，有没有同学知道补办需要带什么材料。,0,0,2026-05-05 14:16:57,694.5833,求问|课程资料,生活,食堂区,0.0,0,0,0,10,normal,23,求问|课程资料
p_ext_001975,u_ext_00225,ext_002,问答求助,求推荐附近打印店,需要打印课程资料，想找价格合适的位置。,0,0,2026-02-02 08:26:57,2908.4167,校园卡|打印店|求问|宿舍,生活,校外,0.0,0,0,0,10,normal,19,校园卡|打印店|求问|宿舍
p_ext_001976,dG42TnEzL091NHVTMEw3T2w2RzRaNVducHFtRlluOXJnNHg0aTRoOXk5M0RwbldEaEpXNmFKVzV0cldIWjlxS2lNNmVvSVdybXFxQmVXSjI=,ext_010,竞赛科研,论文阅读小组,一起读论文，互相讲解重点。,0,0,2026-01-02 06:09:57,3654.7,竞赛|论文|创新项目|组队,发展,图书馆,0.0,0,0,0,10,normal,13,竞赛|论文|创新项目|组队
p_ext_001977,u_ext_00358,ext_010,竞赛科研,论文阅读小组,一起读论文，互相讲解重点。,0,0,2026-02-23 03:44:57,2409.1167,竞赛|科研项目|组队|论文,发展,图书馆,0.0,0,0,0,10,normal,13,竞赛|科研项目|组队|论文
p_ext_001978,u_ext_00127,ext_007,课程评价,这门课给分怎么样,想问问作业量和期末难度。,1,1,2026-04-21 10:15:57,1034.6,给分|课程评价|老师|期末,学习,食堂区,0.0,0,0,0,10,normal,12,给分|课程评价|老师|期末
p_ext_001979,u_ext_00282,ext_002,问答求助,求推荐附近打印店,需要打印课程资料，想找价格合适的位置。,0,0,2026-03-27 17:05:57,1627.7667,校园卡|课程资料|求问|打印店,生活,食堂区,0.0,0,0,0,10,normal,19,校园卡|课程资料|求问|打印店
p_ext_001980,u_ext_00186,ext_002,问答求助,求推荐附近打印店,需要打印课程资料，想找价格合适的位置。,0,0,2026-01-25 01:04:57,3107.7833,打印店|课程资料|求问|宿舍,生活,教学区,0.0,0,0,0,10,normal,19,打印店|课程资料|求问|宿舍
p_ext_001981,u_ext_00336,ext_002,问答求助,求问校园卡补办流程,校园卡丢了，有没有同学知道补办需要带什么材料。,1,1,2026-04-20 10:27:57,1058.4,打印店|校园卡|求问,生活,全校,0.0,0,0,0,10,normal,23,打印店|校园卡|求问
p_ext_001982,eFdsOWtZeXAwWDZWenE3UGpHWE9vWDZxZEpDT2Q2S0FtWXQ0cklGcms1ckdvNSt5ZlpTN2tJZVVycnFBWnFTbGs2cWFpWnlmaUh5SGlXSjI=,ext_002,问答求助,求问南校哪里可以自习,最近想找安静地方复习，想问问大家有什么推荐。,1,1,2026-03-13 14:18:57,1966.55,校园卡|求问|宿舍|课程资料,生活,食堂区,0.0,0,0,0,10,normal,22,校园卡|求问|宿舍|课程资料
p_ext_001983,u_ext_00274,ext_002,问答求助,求问南校哪里可以自习,最近想找安静地方复习，想问问大家有什么推荐。,1,1,2026-01-11 09:25:57,3435.4333,宿舍|打印店|校园卡,生活,教学区,0.0,0,0,0,10,normal,22,宿舍|打印店|校园卡
p_ext_001984,dUtWc2lJaW9scUtTdWRDNGhubXpaSUMzbm5xRm5wbXdobzJpbzVDbTI5ckVmcHRyaHM2U29KVE8xTkNKWjdTVmxxcWVob3ViaDdDTnIySjI=,ext_001,二手交易,毕业季出闲置,整理宿舍出一些闲置物品，优先校内自提。,1,1,2026-01-05 14:35:57,3574.2667,闲置|教材|二手交易|电动车|租房,生活,校外,90.0,0,1,0,10,normal,19,闲置|教材|二手交易|电动车|租房
p_ext_001985,u_ext_00302,ext_001,二手交易,出考研资料,资料保存完整，适合复习使用，价格可小刀。,0,0,2026-03-19 14:31:57,1822.3333,电动车|教材|闲置,生活,校外,0.0,1,1,0,10,normal,20,电动车|教材|闲置
p_ext_001986,u_ext_00479,ext_002,问答求助,求推荐附近打印店,需要打印课程资料，想找价格合适的位置。,0,0,2026-01-25 22:07:57,3086.7333,打印店|求问|课程资料|宿舍,生活,图书馆,0.0,0,0,0,10,normal,19,打印店|求问|课程资料|宿舍
p_ext_001987,u_ext_00131,ext_002,问答求助,求问校园卡补办流程,校园卡丢了，有没有同学知道补办需要带什么材料。,1,1,2026-04-06 23:48:57,1381.05,课程资料|宿舍|求问|打印店,生活,教学区,0.0,0,0,0,10,normal,23,课程资料|宿舍|求问|打印店
p_ext_001988,u_ext_00113,ext_002,问答求助,求问南校哪里可以自习,最近想找安静地方复习，想问问大家有什么推荐。,0,0,2026-02-14 05:38:57,2623.2167,校园卡|宿舍|打印店|求问,生活,宿舍区,0.0,0,0,0,10,normal,22,校园卡|宿舍|打印店|求问
p_ext_001989,u_ext_00263,ext_002,问答求助,宿舍维修一般多久来,已经报修了，想问问大家一般多久能处理。,1,1,2025-12-13 16:17:57,4124.5667,校园卡|课程资料|求问|打印店,生活,教学区,0.0,0,0,0,10,normal,19,校园卡|课程资料|求问|打印店
p_ext_001990,u_ext_00273,ext_002,问答求助,求问校园卡补办流程,校园卡丢了，有没有同学知道补办需要带什么材料。,1,1,2025-12-21 01:24:57,3947.45,打印店|宿舍|求问,生活,食堂区,0.0,0,0,0,10,normal,23,打印店|宿舍|求问
p_ext_001991,u_ext_00159,ext_002,问答求助,求问校园卡补办流程,校园卡丢了，有没有同学知道补办需要带什么材料。,1,1,2026-03-04 11:56:57,2184.9167,校园卡|求问,生活,全校,0.0,0,0,0,10,normal,23,校园卡|求问
p_ext_001992,u_ext_00256,ext_002,问答求助,求推荐附近打印店,需要打印课程资料，想找价格合适的位置。,0,0,2026-05-05 23:30:57,685.35,宿舍|打印店|求问|课程资料|校园卡,生活,教学区,0.0,0,0,0,10,normal,19,宿舍|打印店|求问|课程资料|校园卡
p_ext_001993,u_ext_00281,ext_001,二手交易,出考研资料,资料保存完整，适合复习使用，价格可小刀。,2,1,2026-03-08 05:59:57,2094.8667,二手交易|电动车|教材|租房|闲置,生活,全校,90.0,0,1,0,10,normal,20,二手交易|电动车|教材|租房|闲置
p_ext_001994,u_ext_00292,ext_007,课程评价,期末重点有吗,复习范围有点大，想交流一下重点。,0,0,2026-03-07 07:51:57,2117.0,期末|选课|给分,学习,全校,0.0,0,0,0,10,normal,16,期末|选课|给分
p_ext_001995,u_ext_00249,ext_002,问答求助,求问南校哪里可以自习,最近想找安静地方复习，想问问大家有什么推荐。,0,0,2026-04-17 21:14:57,1119.6167,课程资料|校园卡,生活,宿舍区,0.0,0,0,0,10,normal,22,课程资料|校园卡
p_ext_001996,u_ext_00141,ext_003,恋爱交友,周末有人一起打羽毛球吗,新手友好，主要想活动一下。,0,0,2026-03-11 16:47:57,2012.0667,搭子|拍照,社交,校外,0.0,0,0,0,10,normal,13,搭子|拍照
p_ext_001997,u_ext_00111,ext_003,恋爱交友,毕业照拍照搭子,想找同学一起拍照，时间可以商量。,0,0,2026-03-03 10:58:57,2209.8833,搭子|交友,社交,全校,0.0,0,0,0,10,normal,16,搭子|交友
p_ext_001998,u_ext_00155,ext_001,二手交易,出考研资料,资料保存完整，适合复习使用，价格可小刀。,1,1,2026-05-06 00:11:57,684.6667,租房|二手交易|教材,生活,校外,0.0,0,0,0,10,normal,20,租房|二手交易|教材
p_ext_001999,u_ext_00193,ext_002,问答求助,求问南校哪里可以自习,最近想找安静地方复习，想问问大家有什么推荐。,0,0,2026-02-10 10:42:57,2714.15,求问|宿舍|校园卡,生活,校外,0.0,0,0,0,10,normal,22,求问|宿舍|校园卡
p_ext_002000,u_ext_00458,ext_001,二手交易,出考研资料,资料保存完整，适合复习使用，价格可小刀。,2,1,2026-04-18 14:34:57,1102.2833,闲置|租房|教材,生活,食堂区,0.0,0,0,0,10,normal,20,闲置|租房|教材
