post_id,tag_id,tag_name,tag_weight,source
2101635776,tag_0001,求问,0.9845,extract
2101635776,tag_0002,校园卡,0.7735,extract
2101635776,tag_0003,南校,0.8993,extract
2101634205,tag_0004,二手交易,0.5626,extract
2101634205,tag_0005,闲置,0.9386,extract
2101634205,tag_0003,南校,0.8754,extract
2101633684,tag_0004,二手交易,0.5328,extract
2101633684,tag_0005,闲置,0.6851,extract
2101633377,tag_0001,求问,0.7001,extract
2101633377,tag_0002,校园卡,0.9932,extract
2101633377,tag_0003,南校,0.6628,extract
2101633377,tag_0006,租房,0.7313,extract
2101632238,tag_0001,求问,0.9645,extract
2101632238,tag_0002,校园卡,0.9627,extract
2101632238,tag_0007,东校,0.5068,extract
2101629901,tag_0004,二手交易,0.9135,extract
2101629901,tag_0005,闲置,0.531,extract
2101629901,tag_0003,南校,0.7931,extract
2101629901,tag_0008,搭子,0.9357,extract
2101629214,tag_0001,求问,0.7559,extract
2101629214,tag_0002,校园卡,0.7014,extract
2101623364,tag_0001,求问,0.5126,extract
2101623364,tag_0002,校园卡,0.5509,extract
2101622130,tag_0001,求问,0.9159,extract
2101622130,tag_0002,校园卡,0.6646,extract
2101621570,tag_0001,求问,0.5823,extract
2101621570,tag_0002,校园卡,0.5172,extract
2101621570,tag_0009,宿舍,0.7198,extract
2101617209,tag_0004,二手交易,0.6955,extract
2101617209,tag_0005,闲置,0.9779,extract
2101617209,tag_0003,南校,0.8663,extract
2101614176,tag_0001,求问,0.7352,extract
2101614176,tag_0002,校园卡,0.8623,extract
2101614176,tag_0003,南校,0.909,extract
2101614176,tag_0009,宿舍,0.6886,extract
2101613371,tag_0004,二手交易,0.8119,extract
2101613371,tag_0005,闲置,0.5214,extract
2101612909,tag_0010,交友,0.618,extract
2101612909,tag_0008,搭子,0.5429,extract
2101610652,tag_0001,求问,0.6703,extract
2101610652,tag_0002,校园卡,0.772,extract
2101610652,tag_0009,宿舍,0.5756,extract
2101610306,tag_0001,求问,0.7308,extract
2101610306,tag_0002,校园卡,0.5699,extract
2101610306,tag_0003,南校,0.9878,extract
2101608154,tag_0010,交友,0.9244,extract
2101608154,tag_0008,搭子,0.9475,extract
2101607896,tag_0001,求问,0.9952,extract
2101607896,tag_0002,校园卡,0.8018,extract
2101607896,tag_0007,东校,0.9382,extract
2101607896,tag_0011,食堂,0.9008,extract
2101607441,tag_0004,二手交易,0.6306,extract
2101607441,tag_0005,闲置,0.8822,extract
2101607441,tag_0007,东校,0.6126,extract
2101606621,tag_0001,求问,0.8194,extract
2101606621,tag_0002,校园卡,0.6235,extract
2101606621,tag_0003,南校,0.8668,extract
2101604866,tag_0001,求问,0.5184,extract
2101604866,tag_0002,校园卡,0.6921,extract
2101602365,tag_0001,求问,0.6496,extract
2101602365,tag_0002,校园卡,0.7753,extract
2101601867,tag_0004,二手交易,0.7681,extract
2101601867,tag_0005,闲置,0.7418,extract
2101601503,tag_0001,求问,0.6143,extract
2101601503,tag_0002,校园卡,0.848,extract
2101600938,tag_0004,二手交易,0.5069,extract
2101600938,tag_0005,闲置,0.727,extract
2101600478,tag_0001,求问,0.8021,extract
2101600478,tag_0002,校园卡,0.8663,extract
2101600478,tag_0007,东校,0.6587,extract
2101598143,tag_0004,二手交易,0.9991,extract
2101598143,tag_0005,闲置,0.628,extract
2101597153,tag_0004,二手交易,0.5018,extract
2101597153,tag_0005,闲置,0.5353,extract
2101597153,tag_0003,南校,0.8118,extract
2101589825,tag_0010,交友,0.873,extract
2101589825,tag_0008,搭子,0.8957,extract
2101589825,tag_0007,东校,0.5011,extract
2101589433,tag_0012,校园生活,0.7196,extract
2101589433,tag_0011,食堂,0.7818,extract
2101587925,tag_0001,求问,0.6771,extract
2101587925,tag_0002,校园卡,0.5033,extract
2101587925,tag_0003,南校,0.577,extract
2101587925,tag_0007,东校,0.8416,extract
2101587306,tag_0001,求问,0.7732,extract
2101587306,tag_0002,校园卡,0.7556,extract
2101586135,tag_0001,求问,0.5382,extract
2101586135,tag_0002,校园卡,0.5544,extract
2101585112,tag_0004,二手交易,0.7054,extract
2101585112,tag_0005,闲置,0.877,extract
2101585112,tag_0003,南校,0.6853,extract
2101584314,tag_0001,求问,0.6509,extract
2101584314,tag_0002,校园卡,0.945,extract
2101584314,tag_0009,宿舍,0.5498,extract
2101582125,tag_0001,求问,0.9406,extract
2101582125,tag_0002,校园卡,0.9508,extract
2101581383,tag_0001,求问,0.7432,extract
2101581383,tag_0002,校园卡,0.5762,extract
2101581383,tag_0009,宿舍,0.8081,extract
2101581383,tag_0006,租房,0.8489,extract
2101580916,tag_0001,求问,0.8723,extract
2101580916,tag_0002,校园卡,0.6049,extract
2101580742,tag_0001,求问,0.8002,extract
2101580742,tag_0002,校园卡,0.9127,extract
2101580743,tag_0001,求问,0.6527,extract
2101580743,tag_0002,校园卡,0.8931,extract
2101576983,tag_0004,二手交易,0.5136,extract
2101576983,tag_0005,闲置,0.5198,extract
2101576190,tag_0004,二手交易,0.9425,extract
2101576190,tag_0005,闲置,0.5457,extract
2101575959,tag_0001,求问,0.7683,extract
2101575959,tag_0002,校园卡,0.631,extract
2101572727,tag_0001,求问,0.5161,extract
2101572727,tag_0002,校园卡,0.5204,extract
2101572645,tag_0001,求问,0.6359,extract
2101572645,tag_0002,校园卡,0.6756,extract
2101572645,tag_0007,东校,0.8633,extract
2101570789,tag_0001,求问,0.8342,extract
2101570789,tag_0002,校园卡,0.9817,extract
2101569969,tag_0001,求问,0.8126,extract
2101569969,tag_0002,校园卡,0.5873,extract
2101569317,tag_0001,求问,0.9924,extract
2101569317,tag_0002,校园卡,0.6492,extract
2101567503,tag_0001,求问,0.6955,extract
2101567503,tag_0002,校园卡,0.5074,extract
2101566295,tag_0001,求问,0.9971,extract
2101566295,tag_0002,校园卡,0.9064,extract
2101566295,tag_0007,东校,0.9847,extract
2101566295,tag_0013,图书馆,0.7804,extract
2101566293,tag_0001,求问,0.6116,extract
2101566293,tag_0002,校园卡,0.8814,extract
2101562016,tag_0004,二手交易,0.5851,extract
2101562016,tag_0005,闲置,0.5445,extract
2101562016,tag_0009,宿舍,0.6941,extract
2101560280,tag_0001,求问,0.6298,extract
2101560280,tag_0002,校园卡,0.9911,extract
2101559833,tag_0004,二手交易,0.7684,extract
2101559833,tag_0005,闲置,0.8687,extract
2101559269,tag_0001,求问,0.9795,extract
2101559269,tag_0002,校园卡,0.5286,extract
2101557408,tag_0001,求问,0.6478,extract
2101557408,tag_0002,校园卡,0.9824,extract
2101556932,tag_0001,求问,0.9425,extract
2101556932,tag_0002,校园卡,0.703,extract
2101556378,tag_0001,求问,0.9231,extract
2101556378,tag_0002,校园卡,0.5192,extract
2101552196,tag_0001,求问,0.7827,extract
2101552196,tag_0002,校园卡,0.7018,extract
2101552196,tag_0003,南校,0.7031,extract
2101552196,tag_0008,搭子,0.7872,extract
2101549384,tag_0004,二手交易,0.5561,extract
2101549384,tag_0005,闲置,0.9458,extract
2101545311,tag_0001,求问,0.5501,extract
2101545311,tag_0002,校园卡,0.9246,extract
2101544463,tag_0001,求问,0.7034,extract
2101544463,tag_0002,校园卡,0.523,extract
2101544463,tag_0013,图书馆,0.5826,extract
2101543105,tag_0001,求问,0.5904,extract
2101543105,tag_0002,校园卡,0.7098,extract
2101541641,tag_0004,二手交易,0.9301,extract
2101541641,tag_0005,闲置,0.8804,extract
2101541641,tag_0003,南校,0.7718,extract
2101540770,tag_0001,求问,0.5187,extract
2101540770,tag_0002,校园卡,0.8641,extract
2101540770,tag_0007,东校,0.7732,extract
2101540021,tag_0004,二手交易,0.5649,extract
2101540021,tag_0005,闲置,0.6975,extract
2101539504,tag_0004,二手交易,0.9202,extract
2101539504,tag_0005,闲置,0.8848,extract
2101539189,tag_0001,求问,0.6432,extract
2101539189,tag_0002,校园卡,0.5739,extract
2101538067,tag_0001,求问,0.9186,extract
2101538067,tag_0002,校园卡,0.9272,extract
2101536968,tag_0001,求问,0.8945,extract
2101536968,tag_0002,校园卡,0.7501,extract
2101536968,tag_0003,南校,0.8784,extract
2101110140,tag_0001,求问,0.9108,extract
2101110140,tag_0002,校园卡,0.7164,extract
2101524138,tag_0001,求问,0.9081,extract
2101524138,tag_0002,校园卡,0.507,extract
2101535657,tag_0001,求问,0.7279,extract
2101535657,tag_0002,校园卡,0.6469,extract
2101534204,tag_0001,求问,0.9694,extract
2101534204,tag_0002,校园卡,0.6471,extract
2101533358,tag_0004,二手交易,0.9445,extract
2101533358,tag_0005,闲置,0.6732,extract
2101533358,tag_0014,实习,0.5277,extract
2101532187,tag_0001,求问,0.8912,extract
2101532187,tag_0002,校园卡,0.7263,extract
2101531847,tag_0001,求问,0.9699,extract
2101531847,tag_0002,校园卡,0.7295,extract
2101531847,tag_0003,南校,0.8272,extract
2101528808,tag_0001,求问,0.664,extract
2101528808,tag_0002,校园卡,0.517,extract
2101528808,tag_0009,宿舍,0.5765,extract
2101528808,tag_0006,租房,0.8688,extract
2101527263,tag_0001,求问,0.6153,extract
2101527263,tag_0002,校园卡,0.9632,extract
2101527263,tag_0013,图书馆,0.7063,extract
2101525731,tag_0001,求问,0.6683,extract
2101525731,tag_0002,校园卡,0.7015,extract
2101525731,tag_0009,宿舍,0.7143,extract
2101525731,tag_0006,租房,0.5805,extract
2101524050,tag_0001,求问,0.7481,extract
2101524050,tag_0002,校园卡,0.9011,extract
2101523410,tag_0001,求问,0.9936,extract
2101523410,tag_0002,校园卡,0.6885,extract
2101523410,tag_0009,宿舍,0.648,extract
2101523397,tag_0004,二手交易,0.5967,extract
2101523397,tag_0005,闲置,0.6525,extract
2101521276,tag_0001,求问,0.7883,extract
2101521276,tag_0002,校园卡,0.5667,extract
2101519891,tag_0001,求问,0.995,extract
2101519891,tag_0002,校园卡,0.781,extract
2101519846,tag_0012,校园生活,0.742,extract
2101519846,tag_0011,食堂,0.6903,extract
2101519846,tag_0009,宿舍,0.8226,extract
2101519051,tag_0001,求问,0.9084,extract
2101519051,tag_0002,校园卡,0.7141,extract
2101519045,tag_0010,交友,0.8766,extract
2101519045,tag_0008,搭子,0.8115,extract
2101518549,tag_0010,交友,0.9733,extract
2101518549,tag_0008,搭子,0.836,extract
2101518525,tag_0010,交友,0.8166,extract
2101518525,tag_0008,搭子,0.8767,extract
2101517403,tag_0001,求问,0.9085,extract
2101517403,tag_0002,校园卡,0.6845,extract
2091185831,tag_0010,交友,0.9063,extract
2091185831,tag_0008,搭子,0.5419,extract
2101516892,tag_0010,交友,0.7036,extract
2101516892,tag_0008,搭子,0.6887,extract
2101515525,tag_0001,求问,0.6618,extract
2101515525,tag_0002,校园卡,0.9014,extract
2101514503,tag_0001,求问,0.9551,extract
2101514503,tag_0002,校园卡,0.9469,extract
2101513711,tag_0001,求问,0.9648,extract
2101513711,tag_0002,校园卡,0.6967,extract
2101508313,tag_0001,求问,0.7413,extract
2101508313,tag_0002,校园卡,0.8699,extract
2101506544,tag_0001,求问,0.8646,extract
2101506544,tag_0002,校园卡,0.5217,extract
2101506146,tag_0012,校园生活,0.5792,extract
2101506146,tag_0011,食堂,0.8602,extract
2101506146,tag_0009,宿舍,0.571,extract
2101504655,tag_0012,校园生活,0.7687,extract
2101504655,tag_0011,食堂,0.5854,extract
p_ext_000101,tag_0015,课程资料,0.8283,extract
p_ext_000101,tag_0016,打印店,0.7308,extract
p_ext_000101,tag_0009,宿舍,0.7322,extract
p_ext_000102,tag_0009,宿舍,0.6695,extract
p_ext_000102,tag_0002,校园卡,0.5712,extract
p_ext_000102,tag_0015,课程资料,0.9384,extract
p_ext_000103,tag_0001,求问,0.7322,extract
p_ext_000103,tag_0009,宿舍,0.8878,extract
p_ext_000103,tag_0016,打印店,0.6378,extract
p_ext_000103,tag_0015,课程资料,0.7796,extract
p_ext_000104,tag_0017,408,0.514,extract
p_ext_000104,tag_0018,考研,0.5199,extract
p_ext_000105,tag_0019,期末,0.9516,extract
p_ext_000105,tag_0020,选课,0.8139,extract
p_ext_000106,tag_0009,宿舍,0.5817,extract
p_ext_000106,tag_0001,求问,0.7051,extract
p_ext_000107,tag_0001,求问,0.9824,extract
p_ext_000107,tag_0015,课程资料,0.669,extract
p_ext_000107,tag_0009,宿舍,0.8595,extract
p_ext_000107,tag_0002,校园卡,0.9169,extract
p_ext_000108,tag_0009,宿舍,0.9965,extract
p_ext_000108,tag_0001,求问,0.9553,extract
p_ext_000108,tag_0002,校园卡,0.7296,extract
p_ext_000108,tag_0016,打印店,0.6198,extract
p_ext_000109,tag_0005,闲置,0.6378,extract
p_ext_000109,tag_0021,电动车,0.5434,extract
p_ext_000109,tag_0022,教材,0.9692,extract
p_ext_000110,tag_0023,招新,0.7657,extract
p_ext_000110,tag_0024,志愿服务,0.9965,extract
p_ext_000110,tag_0010,交友,0.5847,extract
p_ext_000111,tag_0015,课程资料,0.5982,extract
p_ext_000111,tag_0016,打印店,0.808,extract
p_ext_000112,tag_0021,电动车,0.5783,extract
p_ext_000112,tag_0004,二手交易,0.5008,extract
p_ext_000112,tag_0022,教材,0.5536,extract
p_ext_000113,tag_0001,求问,0.9202,extract
p_ext_000113,tag_0002,校园卡,0.5001,extract
p_ext_000113,tag_0016,打印店,0.7242,extract
p_ext_000113,tag_0009,宿舍,0.9693,extract
p_ext_000114,tag_0009,宿舍,0.563,extract
p_ext_000114,tag_0002,校园卡,0.815,extract
p_ext_000115,tag_0025,兼职,0.5663,extract
p_ext_000115,tag_0014,实习,0.8429,extract
p_ext_000115,tag_0026,家教,0.7848,extract
p_ext_000115,tag_0027,薪资,0.8032,extract
p_ext_000116,tag_0002,校园卡,0.6904,extract
p_ext_000116,tag_0015,课程资料,0.5066,extract
p_ext_000116,tag_0009,宿舍,0.8543,extract
p_ext_000116,tag_0016,打印店,0.8033,extract
p_ext_000117,tag_0001,求问,0.5018,extract
p_ext_000117,tag_0015,课程资料,0.9145,extract
p_ext_000118,tag_0011,食堂,0.6944,extract
p_ext_000118,tag_0028,拼饭,0.7146,extract
p_ext_000119,tag_0015,课程资料,0.59,extract
p_ext_000119,tag_0016,打印店,0.8352,extract
p_ext_000119,tag_0009,宿舍,0.946,extract
p_ext_000120,tag_0016,打印店,0.9665,extract
p_ext_000120,tag_0001,求问,0.9837,extract
p_ext_000120,tag_0015,课程资料,0.7764,extract
p_ext_000120,tag_0009,宿舍,0.896,extract
p_ext_000120,tag_0002,校园卡,0.8188,extract
p_ext_000121,tag_0009,宿舍,0.7171,extract
p_ext_000121,tag_0016,打印店,0.7343,extract
p_ext_000121,tag_0001,求问,0.6126,extract
p_ext_000122,tag_0021,电动车,0.5078,extract
p_ext_000122,tag_0004,二手交易,0.8619,extract
p_ext_000122,tag_0005,闲置,0.8129,extract
p_ext_000122,tag_0006,租房,0.9183,extract
p_ext_000122,tag_0022,教材,0.7904,extract
p_ext_000123,tag_0001,求问,0.8072,extract
p_ext_000123,tag_0016,打印店,0.7938,extract
p_ext_000124,tag_0006,租房,0.9163,extract
p_ext_000124,tag_0021,电动车,0.902,extract
p_ext_000124,tag_0022,教材,0.8101,extract
p_ext_000125,tag_0029,老师,0.9465,extract
p_ext_000125,tag_0019,期末,0.6453,extract
p_ext_000125,tag_0030,给分,0.9175,extract
p_ext_000125,tag_0031,课程评价,0.9007,extract
p_ext_000126,tag_0016,打印店,0.5552,extract
p_ext_000126,tag_0002,校园卡,0.7147,extract
p_ext_000126,tag_0015,课程资料,0.8915,extract
p_ext_000127,tag_0015,课程资料,0.9948,extract
p_ext_000127,tag_0009,宿舍,0.9543,extract
p_ext_000127,tag_0001,求问,0.6212,extract
p_ext_000127,tag_0016,打印店,0.554,extract
p_ext_000128,tag_0005,闲置,0.8932,extract
p_ext_000128,tag_0021,电动车,0.9822,extract
p_ext_000128,tag_0006,租房,0.9357,extract
p_ext_000128,tag_0004,二手交易,0.5092,extract
p_ext_000128,tag_0022,教材,0.502,extract
p_ext_000129,tag_0009,宿舍,0.8895,extract
p_ext_000129,tag_0015,课程资料,0.6519,extract
p_ext_000130,tag_0032,学习经验,0.8625,extract
p_ext_000130,tag_0018,考研,0.963,extract
p_ext_000130,tag_0033,复试,0.6064,extract
p_ext_000130,tag_0017,408,0.5101,extract
p_ext_000130,tag_0034,保研,0.6636,extract
p_ext_000131,tag_0015,课程资料,0.7188,extract
p_ext_000131,tag_0002,校园卡,0.5849,extract
p_ext_000131,tag_0016,打印店,0.702,extract
p_ext_000132,tag_0012,校园生活,0.6623,extract
p_ext_000132,tag_0011,食堂,0.5482,extract
p_ext_000133,tag_0022,教材,0.6374,extract
p_ext_000133,tag_0021,电动车,0.8973,extract
p_ext_000133,tag_0006,租房,0.7327,extract
p_ext_000133,tag_0004,二手交易,0.6051,extract
p_ext_000134,tag_0002,校园卡,0.6962,extract
p_ext_000134,tag_0015,课程资料,0.8482,extract
p_ext_000134,tag_0009,宿舍,0.6668,extract
p_ext_000134,tag_0016,打印店,0.6393,extract
p_ext_000135,tag_0022,教材,0.6952,extract
p_ext_000135,tag_0004,二手交易,0.7146,extract
p_ext_000135,tag_0005,闲置,0.8361,extract
p_ext_000135,tag_0021,电动车,0.8718,extract
p_ext_000135,tag_0006,租房,0.7077,extract
p_ext_000136,tag_0035,羽毛球,0.7483,extract
p_ext_000136,tag_0036,活动,0.8386,extract
p_ext_000136,tag_0010,交友,0.5676,extract
p_ext_000136,tag_0037,拍照,0.5898,extract
p_ext_000137,tag_0038,校车,0.7352,extract
p_ext_000137,tag_0011,食堂,0.9443,extract
p_ext_000138,tag_0039,组队,0.9879,extract
p_ext_000138,tag_0040,竞赛,0.9089,extract
p_ext_000139,tag_0001,求问,0.8035,extract
p_ext_000139,tag_0016,打印店,0.8298,extract
p_ext_000139,tag_0002,校园卡,0.9919,extract
p_ext_000139,tag_0009,宿舍,0.9237,extract
p_ext_000140,tag_0010,交友,0.7604,extract
p_ext_000140,tag_0037,拍照,0.7494,extract
p_ext_000140,tag_0036,活动,0.6836,extract
p_ext_000140,tag_0035,羽毛球,0.7938,extract
p_ext_000141,tag_0030,给分,0.5257,extract
p_ext_000141,tag_0029,老师,0.5356,extract
p_ext_000141,tag_0031,课程评价,0.9291,extract
p_ext_000142,tag_0012,校园生活,0.7593,extract
p_ext_000142,tag_0009,宿舍,0.6976,extract
p_ext_000143,tag_0022,教材,0.9778,extract
p_ext_000143,tag_0006,租房,0.5528,extract
p_ext_000144,tag_0039,组队,0.7502,extract
p_ext_000144,tag_0041,创新项目,0.538,extract
p_ext_000145,tag_0035,羽毛球,0.5571,extract
p_ext_000145,tag_0037,拍照,0.9164,extract
p_ext_000145,tag_0008,搭子,0.6767,extract
p_ext_000146,tag_0006,租房,0.9293,extract
p_ext_000146,tag_0004,二手交易,0.764,extract
p_ext_000146,tag_0021,电动车,0.5285,extract
p_ext_000147,tag_0016,打印店,0.6665,extract
p_ext_000147,tag_0001,求问,0.7551,extract
p_ext_000147,tag_0009,宿舍,0.6638,extract
p_ext_000147,tag_0002,校园卡,0.7436,extract
p_ext_000148,tag_0037,拍照,0.918,extract
p_ext_000148,tag_0035,羽毛球,0.7207,extract
p_ext_000149,tag_0009,宿舍,0.7115,extract
p_ext_000149,tag_0002,校园卡,0.6552,extract
p_ext_000149,tag_0016,打印店,0.6698,extract
p_ext_000149,tag_0001,求问,0.8371,extract
p_ext_000150,tag_0016,打印店,0.7043,extract
p_ext_000150,tag_0002,校园卡,0.7181,extract
p_ext_000151,tag_0015,课程资料,0.7926,extract
p_ext_000151,tag_0016,打印店,0.9503,extract
p_ext_000151,tag_0009,宿舍,0.614,extract
p_ext_000152,tag_0002,校园卡,0.6603,extract
p_ext_000152,tag_0009,宿舍,0.8095,extract
p_ext_000152,tag_0015,课程资料,0.8452,extract
p_ext_000152,tag_0016,打印店,0.9315,extract
p_ext_000152,tag_0001,求问,0.6523,extract
p_ext_000153,tag_0016,打印店,0.5716,extract
p_ext_000153,tag_0001,求问,0.876,extract
p_ext_000153,tag_0015,课程资料,0.9741,extract
p_ext_000153,tag_0009,宿舍,0.9969,extract
p_ext_000153,tag_0002,校园卡,0.7022,extract
p_ext_000154,tag_0002,校园卡,0.5901,extract
p_ext_000154,tag_0015,课程资料,0.5612,extract
p_ext_000154,tag_0016,打印店,0.6428,extract
p_ext_000154,tag_0001,求问,0.6374,extract
p_ext_000155,tag_0002,校园卡,0.8803,extract
p_ext_000155,tag_0016,打印店,0.7776,extract
p_ext_000156,tag_0042,共享厨房,0.9822,extract
p_ext_000156,tag_0038,校车,0.7751,extract
p_ext_000156,tag_0009,宿舍,0.5747,extract
p_ext_000156,tag_0012,校园生活,0.7534,extract
p_ext_000156,tag_0011,食堂,0.9355,extract
p_ext_000157,tag_0009,宿舍,0.6652,extract
p_ext_000157,tag_0016,打印店,0.6592,extract
p_ext_000158,tag_0016,打印店,0.8043,extract
p_ext_000158,tag_0009,宿舍,0.6439,extract
p_ext_000159,tag_0001,求问,0.5446,extract
p_ext_000159,tag_0002,校园卡,0.5692,extract
p_ext_000159,tag_0016,打印店,0.8924,extract
p_ext_000159,tag_0009,宿舍,0.5253,extract
p_ext_000159,tag_0015,课程资料,0.8852,extract
p_ext_000160,tag_0006,租房,0.7941,extract
p_ext_000160,tag_0022,教材,0.6193,extract
p_ext_000160,tag_0021,电动车,0.9148,extract
p_ext_000160,tag_0004,二手交易,0.6815,extract
p_ext_000160,tag_0005,闲置,0.6396,extract
p_ext_000161,tag_0043,科研项目,0.7618,extract
p_ext_000161,tag_0041,创新项目,0.969,extract
p_ext_000161,tag_0044,论文,0.94,extract
p_ext_000161,tag_0039,组队,0.8193,extract
p_ext_000162,tag_0015,课程资料,0.6252,extract
p_ext_000162,tag_0009,宿舍,0.8375,extract
p_ext_000162,tag_0001,求问,0.913,extract
p_ext_000162,tag_0002,校园卡,0.6593,extract
p_ext_000163,tag_0004,二手交易,0.7313,extract
p_ext_000163,tag_0022,教材,0.675,extract
p_ext_000163,tag_0005,闲置,0.7457,extract
p_ext_000163,tag_0021,电动车,0.726,extract
p_ext_000164,tag_0039,组队,0.5837,extract
p_ext_000164,tag_0040,竞赛,0.7726,extract
p_ext_000164,tag_0043,科研项目,0.8359,extract
p_ext_000165,tag_0045,窗口测评,0.863,extract
p_ext_000165,tag_0011,食堂,0.8741,extract
p_ext_000165,tag_0046,优惠,0.5377,extract
p_ext_000165,tag_0028,拼饭,0.8285,extract
p_ext_000165,tag_0012,校园生活,0.5505,extract
p_ext_000166,tag_0008,搭子,0.7739,extract
p_ext_000166,tag_0010,交友,0.6338,extract
p_ext_000166,tag_0036,活动,0.883,extract
p_ext_000166,tag_0035,羽毛球,0.8894,extract
p_ext_000166,tag_0037,拍照,0.871,extract
p_ext_000167,tag_0002,校园卡,0.5324,extract
p_ext_000167,tag_0015,课程资料,0.8981,extract
p_ext_000167,tag_0001,求问,0.5994,extract
p_ext_000167,tag_0016,打印店,0.9953,extract
p_ext_000167,tag_0009,宿舍,0.6738,extract
p_ext_000168,tag_0016,打印店,0.8857,extract
p_ext_000168,tag_0001,求问,0.7086,extract
p_ext_000169,tag_0047,面试,0.6546,extract
p_ext_000169,tag_0048,招聘,0.9208,extract
p_ext_000169,tag_0049,简历,0.9103,extract
p_ext_000169,tag_0050,就业,0.6713,extract
p_ext_000169,tag_0014,实习,0.9312,extract
p_ext_000170,tag_0037,拍照,0.9215,extract
p_ext_000170,tag_0008,搭子,0.9987,extract
p_ext_000170,tag_0035,羽毛球,0.8054,extract
p_ext_000170,tag_0010,交友,0.6404,extract
p_ext_000170,tag_0036,活动,0.8856,extract
p_ext_000171,tag_0009,宿舍,0.6136,extract
p_ext_000171,tag_0001,求问,0.5448,extract
p_ext_000171,tag_0015,课程资料,0.8901,extract
p_ext_000171,tag_0002,校园卡,0.7457,extract
p_ext_000171,tag_0016,打印店,0.5768,extract
p_ext_000172,tag_0016,打印店,0.5864,extract
p_ext_000172,tag_0009,宿舍,0.7665,extract
p_ext_000172,tag_0002,校园卡,0.5793,extract
p_ext_000173,tag_0016,打印店,0.9408,extract
p_ext_000173,tag_0015,课程资料,0.7834,extract
p_ext_000173,tag_0002,校园卡,0.7454,extract
p_ext_000174,tag_0016,打印店,0.693,extract
p_ext_000174,tag_0009,宿舍,0.6873,extract
p_ext_000174,tag_0002,校园卡,0.8214,extract
p_ext_000175,tag_0002,校园卡,0.5655,extract
p_ext_000175,tag_0016,打印店,0.7231,extract
p_ext_000175,tag_0001,求问,0.5534,extract
p_ext_000176,tag_0002,校园卡,0.6006,extract
p_ext_000176,tag_0015,课程资料,0.6001,extract
p_ext_000176,tag_0001,求问,0.8989,extract
p_ext_000177,tag_0016,打印店,0.5396,extract
p_ext_000177,tag_0009,宿舍,0.575,extract
p_ext_000177,tag_0001,求问,0.6811,extract
p_ext_000177,tag_0002,校园卡,0.7752,extract
p_ext_000178,tag_0016,打印店,0.6721,extract
p_ext_000178,tag_0015,课程资料,0.6483,extract
p_ext_000178,tag_0001,求问,0.659,extract
p_ext_000179,tag_0002,校园卡,0.7452,extract
p_ext_000179,tag_0001,求问,0.7007,extract
p_ext_000180,tag_0009,宿舍,0.854,extract
p_ext_000180,tag_0015,课程资料,0.6489,extract
p_ext_000180,tag_0016,打印店,0.9925,extract
p_ext_000180,tag_0001,求问,0.9856,extract
p_ext_000181,tag_0001,求问,0.7484,extract
p_ext_000181,tag_0009,宿舍,0.729,extract
p_ext_000181,tag_0015,课程资料,0.6971,extract
p_ext_000181,tag_0016,打印店,0.7711,extract
p_ext_000181,tag_0002,校园卡,0.9905,extract
p_ext_000182,tag_0009,宿舍,0.7216,extract
p_ext_000182,tag_0038,校车,0.5328,extract
p_ext_000182,tag_0011,食堂,0.7891,extract
p_ext_000182,tag_0042,共享厨房,0.6761,extract
p_ext_000183,tag_0008,搭子,0.8294,extract
p_ext_000183,tag_0036,活动,0.713,extract
p_ext_000184,tag_0016,打印店,0.6024,extract
p_ext_000184,tag_0002,校园卡,0.8805,extract
p_ext_000184,tag_0001,求问,0.729,extract
p_ext_000184,tag_0015,课程资料,0.763,extract
p_ext_000185,tag_0051,学习交流,0.8392,extract
p_ext_000185,tag_0032,学习经验,0.5751,extract
p_ext_000185,tag_0052,复习资料,0.7866,extract
p_ext_000185,tag_0053,考试,0.7625,extract
p_ext_000186,tag_0016,打印店,0.7298,extract
p_ext_000186,tag_0001,求问,0.7547,extract
p_ext_000186,tag_0009,宿舍,0.7742,extract
p_ext_000186,tag_0015,课程资料,0.5111,extract
p_ext_000187,tag_0021,电动车,0.7209,extract
p_ext_000187,tag_0004,二手交易,0.6901,extract
p_ext_000188,tag_0012,校园生活,0.6571,extract
p_ext_000188,tag_0028,拼饭,0.7459,extract
p_ext_000188,tag_0011,食堂,0.8394,extract
p_ext_000188,tag_0045,窗口测评,0.8894,extract
p_ext_000188,tag_0046,优惠,0.518,extract
p_ext_000189,tag_0016,打印店,0.8497,extract
p_ext_000189,tag_0015,课程资料,0.5976,extract
p_ext_000189,tag_0009,宿舍,0.5603,extract
p_ext_000189,tag_0002,校园卡,0.6978,extract
p_ext_000189,tag_0001,求问,0.8114,extract
p_ext_000190,tag_0037,拍照,0.6763,extract
p_ext_000190,tag_0008,搭子,0.8491,extract
p_ext_000191,tag_0016,打印店,0.5031,extract
p_ext_000191,tag_0001,求问,0.8414,extract
p_ext_000191,tag_0002,校园卡,0.8192,extract
p_ext_000192,tag_0009,宿舍,0.6044,extract
p_ext_000192,tag_0042,共享厨房,0.536,extract
p_ext_000192,tag_0038,校车,0.5171,extract
p_ext_000192,tag_0012,校园生活,0.6898,extract
p_ext_000193,tag_0015,课程资料,0.5216,extract
p_ext_000193,tag_0009,宿舍,0.6829,extract
p_ext_000193,tag_0002,校园卡,0.6073,extract
p_ext_000193,tag_0001,求问,0.922,extract
p_ext_000194,tag_0047,面试,0.8859,extract
p_ext_000194,tag_0014,实习,0.6768,extract
p_ext_000194,tag_0048,招聘,0.939,extract
p_ext_000194,tag_0049,简历,0.5091,extract
p_ext_000195,tag_0004,二手交易,0.9782,extract
p_ext_000195,tag_0005,闲置,0.6253,extract
p_ext_000196,tag_0006,租房,0.7965,extract
p_ext_000196,tag_0004,二手交易,0.6198,extract
p_ext_000196,tag_0005,闲置,0.907,extract
p_ext_000196,tag_0021,电动车,0.8282,extract
p_ext_000197,tag_0006,租房,0.8942,extract
p_ext_000197,tag_0004,二手交易,0.8928,extract
p_ext_000197,tag_0021,电动车,0.9158,extract
p_ext_000197,tag_0005,闲置,0.9413,extract
p_ext_000197,tag_0022,教材,0.5486,extract
p_ext_000198,tag_0022,教材,0.6578,extract
p_ext_000198,tag_0005,闲置,0.9522,extract
p_ext_000198,tag_0021,电动车,0.8267,extract
p_ext_000198,tag_0006,租房,0.8108,extract
p_ext_000198,tag_0004,二手交易,0.5466,extract
p_ext_000199,tag_0010,交友,0.7325,extract
p_ext_000199,tag_0054,社团,0.974,extract
p_ext_000200,tag_0015,课程资料,0.5325,extract
p_ext_000200,tag_0002,校园卡,0.9097,extract
p_ext_000200,tag_0001,求问,0.6659,extract
p_ext_000200,tag_0016,打印店,0.5582,extract
p_ext_000200,tag_0009,宿舍,0.6761,extract
p_ext_000201,tag_0046,优惠,0.974,extract
p_ext_000201,tag_0011,食堂,0.9275,extract
p_ext_000201,tag_0045,窗口测评,0.9038,extract
p_ext_000201,tag_0028,拼饭,0.8803,extract
p_ext_000201,tag_0012,校园生活,0.9518,extract
p_ext_000202,tag_0004,二手交易,0.7459,extract
p_ext_000202,tag_0005,闲置,0.611,extract
p_ext_000202,tag_0006,租房,0.5272,extract
p_ext_000203,tag_0025,兼职,0.5251,extract
p_ext_000203,tag_0026,家教,0.8998,extract
p_ext_000203,tag_0048,招聘,0.6347,extract
p_ext_000203,tag_0014,实习,0.7382,extract
p_ext_000204,tag_0036,活动,0.7663,extract
p_ext_000204,tag_0035,羽毛球,0.8614,extract
p_ext_000204,tag_0008,搭子,0.5982,extract
p_ext_000204,tag_0037,拍照,0.607,extract
p_ext_000204,tag_0010,交友,0.8668,extract
p_ext_000205,tag_0006,租房,0.9077,extract
p_ext_000205,tag_0005,闲置,0.6291,extract
p_ext_000205,tag_0022,教材,0.8087,extract
p_ext_000205,tag_0021,电动车,0.656,extract
p_ext_000206,tag_0011,食堂,0.6123,extract
p_ext_000206,tag_0012,校园生活,0.6417,extract
p_ext_000206,tag_0042,共享厨房,0.7139,extract
p_ext_000206,tag_0038,校车,0.9707,extract
p_ext_000206,tag_0009,宿舍,0.8781,extract
p_ext_000207,tag_0015,课程资料,0.7435,extract
p_ext_000207,tag_0009,宿舍,0.7665,extract
p_ext_000208,tag_0041,创新项目,0.7329,extract
p_ext_000208,tag_0040,竞赛,0.631,extract
p_ext_000209,tag_0016,打印店,0.9597,extract
p_ext_000209,tag_0002,校园卡,0.8509,extract
p_ext_000210,tag_0015,课程资料,0.6773,extract
p_ext_000210,tag_0001,求问,0.5766,extract
p_ext_000210,tag_0002,校园卡,0.6922,extract
p_ext_000210,tag_0016,打印店,0.6468,extract
p_ext_000211,tag_0037,拍照,0.5734,extract
p_ext_000211,tag_0010,交友,0.9848,extract
p_ext_000211,tag_0008,搭子,0.7637,extract
p_ext_000212,tag_0016,打印店,0.6448,extract
p_ext_000212,tag_0002,校园卡,0.5287,extract
p_ext_000213,tag_0051,学习交流,0.965,extract
p_ext_000213,tag_0052,复习资料,0.9372,extract
p_ext_000213,tag_0053,考试,0.8232,extract
p_ext_000214,tag_0055,证件,0.8686,extract
p_ext_000214,tag_0056,失物招领,0.6617,extract
p_ext_000214,tag_0057,钥匙,0.5177,extract
p_ext_000214,tag_0058,教学楼,0.5555,extract
p_ext_000215,tag_0008,搭子,0.5825,extract
p_ext_000215,tag_0035,羽毛球,0.7573,extract
p_ext_000215,tag_0036,活动,0.6808,extract
p_ext_000215,tag_0037,拍照,0.6666,extract
p_ext_000215,tag_0010,交友,0.9051,extract
p_ext_000216,tag_0016,打印店,0.7108,extract
p_ext_000216,tag_0001,求问,0.5876,extract
p_ext_000216,tag_0015,课程资料,0.8073,extract
p_ext_000217,tag_0002,校园卡,0.5782,extract
p_ext_000217,tag_0015,课程资料,0.9044,extract
p_ext_000217,tag_0009,宿舍,0.5177,extract
p_ext_000218,tag_0016,打印店,0.7022,extract
p_ext_000218,tag_0015,课程资料,0.9699,extract
p_ext_000218,tag_0002,校园卡,0.8102,extract
p_ext_000219,tag_0009,宿舍,0.5521,extract
p_ext_000219,tag_0016,打印店,0.8915,extract
p_ext_000219,tag_0015,课程资料,0.8836,extract
p_ext_000219,tag_0002,校园卡,0.8049,extract
p_ext_000220,tag_0038,校车,0.5748,extract
p_ext_000220,tag_0011,食堂,0.6469,extract
p_ext_000220,tag_0009,宿舍,0.6653,extract
p_ext_000220,tag_0042,共享厨房,0.6335,extract
p_ext_000221,tag_0016,打印店,0.5786,extract
p_ext_000221,tag_0001,求问,0.8147,extract
p_ext_000221,tag_0002,校园卡,0.949,extract
p_ext_000221,tag_0009,宿舍,0.8356,extract
p_ext_000222,tag_0002,校园卡,0.8423,extract
p_ext_000222,tag_0016,打印店,0.5205,extract
p_ext_000223,tag_0016,打印店,0.8442,extract
p_ext_000223,tag_0002,校园卡,0.6979,extract
p_ext_000224,tag_0004,二手交易,0.5791,extract
p_ext_000224,tag_0005,闲置,0.9873,extract
p_ext_000224,tag_0006,租房,0.7396,extract
p_ext_000225,tag_0016,打印店,0.8725,extract
p_ext_000225,tag_0009,宿舍,0.8982,extract
p_ext_000225,tag_0015,课程资料,0.8525,extract
p_ext_000225,tag_0002,校园卡,0.732,extract
p_ext_000226,tag_0016,打印店,0.8858,extract
p_ext_000226,tag_0009,宿舍,0.6304,extract
p_ext_000226,tag_0001,求问,0.7409,extract
p_ext_000227,tag_0056,失物招领,0.9005,extract
p_ext_000227,tag_0058,教学楼,0.8053,extract
p_ext_000227,tag_0055,证件,0.6957,extract
p_ext_000227,tag_0057,钥匙,0.7388,extract
p_ext_000227,tag_0002,校园卡,0.7607,extract
p_ext_000228,tag_0024,志愿服务,0.7568,extract
p_ext_000228,tag_0036,活动,0.589,extract
p_ext_000228,tag_0023,招新,0.6053,extract
p_ext_000228,tag_0054,社团,0.9277,extract
p_ext_000228,tag_0010,交友,0.9218,extract
p_ext_000229,tag_0006,租房,0.8366,extract
p_ext_000229,tag_0021,电动车,0.7118,extract
p_ext_000230,tag_0002,校园卡,0.9712,extract
p_ext_000230,tag_0009,宿舍,0.7915,extract
p_ext_000230,tag_0001,求问,0.8429,extract
p_ext_000230,tag_0016,打印店,0.7454,extract
p_ext_000231,tag_0006,租房,0.6556,extract
p_ext_000231,tag_0005,闲置,0.7264,extract
p_ext_000232,tag_0047,面试,0.5781,extract
p_ext_000232,tag_0049,简历,0.9731,extract
p_ext_000232,tag_0048,招聘,0.5916,extract
p_ext_000233,tag_0002,校园卡,0.5589,extract
p_ext_000233,tag_0015,课程资料,0.8491,extract
p_ext_000233,tag_0009,宿舍,0.9225,extract
p_ext_000233,tag_0016,打印店,0.6732,extract
p_ext_000233,tag_0001,求问,0.6434,extract
p_ext_000234,tag_0009,宿舍,0.8825,extract
p_ext_000234,tag_0002,校园卡,0.9501,extract
p_ext_000234,tag_0016,打印店,0.9764,extract
p_ext_000234,tag_0001,求问,0.9087,extract
p_ext_000234,tag_0015,课程资料,0.7008,extract
p_ext_000235,tag_0016,打印店,0.7649,extract
p_ext_000235,tag_0015,课程资料,0.5927,extract
p_ext_000236,tag_0002,校园卡,0.7625,extract
p_ext_000236,tag_0009,宿舍,0.9046,extract
p_ext_000236,tag_0016,打印店,0.8317,extract
p_ext_000236,tag_0001,求问,0.8716,extract
p_ext_000237,tag_0021,电动车,0.5111,extract
p_ext_000237,tag_0022,教材,0.9358,extract
p_ext_000238,tag_0027,薪资,0.8403,extract
p_ext_000238,tag_0048,招聘,0.6725,extract
p_ext_000238,tag_0026,家教,0.5604,extract
p_ext_000238,tag_0014,实习,0.7172,extract
p_ext_000238,tag_0025,兼职,0.7816,extract
p_ext_000239,tag_0002,校园卡,0.6035,extract
p_ext_000239,tag_0016,打印店,0.8753,extract
p_ext_000240,tag_0002,校园卡,0.6488,extract
p_ext_000240,tag_0001,求问,0.9111,extract
p_ext_000240,tag_0009,宿舍,0.9327,extract
p_ext_000240,tag_0015,课程资料,0.7788,extract
p_ext_000240,tag_0016,打印店,0.6427,extract
p_ext_000241,tag_0009,宿舍,0.6302,extract
p_ext_000241,tag_0016,打印店,0.8739,extract
p_ext_000242,tag_0042,共享厨房,0.8024,extract
p_ext_000242,tag_0011,食堂,0.5597,extract
p_ext_000242,tag_0012,校园生活,0.8106,extract
p_ext_000242,tag_0038,校车,0.6187,extract
p_ext_000242,tag_0009,宿舍,0.7126,extract
p_ext_000243,tag_0044,论文,0.9001,extract
p_ext_000243,tag_0043,科研项目,0.6249,extract
p_ext_000243,tag_0041,创新项目,0.8456,extract
p_ext_000243,tag_0039,组队,0.6247,extract
p_ext_000243,tag_0040,竞赛,0.5278,extract
p_ext_000244,tag_0033,复试,0.5455,extract
p_ext_000244,tag_0032,学习经验,0.7077,extract
p_ext_000244,tag_0034,保研,0.9833,extract
p_ext_000244,tag_0018,考研,0.613,extract
p_ext_000244,tag_0017,408,0.9359,extract
p_ext_000245,tag_0018,考研,0.5773,extract
p_ext_000245,tag_0017,408,0.9972,extract
p_ext_000245,tag_0033,复试,0.5311,extract
p_ext_000246,tag_0036,活动,0.7963,extract
p_ext_000246,tag_0035,羽毛球,0.8092,extract
p_ext_000246,tag_0008,搭子,0.7852,extract
p_ext_000246,tag_0037,拍照,0.9879,extract
p_ext_000247,tag_0001,求问,0.8197,extract
p_ext_000247,tag_0009,宿舍,0.7579,extract
p_ext_000247,tag_0002,校园卡,0.7827,extract
p_ext_000248,tag_0010,交友,0.6741,extract
p_ext_000248,tag_0036,活动,0.5995,extract
p_ext_000249,tag_0016,打印店,0.7388,extract
p_ext_000249,tag_0015,课程资料,0.8391,extract
p_ext_000249,tag_0001,求问,0.6996,extract
p_ext_000249,tag_0002,校园卡,0.548,extract
p_ext_000249,tag_0009,宿舍,0.6323,extract
p_ext_000250,tag_0001,求问,0.734,extract
p_ext_000250,tag_0002,校园卡,0.5038,extract
p_ext_000250,tag_0015,课程资料,0.8409,extract
p_ext_000250,tag_0016,打印店,0.7371,extract
p_ext_000251,tag_0010,交友,0.5703,extract
p_ext_000251,tag_0036,活动,0.7984,extract
p_ext_000251,tag_0008,搭子,0.5026,extract
p_ext_000251,tag_0035,羽毛球,0.6606,extract
p_ext_000252,tag_0002,校园卡,0.5477,extract
p_ext_000252,tag_0015,课程资料,0.8295,extract
p_ext_000252,tag_0009,宿舍,0.7425,extract
p_ext_000253,tag_0038,校车,0.798,extract
p_ext_000253,tag_0012,校园生活,0.8813,extract
p_ext_000253,tag_0009,宿舍,0.8325,extract
p_ext_000253,tag_0042,共享厨房,0.8543,extract
p_ext_000253,tag_0011,食堂,0.777,extract
p_ext_000254,tag_0014,实习,0.8316,extract
p_ext_000254,tag_0026,家教,0.5303,extract
p_ext_000254,tag_0048,招聘,0.958,extract
p_ext_000255,tag_0021,电动车,0.6812,extract
p_ext_000255,tag_0022,教材,0.5107,extract
p_ext_000255,tag_0005,闲置,0.9235,extract
p_ext_000256,tag_0001,求问,0.8691,extract
p_ext_000256,tag_0016,打印店,0.9606,extract
p_ext_000256,tag_0015,课程资料,0.9433,extract
p_ext_000256,tag_0009,宿舍,0.9614,extract
p_ext_000256,tag_0002,校园卡,0.7669,extract
p_ext_000257,tag_0057,钥匙,0.8556,extract
p_ext_000257,tag_0058,教学楼,0.8711,extract
p_ext_000257,tag_0056,失物招领,0.6233,extract
p_ext_000258,tag_0002,校园卡,0.7506,extract
p_ext_000258,tag_0009,宿舍,0.6769,extract
p_ext_000259,tag_0002,校园卡,0.7036,extract
p_ext_000259,tag_0009,宿舍,0.7351,extract
p_ext_000259,tag_0015,课程资料,0.8921,extract
p_ext_000259,tag_0001,求问,0.5875,extract
p_ext_000260,tag_0009,宿舍,0.5774,extract
p_ext_000260,tag_0002,校园卡,0.5483,extract
p_ext_000260,tag_0015,课程资料,0.7726,extract
p_ext_000260,tag_0001,求问,0.9989,extract
p_ext_000261,tag_0011,食堂,0.9539,extract
p_ext_000261,tag_0009,宿舍,0.7384,extract
p_ext_000261,tag_0038,校车,0.6581,extract
p_ext_000261,tag_0012,校园生活,0.5268,extract
p_ext_000262,tag_0002,校园卡,0.5661,extract
p_ext_000262,tag_0016,打印店,0.7022,extract
p_ext_000262,tag_0001,求问,0.8623,extract
p_ext_000262,tag_0015,课程资料,0.6495,extract
p_ext_000262,tag_0009,宿舍,0.8596,extract
p_ext_000263,tag_0001,求问,0.6634,extract
p_ext_000263,tag_0016,打印店,0.7476,extract
p_ext_000263,tag_0009,宿舍,0.5414,extract
p_ext_000264,tag_0036,活动,0.7963,extract
p_ext_000264,tag_0035,羽毛球,0.915,extract
p_ext_000265,tag_0002,校园卡,0.6907,extract
p_ext_000265,tag_0009,宿舍,0.5768,extract
p_ext_000265,tag_0001,求问,0.6106,extract
p_ext_000265,tag_0015,课程资料,0.7361,extract
p_ext_000266,tag_0004,二手交易,0.8993,extract
p_ext_000266,tag_0005,闲置,0.6366,extract
p_ext_000267,tag_0036,活动,0.7063,extract
p_ext_000267,tag_0054,社团,0.6951,extract
p_ext_000268,tag_0008,搭子,0.524,extract
p_ext_000268,tag_0035,羽毛球,0.952,extract
p_ext_000268,tag_0037,拍照,0.9143,extract
p_ext_000269,tag_0015,课程资料,0.6836,extract
p_ext_000269,tag_0009,宿舍,0.5554,extract
p_ext_000269,tag_0002,校园卡,0.7449,extract
p_ext_000269,tag_0016,打印店,0.694,extract
p_ext_000269,tag_0001,求问,0.8406,extract
p_ext_000270,tag_0016,打印店,0.6861,extract
p_ext_000270,tag_0009,宿舍,0.5903,extract
p_ext_000270,tag_0001,求问,0.7605,extract
p_ext_000270,tag_0002,校园卡,0.5835,extract
p_ext_000271,tag_0016,打印店,0.5965,extract
p_ext_000271,tag_0001,求问,0.92,extract
p_ext_000272,tag_0022,教材,0.9621,extract
p_ext_000272,tag_0021,电动车,0.9446,extract
p_ext_000272,tag_0006,租房,0.7171,extract
p_ext_000273,tag_0036,活动,0.8858,extract
p_ext_000273,tag_0035,羽毛球,0.9546,extract
p_ext_000274,tag_0009,宿舍,0.6467,extract
p_ext_000274,tag_0002,校园卡,0.7253,extract
p_ext_000275,tag_0004,二手交易,0.699,extract
p_ext_000275,tag_0006,租房,0.5418,extract
p_ext_000276,tag_0021,电动车,0.6154,extract
p_ext_000276,tag_0022,教材,0.6821,extract
p_ext_000277,tag_0037,拍照,0.6864,extract
p_ext_000277,tag_0010,交友,0.6145,extract
p_ext_000277,tag_0036,活动,0.8379,extract
p_ext_000277,tag_0035,羽毛球,0.652,extract
p_ext_000277,tag_0008,搭子,0.7396,extract
p_ext_000278,tag_0032,学习经验,0.8042,extract
p_ext_000278,tag_0017,408,0.7739,extract
p_ext_000279,tag_0056,失物招领,0.723,extract
p_ext_000279,tag_0002,校园卡,0.7474,extract
p_ext_000279,tag_0055,证件,0.7488,extract
p_ext_000279,tag_0058,教学楼,0.6609,extract
p_ext_000280,tag_0015,课程资料,0.5706,extract
p_ext_000280,tag_0001,求问,0.9739,extract
p_ext_000281,tag_0019,期末,0.5062,extract
p_ext_000281,tag_0029,老师,0.6228,extract
p_ext_000281,tag_0020,选课,0.6185,extract
p_ext_000281,tag_0030,给分,0.7212,extract
p_ext_000282,tag_0016,打印店,0.8375,extract
p_ext_000282,tag_0015,课程资料,0.5256,extract
p_ext_000283,tag_0002,校园卡,0.9873,extract
p_ext_000283,tag_0016,打印店,0.9986,extract
p_ext_000283,tag_0015,课程资料,0.6032,extract
p_ext_000283,tag_0001,求问,0.8069,extract
p_ext_000284,tag_0055,证件,0.7034,extract
p_ext_000284,tag_0058,教学楼,0.6853,extract
p_ext_000285,tag_0055,证件,0.9137,extract
p_ext_000285,tag_0058,教学楼,0.5033,extract
p_ext_000285,tag_0057,钥匙,0.8053,extract
p_ext_000286,tag_0047,面试,0.6269,extract
p_ext_000286,tag_0048,招聘,0.6087,extract
p_ext_000286,tag_0050,就业,0.7868,extract
p_ext_000286,tag_0049,简历,0.7853,extract
p_ext_000287,tag_0015,课程资料,0.9218,extract
p_ext_000287,tag_0001,求问,0.9007,extract
p_ext_000287,tag_0002,校园卡,0.94,extract
p_ext_000288,tag_0019,期末,0.7491,extract
p_ext_000288,tag_0031,课程评价,0.5201,extract
p_ext_000288,tag_0029,老师,0.6161,extract
p_ext_000288,tag_0020,选课,0.7732,extract
p_ext_000288,tag_0030,给分,0.947,extract
p_ext_000289,tag_0001,求问,0.5299,extract
p_ext_000289,tag_0002,校园卡,0.5612,extract
p_ext_000289,tag_0016,打印店,0.9479,extract
p_ext_000290,tag_0006,租房,0.9761,extract
p_ext_000290,tag_0021,电动车,0.6929,extract
p_ext_000290,tag_0005,闲置,0.9243,extract
p_ext_000291,tag_0006,租房,0.7166,extract
p_ext_000291,tag_0005,闲置,0.5834,extract
p_ext_000291,tag_0004,二手交易,0.7078,extract
p_ext_000291,tag_0021,电动车,0.842,extract
p_ext_000291,tag_0022,教材,0.8192,extract
p_ext_000292,tag_0042,共享厨房,0.7571,extract
p_ext_000292,tag_0011,食堂,0.5525,extract
p_ext_000292,tag_0009,宿舍,0.8616,extract
p_ext_000293,tag_0014,实习,0.6088,extract
p_ext_000293,tag_0027,薪资,0.7905,extract
p_ext_000293,tag_0025,兼职,0.501,extract
p_ext_000293,tag_0048,招聘,0.5985,extract
p_ext_000293,tag_0026,家教,0.5425,extract
p_ext_000294,tag_0043,科研项目,0.5121,extract
p_ext_000294,tag_0044,论文,0.7253,extract
p_ext_000294,tag_0039,组队,0.5309,extract
p_ext_000294,tag_0040,竞赛,0.7487,extract
p_ext_000294,tag_0041,创新项目,0.9704,extract
p_ext_000295,tag_0033,复试,0.881,extract
p_ext_000295,tag_0032,学习经验,0.8334,extract
p_ext_000296,tag_0015,课程资料,0.561,extract
p_ext_000296,tag_0002,校园卡,0.9849,extract
p_ext_000296,tag_0001,求问,0.6316,extract
p_ext_000296,tag_0016,打印店,0.6493,extract
p_ext_000296,tag_0009,宿舍,0.6379,extract
p_ext_000297,tag_0035,羽毛球,0.865,extract
p_ext_000297,tag_0008,搭子,0.8524,extract
p_ext_000297,tag_0036,活动,0.7736,extract
p_ext_000297,tag_0037,拍照,0.7753,extract
p_ext_000297,tag_0010,交友,0.5145,extract
p_ext_000298,tag_0004,二手交易,0.5776,extract
p_ext_000298,tag_0005,闲置,0.8589,extract
p_ext_000299,tag_0001,求问,0.6178,extract
p_ext_000299,tag_0015,课程资料,0.7582,extract
p_ext_000299,tag_0009,宿舍,0.7299,extract
p_ext_000299,tag_0002,校园卡,0.5996,extract
p_ext_000299,tag_0016,打印店,0.6942,extract
p_ext_000300,tag_0001,求问,0.5083,extract
p_ext_000300,tag_0016,打印店,0.6165,extract
p_ext_000301,tag_0009,宿舍,0.8587,extract
p_ext_000301,tag_0015,课程资料,0.8099,extract
p_ext_000301,tag_0016,打印店,0.7444,extract
p_ext_000302,tag_0005,闲置,0.9243,extract
p_ext_000302,tag_0022,教材,0.6421,extract
p_ext_000302,tag_0021,电动车,0.879,extract
p_ext_000302,tag_0006,租房,0.9018,extract
p_ext_000303,tag_0015,课程资料,0.8728,extract
p_ext_000303,tag_0002,校园卡,0.6442,extract
p_ext_000303,tag_0001,求问,0.9216,extract
p_ext_000304,tag_0009,宿舍,0.7709,extract
p_ext_000304,tag_0001,求问,0.915,extract
p_ext_000304,tag_0015,课程资料,0.58,extract
p_ext_000304,tag_0016,打印店,0.6149,extract
p_ext_000305,tag_0036,活动,0.9278,extract
p_ext_000305,tag_0010,交友,0.8172,extract
p_ext_000305,tag_0008,搭子,0.8093,extract
p_ext_000305,tag_0035,羽毛球,0.8829,extract
p_ext_000305,tag_0037,拍照,0.5564,extract
p_ext_000306,tag_0016,打印店,0.9552,extract
p_ext_000306,tag_0002,校园卡,0.7218,extract
p_ext_000306,tag_0001,求问,0.965,extract
p_ext_000306,tag_0015,课程资料,0.6248,extract
p_ext_000307,tag_0021,电动车,0.7699,extract
p_ext_000307,tag_0004,二手交易,0.7276,extract
p_ext_000307,tag_0006,租房,0.622,extract
p_ext_000308,tag_0009,宿舍,0.5052,extract
p_ext_000308,tag_0016,打印店,0.9681,extract
p_ext_000308,tag_0015,课程资料,0.9596,extract
p_ext_000308,tag_0002,校园卡,0.5867,extract
p_ext_000309,tag_0016,打印店,0.5944,extract
p_ext_000309,tag_0015,课程资料,0.9669,extract
p_ext_000309,tag_0009,宿舍,0.5659,extract
p_ext_000310,tag_0022,教材,0.7827,extract
p_ext_000310,tag_0005,闲置,0.989,extract
p_ext_000310,tag_0004,二手交易,0.9952,extract
p_ext_000310,tag_0006,租房,0.6111,extract
p_ext_000310,tag_0021,电动车,0.9109,extract
p_ext_000311,tag_0021,电动车,0.7984,extract
p_ext_000311,tag_0022,教材,0.8164,extract
p_ext_000311,tag_0006,租房,0.8762,extract
p_ext_000312,tag_0039,组队,0.8683,extract
p_ext_000312,tag_0040,竞赛,0.8086,extract
p_ext_000312,tag_0043,科研项目,0.7932,extract
p_ext_000313,tag_0001,求问,0.7809,extract
p_ext_000313,tag_0009,宿舍,0.9297,extract
p_ext_000314,tag_0022,教材,0.685,extract
p_ext_000314,tag_0021,电动车,0.5976,extract
p_ext_000314,tag_0005,闲置,0.6994,extract
p_ext_000315,tag_0022,教材,0.6848,extract
p_ext_000315,tag_0021,电动车,0.5453,extract
p_ext_000316,tag_0022,教材,0.8953,extract
p_ext_000316,tag_0004,二手交易,0.9124,extract
p_ext_000316,tag_0005,闲置,0.9609,extract
p_ext_000317,tag_0006,租房,0.5222,extract
p_ext_000317,tag_0005,闲置,0.9488,extract
p_ext_000317,tag_0022,教材,0.6489,extract
p_ext_000318,tag_0043,科研项目,0.6083,extract
p_ext_000318,tag_0044,论文,0.9496,extract
p_ext_000319,tag_0002,校园卡,0.6206,extract
p_ext_000319,tag_0016,打印店,0.8541,extract
p_ext_000319,tag_0015,课程资料,0.6545,extract
p_ext_000319,tag_0001,求问,0.6849,extract
p_ext_000319,tag_0009,宿舍,0.7525,extract
p_ext_000320,tag_0021,电动车,0.8638,extract
p_ext_000320,tag_0005,闲置,0.8588,extract
p_ext_000320,tag_0004,二手交易,0.9777,extract
p_ext_000320,tag_0022,教材,0.623,extract
p_ext_000321,tag_0009,宿舍,0.6795,extract
p_ext_000321,tag_0001,求问,0.9725,extract
p_ext_000321,tag_0002,校园卡,0.7352,extract
p_ext_000321,tag_0016,打印店,0.635,extract
p_ext_000321,tag_0015,课程资料,0.7223,extract
p_ext_000322,tag_0009,宿舍,0.9546,extract
p_ext_000322,tag_0016,打印店,0.5051,extract
p_ext_000322,tag_0015,课程资料,0.9776,extract
p_ext_000322,tag_0002,校园卡,0.5363,extract
p_ext_000322,tag_0001,求问,0.5292,extract
p_ext_000323,tag_0009,宿舍,0.9232,extract
p_ext_000323,tag_0002,校园卡,0.591,extract
p_ext_000323,tag_0015,课程资料,0.9894,extract
p_ext_000323,tag_0001,求问,0.8439,extract
p_ext_000323,tag_0016,打印店,0.9566,extract
p_ext_000324,tag_0016,打印店,0.5415,extract
p_ext_000324,tag_0015,课程资料,0.5972,extract
p_ext_000324,tag_0001,求问,0.62,extract
p_ext_000324,tag_0002,校园卡,0.7334,extract
p_ext_000325,tag_0016,打印店,0.5602,extract
p_ext_000325,tag_0001,求问,0.904,extract
p_ext_000326,tag_0016,打印店,0.6361,extract
p_ext_000326,tag_0001,求问,0.6504,extract
p_ext_000326,tag_0015,课程资料,0.6917,extract
p_ext_000327,tag_0005,闲置,0.582,extract
p_ext_000327,tag_0021,电动车,0.7414,extract
p_ext_000328,tag_0022,教材,0.6969,extract
p_ext_000328,tag_0005,闲置,0.9849,extract
p_ext_000328,tag_0004,二手交易,0.8969,extract
p_ext_000328,tag_0006,租房,0.7578,extract
p_ext_000329,tag_0015,课程资料,0.9382,extract
p_ext_000329,tag_0009,宿舍,0.8635,extract
p_ext_000329,tag_0002,校园卡,0.9611,extract
p_ext_000329,tag_0001,求问,0.5452,extract
p_ext_000329,tag_0016,打印店,0.6249,extract
p_ext_000330,tag_0016,打印店,0.8802,extract
p_ext_000330,tag_0001,求问,0.9615,extract
p_ext_000330,tag_0009,宿舍,0.7534,extract
p_ext_000331,tag_0004,二手交易,0.7188,extract
p_ext_000331,tag_0021,电动车,0.5791,extract
p_ext_000332,tag_0042,共享厨房,0.9531,extract
p_ext_000332,tag_0012,校园生活,0.83,extract
p_ext_000332,tag_0009,宿舍,0.5865,extract
p_ext_000332,tag_0038,校车,0.6143,extract
p_ext_000332,tag_0011,食堂,0.6992,extract
p_ext_000333,tag_0016,打印店,0.5595,extract
p_ext_000333,tag_0002,校园卡,0.9309,extract
p_ext_000333,tag_0009,宿舍,0.6213,extract
p_ext_000333,tag_0001,求问,0.7892,extract
p_ext_000333,tag_0015,课程资料,0.9316,extract
p_ext_000334,tag_0053,考试,0.6923,extract
p_ext_000334,tag_0032,学习经验,0.8749,extract
p_ext_000334,tag_0051,学习交流,0.7061,extract
p_ext_000335,tag_0037,拍照,0.7911,extract
p_ext_000335,tag_0008,搭子,0.7454,extract
p_ext_000335,tag_0036,活动,0.5163,extract
p_ext_000336,tag_0056,失物招领,0.5274,extract
p_ext_000336,tag_0002,校园卡,0.848,extract
p_ext_000336,tag_0058,教学楼,0.8815,extract
p_ext_000336,tag_0055,证件,0.7232,extract
p_ext_000337,tag_0016,打印店,0.9745,extract
p_ext_000337,tag_0015,课程资料,0.9704,extract
p_ext_000337,tag_0001,求问,0.5898,extract
p_ext_000338,tag_0022,教材,0.5462,extract
p_ext_000338,tag_0004,二手交易,0.6776,extract
p_ext_000339,tag_0028,拼饭,0.8419,extract
p_ext_000339,tag_0045,窗口测评,0.931,extract
p_ext_000339,tag_0046,优惠,0.9302,extract
p_ext_000339,tag_0011,食堂,0.9326,extract
p_ext_000340,tag_0043,科研项目,0.9239,extract
p_ext_000340,tag_0041,创新项目,0.5136,extract
p_ext_000341,tag_0001,求问,0.7871,extract
p_ext_000341,tag_0009,宿舍,0.9149,extract
p_ext_000341,tag_0016,打印店,0.5687,extract
p_ext_000341,tag_0015,课程资料,0.5326,extract
p_ext_000341,tag_0002,校园卡,0.6101,extract
p_ext_000342,tag_0015,课程资料,0.6129,extract
p_ext_000342,tag_0001,求问,0.8475,extract
p_ext_000342,tag_0016,打印店,0.8212,extract
p_ext_000343,tag_0002,校园卡,0.7364,extract
p_ext_000343,tag_0015,课程资料,0.8293,extract
p_ext_000344,tag_0052,复习资料,0.7126,extract
p_ext_000344,tag_0051,学习交流,0.9827,extract
p_ext_000344,tag_0053,考试,0.9897,extract
p_ext_000344,tag_0015,课程资料,0.7468,extract
p_ext_000344,tag_0032,学习经验,0.8087,extract
p_ext_000345,tag_0036,活动,0.8777,extract
p_ext_000345,tag_0008,搭子,0.6939,extract
p_ext_000345,tag_0035,羽毛球,0.8135,extract
p_ext_000346,tag_0014,实习,0.999,extract
p_ext_000346,tag_0026,家教,0.8011,extract
p_ext_000346,tag_0025,兼职,0.7702,extract
p_ext_000346,tag_0048,招聘,0.7328,extract
p_ext_000346,tag_0027,薪资,0.8868,extract
p_ext_000347,tag_0002,校园卡,0.9713,extract
p_ext_000347,tag_0015,课程资料,0.9451,extract
p_ext_000347,tag_0001,求问,0.7291,extract
p_ext_000347,tag_0016,打印店,0.7034,extract
p_ext_000347,tag_0009,宿舍,0.5579,extract
p_ext_000348,tag_0009,宿舍,0.828,extract
p_ext_000348,tag_0016,打印店,0.7948,extract
p_ext_000348,tag_0001,求问,0.6794,extract
p_ext_000349,tag_0002,校园卡,0.6896,extract
p_ext_000349,tag_0016,打印店,0.7481,extract
p_ext_000350,tag_0016,打印店,0.8394,extract
p_ext_000350,tag_0015,课程资料,0.7385,extract
p_ext_000350,tag_0009,宿舍,0.5765,extract
p_ext_000351,tag_0001,求问,0.6458,extract
p_ext_000351,tag_0002,校园卡,0.7577,extract
p_ext_000351,tag_0009,宿舍,0.5598,extract
p_ext_000351,tag_0015,课程资料,0.9469,extract
p_ext_000352,tag_0006,租房,0.6192,extract
p_ext_000352,tag_0021,电动车,0.7083,extract
p_ext_000353,tag_0015,课程资料,0.5187,extract
p_ext_000353,tag_0016,打印店,0.9333,extract
p_ext_000353,tag_0009,宿舍,0.5348,extract
p_ext_000354,tag_0001,求问,0.7247,extract
p_ext_000354,tag_0015,课程资料,0.5954,extract
p_ext_000355,tag_0009,宿舍,0.8904,extract
p_ext_000355,tag_0001,求问,0.5513,extract
p_ext_000355,tag_0002,校园卡,0.5695,extract
p_ext_000356,tag_0010,交友,0.5874,extract
p_ext_000356,tag_0037,拍照,0.8918,extract
p_ext_000356,tag_0008,搭子,0.899,extract
p_ext_000356,tag_0036,活动,0.7734,extract
p_ext_000356,tag_0035,羽毛球,0.9536,extract
p_ext_000357,tag_0002,校园卡,0.5529,extract
p_ext_000357,tag_0016,打印店,0.9454,extract
p_ext_000358,tag_0001,求问,0.7276,extract
p_ext_000358,tag_0009,宿舍,0.8195,extract
p_ext_000358,tag_0015,课程资料,0.6564,extract
p_ext_000359,tag_0001,求问,0.8092,extract
p_ext_000359,tag_0016,打印店,0.7149,extract
p_ext_000359,tag_0015,课程资料,0.9047,extract
p_ext_000360,tag_0001,求问,0.5361,extract
p_ext_000360,tag_0015,课程资料,0.9697,extract
p_ext_000360,tag_0016,打印店,0.8489,extract
p_ext_000360,tag_0009,宿舍,0.8767,extract
p_ext_000360,tag_0002,校园卡,0.8255,extract
p_ext_000361,tag_0002,校园卡,0.527,extract
p_ext_000361,tag_0016,打印店,0.5469,extract
p_ext_000361,tag_0001,求问,0.5578,extract
p_ext_000362,tag_0021,电动车,0.7246,extract
p_ext_000362,tag_0022,教材,0.8927,extract
p_ext_000362,tag_0004,二手交易,0.8925,extract
p_ext_000362,tag_0006,租房,0.6964,extract
p_ext_000363,tag_0016,打印店,0.7966,extract
p_ext_000363,tag_0015,课程资料,0.5352,extract
p_ext_000363,tag_0001,求问,0.6098,extract
p_ext_000363,tag_0002,校园卡,0.9152,extract
p_ext_000364,tag_0015,课程资料,0.5215,extract
p_ext_000364,tag_0002,校园卡,0.9881,extract
p_ext_000365,tag_0021,电动车,0.5994,extract
p_ext_000365,tag_0004,二手交易,0.6726,extract
p_ext_000366,tag_0022,教材,0.7105,extract
p_ext_000366,tag_0005,闲置,0.9668,extract
p_ext_000366,tag_0004,二手交易,0.8356,extract
p_ext_000366,tag_0006,租房,0.9206,extract
p_ext_000367,tag_0016,打印店,0.786,extract
p_ext_000367,tag_0009,宿舍,0.6887,extract
p_ext_000367,tag_0015,课程资料,0.8084,extract
p_ext_000368,tag_0009,宿舍,0.5486,extract
p_ext_000368,tag_0015,课程资料,0.8437,extract
p_ext_000368,tag_0001,求问,0.9053,extract
p_ext_000368,tag_0002,校园卡,0.871,extract
p_ext_000369,tag_0015,课程资料,0.7119,extract
p_ext_000369,tag_0002,校园卡,0.892,extract
p_ext_000369,tag_0016,打印店,0.6342,extract
p_ext_000370,tag_0009,宿舍,0.9165,extract
p_ext_000370,tag_0002,校园卡,0.5691,extract
p_ext_000371,tag_0002,校园卡,0.9935,extract
p_ext_000371,tag_0001,求问,0.5746,extract
p_ext_000371,tag_0009,宿舍,0.8083,extract
p_ext_000371,tag_0016,打印店,0.6868,extract
p_ext_000371,tag_0015,课程资料,0.8705,extract
p_ext_000372,tag_0004,二手交易,0.6957,extract
p_ext_000372,tag_0006,租房,0.7201,extract
p_ext_000372,tag_0005,闲置,0.9119,extract
p_ext_000373,tag_0004,二手交易,0.9341,extract
p_ext_000373,tag_0006,租房,0.5154,extract
p_ext_000373,tag_0005,闲置,0.5871,extract
p_ext_000373,tag_0022,教材,0.7017,extract
p_ext_000373,tag_0021,电动车,0.5946,extract
p_ext_000374,tag_0022,教材,0.5501,extract
p_ext_000374,tag_0006,租房,0.5338,extract
p_ext_000374,tag_0005,闲置,0.8493,extract
p_ext_000375,tag_0006,租房,0.5575,extract
p_ext_000375,tag_0021,电动车,0.7163,extract
p_ext_000375,tag_0004,二手交易,0.5432,extract
p_ext_000375,tag_0005,闲置,0.5009,extract
p_ext_000376,tag_0036,活动,0.8991,extract
p_ext_000376,tag_0054,社团,0.5622,extract
p_ext_000377,tag_0015,课程资料,0.8508,extract
p_ext_000377,tag_0016,打印店,0.7921,extract
p_ext_000377,tag_0009,宿舍,0.5323,extract
p_ext_000377,tag_0001,求问,0.9641,extract
p_ext_000378,tag_0042,共享厨房,0.566,extract
p_ext_000378,tag_0011,食堂,0.9557,extract
p_ext_000378,tag_0009,宿舍,0.7801,extract
p_ext_000378,tag_0012,校园生活,0.8155,extract
p_ext_000378,tag_0038,校车,0.6925,extract
p_ext_000379,tag_0015,课程资料,0.9496,extract
p_ext_000379,tag_0001,求问,0.6471,extract
p_ext_000379,tag_0009,宿舍,0.6331,extract
p_ext_000379,tag_0016,打印店,0.8527,extract
p_ext_000380,tag_0009,宿舍,0.6697,extract
p_ext_000380,tag_0016,打印店,0.9634,extract
p_ext_000380,tag_0002,校园卡,0.9956,extract
p_ext_000381,tag_0022,教材,0.5096,extract
p_ext_000381,tag_0004,二手交易,0.6331,extract
p_ext_000382,tag_0016,打印店,0.8295,extract
p_ext_000382,tag_0001,求问,0.6778,extract
p_ext_000383,tag_0002,校园卡,0.6985,extract
p_ext_000383,tag_0001,求问,0.9103,extract
p_ext_000384,tag_0009,宿舍,0.756,extract
p_ext_000384,tag_0002,校园卡,0.9941,extract
p_ext_000384,tag_0015,课程资料,0.7629,extract
p_ext_000385,tag_0016,打印店,0.7367,extract
p_ext_000385,tag_0015,课程资料,0.5918,extract
p_ext_000386,tag_0038,校车,0.7935,extract
p_ext_000386,tag_0042,共享厨房,0.7579,extract
p_ext_000386,tag_0012,校园生活,0.8002,extract
p_ext_000386,tag_0009,宿舍,0.8676,extract
p_ext_000386,tag_0011,食堂,0.7725,extract
p_ext_000387,tag_0002,校园卡,0.6216,extract
p_ext_000387,tag_0001,求问,0.51,extract
p_ext_000387,tag_0016,打印店,0.7201,extract
p_ext_000387,tag_0015,课程资料,0.5329,extract
p_ext_000388,tag_0001,求问,0.5355,extract
p_ext_000388,tag_0009,宿舍,0.8846,extract
p_ext_000388,tag_0016,打印店,0.7774,extract
p_ext_000389,tag_0015,课程资料,0.8488,extract
p_ext_000389,tag_0009,宿舍,0.8216,extract
p_ext_000389,tag_0002,校园卡,0.5885,extract
p_ext_000389,tag_0001,求问,0.5344,extract
p_ext_000390,tag_0022,教材,0.901,extract
p_ext_000390,tag_0004,二手交易,0.8186,extract
p_ext_000391,tag_0032,学习经验,0.6564,extract
p_ext_000391,tag_0018,考研,0.7467,extract
p_ext_000391,tag_0017,408,0.7059,extract
p_ext_000391,tag_0034,保研,0.8503,extract
p_ext_000391,tag_0033,复试,0.619,extract
p_ext_000392,tag_0009,宿舍,0.6491,extract
p_ext_000392,tag_0002,校园卡,0.5468,extract
p_ext_000392,tag_0016,打印店,0.852,extract
p_ext_000393,tag_0021,电动车,0.7623,extract
p_ext_000393,tag_0004,二手交易,0.8996,extract
p_ext_000393,tag_0022,教材,0.7394,extract
p_ext_000394,tag_0049,简历,0.9554,extract
p_ext_000394,tag_0047,面试,0.7426,extract
p_ext_000395,tag_0001,求问,0.8084,extract
p_ext_000395,tag_0015,课程资料,0.8881,extract
p_ext_000396,tag_0021,电动车,0.8994,extract
p_ext_000396,tag_0022,教材,0.6849,extract
p_ext_000396,tag_0006,租房,0.7258,extract
p_ext_000396,tag_0004,二手交易,0.9593,extract
p_ext_000397,tag_0015,课程资料,0.731,extract
p_ext_000397,tag_0016,打印店,0.5088,extract
p_ext_000398,tag_0016,打印店,0.8836,extract
p_ext_000398,tag_0002,校园卡,0.7494,extract
p_ext_000398,tag_0015,课程资料,0.9501,extract
p_ext_000399,tag_0022,教材,0.5317,extract
p_ext_000399,tag_0021,电动车,0.9879,extract
p_ext_000399,tag_0006,租房,0.7751,extract
p_ext_000400,tag_0026,家教,0.9088,extract
p_ext_000400,tag_0025,兼职,0.7035,extract
p_ext_000400,tag_0048,招聘,0.5049,extract
p_ext_000401,tag_0033,复试,0.7694,extract
p_ext_000401,tag_0032,学习经验,0.6697,extract
p_ext_000401,tag_0034,保研,0.909,extract
p_ext_000402,tag_0009,宿舍,0.9747,extract
p_ext_000402,tag_0016,打印店,0.6779,extract
p_ext_000402,tag_0001,求问,0.9395,extract
p_ext_000402,tag_0002,校园卡,0.9936,extract
p_ext_000403,tag_0016,打印店,0.9311,extract
p_ext_000403,tag_0009,宿舍,0.5919,extract
p_ext_000404,tag_0002,校园卡,0.6023,extract
p_ext_000404,tag_0009,宿舍,0.7336,extract
p_ext_000405,tag_0001,求问,0.7545,extract
p_ext_000405,tag_0002,校园卡,0.6599,extract
p_ext_000406,tag_0004,二手交易,0.8796,extract
p_ext_000406,tag_0022,教材,0.6312,extract
p_ext_000406,tag_0006,租房,0.9504,extract
p_ext_000406,tag_0005,闲置,0.6171,extract
p_ext_000406,tag_0021,电动车,0.5247,extract
p_ext_000407,tag_0001,求问,0.6059,extract
p_ext_000407,tag_0015,课程资料,0.7589,extract
p_ext_000407,tag_0016,打印店,0.5932,extract
p_ext_000408,tag_0009,宿舍,0.7716,extract
p_ext_000408,tag_0038,校车,0.5068,extract
p_ext_000409,tag_0022,教材,0.9118,extract
p_ext_000409,tag_0021,电动车,0.9515,extract
p_ext_000409,tag_0006,租房,0.6312,extract
p_ext_000410,tag_0001,求问,0.652,extract
p_ext_000410,tag_0016,打印店,0.6201,extract
p_ext_000410,tag_0002,校园卡,0.5243,extract
p_ext_000410,tag_0009,宿舍,0.7706,extract
p_ext_000411,tag_0006,租房,0.5216,extract
p_ext_000411,tag_0005,闲置,0.7758,extract
p_ext_000412,tag_0021,电动车,0.6844,extract
p_ext_000412,tag_0006,租房,0.5123,extract
p_ext_000412,tag_0022,教材,0.5549,extract
p_ext_000412,tag_0004,二手交易,0.7803,extract
p_ext_000413,tag_0005,闲置,0.9527,extract
p_ext_000413,tag_0004,二手交易,0.9552,extract
p_ext_000413,tag_0006,租房,0.7025,extract
p_ext_000413,tag_0022,教材,0.5261,extract
p_ext_000414,tag_0001,求问,0.6355,extract
p_ext_000414,tag_0015,课程资料,0.9256,extract
p_ext_000414,tag_0002,校园卡,0.5773,extract
p_ext_000415,tag_0008,搭子,0.6524,extract
p_ext_000415,tag_0036,活动,0.9451,extract
p_ext_000415,tag_0010,交友,0.7084,extract
p_ext_000415,tag_0037,拍照,0.6837,extract
p_ext_000415,tag_0035,羽毛球,0.9917,extract
p_ext_000416,tag_0015,课程资料,0.649,extract
p_ext_000416,tag_0053,考试,0.7268,extract
p_ext_000417,tag_0002,校园卡,0.904,extract
p_ext_000417,tag_0001,求问,0.5095,extract
p_ext_000417,tag_0015,课程资料,0.9803,extract
p_ext_000417,tag_0016,打印店,0.8306,extract
p_ext_000417,tag_0009,宿舍,0.6042,extract
p_ext_000418,tag_0047,面试,0.9647,extract
p_ext_000418,tag_0048,招聘,0.6922,extract
p_ext_000418,tag_0014,实习,0.7521,extract
p_ext_000418,tag_0049,简历,0.6518,extract
p_ext_000418,tag_0050,就业,0.664,extract
p_ext_000419,tag_0015,课程资料,0.7443,extract
p_ext_000419,tag_0002,校园卡,0.5668,extract
p_ext_000420,tag_0001,求问,0.9337,extract
p_ext_000420,tag_0009,宿舍,0.8937,extract
p_ext_000420,tag_0015,课程资料,0.9792,extract
p_ext_000420,tag_0002,校园卡,0.7593,extract
p_ext_000421,tag_0004,二手交易,0.9819,extract
p_ext_000421,tag_0021,电动车,0.7045,extract
p_ext_000421,tag_0006,租房,0.5023,extract
p_ext_000422,tag_0016,打印店,0.7948,extract
p_ext_000422,tag_0002,校园卡,0.7662,extract
p_ext_000423,tag_0001,求问,0.6287,extract
p_ext_000423,tag_0002,校园卡,0.6129,extract
p_ext_000424,tag_0009,宿舍,0.8103,extract
p_ext_000424,tag_0002,校园卡,0.6319,extract
p_ext_000424,tag_0001,求问,0.921,extract
p_ext_000424,tag_0016,打印店,0.501,extract
p_ext_000424,tag_0015,课程资料,0.6197,extract
p_ext_000425,tag_0001,求问,0.502,extract
p_ext_000425,tag_0002,校园卡,0.5716,extract
p_ext_000425,tag_0015,课程资料,0.9312,extract
p_ext_000425,tag_0009,宿舍,0.566,extract
p_ext_000425,tag_0016,打印店,0.907,extract
p_ext_000426,tag_0001,求问,0.9734,extract
p_ext_000426,tag_0015,课程资料,0.7579,extract
p_ext_000426,tag_0016,打印店,0.7461,extract
p_ext_000427,tag_0020,选课,0.7522,extract
p_ext_000427,tag_0030,给分,0.9329,extract
p_ext_000427,tag_0031,课程评价,0.8006,extract
p_ext_000427,tag_0029,老师,0.5011,extract
p_ext_000427,tag_0019,期末,0.5111,extract
p_ext_000428,tag_0010,交友,0.7541,extract
p_ext_000428,tag_0037,拍照,0.908,extract
p_ext_000428,tag_0035,羽毛球,0.9309,extract
p_ext_000428,tag_0036,活动,0.9106,extract
p_ext_000428,tag_0008,搭子,0.9352,extract
p_ext_000429,tag_0002,校园卡,0.8168,extract
p_ext_000429,tag_0001,求问,0.5131,extract
p_ext_000429,tag_0016,打印店,0.9807,extract
p_ext_000430,tag_0014,实习,0.809,extract
p_ext_000430,tag_0048,招聘,0.6447,extract
p_ext_000430,tag_0025,兼职,0.8933,extract
p_ext_000430,tag_0026,家教,0.8184,extract
p_ext_000431,tag_0010,交友,0.8199,extract
p_ext_000431,tag_0036,活动,0.691,extract
p_ext_000431,tag_0035,羽毛球,0.6667,extract
p_ext_000431,tag_0037,拍照,0.8963,extract
p_ext_000432,tag_0001,求问,0.9995,extract
p_ext_000432,tag_0002,校园卡,0.8744,extract
p_ext_000432,tag_0015,课程资料,0.5398,extract
p_ext_000432,tag_0009,宿舍,0.6823,extract
p_ext_000433,tag_0011,食堂,0.5052,extract
p_ext_000433,tag_0012,校园生活,0.749,extract
p_ext_000433,tag_0042,共享厨房,0.7584,extract
p_ext_000434,tag_0002,校园卡,0.9999,extract
p_ext_000434,tag_0009,宿舍,0.5196,extract
p_ext_000434,tag_0016,打印店,0.6357,extract
p_ext_000434,tag_0015,课程资料,0.7817,extract
p_ext_000434,tag_0001,求问,0.5889,extract
p_ext_000435,tag_0038,校车,0.8758,extract
p_ext_000435,tag_0009,宿舍,0.827,extract
p_ext_000435,tag_0011,食堂,0.8973,extract
p_ext_000435,tag_0042,共享厨房,0.69,extract
p_ext_000435,tag_0012,校园生活,0.7163,extract
p_ext_000436,tag_0009,宿舍,0.5549,extract
p_ext_000436,tag_0016,打印店,0.5826,extract
p_ext_000437,tag_0015,课程资料,0.6078,extract
p_ext_000437,tag_0009,宿舍,0.6922,extract
p_ext_000437,tag_0002,校园卡,0.9516,extract
p_ext_000437,tag_0001,求问,0.8218,extract
p_ext_000437,tag_0016,打印店,0.6305,extract
p_ext_000438,tag_0002,校园卡,0.7552,extract
p_ext_000438,tag_0001,求问,0.7515,extract
p_ext_000438,tag_0016,打印店,0.9928,extract
p_ext_000438,tag_0015,课程资料,0.6311,extract
p_ext_000439,tag_0022,教材,0.9266,extract
p_ext_000439,tag_0004,二手交易,0.7048,extract
p_ext_000440,tag_0015,课程资料,0.787,extract
p_ext_000440,tag_0002,校园卡,0.5863,extract
p_ext_000441,tag_0035,羽毛球,0.5657,extract
p_ext_000441,tag_0008,搭子,0.7277,extract
p_ext_000441,tag_0010,交友,0.9828,extract
p_ext_000441,tag_0036,活动,0.676,extract
p_ext_000442,tag_0009,宿舍,0.6793,extract
p_ext_000442,tag_0015,课程资料,0.768,extract
p_ext_000442,tag_0002,校园卡,0.8187,extract
p_ext_000443,tag_0009,宿舍,0.785,extract
p_ext_000443,tag_0001,求问,0.7071,extract
p_ext_000443,tag_0002,校园卡,0.6573,extract
p_ext_000443,tag_0015,课程资料,0.8438,extract
p_ext_000444,tag_0001,求问,0.732,extract
p_ext_000444,tag_0015,课程资料,0.5906,extract
p_ext_000444,tag_0016,打印店,0.8536,extract
p_ext_000444,tag_0002,校园卡,0.8967,extract
p_ext_000445,tag_0026,家教,0.6857,extract
p_ext_000445,tag_0025,兼职,0.9503,extract
p_ext_000445,tag_0048,招聘,0.7213,extract
p_ext_000445,tag_0027,薪资,0.5784,extract
p_ext_000445,tag_0014,实习,0.9377,extract
p_ext_000446,tag_0004,二手交易,0.7266,extract
p_ext_000446,tag_0006,租房,0.5474,extract
p_ext_000446,tag_0022,教材,0.8693,extract
p_ext_000447,tag_0002,校园卡,0.5293,extract
p_ext_000447,tag_0001,求问,0.8652,extract
p_ext_000448,tag_0001,求问,0.9684,extract
p_ext_000448,tag_0015,课程资料,0.7858,extract
p_ext_000448,tag_0009,宿舍,0.826,extract
p_ext_000449,tag_0008,搭子,0.523,extract
p_ext_000449,tag_0035,羽毛球,0.9823,extract
p_ext_000449,tag_0037,拍照,0.7362,extract
p_ext_000449,tag_0036,活动,0.9918,extract
p_ext_000449,tag_0010,交友,0.6585,extract
p_ext_000450,tag_0016,打印店,0.8704,extract
p_ext_000450,tag_0009,宿舍,0.6677,extract
p_ext_000450,tag_0015,课程资料,0.7522,extract
p_ext_000450,tag_0001,求问,0.845,extract
p_ext_000450,tag_0002,校园卡,0.7997,extract
p_ext_000451,tag_0015,课程资料,0.7152,extract
p_ext_000451,tag_0002,校园卡,0.8785,extract
p_ext_000452,tag_0001,求问,0.551,extract
p_ext_000452,tag_0016,打印店,0.902,extract
p_ext_000452,tag_0002,校园卡,0.6835,extract
p_ext_000452,tag_0009,宿舍,0.6749,extract
p_ext_000452,tag_0015,课程资料,0.7571,extract
p_ext_000453,tag_0002,校园卡,0.74,extract
p_ext_000453,tag_0001,求问,0.5139,extract
p_ext_000453,tag_0009,宿舍,0.566,extract
p_ext_000454,tag_0014,实习,0.8342,extract
p_ext_000454,tag_0047,面试,0.6832,extract
p_ext_000454,tag_0049,简历,0.907,extract
p_ext_000454,tag_0048,招聘,0.872,extract
p_ext_000455,tag_0041,创新项目,0.5737,extract
p_ext_000455,tag_0039,组队,0.8486,extract
p_ext_000455,tag_0043,科研项目,0.622,extract
p_ext_000455,tag_0040,竞赛,0.6412,extract
p_ext_000455,tag_0044,论文,0.9822,extract
p_ext_000456,tag_0044,论文,0.67,extract
p_ext_000456,tag_0039,组队,0.9933,extract
p_ext_000456,tag_0041,创新项目,0.7845,extract
p_ext_000456,tag_0040,竞赛,0.7377,extract
p_ext_000456,tag_0043,科研项目,0.7037,extract
p_ext_000457,tag_0009,宿舍,0.945,extract
p_ext_000457,tag_0015,课程资料,0.669,extract
p_ext_000457,tag_0001,求问,0.6951,extract
p_ext_000457,tag_0002,校园卡,0.5793,extract
p_ext_000458,tag_0015,课程资料,0.7312,extract
p_ext_000458,tag_0009,宿舍,0.5687,extract
p_ext_000458,tag_0016,打印店,0.5179,extract
p_ext_000458,tag_0001,求问,0.984,extract
p_ext_000458,tag_0002,校园卡,0.692,extract
p_ext_000459,tag_0027,薪资,0.6585,extract
p_ext_000459,tag_0048,招聘,0.5997,extract
p_ext_000460,tag_0055,证件,0.9242,extract
p_ext_000460,tag_0056,失物招领,0.8638,extract
p_ext_000460,tag_0057,钥匙,0.9396,extract
p_ext_000461,tag_0015,课程资料,0.5723,extract
p_ext_000461,tag_0001,求问,0.701,extract
p_ext_000461,tag_0009,宿舍,0.6933,extract
p_ext_000462,tag_0022,教材,0.7096,extract
p_ext_000462,tag_0021,电动车,0.946,extract
p_ext_000463,tag_0027,薪资,0.7984,extract
p_ext_000463,tag_0048,招聘,0.6047,extract
p_ext_000463,tag_0014,实习,0.6269,extract
p_ext_000464,tag_0016,打印店,0.9902,extract
p_ext_000464,tag_0015,课程资料,0.5944,extract
p_ext_000464,tag_0002,校园卡,0.6775,extract
p_ext_000464,tag_0001,求问,0.7727,extract
p_ext_000464,tag_0009,宿舍,0.6498,extract
p_ext_000465,tag_0017,408,0.7739,extract
p_ext_000465,tag_0032,学习经验,0.5519,extract
p_ext_000465,tag_0034,保研,0.578,extract
p_ext_000466,tag_0002,校园卡,0.5775,extract
p_ext_000466,tag_0016,打印店,0.7602,extract
p_ext_000467,tag_0005,闲置,0.8999,extract
p_ext_000467,tag_0022,教材,0.861,extract
p_ext_000467,tag_0021,电动车,0.6988,extract
p_ext_000467,tag_0006,租房,0.5914,extract
p_ext_000467,tag_0004,二手交易,0.5268,extract
p_ext_000468,tag_0009,宿舍,0.6287,extract
p_ext_000468,tag_0002,校园卡,0.6906,extract
p_ext_000468,tag_0016,打印店,0.5392,extract
p_ext_000469,tag_0017,408,0.562,extract
p_ext_000469,tag_0034,保研,0.9263,extract
p_ext_000470,tag_0056,失物招领,0.9008,extract
p_ext_000470,tag_0055,证件,0.9866,extract
p_ext_000470,tag_0057,钥匙,0.9444,extract
p_ext_000471,tag_0015,课程资料,0.6617,extract
p_ext_000471,tag_0009,宿舍,0.7018,extract
p_ext_000472,tag_0005,闲置,0.6636,extract
p_ext_000472,tag_0022,教材,0.9028,extract
p_ext_000472,tag_0021,电动车,0.864,extract
p_ext_000473,tag_0010,交友,0.9101,extract
p_ext_000473,tag_0037,拍照,0.5594,extract
p_ext_000473,tag_0036,活动,0.6819,extract
p_ext_000474,tag_0038,校车,0.9478,extract
p_ext_000474,tag_0042,共享厨房,0.7386,extract
p_ext_000474,tag_0011,食堂,0.9185,extract
p_ext_000474,tag_0009,宿舍,0.6591,extract
p_ext_000475,tag_0054,社团,0.6467,extract
p_ext_000475,tag_0023,招新,0.7558,extract
p_ext_000476,tag_0015,课程资料,0.6795,extract
p_ext_000476,tag_0009,宿舍,0.5827,extract
p_ext_000476,tag_0016,打印店,0.7405,extract
p_ext_000477,tag_0009,宿舍,0.5004,extract
p_ext_000477,tag_0002,校园卡,0.7622,extract
p_ext_000477,tag_0015,课程资料,0.5897,extract
p_ext_000477,tag_0016,打印店,0.553,extract
p_ext_000478,tag_0016,打印店,0.5258,extract
p_ext_000478,tag_0015,课程资料,0.5217,extract
p_ext_000478,tag_0001,求问,0.647,extract
p_ext_000478,tag_0002,校园卡,0.5861,extract
p_ext_000478,tag_0009,宿舍,0.6195,extract
p_ext_000479,tag_0001,求问,0.9641,extract
p_ext_000479,tag_0016,打印店,0.8866,extract
p_ext_000479,tag_0015,课程资料,0.6446,extract
p_ext_000480,tag_0015,课程资料,0.8526,extract
p_ext_000480,tag_0009,宿舍,0.5667,extract
p_ext_000481,tag_0002,校园卡,0.5585,extract
p_ext_000481,tag_0015,课程资料,0.6785,extract
p_ext_000482,tag_0001,求问,0.9389,extract
p_ext_000482,tag_0009,宿舍,0.9916,extract
p_ext_000482,tag_0015,课程资料,0.869,extract
p_ext_000483,tag_0002,校园卡,0.5409,extract
p_ext_000483,tag_0009,宿舍,0.8619,extract
p_ext_000484,tag_0015,课程资料,0.7722,extract
p_ext_000484,tag_0016,打印店,0.6456,extract
p_ext_000484,tag_0009,宿舍,0.7941,extract
p_ext_000484,tag_0002,校园卡,0.7494,extract
p_ext_000484,tag_0001,求问,0.5312,extract
p_ext_000485,tag_0002,校园卡,0.8484,extract
p_ext_000485,tag_0015,课程资料,0.5019,extract
p_ext_000485,tag_0001,求问,0.5697,extract
p_ext_000485,tag_0009,宿舍,0.6489,extract
p_ext_000485,tag_0016,打印店,0.6965,extract
p_ext_000486,tag_0005,闲置,0.5258,extract
p_ext_000486,tag_0022,教材,0.7043,extract
p_ext_000486,tag_0021,电动车,0.9852,extract
p_ext_000486,tag_0006,租房,0.994,extract
p_ext_000487,tag_0008,搭子,0.6505,extract
p_ext_000487,tag_0010,交友,0.8011,extract
p_ext_000487,tag_0035,羽毛球,0.9112,extract
p_ext_000487,tag_0037,拍照,0.5375,extract
p_ext_000488,tag_0033,复试,0.5953,extract
p_ext_000488,tag_0034,保研,0.9689,extract
p_ext_000489,tag_0016,打印店,0.6182,extract
p_ext_000489,tag_0001,求问,0.6897,extract
p_ext_000490,tag_0002,校园卡,0.8988,extract
p_ext_000490,tag_0009,宿舍,0.8797,extract
p_ext_000490,tag_0001,求问,0.9098,extract
p_ext_000490,tag_0015,课程资料,0.9651,extract
p_ext_000490,tag_0016,打印店,0.5398,extract
p_ext_000491,tag_0009,宿舍,0.7449,extract
p_ext_000491,tag_0015,课程资料,0.5693,extract
p_ext_000491,tag_0016,打印店,0.6658,extract
p_ext_000491,tag_0002,校园卡,0.7997,extract
p_ext_000491,tag_0001,求问,0.738,extract
p_ext_000492,tag_0009,宿舍,0.9781,extract
p_ext_000492,tag_0002,校园卡,0.5338,extract
p_ext_000492,tag_0001,求问,0.6754,extract
p_ext_000492,tag_0016,打印店,0.8428,extract
p_ext_000493,tag_0015,课程资料,0.5191,extract
p_ext_000493,tag_0002,校园卡,0.8604,extract
p_ext_000493,tag_0016,打印店,0.8183,extract
p_ext_000494,tag_0002,校园卡,0.7033,extract
p_ext_000494,tag_0009,宿舍,0.559,extract
p_ext_000495,tag_0001,求问,0.681,extract
p_ext_000495,tag_0016,打印店,0.5068,extract
p_ext_000495,tag_0015,课程资料,0.843,extract
p_ext_000495,tag_0002,校园卡,0.8298,extract
p_ext_000495,tag_0009,宿舍,0.757,extract
p_ext_000496,tag_0004,二手交易,0.9003,extract
p_ext_000496,tag_0005,闲置,0.7317,extract
p_ext_000496,tag_0006,租房,0.6982,extract
p_ext_000497,tag_0002,校园卡,0.5319,extract
p_ext_000497,tag_0009,宿舍,0.7819,extract
p_ext_000498,tag_0001,求问,0.7622,extract
p_ext_000498,tag_0015,课程资料,0.9999,extract
p_ext_000498,tag_0002,校园卡,0.7375,extract
p_ext_000499,tag_0016,打印店,0.7988,extract
p_ext_000499,tag_0009,宿舍,0.6912,extract
p_ext_000499,tag_0001,求问,0.8329,extract
p_ext_000500,tag_0006,租房,0.7572,extract
p_ext_000500,tag_0022,教材,0.7019,extract
p_ext_000500,tag_0004,二手交易,0.5604,extract
p_ext_000501,tag_0051,学习交流,0.646,extract
p_ext_000501,tag_0032,学习经验,0.6698,extract
p_ext_000501,tag_0053,考试,0.641,extract
p_ext_000502,tag_0037,拍照,0.6243,extract
p_ext_000502,tag_0008,搭子,0.9698,extract
p_ext_000502,tag_0035,羽毛球,0.6649,extract
p_ext_000503,tag_0001,求问,0.5348,extract
p_ext_000503,tag_0009,宿舍,0.7773,extract
p_ext_000503,tag_0002,校园卡,0.9383,extract
p_ext_000503,tag_0016,打印店,0.8051,extract
p_ext_000503,tag_0015,课程资料,0.6362,extract
p_ext_000504,tag_0015,课程资料,0.752,extract
p_ext_000504,tag_0016,打印店,0.7194,extract
p_ext_000504,tag_0009,宿舍,0.6157,extract
p_ext_000504,tag_0002,校园卡,0.5237,extract
p_ext_000505,tag_0005,闲置,0.952,extract
p_ext_000505,tag_0006,租房,0.5534,extract
p_ext_000505,tag_0022,教材,0.9549,extract
p_ext_000505,tag_0021,电动车,0.9423,extract
p_ext_000506,tag_0042,共享厨房,0.8861,extract
p_ext_000506,tag_0012,校园生活,0.9454,extract
p_ext_000506,tag_0009,宿舍,0.8606,extract
p_ext_000507,tag_0046,优惠,0.8125,extract
p_ext_000507,tag_0045,窗口测评,0.5896,extract
p_ext_000507,tag_0028,拼饭,0.9367,extract
p_ext_000507,tag_0012,校园生活,0.6507,extract
p_ext_000508,tag_0001,求问,0.7829,extract
p_ext_000508,tag_0002,校园卡,0.5605,extract
p_ext_000508,tag_0016,打印店,0.5859,extract
p_ext_000508,tag_0009,宿舍,0.9123,extract
p_ext_000508,tag_0015,课程资料,0.9585,extract
p_ext_000509,tag_0037,拍照,0.8024,extract
p_ext_000509,tag_0035,羽毛球,0.7129,extract
p_ext_000509,tag_0010,交友,0.5154,extract
p_ext_000509,tag_0008,搭子,0.7782,extract
p_ext_000510,tag_0011,食堂,0.8738,extract
p_ext_000510,tag_0028,拼饭,0.6915,extract
p_ext_000510,tag_0045,窗口测评,0.8801,extract
p_ext_000510,tag_0012,校园生活,0.9267,extract
p_ext_000510,tag_0046,优惠,0.8603,extract
p_ext_000511,tag_0009,宿舍,0.8241,extract
p_ext_000511,tag_0015,课程资料,0.88,extract
p_ext_000511,tag_0016,打印店,0.9081,extract
p_ext_000511,tag_0001,求问,0.6253,extract
p_ext_000512,tag_0001,求问,0.9683,extract
p_ext_000512,tag_0002,校园卡,0.5735,extract
p_ext_000513,tag_0016,打印店,0.5128,extract
p_ext_000513,tag_0009,宿舍,0.542,extract
p_ext_000514,tag_0015,课程资料,0.9481,extract
p_ext_000514,tag_0009,宿舍,0.7045,extract
p_ext_000514,tag_0002,校园卡,0.6813,extract
p_ext_000514,tag_0016,打印店,0.5836,extract
p_ext_000515,tag_0005,闲置,0.7868,extract
p_ext_000515,tag_0021,电动车,0.6875,extract
p_ext_000515,tag_0004,二手交易,0.6955,extract
p_ext_000515,tag_0006,租房,0.5977,extract
p_ext_000516,tag_0001,求问,0.8726,extract
p_ext_000516,tag_0016,打印店,0.6293,extract
p_ext_000516,tag_0002,校园卡,0.513,extract
p_ext_000516,tag_0015,课程资料,0.9664,extract
p_ext_000517,tag_0009,宿舍,0.8949,extract
p_ext_000517,tag_0001,求问,0.8073,extract
p_ext_000517,tag_0016,打印店,0.5058,extract
p_ext_000518,tag_0011,食堂,0.8882,extract
p_ext_000518,tag_0012,校园生活,0.5872,extract
p_ext_000519,tag_0021,电动车,0.5681,extract
p_ext_000519,tag_0004,二手交易,0.8505,extract
p_ext_000519,tag_0006,租房,0.8843,extract
p_ext_000519,tag_0005,闲置,0.5148,extract
p_ext_000520,tag_0050,就业,0.8553,extract
p_ext_000520,tag_0047,面试,0.5003,extract
p_ext_000520,tag_0049,简历,0.5471,extract
p_ext_000521,tag_0004,二手交易,0.6119,extract
p_ext_000521,tag_0006,租房,0.9067,extract
p_ext_000521,tag_0021,电动车,0.9053,extract
p_ext_000521,tag_0005,闲置,0.662,extract
p_ext_000522,tag_0001,求问,0.6648,extract
p_ext_000522,tag_0015,课程资料,0.8685,extract
p_ext_000523,tag_0009,宿舍,0.6234,extract
p_ext_000523,tag_0015,课程资料,0.5967,extract
p_ext_000523,tag_0002,校园卡,0.6166,extract
p_ext_000523,tag_0016,打印店,0.5163,extract
p_ext_000524,tag_0001,求问,0.8694,extract
p_ext_000524,tag_0016,打印店,0.7192,extract
p_ext_000524,tag_0015,课程资料,0.6701,extract
p_ext_000524,tag_0002,校园卡,0.9229,extract
p_ext_000525,tag_0033,复试,0.9111,extract
p_ext_000525,tag_0018,考研,0.8606,extract
p_ext_000525,tag_0032,学习经验,0.6306,extract
p_ext_000525,tag_0034,保研,0.8653,extract
p_ext_000525,tag_0017,408,0.6023,extract
p_ext_000526,tag_0002,校园卡,0.5236,extract
p_ext_000526,tag_0009,宿舍,0.565,extract
p_ext_000526,tag_0015,课程资料,0.8446,extract
p_ext_000526,tag_0001,求问,0.5216,extract
p_ext_000526,tag_0016,打印店,0.7407,extract
p_ext_000527,tag_0016,打印店,0.6151,extract
p_ext_000527,tag_0001,求问,0.7497,extract
p_ext_000527,tag_0015,课程资料,0.5299,extract
p_ext_000528,tag_0009,宿舍,0.6067,extract
p_ext_000528,tag_0002,校园卡,0.7606,extract
p_ext_000528,tag_0016,打印店,0.9597,extract
p_ext_000528,tag_0015,课程资料,0.5198,extract
p_ext_000529,tag_0016,打印店,0.5865,extract
p_ext_000529,tag_0002,校园卡,0.8386,extract
p_ext_000529,tag_0009,宿舍,0.8158,extract
p_ext_000529,tag_0001,求问,0.6478,extract
p_ext_000529,tag_0015,课程资料,0.6022,extract
p_ext_000530,tag_0016,打印店,0.7069,extract
p_ext_000530,tag_0001,求问,0.9459,extract
p_ext_000531,tag_0008,搭子,0.7442,extract
p_ext_000531,tag_0036,活动,0.838,extract
p_ext_000531,tag_0035,羽毛球,0.6537,extract
p_ext_000531,tag_0037,拍照,0.9338,extract
p_ext_000532,tag_0002,校园卡,0.5899,extract
p_ext_000532,tag_0015,课程资料,0.5948,extract
p_ext_000532,tag_0016,打印店,0.6148,extract
p_ext_000532,tag_0009,宿舍,0.8843,extract
p_ext_000532,tag_0001,求问,0.7688,extract
p_ext_000533,tag_0002,校园卡,0.6131,extract
p_ext_000533,tag_0015,课程资料,0.5875,extract
p_ext_000533,tag_0001,求问,0.7925,extract
p_ext_000533,tag_0009,宿舍,0.709,extract
p_ext_000534,tag_0006,租房,0.7424,extract
p_ext_000534,tag_0005,闲置,0.6316,extract
p_ext_000534,tag_0004,二手交易,0.934,extract
p_ext_000534,tag_0022,教材,0.8078,extract
p_ext_000535,tag_0011,食堂,0.8768,extract
p_ext_000535,tag_0012,校园生活,0.9258,extract
p_ext_000535,tag_0046,优惠,0.7669,extract
p_ext_000535,tag_0028,拼饭,0.9051,extract
p_ext_000536,tag_0001,求问,0.7131,extract
p_ext_000536,tag_0015,课程资料,0.7069,extract
p_ext_000536,tag_0009,宿舍,0.5967,extract
p_ext_000536,tag_0016,打印店,0.8314,extract
p_ext_000537,tag_0005,闲置,0.8997,extract
p_ext_000537,tag_0006,租房,0.6696,extract
p_ext_000537,tag_0021,电动车,0.7686,extract
p_ext_000537,tag_0022,教材,0.8198,extract
p_ext_000538,tag_0009,宿舍,0.6504,extract
p_ext_000538,tag_0015,课程资料,0.6634,extract
p_ext_000538,tag_0002,校园卡,0.8633,extract
p_ext_000538,tag_0001,求问,0.9659,extract
p_ext_000539,tag_0036,活动,0.5974,extract
p_ext_000539,tag_0035,羽毛球,0.9704,extract
p_ext_000539,tag_0008,搭子,0.5477,extract
p_ext_000539,tag_0037,拍照,0.9278,extract
p_ext_000540,tag_0021,电动车,0.8753,extract
p_ext_000540,tag_0006,租房,0.9159,extract
p_ext_000540,tag_0005,闲置,0.717,extract
p_ext_000540,tag_0022,教材,0.6257,extract
p_ext_000540,tag_0004,二手交易,0.8909,extract
p_ext_000541,tag_0015,课程资料,0.6463,extract
p_ext_000541,tag_0001,求问,0.558,extract
p_ext_000541,tag_0009,宿舍,0.6702,extract
p_ext_000541,tag_0002,校园卡,0.8174,extract
p_ext_000542,tag_0010,交友,0.6623,extract
p_ext_000542,tag_0008,搭子,0.5796,extract
p_ext_000542,tag_0037,拍照,0.8046,extract
p_ext_000542,tag_0036,活动,0.7373,extract
p_ext_000542,tag_0035,羽毛球,0.9935,extract
p_ext_000543,tag_0009,宿舍,0.6315,extract
p_ext_000543,tag_0016,打印店,0.9184,extract
p_ext_000543,tag_0015,课程资料,0.5041,extract
p_ext_000544,tag_0048,招聘,0.9165,extract
p_ext_000544,tag_0047,面试,0.8742,extract
p_ext_000545,tag_0037,拍照,0.6859,extract
p_ext_000545,tag_0036,活动,0.5656,extract
p_ext_000546,tag_0016,打印店,0.8801,extract
p_ext_000546,tag_0001,求问,0.9608,extract
p_ext_000546,tag_0002,校园卡,0.8135,extract
p_ext_000546,tag_0009,宿舍,0.8593,extract
p_ext_000546,tag_0015,课程资料,0.6799,extract
p_ext_000547,tag_0052,复习资料,0.8284,extract
p_ext_000547,tag_0015,课程资料,0.6096,extract
p_ext_000547,tag_0053,考试,0.7666,extract
p_ext_000548,tag_0006,租房,0.8925,extract
p_ext_000548,tag_0022,教材,0.8439,extract
p_ext_000548,tag_0021,电动车,0.7601,extract
p_ext_000548,tag_0005,闲置,0.7196,extract
p_ext_000548,tag_0004,二手交易,0.8052,extract
p_ext_000549,tag_0048,招聘,0.8723,extract
p_ext_000549,tag_0050,就业,0.9675,extract
p_ext_000550,tag_0021,电动车,0.9354,extract
p_ext_000550,tag_0004,二手交易,0.7971,extract
p_ext_000550,tag_0005,闲置,0.9156,extract
p_ext_000550,tag_0006,租房,0.933,extract
p_ext_000551,tag_0010,交友,0.7571,extract
p_ext_000551,tag_0008,搭子,0.7401,extract
p_ext_000551,tag_0037,拍照,0.5263,extract
p_ext_000551,tag_0036,活动,0.5023,extract
p_ext_000551,tag_0035,羽毛球,0.8091,extract
p_ext_000552,tag_0022,教材,0.5723,extract
p_ext_000552,tag_0005,闲置,0.8145,extract
p_ext_000552,tag_0004,二手交易,0.7977,extract
p_ext_000552,tag_0021,电动车,0.5611,extract
p_ext_000553,tag_0011,食堂,0.7631,extract
p_ext_000553,tag_0038,校车,0.6575,extract
p_ext_000553,tag_0042,共享厨房,0.8654,extract
p_ext_000553,tag_0012,校园生活,0.8259,extract
p_ext_000554,tag_0015,课程资料,0.5642,extract
p_ext_000554,tag_0001,求问,0.8501,extract
p_ext_000554,tag_0016,打印店,0.9349,extract
p_ext_000555,tag_0002,校园卡,0.6393,extract
p_ext_000555,tag_0009,宿舍,0.871,extract
p_ext_000555,tag_0015,课程资料,0.5869,extract
p_ext_000555,tag_0016,打印店,0.8937,extract
p_ext_000555,tag_0001,求问,0.5955,extract
p_ext_000556,tag_0002,校园卡,0.8282,extract
p_ext_000556,tag_0001,求问,0.6532,extract
p_ext_000556,tag_0015,课程资料,0.8106,extract
p_ext_000557,tag_0002,校园卡,0.6964,extract
p_ext_000557,tag_0057,钥匙,0.8081,extract
p_ext_000557,tag_0058,教学楼,0.8404,extract
p_ext_000557,tag_0056,失物招领,0.6137,extract
p_ext_000558,tag_0034,保研,0.7982,extract
p_ext_000558,tag_0033,复试,0.8584,extract
p_ext_000558,tag_0032,学习经验,0.6208,extract
p_ext_000558,tag_0018,考研,0.8861,extract
p_ext_000559,tag_0035,羽毛球,0.5662,extract
p_ext_000559,tag_0008,搭子,0.9488,extract
p_ext_000559,tag_0010,交友,0.5133,extract
p_ext_000559,tag_0037,拍照,0.6373,extract
p_ext_000559,tag_0036,活动,0.6045,extract
p_ext_000560,tag_0009,宿舍,0.7282,extract
p_ext_000560,tag_0001,求问,0.9752,extract
p_ext_000560,tag_0016,打印店,0.6053,extract
p_ext_000560,tag_0015,课程资料,0.9144,extract
p_ext_000560,tag_0002,校园卡,0.7803,extract
p_ext_000561,tag_0006,租房,0.5987,extract
p_ext_000561,tag_0004,二手交易,0.9936,extract
p_ext_000561,tag_0022,教材,0.8226,extract
p_ext_000561,tag_0021,电动车,0.6113,extract
p_ext_000561,tag_0005,闲置,0.8635,extract
p_ext_000562,tag_0008,搭子,0.7231,extract
p_ext_000562,tag_0036,活动,0.7092,extract
p_ext_000562,tag_0010,交友,0.6645,extract
p_ext_000562,tag_0037,拍照,0.8129,extract
p_ext_000563,tag_0009,宿舍,0.7665,extract
p_ext_000563,tag_0002,校园卡,0.9261,extract
p_ext_000563,tag_0001,求问,0.6204,extract
p_ext_000564,tag_0002,校园卡,0.5131,extract
p_ext_000564,tag_0015,课程资料,0.7839,extract
p_ext_000565,tag_0009,宿舍,0.6197,extract
p_ext_000565,tag_0001,求问,0.7755,extract
p_ext_000565,tag_0002,校园卡,0.9403,extract
p_ext_000565,tag_0015,课程资料,0.5843,extract
p_ext_000565,tag_0016,打印店,0.8766,extract
p_ext_000566,tag_0036,活动,0.6527,extract
p_ext_000566,tag_0008,搭子,0.9343,extract
p_ext_000566,tag_0037,拍照,0.6522,extract
p_ext_000566,tag_0035,羽毛球,0.5695,extract
p_ext_000566,tag_0010,交友,0.91,extract
p_ext_000567,tag_0037,拍照,0.5204,extract
p_ext_000567,tag_0010,交友,0.8546,extract
p_ext_000567,tag_0036,活动,0.5138,extract
p_ext_000568,tag_0011,食堂,0.6188,extract
p_ext_000568,tag_0046,优惠,0.949,extract
p_ext_000568,tag_0012,校园生活,0.7697,extract
p_ext_000568,tag_0045,窗口测评,0.9988,extract
p_ext_000568,tag_0028,拼饭,0.9402,extract
p_ext_000569,tag_0022,教材,0.9075,extract
p_ext_000569,tag_0004,二手交易,0.6369,extract
p_ext_000569,tag_0021,电动车,0.9709,extract
p_ext_000570,tag_0009,宿舍,0.6455,extract
p_ext_000570,tag_0016,打印店,0.6344,extract
p_ext_000570,tag_0015,课程资料,0.6392,extract
p_ext_000571,tag_0015,课程资料,0.7333,extract
p_ext_000571,tag_0016,打印店,0.7522,extract
p_ext_000571,tag_0002,校园卡,0.7166,extract
p_ext_000572,tag_0009,宿舍,0.9319,extract
p_ext_000572,tag_0016,打印店,0.5787,extract
p_ext_000572,tag_0015,课程资料,0.9188,extract
p_ext_000572,tag_0001,求问,0.5441,extract
p_ext_000572,tag_0002,校园卡,0.835,extract
p_ext_000573,tag_0005,闲置,0.9449,extract
p_ext_000573,tag_0021,电动车,0.5216,extract
p_ext_000573,tag_0022,教材,0.6124,extract
p_ext_000573,tag_0006,租房,0.5863,extract
p_ext_000573,tag_0004,二手交易,0.5132,extract
p_ext_000574,tag_0002,校园卡,0.5113,extract
p_ext_000574,tag_0001,求问,0.922,extract
p_ext_000574,tag_0015,课程资料,0.5309,extract
p_ext_000574,tag_0016,打印店,0.5375,extract
p_ext_000574,tag_0009,宿舍,0.8132,extract
p_ext_000575,tag_0015,课程资料,0.6316,extract
p_ext_000575,tag_0002,校园卡,0.9298,extract
p_ext_000575,tag_0001,求问,0.5405,extract
p_ext_000575,tag_0009,宿舍,0.7558,extract
p_ext_000575,tag_0016,打印店,0.5056,extract
p_ext_000576,tag_0001,求问,0.8027,extract
p_ext_000576,tag_0009,宿舍,0.77,extract
p_ext_000577,tag_0036,活动,0.9657,extract
p_ext_000577,tag_0037,拍照,0.8123,extract
p_ext_000577,tag_0035,羽毛球,0.7047,extract
p_ext_000577,tag_0010,交友,0.5442,extract
p_ext_000578,tag_0015,课程资料,0.7462,extract
p_ext_000578,tag_0009,宿舍,0.8431,extract
p_ext_000578,tag_0001,求问,0.5236,extract
p_ext_000578,tag_0016,打印店,0.697,extract
p_ext_000578,tag_0002,校园卡,0.5203,extract
p_ext_000579,tag_0038,校车,0.8475,extract
p_ext_000579,tag_0012,校园生活,0.5535,extract
p_ext_000579,tag_0042,共享厨房,0.5223,extract
p_ext_000580,tag_0037,拍照,0.9962,extract
p_ext_000580,tag_0035,羽毛球,0.5583,extract
p_ext_000581,tag_0002,校园卡,0.8467,extract
p_ext_000581,tag_0016,打印店,0.9067,extract
p_ext_000581,tag_0015,课程资料,0.5619,extract
p_ext_000582,tag_0042,共享厨房,0.7101,extract
p_ext_000582,tag_0011,食堂,0.8345,extract
p_ext_000582,tag_0038,校车,0.8101,extract
p_ext_000582,tag_0012,校园生活,0.9248,extract
p_ext_000582,tag_0009,宿舍,0.5511,extract
p_ext_000583,tag_0035,羽毛球,0.5828,extract
p_ext_000583,tag_0008,搭子,0.6033,extract
p_ext_000584,tag_0024,志愿服务,0.5028,extract
p_ext_000584,tag_0054,社团,0.8101,extract
p_ext_000584,tag_0036,活动,0.779,extract
p_ext_000585,tag_0044,论文,0.5209,extract
p_ext_000585,tag_0039,组队,0.6635,extract
p_ext_000586,tag_0039,组队,0.9013,extract
p_ext_000586,tag_0041,创新项目,0.5975,extract
p_ext_000586,tag_0044,论文,0.7548,extract
p_ext_000587,tag_0004,二手交易,0.7032,extract
p_ext_000587,tag_0021,电动车,0.6188,extract
p_ext_000587,tag_0005,闲置,0.7578,extract
p_ext_000587,tag_0022,教材,0.8577,extract
p_ext_000587,tag_0006,租房,0.6783,extract
p_ext_000588,tag_0002,校园卡,0.7302,extract
p_ext_000588,tag_0009,宿舍,0.9855,extract
p_ext_000588,tag_0016,打印店,0.5191,extract
p_ext_000588,tag_0015,课程资料,0.703,extract
p_ext_000589,tag_0021,电动车,0.7199,extract
p_ext_000589,tag_0004,二手交易,0.6628,extract
p_ext_000589,tag_0005,闲置,0.9944,extract
p_ext_000589,tag_0022,教材,0.9703,extract
p_ext_000589,tag_0006,租房,0.9777,extract
p_ext_000590,tag_0011,食堂,0.7694,extract
p_ext_000590,tag_0038,校车,0.6127,extract
p_ext_000590,tag_0009,宿舍,0.8107,extract
p_ext_000590,tag_0012,校园生活,0.5119,extract
p_ext_000591,tag_0016,打印店,0.7342,extract
p_ext_000591,tag_0001,求问,0.8056,extract
p_ext_000592,tag_0009,宿舍,0.7808,extract
p_ext_000592,tag_0015,课程资料,0.9574,extract
p_ext_000592,tag_0001,求问,0.729,extract
p_ext_000592,tag_0016,打印店,0.8727,extract
p_ext_000593,tag_0057,钥匙,0.8431,extract
p_ext_000593,tag_0055,证件,0.6196,extract
p_ext_000593,tag_0058,教学楼,0.7986,extract
p_ext_000593,tag_0056,失物招领,0.5915,extract
p_ext_000593,tag_0002,校园卡,0.5299,extract
p_ext_000594,tag_0016,打印店,0.9151,extract
p_ext_000594,tag_0009,宿舍,0.7863,extract
p_ext_000594,tag_0001,求问,0.9152,extract
p_ext_000595,tag_0020,选课,0.8514,extract
p_ext_000595,tag_0029,老师,0.5336,extract
p_ext_000595,tag_0019,期末,0.9004,extract
p_ext_000596,tag_0014,实习,0.885,extract
p_ext_000596,tag_0026,家教,0.5435,extract
p_ext_000596,tag_0025,兼职,0.8887,extract
p_ext_000596,tag_0048,招聘,0.9377,extract
p_ext_000597,tag_0002,校园卡,0.6224,extract
p_ext_000597,tag_0009,宿舍,0.658,extract
p_ext_000597,tag_0016,打印店,0.6264,extract
p_ext_000597,tag_0001,求问,0.7682,extract
p_ext_000597,tag_0015,课程资料,0.6922,extract
p_ext_000598,tag_0006,租房,0.5569,extract
p_ext_000598,tag_0004,二手交易,0.9128,extract
p_ext_000599,tag_0021,电动车,0.7128,extract
p_ext_000599,tag_0006,租房,0.9929,extract
p_ext_000599,tag_0004,二手交易,0.6528,extract
p_ext_000599,tag_0005,闲置,0.6407,extract
p_ext_000599,tag_0022,教材,0.5574,extract
p_ext_000600,tag_0031,课程评价,0.5751,extract
p_ext_000600,tag_0020,选课,0.9924,extract
p_ext_000600,tag_0019,期末,0.6363,extract
p_ext_000601,tag_0031,课程评价,0.6598,extract
p_ext_000601,tag_0029,老师,0.7034,extract
p_ext_000602,tag_0016,打印店,0.5243,extract
p_ext_000602,tag_0009,宿舍,0.9164,extract
p_ext_000603,tag_0002,校园卡,0.6734,extract
p_ext_000603,tag_0009,宿舍,0.8964,extract
p_ext_000603,tag_0015,课程资料,0.6959,extract
p_ext_000604,tag_0004,二手交易,0.8172,extract
p_ext_000604,tag_0022,教材,0.991,extract
p_ext_000605,tag_0001,求问,0.7251,extract
p_ext_000605,tag_0002,校园卡,0.8313,extract
p_ext_000605,tag_0015,课程资料,0.6459,extract
p_ext_000605,tag_0016,打印店,0.9868,extract
p_ext_000606,tag_0001,求问,0.9856,extract
p_ext_000606,tag_0002,校园卡,0.7005,extract
p_ext_000606,tag_0015,课程资料,0.8845,extract
p_ext_000606,tag_0009,宿舍,0.6843,extract
p_ext_000606,tag_0016,打印店,0.8672,extract
p_ext_000607,tag_0001,求问,0.962,extract
p_ext_000607,tag_0002,校园卡,0.7544,extract
p_ext_000608,tag_0016,打印店,0.9743,extract
p_ext_000608,tag_0015,课程资料,0.9251,extract
p_ext_000609,tag_0021,电动车,0.936,extract
p_ext_000609,tag_0006,租房,0.7887,extract
p_ext_000609,tag_0004,二手交易,0.71,extract
p_ext_000610,tag_0035,羽毛球,0.9375,extract
p_ext_000610,tag_0010,交友,0.8744,extract
p_ext_000610,tag_0037,拍照,0.7832,extract
p_ext_000611,tag_0004,二手交易,0.9571,extract
p_ext_000611,tag_0006,租房,0.8262,extract
p_ext_000612,tag_0008,搭子,0.8963,extract
p_ext_000612,tag_0036,活动,0.7823,extract
p_ext_000612,tag_0010,交友,0.765,extract
p_ext_000612,tag_0035,羽毛球,0.7629,extract
p_ext_000613,tag_0056,失物招领,0.9154,extract
p_ext_000613,tag_0057,钥匙,0.9783,extract
p_ext_000613,tag_0055,证件,0.8243,extract
p_ext_000613,tag_0002,校园卡,0.9924,extract
p_ext_000614,tag_0042,共享厨房,0.6676,extract
p_ext_000614,tag_0038,校车,0.8404,extract
p_ext_000614,tag_0009,宿舍,0.6147,extract
p_ext_000615,tag_0036,活动,0.6393,extract
p_ext_000615,tag_0023,招新,0.7076,extract
p_ext_000615,tag_0024,志愿服务,0.538,extract
p_ext_000615,tag_0054,社团,0.5306,extract
p_ext_000616,tag_0048,招聘,0.6692,extract
p_ext_000616,tag_0050,就业,0.6994,extract
p_ext_000616,tag_0047,面试,0.829,extract
p_ext_000616,tag_0014,实习,0.5013,extract
p_ext_000616,tag_0049,简历,0.5001,extract
p_ext_000617,tag_0001,求问,0.5427,extract
p_ext_000617,tag_0016,打印店,0.8691,extract
p_ext_000618,tag_0015,课程资料,0.6915,extract
p_ext_000618,tag_0001,求问,0.6992,extract
p_ext_000618,tag_0002,校园卡,0.7815,extract
p_ext_000619,tag_0038,校车,0.6998,extract
p_ext_000619,tag_0011,食堂,0.9282,extract
p_ext_000619,tag_0009,宿舍,0.7458,extract
p_ext_000620,tag_0022,教材,0.6147,extract
p_ext_000620,tag_0005,闲置,0.5197,extract
p_ext_000620,tag_0004,二手交易,0.7075,extract
p_ext_000621,tag_0025,兼职,0.552,extract
p_ext_000621,tag_0027,薪资,0.8667,extract
p_ext_000621,tag_0014,实习,0.8704,extract
p_ext_000622,tag_0001,求问,0.8913,extract
p_ext_000622,tag_0009,宿舍,0.8151,extract
p_ext_000623,tag_0009,宿舍,0.7097,extract
p_ext_000623,tag_0016,打印店,0.7636,extract
p_ext_000623,tag_0015,课程资料,0.5777,extract
p_ext_000623,tag_0002,校园卡,0.9101,extract
p_ext_000623,tag_0001,求问,0.9472,extract
p_ext_000624,tag_0037,拍照,0.5565,extract
p_ext_000624,tag_0036,活动,0.8873,extract
p_ext_000625,tag_0053,考试,0.9368,extract
p_ext_000625,tag_0051,学习交流,0.6415,extract
p_ext_000625,tag_0032,学习经验,0.8728,extract
p_ext_000626,tag_0026,家教,0.5058,extract
p_ext_000626,tag_0027,薪资,0.8073,extract
p_ext_000627,tag_0015,课程资料,0.7747,extract
p_ext_000627,tag_0001,求问,0.7503,extract
p_ext_000627,tag_0009,宿舍,0.9801,extract
p_ext_000627,tag_0016,打印店,0.7392,extract
p_ext_000627,tag_0002,校园卡,0.7757,extract
p_ext_000628,tag_0006,租房,0.7427,extract
p_ext_000628,tag_0005,闲置,0.6439,extract
p_ext_000628,tag_0021,电动车,0.935,extract
p_ext_000628,tag_0022,教材,0.7002,extract
p_ext_000628,tag_0004,二手交易,0.6056,extract
p_ext_000629,tag_0046,优惠,0.5827,extract
p_ext_000629,tag_0045,窗口测评,0.7186,extract
p_ext_000629,tag_0012,校园生活,0.7824,extract
p_ext_000629,tag_0011,食堂,0.9653,extract
p_ext_000629,tag_0028,拼饭,0.9892,extract
p_ext_000630,tag_0009,宿舍,0.6945,extract
p_ext_000630,tag_0001,求问,0.6958,extract
p_ext_000630,tag_0016,打印店,0.6647,extract
p_ext_000630,tag_0015,课程资料,0.8094,extract
p_ext_000631,tag_0033,复试,0.7981,extract
p_ext_000631,tag_0034,保研,0.6911,extract
p_ext_000632,tag_0002,校园卡,0.7139,extract
p_ext_000632,tag_0001,求问,0.8521,extract
p_ext_000632,tag_0009,宿舍,0.7308,extract
p_ext_000633,tag_0002,校园卡,0.6067,extract
p_ext_000633,tag_0016,打印店,0.9558,extract
p_ext_000633,tag_0009,宿舍,0.5294,extract
p_ext_000634,tag_0006,租房,0.8355,extract
p_ext_000634,tag_0004,二手交易,0.5286,extract
p_ext_000634,tag_0022,教材,0.5501,extract
p_ext_000634,tag_0021,电动车,0.5085,extract
p_ext_000635,tag_0008,搭子,0.9848,extract
p_ext_000635,tag_0035,羽毛球,0.5146,extract
p_ext_000635,tag_0010,交友,0.5274,extract
p_ext_000635,tag_0036,活动,0.5404,extract
p_ext_000636,tag_0021,电动车,0.8498,extract
p_ext_000636,tag_0006,租房,0.5636,extract
p_ext_000636,tag_0005,闲置,0.9512,extract
p_ext_000636,tag_0022,教材,0.9807,extract
p_ext_000637,tag_0002,校园卡,0.547,extract
p_ext_000637,tag_0001,求问,0.6675,extract
p_ext_000637,tag_0016,打印店,0.6303,extract
p_ext_000638,tag_0015,课程资料,0.7728,extract
p_ext_000638,tag_0001,求问,0.9052,extract
p_ext_000639,tag_0015,课程资料,0.5561,extract
p_ext_000639,tag_0001,求问,0.816,extract
p_ext_000639,tag_0002,校园卡,0.9169,extract
p_ext_000640,tag_0004,二手交易,0.9051,extract
p_ext_000640,tag_0021,电动车,0.7295,extract
p_ext_000640,tag_0006,租房,0.6958,extract
p_ext_000641,tag_0015,课程资料,0.5567,extract
p_ext_000641,tag_0002,校园卡,0.5327,extract
p_ext_000642,tag_0004,二手交易,0.7213,extract
p_ext_000642,tag_0006,租房,0.9441,extract
p_ext_000643,tag_0009,宿舍,0.6055,extract
p_ext_000643,tag_0016,打印店,0.6158,extract
p_ext_000644,tag_0005,闲置,0.7646,extract
p_ext_000644,tag_0022,教材,0.8987,extract
p_ext_000644,tag_0021,电动车,0.8605,extract
p_ext_000644,tag_0006,租房,0.625,extract
p_ext_000644,tag_0004,二手交易,0.9601,extract
p_ext_000645,tag_0023,招新,0.9673,extract
p_ext_000645,tag_0010,交友,0.697,extract
p_ext_000645,tag_0036,活动,0.6917,extract
p_ext_000645,tag_0024,志愿服务,0.6623,extract
p_ext_000645,tag_0054,社团,0.6301,extract
p_ext_000646,tag_0037,拍照,0.6461,extract
p_ext_000646,tag_0008,搭子,0.7546,extract
p_ext_000647,tag_0002,校园卡,0.577,extract
p_ext_000647,tag_0001,求问,0.7177,extract
p_ext_000647,tag_0015,课程资料,0.8744,extract
p_ext_000647,tag_0009,宿舍,0.5963,extract
p_ext_000648,tag_0006,租房,0.6675,extract
p_ext_000648,tag_0022,教材,0.5094,extract
p_ext_000649,tag_0009,宿舍,0.8795,extract
p_ext_000649,tag_0012,校园生活,0.8947,extract
p_ext_000649,tag_0011,食堂,0.7918,extract
p_ext_000650,tag_0021,电动车,0.9686,extract
p_ext_000650,tag_0004,二手交易,0.7625,extract
p_ext_000651,tag_0006,租房,0.5462,extract
p_ext_000651,tag_0022,教材,0.8425,extract
p_ext_000651,tag_0004,二手交易,0.6382,extract
p_ext_000651,tag_0005,闲置,0.9243,extract
p_ext_000651,tag_0021,电动车,0.5715,extract
p_ext_000652,tag_0001,求问,0.9417,extract
p_ext_000652,tag_0002,校园卡,0.9995,extract
p_ext_000653,tag_0010,交友,0.5854,extract
p_ext_000653,tag_0036,活动,0.5498,extract
p_ext_000653,tag_0008,搭子,0.7453,extract
p_ext_000653,tag_0035,羽毛球,0.5215,extract
p_ext_000653,tag_0037,拍照,0.8019,extract
p_ext_000654,tag_0002,校园卡,0.5339,extract
p_ext_000654,tag_0058,教学楼,0.5517,extract
p_ext_000654,tag_0057,钥匙,0.8161,extract
p_ext_000654,tag_0056,失物招领,0.6973,extract
p_ext_000655,tag_0001,求问,0.5968,extract
p_ext_000655,tag_0016,打印店,0.8086,extract
p_ext_000655,tag_0002,校园卡,0.7455,extract
p_ext_000656,tag_0022,教材,0.9789,extract
p_ext_000656,tag_0006,租房,0.5025,extract
p_ext_000657,tag_0006,租房,0.6315,extract
p_ext_000657,tag_0021,电动车,0.7963,extract
p_ext_000657,tag_0022,教材,0.5473,extract
p_ext_000658,tag_0006,租房,0.8032,extract
p_ext_000658,tag_0022,教材,0.7414,extract
p_ext_000659,tag_0022,教材,0.9281,extract
p_ext_000659,tag_0004,二手交易,0.7786,extract
p_ext_000659,tag_0021,电动车,0.6173,extract
p_ext_000659,tag_0006,租房,0.6802,extract
p_ext_000660,tag_0001,求问,0.9025,extract
p_ext_000660,tag_0009,宿舍,0.9308,extract
p_ext_000661,tag_0005,闲置,0.9671,extract
p_ext_000661,tag_0021,电动车,0.7022,extract
p_ext_000661,tag_0022,教材,0.5901,extract
p_ext_000661,tag_0004,二手交易,0.582,extract
p_ext_000661,tag_0006,租房,0.8114,extract
p_ext_000662,tag_0028,拼饭,0.5146,extract
p_ext_000662,tag_0046,优惠,0.7232,extract
p_ext_000662,tag_0011,食堂,0.9971,extract
p_ext_000663,tag_0001,求问,0.7925,extract
p_ext_000663,tag_0015,课程资料,0.8934,extract
p_ext_000663,tag_0016,打印店,0.5036,extract
p_ext_000663,tag_0009,宿舍,0.7143,extract
p_ext_000664,tag_0057,钥匙,0.5795,extract
p_ext_000664,tag_0056,失物招领,0.6535,extract
p_ext_000664,tag_0055,证件,0.691,extract
p_ext_000665,tag_0036,活动,0.8955,extract
p_ext_000665,tag_0035,羽毛球,0.681,extract
p_ext_000665,tag_0008,搭子,0.8463,extract
p_ext_000665,tag_0010,交友,0.6657,extract
p_ext_000666,tag_0002,校园卡,0.7996,extract
p_ext_000666,tag_0009,宿舍,0.8809,extract
p_ext_000666,tag_0001,求问,0.5426,extract
p_ext_000667,tag_0006,租房,0.6828,extract
p_ext_000667,tag_0022,教材,0.5334,extract
p_ext_000667,tag_0005,闲置,0.6546,extract
p_ext_000667,tag_0004,二手交易,0.5487,extract
p_ext_000667,tag_0021,电动车,0.9652,extract
p_ext_000668,tag_0002,校园卡,0.8864,extract
p_ext_000668,tag_0009,宿舍,0.9837,extract
p_ext_000668,tag_0015,课程资料,0.5249,extract
p_ext_000668,tag_0016,打印店,0.9078,extract
p_ext_000669,tag_0016,打印店,0.9035,extract
p_ext_000669,tag_0002,校园卡,0.5851,extract
p_ext_000669,tag_0009,宿舍,0.7353,extract
p_ext_000669,tag_0001,求问,0.7936,extract
p_ext_000670,tag_0001,求问,0.676,extract
p_ext_000670,tag_0002,校园卡,0.862,extract
p_ext_000670,tag_0015,课程资料,0.6275,extract
p_ext_000671,tag_0015,课程资料,0.748,extract
p_ext_000671,tag_0009,宿舍,0.6726,extract
p_ext_000671,tag_0001,求问,0.8018,extract
p_ext_000672,tag_0036,活动,0.9284,extract
p_ext_000672,tag_0037,拍照,0.76,extract
p_ext_000672,tag_0010,交友,0.6519,extract
p_ext_000672,tag_0008,搭子,0.883,extract
p_ext_000673,tag_0015,课程资料,0.8278,extract
p_ext_000673,tag_0009,宿舍,0.7933,extract
p_ext_000673,tag_0002,校园卡,0.5483,extract
p_ext_000673,tag_0001,求问,0.5871,extract
p_ext_000673,tag_0016,打印店,0.9407,extract
p_ext_000674,tag_0015,课程资料,0.9518,extract
p_ext_000674,tag_0016,打印店,0.6621,extract
p_ext_000675,tag_0009,宿舍,0.7057,extract
p_ext_000675,tag_0015,课程资料,0.6074,extract
p_ext_000675,tag_0016,打印店,0.9621,extract
p_ext_000676,tag_0015,课程资料,0.6024,extract
p_ext_000676,tag_0002,校园卡,0.887,extract
p_ext_000676,tag_0016,打印店,0.8988,extract
p_ext_000676,tag_0009,宿舍,0.7231,extract
p_ext_000676,tag_0001,求问,0.8275,extract
p_ext_000677,tag_0001,求问,0.8979,extract
p_ext_000677,tag_0015,课程资料,0.8271,extract
p_ext_000677,tag_0016,打印店,0.9627,extract
p_ext_000678,tag_0001,求问,0.8718,extract
p_ext_000678,tag_0002,校园卡,0.5469,extract
p_ext_000679,tag_0036,活动,0.742,extract
p_ext_000679,tag_0010,交友,0.7331,extract
p_ext_000679,tag_0035,羽毛球,0.6206,extract
p_ext_000679,tag_0008,搭子,0.5448,extract
p_ext_000679,tag_0037,拍照,0.8502,extract
p_ext_000680,tag_0041,创新项目,0.7319,extract
p_ext_000680,tag_0040,竞赛,0.7864,extract
p_ext_000680,tag_0043,科研项目,0.7774,extract
p_ext_000680,tag_0039,组队,0.5368,extract
p_ext_000680,tag_0044,论文,0.7631,extract
p_ext_000681,tag_0006,租房,0.783,extract
p_ext_000681,tag_0004,二手交易,0.5264,extract
p_ext_000681,tag_0022,教材,0.9813,extract
p_ext_000681,tag_0021,电动车,0.9312,extract
p_ext_000681,tag_0005,闲置,0.626,extract
p_ext_000682,tag_0002,校园卡,0.6478,extract
p_ext_000682,tag_0015,课程资料,0.7084,extract
p_ext_000682,tag_0016,打印店,0.5939,extract
p_ext_000682,tag_0009,宿舍,0.8324,extract
p_ext_000682,tag_0001,求问,0.7358,extract
p_ext_000683,tag_0012,校园生活,0.6532,extract
p_ext_000683,tag_0011,食堂,0.6817,extract
p_ext_000683,tag_0042,共享厨房,0.6579,extract
p_ext_000684,tag_0022,教材,0.8296,extract
p_ext_000684,tag_0021,电动车,0.6702,extract
p_ext_000684,tag_0006,租房,0.8347,extract
p_ext_000684,tag_0004,二手交易,0.5943,extract
p_ext_000684,tag_0005,闲置,0.863,extract
p_ext_000685,tag_0001,求问,0.7045,extract
p_ext_000685,tag_0002,校园卡,0.7884,extract
p_ext_000685,tag_0009,宿舍,0.8929,extract
p_ext_000685,tag_0015,课程资料,0.8879,extract
p_ext_000686,tag_0005,闲置,0.9548,extract
p_ext_000686,tag_0022,教材,0.9417,extract
p_ext_000686,tag_0021,电动车,0.6508,extract
p_ext_000686,tag_0004,二手交易,0.6716,extract
p_ext_000687,tag_0009,宿舍,0.5973,extract
p_ext_000687,tag_0015,课程资料,0.7215,extract
p_ext_000687,tag_0002,校园卡,0.6133,extract
p_ext_000687,tag_0016,打印店,0.9109,extract
p_ext_000687,tag_0001,求问,0.614,extract
p_ext_000688,tag_0036,活动,0.7976,extract
p_ext_000688,tag_0010,交友,0.7977,extract
p_ext_000688,tag_0035,羽毛球,0.8428,extract
p_ext_000689,tag_0002,校园卡,0.7021,extract
p_ext_000689,tag_0016,打印店,0.6298,extract
p_ext_000690,tag_0011,食堂,0.8936,extract
p_ext_000690,tag_0042,共享厨房,0.9114,extract
p_ext_000690,tag_0038,校车,0.8403,extract
p_ext_000690,tag_0009,宿舍,0.5004,extract
p_ext_000691,tag_0002,校园卡,0.5565,extract
p_ext_000691,tag_0001,求问,0.7189,extract
p_ext_000691,tag_0009,宿舍,0.735,extract
p_ext_000691,tag_0016,打印店,0.6786,extract
p_ext_000692,tag_0015,课程资料,0.5288,extract
p_ext_000692,tag_0001,求问,0.8019,extract
p_ext_000692,tag_0016,打印店,0.7661,extract
p_ext_000693,tag_0002,校园卡,0.5256,extract
p_ext_000693,tag_0009,宿舍,0.5714,extract
p_ext_000693,tag_0015,课程资料,0.9528,extract
p_ext_000693,tag_0001,求问,0.865,extract
p_ext_000694,tag_0015,课程资料,0.5573,extract
p_ext_000694,tag_0009,宿舍,0.6921,extract
p_ext_000694,tag_0016,打印店,0.563,extract
p_ext_000695,tag_0052,复习资料,0.7308,extract
p_ext_000695,tag_0051,学习交流,0.5335,extract
p_ext_000695,tag_0053,考试,0.9942,extract
p_ext_000696,tag_0004,二手交易,0.6492,extract
p_ext_000696,tag_0021,电动车,0.5796,extract
p_ext_000696,tag_0006,租房,0.8335,extract
p_ext_000696,tag_0022,教材,0.7688,extract
p_ext_000696,tag_0005,闲置,0.5447,extract
p_ext_000697,tag_0017,408,0.9313,extract
p_ext_000697,tag_0034,保研,0.7907,extract
p_ext_000697,tag_0033,复试,0.7554,extract
p_ext_000698,tag_0036,活动,0.7712,extract
p_ext_000698,tag_0035,羽毛球,0.6791,extract
p_ext_000699,tag_0016,打印店,0.7387,extract
p_ext_000699,tag_0009,宿舍,0.5658,extract
p_ext_000699,tag_0001,求问,0.6709,extract
p_ext_000699,tag_0002,校园卡,0.9746,extract
p_ext_000700,tag_0002,校园卡,0.6501,extract
p_ext_000700,tag_0009,宿舍,0.9747,extract
p_ext_000701,tag_0016,打印店,0.9825,extract
p_ext_000701,tag_0009,宿舍,0.8425,extract
p_ext_000701,tag_0001,求问,0.7174,extract
p_ext_000701,tag_0002,校园卡,0.8025,extract
p_ext_000701,tag_0015,课程资料,0.7281,extract
p_ext_000702,tag_0015,课程资料,0.5503,extract
p_ext_000702,tag_0009,宿舍,0.9459,extract
p_ext_000702,tag_0002,校园卡,0.9982,extract
p_ext_000702,tag_0016,打印店,0.7482,extract
p_ext_000702,tag_0001,求问,0.6717,extract
p_ext_000703,tag_0047,面试,0.9877,extract
p_ext_000703,tag_0048,招聘,0.6347,extract
p_ext_000703,tag_0014,实习,0.8311,extract
p_ext_000704,tag_0009,宿舍,0.9466,extract
p_ext_000704,tag_0042,共享厨房,0.9738,extract
p_ext_000704,tag_0011,食堂,0.5088,extract
p_ext_000704,tag_0012,校园生活,0.8824,extract
p_ext_000704,tag_0038,校车,0.6547,extract
p_ext_000705,tag_0001,求问,0.706,extract
p_ext_000705,tag_0016,打印店,0.7959,extract
p_ext_000705,tag_0002,校园卡,0.5301,extract
p_ext_000706,tag_0009,宿舍,0.9953,extract
p_ext_000706,tag_0001,求问,0.7917,extract
p_ext_000706,tag_0002,校园卡,0.7871,extract
p_ext_000706,tag_0015,课程资料,0.9764,extract
p_ext_000707,tag_0012,校园生活,0.6496,extract
p_ext_000707,tag_0028,拼饭,0.9538,extract
p_ext_000707,tag_0011,食堂,0.9496,extract
p_ext_000708,tag_0009,宿舍,0.9494,extract
p_ext_000708,tag_0015,课程资料,0.7128,extract
p_ext_000709,tag_0004,二手交易,0.8246,extract
p_ext_000709,tag_0006,租房,0.837,extract
p_ext_000709,tag_0005,闲置,0.635,extract
p_ext_000709,tag_0021,电动车,0.5087,extract
p_ext_000709,tag_0022,教材,0.8932,extract
p_ext_000710,tag_0004,二手交易,0.6074,extract
p_ext_000710,tag_0005,闲置,0.8172,extract
p_ext_000710,tag_0006,租房,0.9936,extract
p_ext_000710,tag_0022,教材,0.6297,extract
p_ext_000711,tag_0038,校车,0.5713,extract
p_ext_000711,tag_0011,食堂,0.5096,extract
p_ext_000712,tag_0005,闲置,0.553,extract
p_ext_000712,tag_0004,二手交易,0.5602,extract
p_ext_000713,tag_0015,课程资料,0.7802,extract
p_ext_000713,tag_0001,求问,0.5965,extract
p_ext_000714,tag_0049,简历,0.8148,extract
p_ext_000714,tag_0048,招聘,0.851,extract
p_ext_000714,tag_0014,实习,0.7539,extract
p_ext_000715,tag_0016,打印店,0.7593,extract
p_ext_000715,tag_0002,校园卡,0.7544,extract
p_ext_000716,tag_0015,课程资料,0.7062,extract
p_ext_000716,tag_0016,打印店,0.8551,extract
p_ext_000716,tag_0009,宿舍,0.6822,extract
p_ext_000717,tag_0001,求问,0.75,extract
p_ext_000717,tag_0015,课程资料,0.9629,extract
p_ext_000717,tag_0016,打印店,0.6639,extract
p_ext_000717,tag_0002,校园卡,0.7015,extract
p_ext_000717,tag_0009,宿舍,0.6541,extract
p_ext_000718,tag_0021,电动车,0.7252,extract
p_ext_000718,tag_0006,租房,0.8811,extract
p_ext_000719,tag_0001,求问,0.8607,extract
p_ext_000719,tag_0016,打印店,0.5162,extract
p_ext_000720,tag_0001,求问,0.9141,extract
p_ext_000720,tag_0002,校园卡,0.7283,extract
p_ext_000720,tag_0009,宿舍,0.9253,extract
p_ext_000720,tag_0016,打印店,0.6148,extract
p_ext_000721,tag_0001,求问,0.5255,extract
p_ext_000721,tag_0002,校园卡,0.7002,extract
p_ext_000721,tag_0015,课程资料,0.6276,extract
p_ext_000722,tag_0001,求问,0.9874,extract
p_ext_000722,tag_0015,课程资料,0.9289,extract
p_ext_000722,tag_0002,校园卡,0.5334,extract
p_ext_000723,tag_0049,简历,0.5239,extract
p_ext_000723,tag_0014,实习,0.543,extract
p_ext_000723,tag_0047,面试,0.771,extract
p_ext_000723,tag_0048,招聘,0.6657,extract
p_ext_000723,tag_0050,就业,0.9069,extract
p_ext_000724,tag_0022,教材,0.8411,extract
p_ext_000724,tag_0021,电动车,0.7904,extract
p_ext_000724,tag_0004,二手交易,0.747,extract
p_ext_000724,tag_0006,租房,0.733,extract
p_ext_000725,tag_0044,论文,0.5228,extract
p_ext_000725,tag_0040,竞赛,0.9751,extract
p_ext_000725,tag_0039,组队,0.7762,extract
p_ext_000725,tag_0043,科研项目,0.695,extract
p_ext_000726,tag_0002,校园卡,0.8731,extract
p_ext_000726,tag_0016,打印店,0.7429,extract
p_ext_000727,tag_0009,宿舍,0.5995,extract
p_ext_000727,tag_0016,打印店,0.7886,extract
p_ext_000728,tag_0015,课程资料,0.6294,extract
p_ext_000728,tag_0002,校园卡,0.6165,extract
p_ext_000728,tag_0009,宿舍,0.7315,extract
p_ext_000728,tag_0016,打印店,0.9008,extract
p_ext_000729,tag_0002,校园卡,0.5325,extract
p_ext_000729,tag_0001,求问,0.9572,extract
p_ext_000729,tag_0015,课程资料,0.9445,extract
p_ext_000730,tag_0036,活动,0.853,extract
p_ext_000730,tag_0035,羽毛球,0.9918,extract
p_ext_000730,tag_0008,搭子,0.7086,extract
p_ext_000730,tag_0037,拍照,0.9325,extract
p_ext_000730,tag_0010,交友,0.907,extract
p_ext_000731,tag_0002,校园卡,0.7895,extract
p_ext_000731,tag_0001,求问,0.9936,extract
p_ext_000731,tag_0016,打印店,0.7142,extract
p_ext_000732,tag_0035,羽毛球,0.6291,extract
p_ext_000732,tag_0010,交友,0.8948,extract
p_ext_000732,tag_0036,活动,0.9451,extract
p_ext_000733,tag_0036,活动,0.9508,extract
p_ext_000733,tag_0054,社团,0.7859,extract
p_ext_000734,tag_0021,电动车,0.6033,extract
p_ext_000734,tag_0006,租房,0.9744,extract
p_ext_000735,tag_0009,宿舍,0.5551,extract
p_ext_000735,tag_0016,打印店,0.9982,extract
p_ext_000735,tag_0015,课程资料,0.8962,extract
p_ext_000735,tag_0001,求问,0.9597,extract
p_ext_000735,tag_0002,校园卡,0.8966,extract
p_ext_000736,tag_0012,校园生活,0.9253,extract
p_ext_000736,tag_0009,宿舍,0.6343,extract
p_ext_000736,tag_0038,校车,0.9885,extract
p_ext_000736,tag_0042,共享厨房,0.7421,extract
p_ext_000736,tag_0011,食堂,0.9641,extract
p_ext_000737,tag_0020,选课,0.8367,extract
p_ext_000737,tag_0030,给分,0.8739,extract
p_ext_000738,tag_0004,二手交易,0.7722,extract
p_ext_000738,tag_0005,闲置,0.8025,extract
p_ext_000739,tag_0006,租房,0.5932,extract
p_ext_000739,tag_0022,教材,0.6106,extract
p_ext_000739,tag_0021,电动车,0.9218,extract
p_ext_000740,tag_0015,课程资料,0.7381,extract
p_ext_000740,tag_0002,校园卡,0.6118,extract
p_ext_000741,tag_0006,租房,0.7519,extract
p_ext_000741,tag_0021,电动车,0.8263,extract
p_ext_000742,tag_0033,复试,0.5399,extract
p_ext_000742,tag_0034,保研,0.9499,extract
p_ext_000742,tag_0018,考研,0.9925,extract
p_ext_000742,tag_0032,学习经验,0.8082,extract
p_ext_000742,tag_0017,408,0.7102,extract
p_ext_000743,tag_0006,租房,0.8027,extract
p_ext_000743,tag_0022,教材,0.5403,extract
p_ext_000743,tag_0021,电动车,0.9423,extract
p_ext_000743,tag_0005,闲置,0.5309,extract
p_ext_000744,tag_0035,羽毛球,0.9252,extract
p_ext_000744,tag_0010,交友,0.9976,extract
p_ext_000744,tag_0037,拍照,0.6726,extract
p_ext_000744,tag_0008,搭子,0.6727,extract
p_ext_000744,tag_0036,活动,0.7914,extract
p_ext_000745,tag_0030,给分,0.9801,extract
p_ext_000745,tag_0031,课程评价,0.8986,extract
p_ext_000745,tag_0020,选课,0.7904,extract
p_ext_000745,tag_0019,期末,0.9663,extract
p_ext_000745,tag_0029,老师,0.5425,extract
p_ext_000746,tag_0022,教材,0.5198,extract
p_ext_000746,tag_0005,闲置,0.6974,extract
p_ext_000746,tag_0006,租房,0.7215,extract
p_ext_000747,tag_0016,打印店,0.6549,extract
p_ext_000747,tag_0002,校园卡,0.7454,extract
p_ext_000747,tag_0001,求问,0.7714,extract
p_ext_000747,tag_0015,课程资料,0.5939,extract
p_ext_000747,tag_0009,宿舍,0.6545,extract
p_ext_000748,tag_0002,校园卡,0.6433,extract
p_ext_000748,tag_0015,课程资料,0.7362,extract
p_ext_000748,tag_0016,打印店,0.9479,extract
p_ext_000749,tag_0016,打印店,0.9326,extract
p_ext_000749,tag_0015,课程资料,0.702,extract
p_ext_000749,tag_0009,宿舍,0.6074,extract
p_ext_000749,tag_0001,求问,0.6558,extract
p_ext_000749,tag_0002,校园卡,0.5033,extract
p_ext_000750,tag_0032,学习经验,0.6681,extract
p_ext_000750,tag_0033,复试,0.5399,extract
p_ext_000751,tag_0009,宿舍,0.879,extract
p_ext_000751,tag_0001,求问,0.8002,extract
p_ext_000752,tag_0004,二手交易,0.7374,extract
p_ext_000752,tag_0006,租房,0.5576,extract
p_ext_000752,tag_0022,教材,0.535,extract
p_ext_000753,tag_0015,课程资料,0.9094,extract
p_ext_000753,tag_0009,宿舍,0.5762,extract
p_ext_000753,tag_0016,打印店,0.5915,extract
p_ext_000754,tag_0015,课程资料,0.8464,extract
p_ext_000754,tag_0002,校园卡,0.9669,extract
p_ext_000755,tag_0009,宿舍,0.9347,extract
p_ext_000755,tag_0016,打印店,0.8328,extract
p_ext_000755,tag_0002,校园卡,0.619,extract
p_ext_000755,tag_0015,课程资料,0.936,extract
p_ext_000756,tag_0042,共享厨房,0.5467,extract
p_ext_000756,tag_0012,校园生活,0.8863,extract
p_ext_000756,tag_0038,校车,0.9606,extract
p_ext_000756,tag_0009,宿舍,0.556,extract
p_ext_000757,tag_0016,打印店,0.7618,extract
p_ext_000757,tag_0015,课程资料,0.554,extract
p_ext_000757,tag_0002,校园卡,0.8213,extract
p_ext_000757,tag_0001,求问,0.5134,extract
p_ext_000758,tag_0032,学习经验,0.6172,extract
p_ext_000758,tag_0018,考研,0.7457,extract
p_ext_000758,tag_0034,保研,0.7895,extract
p_ext_000758,tag_0033,复试,0.7444,extract
p_ext_000758,tag_0017,408,0.7946,extract
p_ext_000759,tag_0049,简历,0.9207,extract
p_ext_000759,tag_0047,面试,0.9446,extract
p_ext_000759,tag_0014,实习,0.6416,extract
p_ext_000759,tag_0048,招聘,0.8558,extract
p_ext_000760,tag_0016,打印店,0.6315,extract
p_ext_000760,tag_0002,校园卡,0.5271,extract
p_ext_000760,tag_0001,求问,0.7706,extract
p_ext_000760,tag_0009,宿舍,0.8561,extract
p_ext_000761,tag_0037,拍照,0.7015,extract
p_ext_000761,tag_0036,活动,0.835,extract
p_ext_000761,tag_0008,搭子,0.6521,extract
p_ext_000761,tag_0010,交友,0.933,extract
p_ext_000762,tag_0022,教材,0.6872,extract
p_ext_000762,tag_0004,二手交易,0.7011,extract
p_ext_000762,tag_0021,电动车,0.5381,extract
p_ext_000762,tag_0006,租房,0.8198,extract
p_ext_000763,tag_0011,食堂,0.6724,extract
p_ext_000763,tag_0046,优惠,0.629,extract
p_ext_000763,tag_0012,校园生活,0.7511,extract
p_ext_000763,tag_0045,窗口测评,0.8109,extract
p_ext_000763,tag_0028,拼饭,0.9581,extract
p_ext_000764,tag_0001,求问,0.9772,extract
p_ext_000764,tag_0002,校园卡,0.9956,extract
p_ext_000764,tag_0015,课程资料,0.5137,extract
p_ext_000764,tag_0009,宿舍,0.7588,extract
p_ext_000764,tag_0016,打印店,0.6134,extract
p_ext_000765,tag_0053,考试,0.6514,extract
p_ext_000765,tag_0052,复习资料,0.5708,extract
p_ext_000765,tag_0015,课程资料,0.8066,extract
p_ext_000765,tag_0051,学习交流,0.7478,extract
p_ext_000765,tag_0032,学习经验,0.8119,extract
p_ext_000766,tag_0001,求问,0.9171,extract
p_ext_000766,tag_0002,校园卡,0.6559,extract
p_ext_000766,tag_0009,宿舍,0.605,extract
p_ext_000766,tag_0016,打印店,0.6095,extract
p_ext_000767,tag_0052,复习资料,0.5581,extract
p_ext_000767,tag_0053,考试,0.8889,extract
p_ext_000768,tag_0016,打印店,0.685,extract
p_ext_000768,tag_0009,宿舍,0.6103,extract
p_ext_000769,tag_0037,拍照,0.7401,extract
p_ext_000769,tag_0010,交友,0.854,extract
p_ext_000769,tag_0036,活动,0.7317,extract
p_ext_000769,tag_0008,搭子,0.5195,extract
p_ext_000770,tag_0035,羽毛球,0.7123,extract
p_ext_000770,tag_0037,拍照,0.5055,extract
p_ext_000771,tag_0015,课程资料,0.9994,extract
p_ext_000771,tag_0001,求问,0.6389,extract
p_ext_000771,tag_0016,打印店,0.6564,extract
p_ext_000771,tag_0002,校园卡,0.8589,extract
p_ext_000772,tag_0022,教材,0.8525,extract
p_ext_000772,tag_0004,二手交易,0.9983,extract
p_ext_000772,tag_0006,租房,0.9927,extract
p_ext_000772,tag_0005,闲置,0.794,extract
p_ext_000772,tag_0021,电动车,0.8426,extract
p_ext_000773,tag_0015,课程资料,0.5293,extract
p_ext_000773,tag_0016,打印店,0.9545,extract
p_ext_000774,tag_0002,校园卡,0.606,extract
p_ext_000774,tag_0015,课程资料,0.9179,extract
p_ext_000774,tag_0001,求问,0.7908,extract
p_ext_000774,tag_0016,打印店,0.5755,extract
p_ext_000775,tag_0038,校车,0.8862,extract
p_ext_000775,tag_0011,食堂,0.9715,extract
p_ext_000775,tag_0042,共享厨房,0.8003,extract
p_ext_000775,tag_0009,宿舍,0.9164,extract
p_ext_000775,tag_0012,校园生活,0.8321,extract
p_ext_000776,tag_0016,打印店,0.6734,extract
p_ext_000776,tag_0002,校园卡,0.666,extract
p_ext_000776,tag_0009,宿舍,0.5827,extract
p_ext_000776,tag_0001,求问,0.7965,extract
p_ext_000776,tag_0015,课程资料,0.8391,extract
p_ext_000777,tag_0004,二手交易,0.9144,extract
p_ext_000777,tag_0022,教材,0.7107,extract
p_ext_000778,tag_0006,租房,0.6596,extract
p_ext_000778,tag_0022,教材,0.5812,extract
p_ext_000778,tag_0004,二手交易,0.6064,extract
p_ext_000778,tag_0021,电动车,0.869,extract
p_ext_000779,tag_0006,租房,0.9882,extract
p_ext_000779,tag_0005,闲置,0.6109,extract
p_ext_000780,tag_0008,搭子,0.9461,extract
p_ext_000780,tag_0010,交友,0.9273,extract
p_ext_000780,tag_0036,活动,0.5465,extract
p_ext_000780,tag_0037,拍照,0.5126,extract
p_ext_000781,tag_0009,宿舍,0.5194,extract
p_ext_000781,tag_0001,求问,0.8196,extract
p_ext_000782,tag_0042,共享厨房,0.89,extract
p_ext_000782,tag_0012,校园生活,0.7714,extract
p_ext_000782,tag_0011,食堂,0.5662,extract
p_ext_000782,tag_0038,校车,0.9755,extract
p_ext_000783,tag_0001,求问,0.9834,extract
p_ext_000783,tag_0009,宿舍,0.8472,extract
p_ext_000783,tag_0015,课程资料,0.8656,extract
p_ext_000783,tag_0016,打印店,0.9544,extract
p_ext_000783,tag_0002,校园卡,0.51,extract
p_ext_000784,tag_0009,宿舍,0.9628,extract
p_ext_000784,tag_0012,校园生活,0.8144,extract
p_ext_000784,tag_0011,食堂,0.8136,extract
p_ext_000784,tag_0038,校车,0.783,extract
p_ext_000784,tag_0042,共享厨房,0.5903,extract
p_ext_000785,tag_0016,打印店,0.6651,extract
p_ext_000785,tag_0009,宿舍,0.8774,extract
p_ext_000785,tag_0015,课程资料,0.7893,extract
p_ext_000785,tag_0002,校园卡,0.5628,extract
p_ext_000786,tag_0038,校车,0.7477,extract
p_ext_000786,tag_0011,食堂,0.5623,extract
p_ext_000787,tag_0009,宿舍,0.8645,extract
p_ext_000787,tag_0016,打印店,0.9154,extract
p_ext_000788,tag_0015,课程资料,0.7351,extract
p_ext_000788,tag_0002,校园卡,0.6242,extract
p_ext_000789,tag_0015,课程资料,0.8829,extract
p_ext_000789,tag_0009,宿舍,0.9925,extract
p_ext_000789,tag_0002,校园卡,0.6131,extract
p_ext_000790,tag_0022,教材,0.956,extract
p_ext_000790,tag_0004,二手交易,0.8788,extract
p_ext_000790,tag_0005,闲置,0.8561,extract
p_ext_000790,tag_0021,电动车,0.6954,extract
p_ext_000791,tag_0042,共享厨房,0.5008,extract
p_ext_000791,tag_0011,食堂,0.595,extract
p_ext_000791,tag_0009,宿舍,0.6711,extract
p_ext_000792,tag_0006,租房,0.8608,extract
p_ext_000792,tag_0004,二手交易,0.5626,extract
p_ext_000792,tag_0005,闲置,0.6947,extract
p_ext_000793,tag_0002,校园卡,0.952,extract
p_ext_000793,tag_0058,教学楼,0.9899,extract
p_ext_000794,tag_0015,课程资料,0.647,extract
p_ext_000794,tag_0016,打印店,0.5137,extract
p_ext_000794,tag_0002,校园卡,0.515,extract
p_ext_000794,tag_0009,宿舍,0.5145,extract
p_ext_000795,tag_0002,校园卡,0.7685,extract
p_ext_000795,tag_0001,求问,0.8619,extract
p_ext_000796,tag_0022,教材,0.5826,extract
p_ext_000796,tag_0006,租房,0.516,extract
p_ext_000796,tag_0004,二手交易,0.9208,extract
p_ext_000797,tag_0010,交友,0.7754,extract
p_ext_000797,tag_0008,搭子,0.6922,extract
p_ext_000798,tag_0037,拍照,0.9325,extract
p_ext_000798,tag_0036,活动,0.6626,extract
p_ext_000799,tag_0015,课程资料,0.9892,extract
p_ext_000799,tag_0016,打印店,0.5538,extract
p_ext_000799,tag_0001,求问,0.5705,extract
p_ext_000800,tag_0002,校园卡,0.9931,extract
p_ext_000800,tag_0016,打印店,0.7426,extract
p_ext_000801,tag_0009,宿舍,0.6914,extract
p_ext_000801,tag_0001,求问,0.9543,extract
p_ext_000801,tag_0015,课程资料,0.8322,extract
p_ext_000801,tag_0016,打印店,0.7613,extract
p_ext_000801,tag_0002,校园卡,0.7866,extract
p_ext_000802,tag_0002,校园卡,0.7221,extract
p_ext_000802,tag_0009,宿舍,0.8098,extract
p_ext_000802,tag_0015,课程资料,0.9465,extract
p_ext_000803,tag_0016,打印店,0.6864,extract
p_ext_000803,tag_0015,课程资料,0.8409,extract
p_ext_000803,tag_0002,校园卡,0.9464,extract
p_ext_000803,tag_0009,宿舍,0.9196,extract
p_ext_000804,tag_0009,宿舍,0.9888,extract
p_ext_000804,tag_0015,课程资料,0.5021,extract
p_ext_000804,tag_0001,求问,0.5614,extract
p_ext_000804,tag_0016,打印店,0.8619,extract
p_ext_000805,tag_0001,求问,0.6285,extract
p_ext_000805,tag_0009,宿舍,0.5453,extract
p_ext_000805,tag_0016,打印店,0.7582,extract
p_ext_000805,tag_0002,校园卡,0.9115,extract
p_ext_000806,tag_0001,求问,0.7178,extract
p_ext_000806,tag_0009,宿舍,0.8076,extract
p_ext_000806,tag_0015,课程资料,0.5929,extract
p_ext_000806,tag_0016,打印店,0.5984,extract
p_ext_000806,tag_0002,校园卡,0.7638,extract
p_ext_000807,tag_0012,校园生活,0.9674,extract
p_ext_000807,tag_0042,共享厨房,0.8315,extract
p_ext_000808,tag_0001,求问,0.8916,extract
p_ext_000808,tag_0002,校园卡,0.6448,extract
p_ext_000809,tag_0022,教材,0.8436,extract
p_ext_000809,tag_0021,电动车,0.6744,extract
p_ext_000810,tag_0016,打印店,0.5134,extract
p_ext_000810,tag_0001,求问,0.9309,extract
p_ext_000810,tag_0015,课程资料,0.6548,extract
p_ext_000811,tag_0015,课程资料,0.6255,extract
p_ext_000811,tag_0002,校园卡,0.9697,extract
p_ext_000811,tag_0001,求问,0.7425,extract
p_ext_000811,tag_0016,打印店,0.9022,extract
p_ext_000812,tag_0056,失物招领,0.6678,extract
p_ext_000812,tag_0058,教学楼,0.7907,extract
p_ext_000812,tag_0055,证件,0.573,extract
p_ext_000812,tag_0002,校园卡,0.552,extract
p_ext_000812,tag_0057,钥匙,0.6215,extract
p_ext_000813,tag_0005,闲置,0.8375,extract
p_ext_000813,tag_0022,教材,0.9379,extract
p_ext_000813,tag_0004,二手交易,0.734,extract
p_ext_000814,tag_0010,交友,0.607,extract
p_ext_000814,tag_0037,拍照,0.6139,extract
p_ext_000814,tag_0036,活动,0.9569,extract
p_ext_000815,tag_0022,教材,0.7621,extract
p_ext_000815,tag_0021,电动车,0.9068,extract
p_ext_000816,tag_0011,食堂,0.9504,extract
p_ext_000816,tag_0009,宿舍,0.7452,extract
p_ext_000816,tag_0042,共享厨房,0.6265,extract
p_ext_000816,tag_0012,校园生活,0.5587,extract
p_ext_000817,tag_0006,租房,0.9663,extract
p_ext_000817,tag_0004,二手交易,0.7961,extract
p_ext_000817,tag_0022,教材,0.7255,extract
p_ext_000818,tag_0015,课程资料,0.67,extract
p_ext_000818,tag_0016,打印店,0.8259,extract
p_ext_000818,tag_0002,校园卡,0.8283,extract
p_ext_000818,tag_0009,宿舍,0.5629,extract
p_ext_000818,tag_0001,求问,0.5596,extract
p_ext_000819,tag_0002,校园卡,0.6025,extract
p_ext_000819,tag_0015,课程资料,0.5103,extract
p_ext_000819,tag_0016,打印店,0.8971,extract
p_ext_000820,tag_0019,期末,0.7225,extract
p_ext_000820,tag_0029,老师,0.5528,extract
p_ext_000820,tag_0031,课程评价,0.6413,extract
p_ext_000820,tag_0030,给分,0.8536,extract
p_ext_000820,tag_0020,选课,0.8227,extract
p_ext_000821,tag_0008,搭子,0.6432,extract
p_ext_000821,tag_0035,羽毛球,0.8845,extract
p_ext_000821,tag_0037,拍照,0.9931,extract
p_ext_000822,tag_0015,课程资料,0.856,extract
p_ext_000822,tag_0002,校园卡,0.9529,extract
p_ext_000822,tag_0016,打印店,0.6925,extract
p_ext_000822,tag_0001,求问,0.7053,extract
p_ext_000823,tag_0001,求问,0.8716,extract
p_ext_000823,tag_0016,打印店,0.6513,extract
p_ext_000823,tag_0015,课程资料,0.7726,extract
p_ext_000823,tag_0009,宿舍,0.9157,extract
p_ext_000823,tag_0002,校园卡,0.7477,extract
p_ext_000824,tag_0001,求问,0.7927,extract
p_ext_000824,tag_0002,校园卡,0.9327,extract
p_ext_000824,tag_0015,课程资料,0.9375,extract
p_ext_000824,tag_0009,宿舍,0.5731,extract
p_ext_000824,tag_0016,打印店,0.6982,extract
p_ext_000825,tag_0001,求问,0.7509,extract
p_ext_000825,tag_0015,课程资料,0.8166,extract
p_ext_000826,tag_0015,课程资料,0.8928,extract
p_ext_000826,tag_0002,校园卡,0.7848,extract
p_ext_000826,tag_0016,打印店,0.6536,extract
p_ext_000826,tag_0001,求问,0.9724,extract
p_ext_000826,tag_0009,宿舍,0.7315,extract
p_ext_000827,tag_0009,宿舍,0.9068,extract
p_ext_000827,tag_0001,求问,0.6009,extract
p_ext_000828,tag_0002,校园卡,0.9798,extract
p_ext_000828,tag_0001,求问,0.8852,extract
p_ext_000829,tag_0015,课程资料,0.5802,extract
p_ext_000829,tag_0001,求问,0.666,extract
p_ext_000829,tag_0009,宿舍,0.9332,extract
p_ext_000830,tag_0022,教材,0.8124,extract
p_ext_000830,tag_0004,二手交易,0.7826,extract
p_ext_000830,tag_0005,闲置,0.8737,extract
p_ext_000830,tag_0021,电动车,0.6249,extract
p_ext_000830,tag_0006,租房,0.7925,extract
p_ext_000831,tag_0001,求问,0.8324,extract
p_ext_000831,tag_0009,宿舍,0.7543,extract
p_ext_000831,tag_0015,课程资料,0.5269,extract
p_ext_000831,tag_0016,打印店,0.5441,extract
p_ext_000832,tag_0002,校园卡,0.6846,extract
p_ext_000832,tag_0001,求问,0.5615,extract
p_ext_000832,tag_0015,课程资料,0.5798,extract
p_ext_000832,tag_0009,宿舍,0.958,extract
p_ext_000833,tag_0011,食堂,0.705,extract
p_ext_000833,tag_0012,校园生活,0.872,extract
p_ext_000833,tag_0038,校车,0.5076,extract
p_ext_000833,tag_0009,宿舍,0.7468,extract
p_ext_000833,tag_0042,共享厨房,0.6075,extract
p_ext_000834,tag_0001,求问,0.6786,extract
p_ext_000834,tag_0002,校园卡,0.7786,extract
p_ext_000834,tag_0015,课程资料,0.9325,extract
p_ext_000834,tag_0016,打印店,0.8829,extract
p_ext_000834,tag_0009,宿舍,0.9263,extract
p_ext_000835,tag_0042,共享厨房,0.9636,extract
p_ext_000835,tag_0038,校车,0.9875,extract
p_ext_000835,tag_0012,校园生活,0.8344,extract
p_ext_000836,tag_0015,课程资料,0.5953,extract
p_ext_000836,tag_0002,校园卡,0.6866,extract
p_ext_000837,tag_0001,求问,0.6783,extract
p_ext_000837,tag_0015,课程资料,0.9775,extract
p_ext_000838,tag_0026,家教,0.6266,extract
p_ext_000838,tag_0027,薪资,0.8374,extract
p_ext_000838,tag_0025,兼职,0.8453,extract
p_ext_000838,tag_0014,实习,0.6564,extract
p_ext_000838,tag_0048,招聘,0.8198,extract
p_ext_000839,tag_0001,求问,0.9369,extract
p_ext_000839,tag_0016,打印店,0.6334,extract
p_ext_000839,tag_0015,课程资料,0.5242,extract
p_ext_000839,tag_0009,宿舍,0.5645,extract
p_ext_000840,tag_0036,活动,0.5489,extract
p_ext_000840,tag_0037,拍照,0.969,extract
p_ext_000840,tag_0010,交友,0.7827,extract
p_ext_000840,tag_0035,羽毛球,0.9708,extract
p_ext_000840,tag_0008,搭子,0.5414,extract
p_ext_000841,tag_0022,教材,0.5019,extract
p_ext_000841,tag_0006,租房,0.8257,extract
p_ext_000841,tag_0004,二手交易,0.7779,extract
p_ext_000842,tag_0016,打印店,0.774,extract
p_ext_000842,tag_0015,课程资料,0.8391,extract
p_ext_000843,tag_0004,二手交易,0.9201,extract
p_ext_000843,tag_0005,闲置,0.815,extract
p_ext_000844,tag_0033,复试,0.5546,extract
p_ext_000844,tag_0017,408,0.6337,extract
p_ext_000844,tag_0018,考研,0.9425,extract
p_ext_000844,tag_0032,学习经验,0.8115,extract
p_ext_000844,tag_0034,保研,0.5995,extract
p_ext_000845,tag_0008,搭子,0.8921,extract
p_ext_000845,tag_0035,羽毛球,0.6595,extract
p_ext_000846,tag_0009,宿舍,0.8606,extract
p_ext_000846,tag_0011,食堂,0.5923,extract
p_ext_000846,tag_0038,校车,0.6498,extract
p_ext_000846,tag_0012,校园生活,0.9605,extract
p_ext_000846,tag_0042,共享厨房,0.7792,extract
p_ext_000847,tag_0051,学习交流,0.5332,extract
p_ext_000847,tag_0032,学习经验,0.9113,extract
p_ext_000847,tag_0015,课程资料,0.5393,extract
p_ext_000847,tag_0053,考试,0.8159,extract
p_ext_000848,tag_0002,校园卡,0.8834,extract
p_ext_000848,tag_0009,宿舍,0.6746,extract
p_ext_000848,tag_0016,打印店,0.695,extract
p_ext_000848,tag_0015,课程资料,0.5039,extract
p_ext_000849,tag_0006,租房,0.7549,extract
p_ext_000849,tag_0005,闲置,0.8842,extract
p_ext_000849,tag_0021,电动车,0.6123,extract
p_ext_000849,tag_0022,教材,0.6221,extract
p_ext_000850,tag_0015,课程资料,0.5378,extract
p_ext_000850,tag_0002,校园卡,0.5717,extract
p_ext_000851,tag_0005,闲置,0.783,extract
p_ext_000851,tag_0021,电动车,0.5017,extract
p_ext_000851,tag_0022,教材,0.7845,extract
p_ext_000851,tag_0004,二手交易,0.678,extract
p_ext_000852,tag_0006,租房,0.6973,extract
p_ext_000852,tag_0004,二手交易,0.6678,extract
p_ext_000852,tag_0022,教材,0.5644,extract
p_ext_000853,tag_0037,拍照,0.8281,extract
p_ext_000853,tag_0010,交友,0.6286,extract
p_ext_000853,tag_0035,羽毛球,0.9291,extract
p_ext_000854,tag_0002,校园卡,0.773,extract
p_ext_000854,tag_0001,求问,0.5027,extract
p_ext_000854,tag_0015,课程资料,0.5297,extract
p_ext_000854,tag_0009,宿舍,0.9946,extract
p_ext_000854,tag_0016,打印店,0.632,extract
p_ext_000855,tag_0016,打印店,0.6371,extract
p_ext_000855,tag_0001,求问,0.5289,extract
p_ext_000856,tag_0015,课程资料,0.6026,extract
p_ext_000856,tag_0002,校园卡,0.6701,extract
p_ext_000857,tag_0016,打印店,0.5339,extract
p_ext_000857,tag_0001,求问,0.7164,extract
p_ext_000857,tag_0015,课程资料,0.9661,extract
p_ext_000857,tag_0009,宿舍,0.9175,extract
p_ext_000858,tag_0002,校园卡,0.5185,extract
p_ext_000858,tag_0015,课程资料,0.8214,extract
p_ext_000859,tag_0016,打印店,0.8446,extract
p_ext_000859,tag_0009,宿舍,0.9612,extract
p_ext_000859,tag_0015,课程资料,0.9948,extract
p_ext_000859,tag_0002,校园卡,0.9533,extract
p_ext_000859,tag_0001,求问,0.6093,extract
p_ext_000860,tag_0005,闲置,0.5856,extract
p_ext_000860,tag_0006,租房,0.6415,extract
p_ext_000860,tag_0004,二手交易,0.6377,extract
p_ext_000860,tag_0021,电动车,0.6808,extract
p_ext_000860,tag_0022,教材,0.777,extract
p_ext_000861,tag_0011,食堂,0.7173,extract
p_ext_000861,tag_0012,校园生活,0.7245,extract
p_ext_000862,tag_0015,课程资料,0.9169,extract
p_ext_000862,tag_0052,复习资料,0.8993,extract
p_ext_000863,tag_0016,打印店,0.6112,extract
p_ext_000863,tag_0002,校园卡,0.7664,extract
p_ext_000863,tag_0015,课程资料,0.581,extract
p_ext_000864,tag_0015,课程资料,0.6694,extract
p_ext_000864,tag_0016,打印店,0.7968,extract
p_ext_000864,tag_0002,校园卡,0.5858,extract
p_ext_000865,tag_0005,闲置,0.8535,extract
p_ext_000865,tag_0006,租房,0.6661,extract
p_ext_000865,tag_0004,二手交易,0.5644,extract
p_ext_000865,tag_0022,教材,0.6904,extract
p_ext_000866,tag_0001,求问,0.6287,extract
p_ext_000866,tag_0009,宿舍,0.7437,extract
p_ext_000866,tag_0015,课程资料,0.7806,extract
p_ext_000867,tag_0015,课程资料,0.9602,extract
p_ext_000867,tag_0002,校园卡,0.5601,extract
p_ext_000868,tag_0009,宿舍,0.6805,extract
p_ext_000868,tag_0016,打印店,0.8062,extract
p_ext_000868,tag_0002,校园卡,0.9221,extract
p_ext_000869,tag_0032,学习经验,0.9587,extract
p_ext_000869,tag_0017,408,0.6934,extract
p_ext_000870,tag_0010,交友,0.6228,extract
p_ext_000870,tag_0035,羽毛球,0.667,extract
p_ext_000871,tag_0028,拼饭,0.8108,extract
p_ext_000871,tag_0011,食堂,0.693,extract
p_ext_000871,tag_0045,窗口测评,0.8912,extract
p_ext_000871,tag_0046,优惠,0.9787,extract
p_ext_000872,tag_0006,租房,0.7832,extract
p_ext_000872,tag_0022,教材,0.5274,extract
p_ext_000872,tag_0005,闲置,0.6992,extract
p_ext_000873,tag_0001,求问,0.9854,extract
p_ext_000873,tag_0016,打印店,0.9087,extract
p_ext_000873,tag_0015,课程资料,0.6874,extract
p_ext_000873,tag_0002,校园卡,0.5252,extract
p_ext_000873,tag_0009,宿舍,0.8121,extract
p_ext_000874,tag_0001,求问,0.5089,extract
p_ext_000874,tag_0002,校园卡,0.5532,extract
p_ext_000874,tag_0009,宿舍,0.7178,extract
p_ext_000875,tag_0018,考研,0.6421,extract
p_ext_000875,tag_0017,408,0.6007,extract
p_ext_000876,tag_0022,教材,0.6448,extract
p_ext_000876,tag_0005,闲置,0.8865,extract
p_ext_000876,tag_0021,电动车,0.7227,extract
p_ext_000876,tag_0004,二手交易,0.9013,extract
p_ext_000876,tag_0006,租房,0.743,extract
p_ext_000877,tag_0002,校园卡,0.5728,extract
p_ext_000877,tag_0001,求问,0.5619,extract
p_ext_000878,tag_0004,二手交易,0.5036,extract
p_ext_000878,tag_0006,租房,0.6748,extract
p_ext_000878,tag_0021,电动车,0.5888,extract
p_ext_000879,tag_0002,校园卡,0.6486,extract
p_ext_000879,tag_0009,宿舍,0.6133,extract
p_ext_000879,tag_0001,求问,0.5771,extract
p_ext_000880,tag_0011,食堂,0.7056,extract
p_ext_000880,tag_0009,宿舍,0.8579,extract
p_ext_000880,tag_0012,校园生活,0.9779,extract
p_ext_000881,tag_0035,羽毛球,0.9306,extract
p_ext_000881,tag_0010,交友,0.9112,extract
p_ext_000881,tag_0036,活动,0.9081,extract
p_ext_000881,tag_0008,搭子,0.9912,extract
p_ext_000882,tag_0028,拼饭,0.9221,extract
p_ext_000882,tag_0012,校园生活,0.6449,extract
p_ext_000882,tag_0045,窗口测评,0.9964,extract
p_ext_000882,tag_0011,食堂,0.7499,extract
p_ext_000883,tag_0008,搭子,0.6546,extract
p_ext_000883,tag_0036,活动,0.6147,extract
p_ext_000884,tag_0022,教材,0.8996,extract
p_ext_000884,tag_0005,闲置,0.516,extract
p_ext_000885,tag_0036,活动,0.743,extract
p_ext_000885,tag_0037,拍照,0.965,extract
p_ext_000885,tag_0035,羽毛球,0.8326,extract
p_ext_000886,tag_0002,校园卡,0.9502,extract
p_ext_000886,tag_0015,课程资料,0.7779,extract
p_ext_000886,tag_0001,求问,0.9608,extract
p_ext_000886,tag_0009,宿舍,0.9238,extract
p_ext_000887,tag_0005,闲置,0.8341,extract
p_ext_000887,tag_0022,教材,0.5194,extract
p_ext_000887,tag_0006,租房,0.5285,extract
p_ext_000887,tag_0004,二手交易,0.5602,extract
p_ext_000888,tag_0004,二手交易,0.7977,extract
p_ext_000888,tag_0022,教材,0.6008,extract
p_ext_000888,tag_0021,电动车,0.5001,extract
p_ext_000888,tag_0005,闲置,0.8356,extract
p_ext_000889,tag_0036,活动,0.9603,extract
p_ext_000889,tag_0010,交友,0.6432,extract
p_ext_000889,tag_0023,招新,0.8201,extract
p_ext_000890,tag_0014,实习,0.9004,extract
p_ext_000890,tag_0025,兼职,0.6941,extract
p_ext_000890,tag_0048,招聘,0.838,extract
p_ext_000890,tag_0026,家教,0.5256,extract
p_ext_000891,tag_0015,课程资料,0.6598,extract
p_ext_000891,tag_0016,打印店,0.5864,extract
p_ext_000892,tag_0037,拍照,0.8538,extract
p_ext_000892,tag_0010,交友,0.6397,extract
p_ext_000892,tag_0035,羽毛球,0.9787,extract
p_ext_000892,tag_0008,搭子,0.5434,extract
p_ext_000892,tag_0036,活动,0.5111,extract
p_ext_000893,tag_0001,求问,0.7191,extract
p_ext_000893,tag_0015,课程资料,0.6902,extract
p_ext_000893,tag_0016,打印店,0.58,extract
p_ext_000893,tag_0009,宿舍,0.5007,extract
p_ext_000894,tag_0006,租房,0.7984,extract
p_ext_000894,tag_0004,二手交易,0.9706,extract
p_ext_000894,tag_0022,教材,0.6441,extract
p_ext_000895,tag_0011,食堂,0.9214,extract
p_ext_000895,tag_0038,校车,0.626,extract
p_ext_000895,tag_0012,校园生活,0.5663,extract
p_ext_000896,tag_0004,二手交易,0.9611,extract
p_ext_000896,tag_0021,电动车,0.5504,extract
p_ext_000897,tag_0002,校园卡,0.8783,extract
p_ext_000897,tag_0016,打印店,0.8864,extract
p_ext_000897,tag_0001,求问,0.9864,extract
p_ext_000897,tag_0015,课程资料,0.9711,extract
p_ext_000897,tag_0009,宿舍,0.9797,extract
p_ext_000898,tag_0001,求问,0.6866,extract
p_ext_000898,tag_0002,校园卡,0.7073,extract
p_ext_000899,tag_0022,教材,0.5766,extract
p_ext_000899,tag_0006,租房,0.8716,extract
p_ext_000899,tag_0005,闲置,0.7861,extract
p_ext_000900,tag_0038,校车,0.783,extract
p_ext_000900,tag_0009,宿舍,0.7121,extract
p_ext_000901,tag_0009,宿舍,0.578,extract
p_ext_000901,tag_0015,课程资料,0.9214,extract
p_ext_000902,tag_0015,课程资料,0.7554,extract
p_ext_000902,tag_0052,复习资料,0.6557,extract
p_ext_000902,tag_0032,学习经验,0.8277,extract
p_ext_000902,tag_0051,学习交流,0.6976,extract
p_ext_000902,tag_0053,考试,0.6554,extract
p_ext_000903,tag_0049,简历,0.9192,extract
p_ext_000903,tag_0050,就业,0.6104,extract
p_ext_000904,tag_0016,打印店,0.6956,extract
p_ext_000904,tag_0009,宿舍,0.7991,extract
p_ext_000904,tag_0001,求问,0.6698,extract
p_ext_000904,tag_0015,课程资料,0.9786,extract
p_ext_000904,tag_0002,校园卡,0.8875,extract
p_ext_000905,tag_0012,校园生活,0.997,extract
p_ext_000905,tag_0028,拼饭,0.9453,extract
p_ext_000906,tag_0009,宿舍,0.6918,extract
p_ext_000906,tag_0011,食堂,0.8571,extract
p_ext_000906,tag_0012,校园生活,0.5491,extract
p_ext_000907,tag_0020,选课,0.5951,extract
p_ext_000907,tag_0029,老师,0.8171,extract
p_ext_000907,tag_0019,期末,0.5394,extract
p_ext_000907,tag_0031,课程评价,0.8444,extract
p_ext_000907,tag_0030,给分,0.5493,extract
p_ext_000908,tag_0032,学习经验,0.992,extract
p_ext_000908,tag_0051,学习交流,0.9606,extract
p_ext_000908,tag_0052,复习资料,0.9565,extract
p_ext_000908,tag_0015,课程资料,0.5803,extract
p_ext_000908,tag_0053,考试,0.945,extract
p_ext_000909,tag_0052,复习资料,0.7022,extract
p_ext_000909,tag_0051,学习交流,0.7958,extract
p_ext_000909,tag_0032,学习经验,0.8238,extract
p_ext_000909,tag_0053,考试,0.9055,extract
p_ext_000909,tag_0015,课程资料,0.8957,extract
p_ext_000910,tag_0047,面试,0.9579,extract
p_ext_000910,tag_0048,招聘,0.9946,extract
p_ext_000911,tag_0025,兼职,0.8132,extract
p_ext_000911,tag_0027,薪资,0.7546,extract
p_ext_000911,tag_0048,招聘,0.7833,extract
p_ext_000912,tag_0002,校园卡,0.7047,extract
p_ext_000912,tag_0001,求问,0.8805,extract
p_ext_000912,tag_0009,宿舍,0.8398,extract
p_ext_000912,tag_0016,打印店,0.835,extract
p_ext_000912,tag_0015,课程资料,0.9309,extract
p_ext_000913,tag_0056,失物招领,0.7903,extract
p_ext_000913,tag_0002,校园卡,0.8067,extract
p_ext_000913,tag_0058,教学楼,0.6988,extract
p_ext_000913,tag_0057,钥匙,0.6909,extract
p_ext_000913,tag_0055,证件,0.5716,extract
p_ext_000914,tag_0015,课程资料,0.5847,extract
p_ext_000914,tag_0001,求问,0.5581,extract
p_ext_000914,tag_0016,打印店,0.791,extract
p_ext_000914,tag_0009,宿舍,0.8514,extract
p_ext_000915,tag_0001,求问,0.9809,extract
p_ext_000915,tag_0016,打印店,0.8556,extract
p_ext_000916,tag_0002,校园卡,0.5532,extract
p_ext_000916,tag_0055,证件,0.573,extract
p_ext_000916,tag_0057,钥匙,0.6145,extract
p_ext_000917,tag_0016,打印店,0.6398,extract
p_ext_000917,tag_0009,宿舍,0.9179,extract
p_ext_000917,tag_0015,课程资料,0.6668,extract
p_ext_000917,tag_0001,求问,0.5595,extract
p_ext_000917,tag_0002,校园卡,0.9393,extract
p_ext_000918,tag_0010,交友,0.6246,extract
p_ext_000918,tag_0024,志愿服务,0.8679,extract
p_ext_000918,tag_0054,社团,0.8536,extract
p_ext_000918,tag_0023,招新,0.7538,extract
p_ext_000918,tag_0036,活动,0.9846,extract
p_ext_000919,tag_0005,闲置,0.6984,extract
p_ext_000919,tag_0021,电动车,0.6486,extract
p_ext_000919,tag_0006,租房,0.8285,extract
p_ext_000920,tag_0037,拍照,0.6299,extract
p_ext_000920,tag_0035,羽毛球,0.5993,extract
p_ext_000920,tag_0008,搭子,0.9404,extract
p_ext_000920,tag_0010,交友,0.634,extract
p_ext_000920,tag_0036,活动,0.9694,extract
p_ext_000921,tag_0021,电动车,0.5866,extract
p_ext_000921,tag_0022,教材,0.5232,extract
p_ext_000922,tag_0020,选课,0.5591,extract
p_ext_000922,tag_0029,老师,0.9531,extract
p_ext_000922,tag_0030,给分,0.671,extract
p_ext_000922,tag_0031,课程评价,0.57,extract
p_ext_000923,tag_0021,电动车,0.5892,extract
p_ext_000923,tag_0005,闲置,0.8856,extract
p_ext_000923,tag_0022,教材,0.9601,extract
p_ext_000924,tag_0002,校园卡,0.8277,extract
p_ext_000924,tag_0015,课程资料,0.7496,extract
p_ext_000924,tag_0001,求问,0.8775,extract
p_ext_000924,tag_0016,打印店,0.7393,extract
p_ext_000925,tag_0002,校园卡,0.6734,extract
p_ext_000925,tag_0001,求问,0.9918,extract
p_ext_000925,tag_0015,课程资料,0.9635,extract
p_ext_000925,tag_0016,打印店,0.8422,extract
p_ext_000925,tag_0009,宿舍,0.8757,extract
p_ext_000926,tag_0002,校园卡,0.6595,extract
p_ext_000926,tag_0016,打印店,0.7046,extract
p_ext_000926,tag_0015,课程资料,0.5963,extract
p_ext_000927,tag_0042,共享厨房,0.9244,extract
p_ext_000927,tag_0038,校车,0.6413,extract
p_ext_000928,tag_0016,打印店,0.7005,extract
p_ext_000928,tag_0009,宿舍,0.9922,extract
p_ext_000928,tag_0002,校园卡,0.6701,extract
p_ext_000928,tag_0015,课程资料,0.6745,extract
p_ext_000929,tag_0006,租房,0.7957,extract
p_ext_000929,tag_0005,闲置,0.898,extract
p_ext_000930,tag_0005,闲置,0.6656,extract
p_ext_000930,tag_0004,二手交易,0.5454,extract
p_ext_000930,tag_0022,教材,0.562,extract
p_ext_000931,tag_0025,兼职,0.534,extract
p_ext_000931,tag_0048,招聘,0.8896,extract
p_ext_000931,tag_0014,实习,0.6144,extract
p_ext_000932,tag_0037,拍照,0.6235,extract
p_ext_000932,tag_0010,交友,0.5101,extract
p_ext_000932,tag_0035,羽毛球,0.742,extract
p_ext_000933,tag_0015,课程资料,0.8989,extract
p_ext_000933,tag_0009,宿舍,0.51,extract
p_ext_000933,tag_0016,打印店,0.7733,extract
p_ext_000934,tag_0015,课程资料,0.9315,extract
p_ext_000934,tag_0009,宿舍,0.8457,extract
p_ext_000935,tag_0014,实习,0.8277,extract
p_ext_000935,tag_0026,家教,0.9948,extract
p_ext_000935,tag_0025,兼职,0.9809,extract
p_ext_000935,tag_0027,薪资,0.7222,extract
p_ext_000935,tag_0048,招聘,0.9861,extract
p_ext_000936,tag_0004,二手交易,0.8477,extract
p_ext_000936,tag_0006,租房,0.7521,extract
p_ext_000936,tag_0005,闲置,0.5756,extract
p_ext_000937,tag_0016,打印店,0.9933,extract
p_ext_000937,tag_0009,宿舍,0.5215,extract
p_ext_000937,tag_0001,求问,0.7432,extract
p_ext_000938,tag_0037,拍照,0.7907,extract
p_ext_000938,tag_0036,活动,0.6061,extract
p_ext_000938,tag_0035,羽毛球,0.6313,extract
p_ext_000938,tag_0010,交友,0.6706,extract
p_ext_000938,tag_0008,搭子,0.6791,extract
p_ext_000939,tag_0016,打印店,0.9723,extract
p_ext_000939,tag_0001,求问,0.9948,extract
p_ext_000940,tag_0017,408,0.6485,extract
p_ext_000940,tag_0032,学习经验,0.5135,extract
p_ext_000940,tag_0034,保研,0.5585,extract
p_ext_000941,tag_0002,校园卡,0.5569,extract
p_ext_000941,tag_0001,求问,0.7056,extract
p_ext_000941,tag_0015,课程资料,0.587,extract
p_ext_000941,tag_0016,打印店,0.9292,extract
p_ext_000942,tag_0015,课程资料,0.6813,extract
p_ext_000942,tag_0016,打印店,0.9782,extract
p_ext_000942,tag_0002,校园卡,0.727,extract
p_ext_000942,tag_0009,宿舍,0.584,extract
p_ext_000942,tag_0001,求问,0.9958,extract
p_ext_000943,tag_0009,宿舍,0.5866,extract
p_ext_000943,tag_0016,打印店,0.5509,extract
p_ext_000943,tag_0015,课程资料,0.5931,extract
p_ext_000944,tag_0030,给分,0.9751,extract
p_ext_000944,tag_0031,课程评价,0.6944,extract
p_ext_000944,tag_0019,期末,0.6456,extract
p_ext_000944,tag_0029,老师,0.997,extract
p_ext_000945,tag_0047,面试,0.7165,extract
p_ext_000945,tag_0049,简历,0.6903,extract
p_ext_000945,tag_0050,就业,0.8782,extract
p_ext_000945,tag_0014,实习,0.5234,extract
p_ext_000946,tag_0035,羽毛球,0.8499,extract
p_ext_000946,tag_0010,交友,0.6853,extract
p_ext_000946,tag_0037,拍照,0.9656,extract
p_ext_000947,tag_0009,宿舍,0.7901,extract
p_ext_000947,tag_0015,课程资料,0.8093,extract
p_ext_000947,tag_0016,打印店,0.9962,extract
p_ext_000947,tag_0001,求问,0.8601,extract
p_ext_000947,tag_0002,校园卡,0.7704,extract
p_ext_000948,tag_0009,宿舍,0.6259,extract
p_ext_000948,tag_0015,课程资料,0.556,extract
p_ext_000948,tag_0016,打印店,0.7434,extract
p_ext_000949,tag_0024,志愿服务,0.7762,extract
p_ext_000949,tag_0010,交友,0.5408,extract
p_ext_000950,tag_0016,打印店,0.7722,extract
p_ext_000950,tag_0015,课程资料,0.9576,extract
p_ext_000950,tag_0001,求问,0.8999,extract
p_ext_000950,tag_0009,宿舍,0.7837,extract
p_ext_000951,tag_0002,校园卡,0.6544,extract
p_ext_000951,tag_0016,打印店,0.9865,extract
p_ext_000952,tag_0028,拼饭,0.691,extract
p_ext_000952,tag_0045,窗口测评,0.7995,extract
p_ext_000952,tag_0012,校园生活,0.6193,extract
p_ext_000952,tag_0046,优惠,0.7557,extract
p_ext_000952,tag_0011,食堂,0.9054,extract
p_ext_000953,tag_0001,求问,0.9297,extract
p_ext_000953,tag_0002,校园卡,0.8728,extract
p_ext_000953,tag_0015,课程资料,0.9072,extract
p_ext_000954,tag_0038,校车,0.7446,extract
p_ext_000954,tag_0042,共享厨房,0.7499,extract
p_ext_000954,tag_0012,校园生活,0.8555,extract
p_ext_000955,tag_0015,课程资料,0.5536,extract
p_ext_000955,tag_0016,打印店,0.8112,extract
p_ext_000956,tag_0001,求问,0.5377,extract
p_ext_000956,tag_0016,打印店,0.5665,extract
p_ext_000956,tag_0015,课程资料,0.5772,extract
p_ext_000956,tag_0009,宿舍,0.8202,extract
p_ext_000957,tag_0015,课程资料,0.82,extract
p_ext_000957,tag_0002,校园卡,0.505,extract
p_ext_000957,tag_0016,打印店,0.5453,extract
p_ext_000957,tag_0009,宿舍,0.9222,extract
p_ext_000957,tag_0001,求问,0.5505,extract
p_ext_000958,tag_0035,羽毛球,0.7639,extract
p_ext_000958,tag_0036,活动,0.5882,extract
p_ext_000959,tag_0022,教材,0.7671,extract
p_ext_000959,tag_0004,二手交易,0.8599,extract
p_ext_000959,tag_0021,电动车,0.5193,extract
p_ext_000959,tag_0005,闲置,0.7301,extract
p_ext_000960,tag_0022,教材,0.7085,extract
p_ext_000960,tag_0004,二手交易,0.988,extract
p_ext_000960,tag_0006,租房,0.5591,extract
p_ext_000960,tag_0021,电动车,0.5614,extract
p_ext_000960,tag_0005,闲置,0.8248,extract
p_ext_000961,tag_0022,教材,0.5223,extract
p_ext_000961,tag_0004,二手交易,0.8304,extract
p_ext_000962,tag_0037,拍照,0.9323,extract
p_ext_000962,tag_0036,活动,0.6263,extract
p_ext_000962,tag_0035,羽毛球,0.7735,extract
p_ext_000962,tag_0010,交友,0.6428,extract
p_ext_000962,tag_0008,搭子,0.7025,extract
p_ext_000963,tag_0015,课程资料,0.5837,extract
p_ext_000963,tag_0016,打印店,0.6968,extract
p_ext_000963,tag_0002,校园卡,0.5681,extract
p_ext_000963,tag_0009,宿舍,0.5539,extract
p_ext_000963,tag_0001,求问,0.6257,extract
p_ext_000964,tag_0029,老师,0.5382,extract
p_ext_000964,tag_0019,期末,0.7119,extract
p_ext_000964,tag_0030,给分,0.8138,extract
p_ext_000965,tag_0015,课程资料,0.5956,extract
p_ext_000965,tag_0002,校园卡,0.8158,extract
p_ext_000965,tag_0016,打印店,0.762,extract
p_ext_000965,tag_0009,宿舍,0.8062,extract
p_ext_000965,tag_0001,求问,0.6687,extract
p_ext_000966,tag_0015,课程资料,0.9031,extract
p_ext_000966,tag_0009,宿舍,0.7957,extract
p_ext_000966,tag_0001,求问,0.8743,extract
p_ext_000966,tag_0002,校园卡,0.7213,extract
p_ext_000966,tag_0016,打印店,0.9652,extract
p_ext_000967,tag_0039,组队,0.7148,extract
p_ext_000967,tag_0041,创新项目,0.9686,extract
p_ext_000967,tag_0043,科研项目,0.9007,extract
p_ext_000968,tag_0012,校园生活,0.504,extract
p_ext_000968,tag_0038,校车,0.6706,extract
p_ext_000968,tag_0009,宿舍,0.9159,extract
p_ext_000968,tag_0011,食堂,0.5309,extract
p_ext_000969,tag_0015,课程资料,0.6446,extract
p_ext_000969,tag_0009,宿舍,0.8344,extract
p_ext_000969,tag_0002,校园卡,0.6909,extract
p_ext_000969,tag_0016,打印店,0.9041,extract
p_ext_000970,tag_0016,打印店,0.599,extract
p_ext_000970,tag_0001,求问,0.6407,extract
p_ext_000970,tag_0015,课程资料,0.8275,extract
p_ext_000970,tag_0002,校园卡,0.9215,extract
p_ext_000971,tag_0005,闲置,0.795,extract
p_ext_000971,tag_0006,租房,0.7523,extract
p_ext_000971,tag_0022,教材,0.7777,extract
p_ext_000971,tag_0004,二手交易,0.5827,extract
p_ext_000971,tag_0021,电动车,0.8211,extract
p_ext_000972,tag_0005,闲置,0.5007,extract
p_ext_000972,tag_0022,教材,0.6655,extract
p_ext_000972,tag_0006,租房,0.7618,extract
p_ext_000972,tag_0004,二手交易,0.7411,extract
p_ext_000972,tag_0021,电动车,0.8322,extract
p_ext_000973,tag_0023,招新,0.6236,extract
p_ext_000973,tag_0036,活动,0.9382,extract
p_ext_000974,tag_0001,求问,0.7012,extract
p_ext_000974,tag_0002,校园卡,0.9026,extract
p_ext_000974,tag_0009,宿舍,0.6235,extract
p_ext_000975,tag_0036,活动,0.8026,extract
p_ext_000975,tag_0010,交友,0.549,extract
p_ext_000976,tag_0001,求问,0.8864,extract
p_ext_000976,tag_0016,打印店,0.5957,extract
p_ext_000976,tag_0002,校园卡,0.9879,extract
p_ext_000976,tag_0009,宿舍,0.9909,extract
p_ext_000976,tag_0015,课程资料,0.6197,extract
p_ext_000977,tag_0009,宿舍,0.5964,extract
p_ext_000977,tag_0042,共享厨房,0.8207,extract
p_ext_000977,tag_0012,校园生活,0.6396,extract
p_ext_000978,tag_0022,教材,0.5913,extract
p_ext_000978,tag_0006,租房,0.7976,extract
p_ext_000978,tag_0005,闲置,0.9974,extract
p_ext_000978,tag_0021,电动车,0.8128,extract
p_ext_000979,tag_0009,宿舍,0.5852,extract
p_ext_000979,tag_0002,校园卡,0.554,extract
p_ext_000979,tag_0015,课程资料,0.6439,extract
p_ext_000980,tag_0019,期末,0.9477,extract
p_ext_000980,tag_0030,给分,0.8747,extract
p_ext_000981,tag_0009,宿舍,0.8506,extract
p_ext_000981,tag_0001,求问,0.5998,extract
p_ext_000981,tag_0002,校园卡,0.8962,extract
p_ext_000982,tag_0016,打印店,0.6098,extract
p_ext_000982,tag_0015,课程资料,0.5775,extract
p_ext_000982,tag_0002,校园卡,0.9698,extract
p_ext_000982,tag_0009,宿舍,0.7907,extract
p_ext_000982,tag_0001,求问,0.9386,extract
p_ext_000983,tag_0005,闲置,0.698,extract
p_ext_000983,tag_0004,二手交易,0.7121,extract
p_ext_000983,tag_0021,电动车,0.7268,extract
p_ext_000983,tag_0006,租房,0.8192,extract
p_ext_000983,tag_0022,教材,0.8565,extract
p_ext_000984,tag_0016,打印店,0.7008,extract
p_ext_000984,tag_0015,课程资料,0.8075,extract
p_ext_000984,tag_0002,校园卡,0.872,extract
p_ext_000984,tag_0001,求问,0.943,extract
p_ext_000984,tag_0009,宿舍,0.8822,extract
p_ext_000985,tag_0018,考研,0.6453,extract
p_ext_000985,tag_0034,保研,0.7973,extract
p_ext_000985,tag_0033,复试,0.6601,extract
p_ext_000985,tag_0032,学习经验,0.8116,extract
p_ext_000985,tag_0017,408,0.8944,extract
p_ext_000986,tag_0040,竞赛,0.7987,extract
p_ext_000986,tag_0041,创新项目,0.7729,extract
p_ext_000986,tag_0044,论文,0.729,extract
p_ext_000986,tag_0043,科研项目,0.7224,extract
p_ext_000986,tag_0039,组队,0.6458,extract
p_ext_000987,tag_0009,宿舍,0.7585,extract
p_ext_000987,tag_0001,求问,0.6267,extract
p_ext_000987,tag_0002,校园卡,0.8862,extract
p_ext_000987,tag_0016,打印店,0.8838,extract
p_ext_000988,tag_0009,宿舍,0.9652,extract
p_ext_000988,tag_0002,校园卡,0.8753,extract
p_ext_000988,tag_0001,求问,0.8078,extract
p_ext_000988,tag_0016,打印店,0.681,extract
p_ext_000989,tag_0037,拍照,0.876,extract
p_ext_000989,tag_0010,交友,0.7734,extract
p_ext_000989,tag_0036,活动,0.9763,extract
p_ext_000989,tag_0008,搭子,0.5501,extract
p_ext_000990,tag_0006,租房,0.9436,extract
p_ext_000990,tag_0022,教材,0.5365,extract
p_ext_000991,tag_0009,宿舍,0.7785,extract
p_ext_000991,tag_0016,打印店,0.7273,extract
p_ext_000991,tag_0001,求问,0.5176,extract
p_ext_000992,tag_0009,宿舍,0.9563,extract
p_ext_000992,tag_0016,打印店,0.6391,extract
p_ext_000992,tag_0002,校园卡,0.6052,extract
p_ext_000992,tag_0001,求问,0.985,extract
p_ext_000993,tag_0011,食堂,0.962,extract
p_ext_000993,tag_0038,校车,0.9646,extract
p_ext_000993,tag_0012,校园生活,0.9104,extract
p_ext_000993,tag_0042,共享厨房,0.7596,extract
p_ext_000993,tag_0009,宿舍,0.5977,extract
p_ext_000994,tag_0009,宿舍,0.9159,extract
p_ext_000994,tag_0016,打印店,0.5436,extract
p_ext_000994,tag_0001,求问,0.5775,extract
p_ext_000994,tag_0015,课程资料,0.9971,extract
p_ext_000995,tag_0053,考试,0.5186,extract
p_ext_000995,tag_0051,学习交流,0.9151,extract
p_ext_000995,tag_0052,复习资料,0.7049,extract
p_ext_000995,tag_0032,学习经验,0.7448,extract
p_ext_000995,tag_0015,课程资料,0.5161,extract
p_ext_000996,tag_0001,求问,0.7033,extract
p_ext_000996,tag_0015,课程资料,0.84,extract
p_ext_000996,tag_0016,打印店,0.9016,extract
p_ext_000996,tag_0009,宿舍,0.6312,extract
p_ext_000997,tag_0009,宿舍,0.6042,extract
p_ext_000997,tag_0016,打印店,0.7264,extract
p_ext_000997,tag_0001,求问,0.5013,extract
p_ext_000997,tag_0002,校园卡,0.7819,extract
p_ext_000997,tag_0015,课程资料,0.792,extract
p_ext_000998,tag_0008,搭子,0.8313,extract
p_ext_000998,tag_0035,羽毛球,0.7342,extract
p_ext_000998,tag_0036,活动,0.9478,extract
p_ext_000998,tag_0010,交友,0.9936,extract
p_ext_000998,tag_0037,拍照,0.7232,extract
p_ext_000999,tag_0001,求问,0.7831,extract
p_ext_000999,tag_0016,打印店,0.5336,extract
p_ext_000999,tag_0015,课程资料,0.8752,extract
p_ext_001000,tag_0016,打印店,0.7205,extract
p_ext_001000,tag_0002,校园卡,0.9817,extract
p_ext_001000,tag_0015,课程资料,0.636,extract
p_ext_001000,tag_0009,宿舍,0.9871,extract
p_ext_001000,tag_0001,求问,0.618,extract
p_ext_001001,tag_0012,校园生活,0.6795,extract
p_ext_001001,tag_0011,食堂,0.5615,extract
p_ext_001001,tag_0009,宿舍,0.6441,extract
p_ext_001002,tag_0002,校园卡,0.8921,extract
p_ext_001002,tag_0016,打印店,0.9225,extract
p_ext_001002,tag_0001,求问,0.8508,extract
p_ext_001002,tag_0015,课程资料,0.5888,extract
p_ext_001002,tag_0009,宿舍,0.8344,extract
p_ext_001003,tag_0002,校园卡,0.747,extract
p_ext_001003,tag_0009,宿舍,0.8679,extract
p_ext_001003,tag_0015,课程资料,0.5166,extract
p_ext_001003,tag_0001,求问,0.7851,extract
p_ext_001004,tag_0001,求问,0.7092,extract
p_ext_001004,tag_0015,课程资料,0.8096,extract
p_ext_001005,tag_0016,打印店,0.9918,extract
p_ext_001005,tag_0015,课程资料,0.9595,extract
p_ext_001005,tag_0009,宿舍,0.9202,extract
p_ext_001005,tag_0002,校园卡,0.513,extract
p_ext_001006,tag_0043,科研项目,0.7373,extract
p_ext_001006,tag_0041,创新项目,0.6835,extract
p_ext_001006,tag_0039,组队,0.6292,extract
p_ext_001007,tag_0002,校园卡,0.6755,extract
p_ext_001007,tag_0016,打印店,0.9382,extract
p_ext_001007,tag_0015,课程资料,0.7788,extract
p_ext_001007,tag_0009,宿舍,0.5231,extract
p_ext_001008,tag_0006,租房,0.7421,extract
p_ext_001008,tag_0005,闲置,0.7875,extract
p_ext_001008,tag_0021,电动车,0.9904,extract
p_ext_001009,tag_0015,课程资料,0.8324,extract
p_ext_001009,tag_0002,校园卡,0.5787,extract
p_ext_001010,tag_0052,复习资料,0.7053,extract
p_ext_001010,tag_0015,课程资料,0.5191,extract
p_ext_001010,tag_0051,学习交流,0.7971,extract
p_ext_001010,tag_0053,考试,0.5563,extract
p_ext_001010,tag_0032,学习经验,0.7094,extract
p_ext_001011,tag_0001,求问,0.8942,extract
p_ext_001011,tag_0009,宿舍,0.7121,extract
p_ext_001011,tag_0015,课程资料,0.5514,extract
p_ext_001012,tag_0001,求问,0.5934,extract
p_ext_001012,tag_0009,宿舍,0.5883,extract
p_ext_001013,tag_0018,考研,0.5953,extract
p_ext_001013,tag_0017,408,0.9903,extract
p_ext_001013,tag_0034,保研,0.5765,extract
p_ext_001013,tag_0032,学习经验,0.9075,extract
p_ext_001014,tag_0015,课程资料,0.8787,extract
p_ext_001014,tag_0009,宿舍,0.5252,extract
p_ext_001014,tag_0002,校园卡,0.6983,extract
p_ext_001014,tag_0001,求问,0.6414,extract
p_ext_001014,tag_0016,打印店,0.8834,extract
p_ext_001015,tag_0027,薪资,0.8612,extract
p_ext_001015,tag_0025,兼职,0.5894,extract
p_ext_001015,tag_0014,实习,0.5951,extract
p_ext_001015,tag_0048,招聘,0.804,extract
p_ext_001016,tag_0031,课程评价,0.9842,extract
p_ext_001016,tag_0020,选课,0.8426,extract
p_ext_001016,tag_0030,给分,0.8612,extract
p_ext_001017,tag_0009,宿舍,0.7656,extract
p_ext_001017,tag_0016,打印店,0.5407,extract
p_ext_001017,tag_0015,课程资料,0.8351,extract
p_ext_001017,tag_0001,求问,0.7223,extract
p_ext_001017,tag_0002,校园卡,0.7157,extract
p_ext_001018,tag_0004,二手交易,0.8435,extract
p_ext_001018,tag_0005,闲置,0.7083,extract
p_ext_001019,tag_0002,校园卡,0.7553,extract
p_ext_001019,tag_0016,打印店,0.8883,extract
p_ext_001019,tag_0009,宿舍,0.7971,extract
p_ext_001019,tag_0015,课程资料,0.5925,extract
p_ext_001020,tag_0038,校车,0.6177,extract
p_ext_001020,tag_0012,校园生活,0.7105,extract
p_ext_001020,tag_0009,宿舍,0.8878,extract
p_ext_001020,tag_0042,共享厨房,0.9604,extract
p_ext_001021,tag_0015,课程资料,0.8384,extract
p_ext_001021,tag_0001,求问,0.6827,extract
p_ext_001021,tag_0009,宿舍,0.5229,extract
p_ext_001021,tag_0016,打印店,0.8281,extract
p_ext_001022,tag_0002,校园卡,0.944,extract
p_ext_001022,tag_0016,打印店,0.5171,extract
p_ext_001022,tag_0001,求问,0.993,extract
p_ext_001022,tag_0009,宿舍,0.9837,extract
p_ext_001023,tag_0004,二手交易,0.7993,extract
p_ext_001023,tag_0006,租房,0.7304,extract
p_ext_001023,tag_0021,电动车,0.5204,extract
p_ext_001024,tag_0016,打印店,0.9322,extract
p_ext_001024,tag_0009,宿舍,0.6001,extract
p_ext_001024,tag_0002,校园卡,0.6479,extract
p_ext_001024,tag_0015,课程资料,0.907,extract
p_ext_001025,tag_0047,面试,0.9755,extract
p_ext_001025,tag_0050,就业,0.5944,extract
p_ext_001026,tag_0015,课程资料,0.5537,extract
p_ext_001026,tag_0016,打印店,0.5828,extract
p_ext_001026,tag_0001,求问,0.9097,extract
p_ext_001026,tag_0002,校园卡,0.5764,extract
p_ext_001027,tag_0025,兼职,0.7098,extract
p_ext_001027,tag_0027,薪资,0.9107,extract
p_ext_001027,tag_0026,家教,0.5191,extract
p_ext_001027,tag_0014,实习,0.8674,extract
p_ext_001028,tag_0001,求问,0.8908,extract
p_ext_001028,tag_0015,课程资料,0.628,extract
p_ext_001028,tag_0002,校园卡,0.5599,extract
p_ext_001029,tag_0001,求问,0.7796,extract
p_ext_001029,tag_0002,校园卡,0.6863,extract
p_ext_001030,tag_0009,宿舍,0.8603,extract
p_ext_001030,tag_0001,求问,0.9781,extract
p_ext_001030,tag_0015,课程资料,0.6291,extract
p_ext_001030,tag_0002,校园卡,0.9966,extract
p_ext_001030,tag_0016,打印店,0.555,extract
p_ext_001031,tag_0014,实习,0.5256,extract
p_ext_001031,tag_0049,简历,0.5801,extract
p_ext_001031,tag_0048,招聘,0.5681,extract
p_ext_001031,tag_0050,就业,0.5584,extract
p_ext_001031,tag_0047,面试,0.7412,extract
p_ext_001032,tag_0005,闲置,0.6963,extract
p_ext_001032,tag_0004,二手交易,0.9318,extract
p_ext_001032,tag_0022,教材,0.878,extract
p_ext_001033,tag_0037,拍照,0.8415,extract
p_ext_001033,tag_0036,活动,0.584,extract
p_ext_001033,tag_0008,搭子,0.7401,extract
p_ext_001034,tag_0036,活动,0.9856,extract
p_ext_001034,tag_0010,交友,0.848,extract
p_ext_001034,tag_0008,搭子,0.862,extract
p_ext_001034,tag_0035,羽毛球,0.8606,extract
p_ext_001034,tag_0037,拍照,0.5447,extract
p_ext_001035,tag_0041,创新项目,0.7066,extract
p_ext_001035,tag_0039,组队,0.8288,extract
p_ext_001036,tag_0001,求问,0.9212,extract
p_ext_001036,tag_0002,校园卡,0.8302,extract
p_ext_001037,tag_0016,打印店,0.7434,extract
p_ext_001037,tag_0009,宿舍,0.8109,extract
p_ext_001037,tag_0002,校园卡,0.7344,extract
p_ext_001037,tag_0001,求问,0.61,extract
p_ext_001038,tag_0015,课程资料,0.6527,extract
p_ext_001038,tag_0002,校园卡,0.8863,extract
p_ext_001038,tag_0016,打印店,0.521,extract
p_ext_001039,tag_0026,家教,0.8793,extract
p_ext_001039,tag_0025,兼职,0.7007,extract
p_ext_001040,tag_0009,宿舍,0.9557,extract
p_ext_001040,tag_0016,打印店,0.7418,extract
p_ext_001041,tag_0009,宿舍,0.6323,extract
p_ext_001041,tag_0038,校车,0.8625,extract
p_ext_001041,tag_0011,食堂,0.5959,extract
p_ext_001041,tag_0042,共享厨房,0.7862,extract
p_ext_001042,tag_0035,羽毛球,0.5679,extract
p_ext_001042,tag_0008,搭子,0.9407,extract
p_ext_001042,tag_0036,活动,0.7613,extract
p_ext_001042,tag_0037,拍照,0.9997,extract
p_ext_001042,tag_0010,交友,0.7339,extract
p_ext_001043,tag_0005,闲置,0.8204,extract
p_ext_001043,tag_0006,租房,0.9341,extract
p_ext_001043,tag_0021,电动车,0.7897,extract
p_ext_001043,tag_0004,二手交易,0.7305,extract
p_ext_001044,tag_0012,校园生活,0.6953,extract
p_ext_001044,tag_0028,拼饭,0.6361,extract
p_ext_001044,tag_0011,食堂,0.6254,extract
p_ext_001045,tag_0016,打印店,0.8541,extract
p_ext_001045,tag_0009,宿舍,0.7797,extract
p_ext_001045,tag_0002,校园卡,0.5258,extract
p_ext_001045,tag_0001,求问,0.8098,extract
p_ext_001046,tag_0015,课程资料,0.9017,extract
p_ext_001046,tag_0002,校园卡,0.5358,extract
p_ext_001046,tag_0016,打印店,0.6024,extract
p_ext_001047,tag_0001,求问,0.7846,extract
p_ext_001047,tag_0015,课程资料,0.9438,extract
p_ext_001047,tag_0016,打印店,0.657,extract
p_ext_001047,tag_0009,宿舍,0.5555,extract
p_ext_001048,tag_0021,电动车,0.9824,extract
p_ext_001048,tag_0022,教材,0.8875,extract
p_ext_001048,tag_0006,租房,0.817,extract
p_ext_001048,tag_0005,闲置,0.6465,extract
p_ext_001049,tag_0047,面试,0.8132,extract
p_ext_001049,tag_0014,实习,0.9663,extract
p_ext_001050,tag_0015,课程资料,0.7617,extract
p_ext_001050,tag_0016,打印店,0.6349,extract
p_ext_001050,tag_0002,校园卡,0.9003,extract
p_ext_001050,tag_0009,宿舍,0.679,extract
p_ext_001051,tag_0005,闲置,0.5251,extract
p_ext_001051,tag_0021,电动车,0.7335,extract
p_ext_001051,tag_0004,二手交易,0.8933,extract
p_ext_001051,tag_0022,教材,0.7042,extract
p_ext_001052,tag_0010,交友,0.6344,extract
p_ext_001052,tag_0037,拍照,0.6341,extract
p_ext_001052,tag_0035,羽毛球,0.8141,extract
p_ext_001052,tag_0008,搭子,0.6034,extract
p_ext_001052,tag_0036,活动,0.6567,extract
p_ext_001053,tag_0016,打印店,0.7198,extract
p_ext_001053,tag_0002,校园卡,0.5254,extract
p_ext_001053,tag_0001,求问,0.8223,extract
p_ext_001053,tag_0015,课程资料,0.9853,extract
p_ext_001053,tag_0009,宿舍,0.6494,extract
p_ext_001054,tag_0004,二手交易,0.6889,extract
p_ext_001054,tag_0005,闲置,0.563,extract
p_ext_001054,tag_0021,电动车,0.6061,extract
p_ext_001055,tag_0002,校园卡,0.6784,extract
p_ext_001055,tag_0001,求问,0.643,extract
p_ext_001055,tag_0009,宿舍,0.8231,extract
p_ext_001056,tag_0030,给分,0.6871,extract
p_ext_001056,tag_0019,期末,0.8491,extract
p_ext_001056,tag_0029,老师,0.7794,extract
p_ext_001056,tag_0020,选课,0.8148,extract
p_ext_001056,tag_0031,课程评价,0.6995,extract
p_ext_001057,tag_0034,保研,0.5313,extract
p_ext_001057,tag_0018,考研,0.8473,extract
p_ext_001057,tag_0032,学习经验,0.6444,extract
p_ext_001057,tag_0033,复试,0.6804,extract
p_ext_001057,tag_0017,408,0.5109,extract
p_ext_001058,tag_0028,拼饭,0.9547,extract
p_ext_001058,tag_0046,优惠,0.9634,extract
p_ext_001058,tag_0045,窗口测评,0.9403,extract
p_ext_001059,tag_0002,校园卡,0.711,extract
p_ext_001059,tag_0056,失物招领,0.8406,extract
p_ext_001059,tag_0055,证件,0.7827,extract
p_ext_001060,tag_0015,课程资料,0.9918,extract
p_ext_001060,tag_0002,校园卡,0.7049,extract
p_ext_001061,tag_0004,二手交易,0.5814,extract
p_ext_001061,tag_0005,闲置,0.6848,extract
p_ext_001061,tag_0022,教材,0.8593,extract
p_ext_001062,tag_0009,宿舍,0.9766,extract
p_ext_001062,tag_0001,求问,0.7403,extract
p_ext_001063,tag_0009,宿舍,0.8775,extract
p_ext_001063,tag_0001,求问,0.8848,extract
p_ext_001063,tag_0016,打印店,0.5493,extract
p_ext_001064,tag_0015,课程资料,0.7265,extract
p_ext_001064,tag_0009,宿舍,0.5786,extract
p_ext_001064,tag_0002,校园卡,0.7331,extract
p_ext_001064,tag_0016,打印店,0.9973,extract
p_ext_001065,tag_0009,宿舍,0.5279,extract
p_ext_001065,tag_0002,校园卡,0.5805,extract
p_ext_001066,tag_0001,求问,0.5349,extract
p_ext_001066,tag_0015,课程资料,0.6277,extract
p_ext_001067,tag_0001,求问,0.8682,extract
p_ext_001067,tag_0002,校园卡,0.5512,extract
p_ext_001067,tag_0016,打印店,0.7868,extract
p_ext_001067,tag_0009,宿舍,0.9914,extract
p_ext_001067,tag_0015,课程资料,0.9097,extract
p_ext_001068,tag_0009,宿舍,0.7233,extract
p_ext_001068,tag_0016,打印店,0.8843,extract
p_ext_001069,tag_0057,钥匙,0.9262,extract
p_ext_001069,tag_0002,校园卡,0.6397,extract
p_ext_001069,tag_0056,失物招领,0.6294,extract
p_ext_001069,tag_0058,教学楼,0.7731,extract
p_ext_001069,tag_0055,证件,0.7835,extract
p_ext_001070,tag_0015,课程资料,0.7161,extract
p_ext_001070,tag_0002,校园卡,0.8523,extract
p_ext_001071,tag_0030,给分,0.5753,extract
p_ext_001071,tag_0019,期末,0.7258,extract
p_ext_001071,tag_0031,课程评价,0.5264,extract
p_ext_001071,tag_0029,老师,0.6992,extract
p_ext_001072,tag_0036,活动,0.9825,extract
p_ext_001072,tag_0008,搭子,0.9595,extract
p_ext_001072,tag_0035,羽毛球,0.6382,extract
p_ext_001072,tag_0010,交友,0.5049,extract
p_ext_001072,tag_0037,拍照,0.7495,extract
p_ext_001073,tag_0006,租房,0.5967,extract
p_ext_001073,tag_0022,教材,0.719,extract
p_ext_001073,tag_0021,电动车,0.6256,extract
p_ext_001074,tag_0022,教材,0.8179,extract
p_ext_001074,tag_0021,电动车,0.8999,extract
p_ext_001074,tag_0005,闲置,0.7055,extract
p_ext_001074,tag_0004,二手交易,0.9578,extract
p_ext_001075,tag_0010,交友,0.7565,extract
p_ext_001075,tag_0036,活动,0.5305,extract
p_ext_001075,tag_0008,搭子,0.6389,extract
p_ext_001076,tag_0002,校园卡,0.711,extract
p_ext_001076,tag_0009,宿舍,0.844,extract
p_ext_001076,tag_0016,打印店,0.7539,extract
p_ext_001076,tag_0015,课程资料,0.5043,extract
p_ext_001076,tag_0001,求问,0.5192,extract
p_ext_001077,tag_0035,羽毛球,0.7757,extract
p_ext_001077,tag_0036,活动,0.9639,extract
p_ext_001078,tag_0027,薪资,0.7342,extract
p_ext_001078,tag_0014,实习,0.8168,extract
p_ext_001078,tag_0025,兼职,0.5367,extract
p_ext_001078,tag_0026,家教,0.648,extract
p_ext_001078,tag_0048,招聘,0.9335,extract
p_ext_001079,tag_0015,课程资料,0.8448,extract
p_ext_001079,tag_0009,宿舍,0.7207,extract
p_ext_001080,tag_0015,课程资料,0.575,extract
p_ext_001080,tag_0016,打印店,0.9505,extract
p_ext_001081,tag_0006,租房,0.815,extract
p_ext_001081,tag_0005,闲置,0.7358,extract
p_ext_001081,tag_0021,电动车,0.9227,extract
p_ext_001081,tag_0004,二手交易,0.5594,extract
p_ext_001082,tag_0004,二手交易,0.6215,extract
p_ext_001082,tag_0022,教材,0.9947,extract
p_ext_001082,tag_0006,租房,0.5731,extract
p_ext_001082,tag_0021,电动车,0.7961,extract
p_ext_001083,tag_0001,求问,0.9049,extract
p_ext_001083,tag_0002,校园卡,0.8854,extract
p_ext_001083,tag_0015,课程资料,0.6851,extract
p_ext_001083,tag_0009,宿舍,0.5902,extract
p_ext_001084,tag_0006,租房,0.9098,extract
p_ext_001084,tag_0004,二手交易,0.6844,extract
p_ext_001085,tag_0005,闲置,0.6723,extract
p_ext_001085,tag_0022,教材,0.7599,extract
p_ext_001086,tag_0012,校园生活,0.7331,extract
p_ext_001086,tag_0042,共享厨房,0.5134,extract
p_ext_001087,tag_0009,宿舍,0.7018,extract
p_ext_001087,tag_0015,课程资料,0.766,extract
p_ext_001087,tag_0002,校园卡,0.5426,extract
p_ext_001087,tag_0001,求问,0.8768,extract
p_ext_001087,tag_0016,打印店,0.7443,extract
p_ext_001088,tag_0023,招新,0.7336,extract
p_ext_001088,tag_0036,活动,0.521,extract
p_ext_001089,tag_0001,求问,0.7881,extract
p_ext_001089,tag_0002,校园卡,0.9999,extract
p_ext_001090,tag_0036,活动,0.5404,extract
p_ext_001090,tag_0008,搭子,0.5326,extract
p_ext_001091,tag_0004,二手交易,0.9444,extract
p_ext_001091,tag_0021,电动车,0.6025,extract
p_ext_001092,tag_0015,课程资料,0.8606,extract
p_ext_001092,tag_0001,求问,0.6499,extract
p_ext_001093,tag_0001,求问,0.5573,extract
p_ext_001093,tag_0015,课程资料,0.7421,extract
p_ext_001094,tag_0021,电动车,0.9913,extract
p_ext_001094,tag_0006,租房,0.9701,extract
p_ext_001094,tag_0022,教材,0.9412,extract
p_ext_001095,tag_0024,志愿服务,0.939,extract
p_ext_001095,tag_0036,活动,0.6511,extract
p_ext_001095,tag_0054,社团,0.6013,extract
p_ext_001095,tag_0010,交友,0.5312,extract
p_ext_001096,tag_0028,拼饭,0.8877,extract
p_ext_001096,tag_0011,食堂,0.6647,extract
p_ext_001096,tag_0045,窗口测评,0.7081,extract
p_ext_001096,tag_0012,校园生活,0.5106,extract
p_ext_001096,tag_0046,优惠,0.5188,extract
p_ext_001097,tag_0002,校园卡,0.7486,extract
p_ext_001097,tag_0015,课程资料,0.5597,extract
p_ext_001097,tag_0009,宿舍,0.8434,extract
p_ext_001097,tag_0001,求问,0.5703,extract
p_ext_001097,tag_0016,打印店,0.5368,extract
p_ext_001098,tag_0009,宿舍,0.9577,extract
p_ext_001098,tag_0015,课程资料,0.8545,extract
p_ext_001098,tag_0016,打印店,0.9518,extract
p_ext_001098,tag_0001,求问,0.8478,extract
p_ext_001098,tag_0002,校园卡,0.5998,extract
p_ext_001099,tag_0015,课程资料,0.8876,extract
p_ext_001099,tag_0002,校园卡,0.8474,extract
p_ext_001099,tag_0001,求问,0.9562,extract
p_ext_001099,tag_0009,宿舍,0.7063,extract
p_ext_001099,tag_0016,打印店,0.535,extract
p_ext_001100,tag_0016,打印店,0.9456,extract
p_ext_001100,tag_0002,校园卡,0.802,extract
p_ext_001100,tag_0001,求问,0.5755,extract
p_ext_001101,tag_0022,教材,0.6831,extract
p_ext_001101,tag_0006,租房,0.9385,extract
p_ext_001102,tag_0002,校园卡,0.7133,extract
p_ext_001102,tag_0016,打印店,0.8228,extract
p_ext_001102,tag_0001,求问,0.6146,extract
p_ext_001102,tag_0009,宿舍,0.6605,extract
p_ext_001102,tag_0015,课程资料,0.5028,extract
p_ext_001103,tag_0002,校园卡,0.5685,extract
p_ext_001103,tag_0015,课程资料,0.7074,extract
p_ext_001103,tag_0016,打印店,0.8867,extract
p_ext_001103,tag_0001,求问,0.971,extract
p_ext_001103,tag_0009,宿舍,0.8427,extract
p_ext_001104,tag_0001,求问,0.8073,extract
p_ext_001104,tag_0015,课程资料,0.9056,extract
p_ext_001104,tag_0016,打印店,0.7523,extract
p_ext_001105,tag_0002,校园卡,0.9072,extract
p_ext_001105,tag_0009,宿舍,0.705,extract
p_ext_001105,tag_0015,课程资料,0.8323,extract
p_ext_001105,tag_0001,求问,0.9709,extract
p_ext_001105,tag_0016,打印店,0.6939,extract
p_ext_001106,tag_0035,羽毛球,0.8836,extract
p_ext_001106,tag_0037,拍照,0.8845,extract
p_ext_001107,tag_0051,学习交流,0.874,extract
p_ext_001107,tag_0052,复习资料,0.6921,extract
p_ext_001107,tag_0032,学习经验,0.8326,extract
p_ext_001108,tag_0054,社团,0.579,extract
p_ext_001108,tag_0023,招新,0.802,extract
p_ext_001108,tag_0024,志愿服务,0.9337,extract
p_ext_001108,tag_0010,交友,0.8624,extract
p_ext_001109,tag_0015,课程资料,0.6163,extract
p_ext_001109,tag_0016,打印店,0.8482,extract
p_ext_001109,tag_0002,校园卡,0.5533,extract
p_ext_001109,tag_0001,求问,0.7161,extract
p_ext_001110,tag_0009,宿舍,0.7146,extract
p_ext_001110,tag_0002,校园卡,0.9521,extract
p_ext_001110,tag_0016,打印店,0.8923,extract
p_ext_001110,tag_0001,求问,0.868,extract
p_ext_001111,tag_0018,考研,0.7872,extract
p_ext_001111,tag_0032,学习经验,0.621,extract
p_ext_001112,tag_0037,拍照,0.8232,extract
p_ext_001112,tag_0036,活动,0.8691,extract
p_ext_001112,tag_0035,羽毛球,0.899,extract
p_ext_001113,tag_0021,电动车,0.9935,extract
p_ext_001113,tag_0006,租房,0.9961,extract
p_ext_001113,tag_0022,教材,0.7129,extract
p_ext_001113,tag_0005,闲置,0.8686,extract
p_ext_001113,tag_0004,二手交易,0.5335,extract
p_ext_001114,tag_0010,交友,0.9312,extract
p_ext_001114,tag_0036,活动,0.9349,extract
p_ext_001114,tag_0008,搭子,0.9685,extract
p_ext_001114,tag_0037,拍照,0.811,extract
p_ext_001115,tag_0038,校车,0.8842,extract
p_ext_001115,tag_0012,校园生活,0.951,extract
p_ext_001115,tag_0009,宿舍,0.9181,extract
p_ext_001116,tag_0025,兼职,0.9755,extract
p_ext_001116,tag_0048,招聘,0.9455,extract
p_ext_001117,tag_0001,求问,0.8167,extract
p_ext_001117,tag_0015,课程资料,0.7138,extract
p_ext_001117,tag_0016,打印店,0.9912,extract
p_ext_001117,tag_0009,宿舍,0.8793,extract
p_ext_001118,tag_0015,课程资料,0.5919,extract
p_ext_001118,tag_0002,校园卡,0.8176,extract
p_ext_001119,tag_0033,复试,0.597,extract
p_ext_001119,tag_0018,考研,0.5247,extract
p_ext_001119,tag_0032,学习经验,0.9415,extract
p_ext_001120,tag_0001,求问,0.8243,extract
p_ext_001120,tag_0009,宿舍,0.894,extract
p_ext_001121,tag_0008,搭子,0.7766,extract
p_ext_001121,tag_0037,拍照,0.565,extract
p_ext_001121,tag_0035,羽毛球,0.6102,extract
p_ext_001121,tag_0010,交友,0.7209,extract
p_ext_001121,tag_0036,活动,0.8397,extract
p_ext_001122,tag_0009,宿舍,0.8118,extract
p_ext_001122,tag_0016,打印店,0.5621,extract
p_ext_001122,tag_0002,校园卡,0.7126,extract
p_ext_001122,tag_0001,求问,0.8243,extract
p_ext_001122,tag_0015,课程资料,0.8221,extract
p_ext_001123,tag_0002,校园卡,0.8296,extract
p_ext_001123,tag_0015,课程资料,0.9381,extract
p_ext_001123,tag_0009,宿舍,0.7371,extract
p_ext_001123,tag_0001,求问,0.9312,extract
p_ext_001123,tag_0016,打印店,0.7885,extract
p_ext_001124,tag_0018,考研,0.7782,extract
p_ext_001124,tag_0017,408,0.84,extract
p_ext_001124,tag_0032,学习经验,0.7764,extract
p_ext_001125,tag_0002,校园卡,0.9774,extract
p_ext_001125,tag_0015,课程资料,0.8741,extract
p_ext_001125,tag_0016,打印店,0.9902,extract
p_ext_001125,tag_0009,宿舍,0.9242,extract
p_ext_001126,tag_0026,家教,0.6923,extract
p_ext_001126,tag_0027,薪资,0.9072,extract
p_ext_001127,tag_0058,教学楼,0.956,extract
p_ext_001127,tag_0055,证件,0.7329,extract
p_ext_001128,tag_0021,电动车,0.9623,extract
p_ext_001128,tag_0022,教材,0.8672,extract
p_ext_001129,tag_0001,求问,0.7865,extract
p_ext_001129,tag_0016,打印店,0.9757,extract
p_ext_001129,tag_0009,宿舍,0.5093,extract
p_ext_001130,tag_0002,校园卡,0.5909,extract
p_ext_001130,tag_0056,失物招领,0.7246,extract
p_ext_001130,tag_0055,证件,0.9606,extract
p_ext_001130,tag_0057,钥匙,0.866,extract
p_ext_001130,tag_0058,教学楼,0.6203,extract
p_ext_001131,tag_0004,二手交易,0.8575,extract
p_ext_001131,tag_0022,教材,0.7619,extract
p_ext_001131,tag_0005,闲置,0.8589,extract
p_ext_001131,tag_0006,租房,0.9537,extract
p_ext_001131,tag_0021,电动车,0.7866,extract
p_ext_001132,tag_0001,求问,0.5224,extract
p_ext_001132,tag_0002,校园卡,0.8235,extract
p_ext_001132,tag_0009,宿舍,0.51,extract
p_ext_001133,tag_0015,课程资料,0.8344,extract
p_ext_001133,tag_0002,校园卡,0.7707,extract
p_ext_001133,tag_0001,求问,0.6926,extract
p_ext_001133,tag_0009,宿舍,0.7351,extract
p_ext_001133,tag_0016,打印店,0.5196,extract
p_ext_001134,tag_0006,租房,0.8929,extract
p_ext_001134,tag_0022,教材,0.7049,extract
p_ext_001134,tag_0004,二手交易,0.5753,extract
p_ext_001134,tag_0021,电动车,0.538,extract
p_ext_001135,tag_0002,校园卡,0.6736,extract
p_ext_001135,tag_0009,宿舍,0.5036,extract
p_ext_001135,tag_0016,打印店,0.9884,extract
p_ext_001135,tag_0001,求问,0.9768,extract
p_ext_001135,tag_0015,课程资料,0.8482,extract
p_ext_001136,tag_0046,优惠,0.947,extract
p_ext_001136,tag_0045,窗口测评,0.8237,extract
p_ext_001136,tag_0011,食堂,0.5569,extract
p_ext_001137,tag_0032,学习经验,0.7353,extract
p_ext_001137,tag_0017,408,0.5535,extract
p_ext_001137,tag_0018,考研,0.753,extract
p_ext_001137,tag_0033,复试,0.9051,extract
p_ext_001137,tag_0034,保研,0.9644,extract
p_ext_001138,tag_0005,闲置,0.7269,extract
p_ext_001138,tag_0006,租房,0.8165,extract
p_ext_001139,tag_0004,二手交易,0.522,extract
p_ext_001139,tag_0021,电动车,0.8694,extract
p_ext_001140,tag_0004,二手交易,0.5268,extract
p_ext_001140,tag_0021,电动车,0.5583,extract
p_ext_001141,tag_0015,课程资料,0.8823,extract
p_ext_001141,tag_0002,校园卡,0.7875,extract
p_ext_001141,tag_0001,求问,0.6442,extract
p_ext_001141,tag_0016,打印店,0.7942,extract
p_ext_001141,tag_0009,宿舍,0.8156,extract
p_ext_001142,tag_0002,校园卡,0.6739,extract
p_ext_001142,tag_0015,课程资料,0.7229,extract
p_ext_001142,tag_0009,宿舍,0.5459,extract
p_ext_001142,tag_0001,求问,0.5632,extract
p_ext_001142,tag_0016,打印店,0.752,extract
p_ext_001143,tag_0018,考研,0.6069,extract
p_ext_001143,tag_0032,学习经验,0.8758,extract
p_ext_001144,tag_0039,组队,0.6162,extract
p_ext_001144,tag_0041,创新项目,0.7834,extract
p_ext_001144,tag_0043,科研项目,0.6941,extract
p_ext_001144,tag_0040,竞赛,0.9869,extract
p_ext_001144,tag_0044,论文,0.7556,extract
p_ext_001145,tag_0055,证件,0.8425,extract
p_ext_001145,tag_0002,校园卡,0.6149,extract
p_ext_001145,tag_0058,教学楼,0.9524,extract
p_ext_001146,tag_0032,学习经验,0.5635,extract
p_ext_001146,tag_0034,保研,0.7137,extract
p_ext_001146,tag_0018,考研,0.9645,extract
p_ext_001146,tag_0017,408,0.7537,extract
p_ext_001146,tag_0033,复试,0.9417,extract
p_ext_001147,tag_0015,课程资料,0.7714,extract
p_ext_001147,tag_0001,求问,0.5886,extract
p_ext_001147,tag_0009,宿舍,0.9782,extract
p_ext_001147,tag_0016,打印店,0.7986,extract
p_ext_001147,tag_0002,校园卡,0.7058,extract
p_ext_001148,tag_0011,食堂,0.9214,extract
p_ext_001148,tag_0012,校园生活,0.5455,extract
p_ext_001148,tag_0009,宿舍,0.9856,extract
p_ext_001149,tag_0015,课程资料,0.5349,extract
p_ext_001149,tag_0001,求问,0.8521,extract
p_ext_001149,tag_0016,打印店,0.7414,extract
p_ext_001150,tag_0026,家教,0.6025,extract
p_ext_001150,tag_0014,实习,0.682,extract
p_ext_001150,tag_0027,薪资,0.5375,extract
p_ext_001150,tag_0025,兼职,0.8624,extract
p_ext_001150,tag_0048,招聘,0.9569,extract
p_ext_001151,tag_0009,宿舍,0.7126,extract
p_ext_001151,tag_0015,课程资料,0.8513,extract
p_ext_001151,tag_0001,求问,0.961,extract
p_ext_001151,tag_0016,打印店,0.9811,extract
p_ext_001151,tag_0002,校园卡,0.8729,extract
p_ext_001152,tag_0016,打印店,0.8229,extract
p_ext_001152,tag_0015,课程资料,0.7625,extract
p_ext_001152,tag_0002,校园卡,0.5476,extract
p_ext_001152,tag_0001,求问,0.5152,extract
p_ext_001152,tag_0009,宿舍,0.6536,extract
p_ext_001153,tag_0015,课程资料,0.7697,extract
p_ext_001153,tag_0002,校园卡,0.8224,extract
p_ext_001153,tag_0009,宿舍,0.8384,extract
p_ext_001154,tag_0016,打印店,0.8889,extract
p_ext_001154,tag_0001,求问,0.5771,extract
p_ext_001155,tag_0015,课程资料,0.6908,extract
p_ext_001155,tag_0009,宿舍,0.5277,extract
p_ext_001156,tag_0034,保研,0.6988,extract
p_ext_001156,tag_0018,考研,0.9903,extract
p_ext_001157,tag_0016,打印店,0.5196,extract
p_ext_001157,tag_0002,校园卡,0.992,extract
p_ext_001157,tag_0009,宿舍,0.5298,extract
p_ext_001157,tag_0015,课程资料,0.7548,extract
p_ext_001157,tag_0001,求问,0.7078,extract
p_ext_001158,tag_0005,闲置,0.5749,extract
p_ext_001158,tag_0022,教材,0.8017,extract
p_ext_001158,tag_0021,电动车,0.5406,extract
p_ext_001158,tag_0006,租房,0.771,extract
p_ext_001159,tag_0016,打印店,0.6544,extract
p_ext_001159,tag_0002,校园卡,0.6878,extract
p_ext_001159,tag_0001,求问,0.9193,extract
p_ext_001159,tag_0009,宿舍,0.8167,extract
p_ext_001160,tag_0009,宿舍,0.6267,extract
p_ext_001160,tag_0001,求问,0.7118,extract
p_ext_001160,tag_0015,课程资料,0.7337,extract
p_ext_001160,tag_0016,打印店,0.5527,extract
p_ext_001161,tag_0009,宿舍,0.532,extract
p_ext_001161,tag_0012,校园生活,0.5962,extract
p_ext_001161,tag_0042,共享厨房,0.7265,extract
p_ext_001162,tag_0011,食堂,0.6199,extract
p_ext_001162,tag_0045,窗口测评,0.8012,extract
p_ext_001162,tag_0046,优惠,0.9096,extract
p_ext_001163,tag_0043,科研项目,0.8517,extract
p_ext_001163,tag_0039,组队,0.6128,extract
p_ext_001163,tag_0041,创新项目,0.7174,extract
p_ext_001164,tag_0009,宿舍,0.8629,extract
p_ext_001164,tag_0011,食堂,0.6072,extract
p_ext_001164,tag_0038,校车,0.5868,extract
p_ext_001164,tag_0012,校园生活,0.9251,extract
p_ext_001164,tag_0042,共享厨房,0.6217,extract
p_ext_001165,tag_0016,打印店,0.5304,extract
p_ext_001165,tag_0009,宿舍,0.9178,extract
p_ext_001165,tag_0001,求问,0.9274,extract
p_ext_001165,tag_0015,课程资料,0.9416,extract
p_ext_001165,tag_0002,校园卡,0.7901,extract
p_ext_001166,tag_0015,课程资料,0.5711,extract
p_ext_001166,tag_0016,打印店,0.6663,extract
p_ext_001166,tag_0002,校园卡,0.6368,extract
p_ext_001167,tag_0015,课程资料,0.7022,extract
p_ext_001167,tag_0009,宿舍,0.8825,extract
p_ext_001167,tag_0016,打印店,0.5249,extract
p_ext_001167,tag_0001,求问,0.525,extract
p_ext_001168,tag_0002,校园卡,0.9911,extract
p_ext_001168,tag_0015,课程资料,0.5942,extract
p_ext_001168,tag_0001,求问,0.7385,extract
p_ext_001169,tag_0004,二手交易,0.7838,extract
p_ext_001169,tag_0021,电动车,0.8276,extract
p_ext_001169,tag_0005,闲置,0.5873,extract
p_ext_001169,tag_0022,教材,0.9302,extract
p_ext_001170,tag_0011,食堂,0.643,extract
p_ext_001170,tag_0038,校车,0.6761,extract
p_ext_001170,tag_0042,共享厨房,0.5272,extract
p_ext_001171,tag_0028,拼饭,0.9467,extract
p_ext_001171,tag_0011,食堂,0.9912,extract
p_ext_001171,tag_0045,窗口测评,0.6053,extract
p_ext_001172,tag_0016,打印店,0.8537,extract
p_ext_001172,tag_0015,课程资料,0.9392,extract
p_ext_001173,tag_0025,兼职,0.93,extract
p_ext_001173,tag_0014,实习,0.8844,extract
p_ext_001173,tag_0026,家教,0.802,extract
p_ext_001174,tag_0022,教材,0.7105,extract
p_ext_001174,tag_0004,二手交易,0.9697,extract
p_ext_001175,tag_0015,课程资料,0.7404,extract
p_ext_001175,tag_0001,求问,0.6914,extract
p_ext_001176,tag_0001,求问,0.5039,extract
p_ext_001176,tag_0002,校园卡,0.8915,extract
p_ext_001176,tag_0009,宿舍,0.7118,extract
p_ext_001176,tag_0016,打印店,0.8858,extract
p_ext_001177,tag_0039,组队,0.6255,extract
p_ext_001177,tag_0041,创新项目,0.8381,extract
p_ext_001177,tag_0044,论文,0.6941,extract
p_ext_001177,tag_0043,科研项目,0.8485,extract
p_ext_001177,tag_0040,竞赛,0.9595,extract
p_ext_001178,tag_0026,家教,0.5062,extract
p_ext_001178,tag_0027,薪资,0.7735,extract
p_ext_001179,tag_0020,选课,0.5966,extract
p_ext_001179,tag_0029,老师,0.9462,extract
p_ext_001179,tag_0031,课程评价,0.7083,extract
p_ext_001179,tag_0030,给分,0.6161,extract
p_ext_001180,tag_0006,租房,0.9071,extract
p_ext_001180,tag_0004,二手交易,0.9134,extract
p_ext_001181,tag_0016,打印店,0.6962,extract
p_ext_001181,tag_0015,课程资料,0.6953,extract
p_ext_001182,tag_0001,求问,0.8009,extract
p_ext_001182,tag_0016,打印店,0.5871,extract
p_ext_001182,tag_0009,宿舍,0.832,extract
p_ext_001182,tag_0015,课程资料,0.8859,extract
p_ext_001183,tag_0022,教材,0.654,extract
p_ext_001183,tag_0021,电动车,0.5796,extract
p_ext_001184,tag_0016,打印店,0.7747,extract
p_ext_001184,tag_0015,课程资料,0.5574,extract
p_ext_001184,tag_0001,求问,0.7342,extract
p_ext_001184,tag_0002,校园卡,0.8826,extract
p_ext_001185,tag_0009,宿舍,0.9878,extract
p_ext_001185,tag_0015,课程资料,0.5657,extract
p_ext_001185,tag_0001,求问,0.9826,extract
p_ext_001185,tag_0002,校园卡,0.8877,extract
p_ext_001186,tag_0016,打印店,0.6246,extract
p_ext_001186,tag_0015,课程资料,0.6235,extract
p_ext_001186,tag_0002,校园卡,0.7714,extract
p_ext_001186,tag_0009,宿舍,0.615,extract
p_ext_001186,tag_0001,求问,0.8693,extract
p_ext_001187,tag_0001,求问,0.753,extract
p_ext_001187,tag_0002,校园卡,0.547,extract
p_ext_001187,tag_0016,打印店,0.674,extract
p_ext_001187,tag_0015,课程资料,0.9914,extract
p_ext_001187,tag_0009,宿舍,0.8265,extract
p_ext_001188,tag_0015,课程资料,0.6997,extract
p_ext_001188,tag_0002,校园卡,0.986,extract
p_ext_001188,tag_0009,宿舍,0.7194,extract
p_ext_001188,tag_0001,求问,0.5373,extract
p_ext_001189,tag_0005,闲置,0.684,extract
p_ext_001189,tag_0021,电动车,0.8361,extract
p_ext_001189,tag_0006,租房,0.6081,extract
p_ext_001189,tag_0004,二手交易,0.8286,extract
p_ext_001189,tag_0022,教材,0.9474,extract
p_ext_001190,tag_0002,校园卡,0.8794,extract
p_ext_001190,tag_0001,求问,0.832,extract
p_ext_001190,tag_0015,课程资料,0.7589,extract
p_ext_001190,tag_0016,打印店,0.9703,extract
p_ext_001190,tag_0009,宿舍,0.9083,extract
p_ext_001191,tag_0015,课程资料,0.9375,extract
p_ext_001191,tag_0002,校园卡,0.8015,extract
p_ext_001191,tag_0009,宿舍,0.7215,extract
p_ext_001192,tag_0015,课程资料,0.7055,extract
p_ext_001192,tag_0016,打印店,0.9833,extract
p_ext_001192,tag_0001,求问,0.7738,extract
p_ext_001193,tag_0044,论文,0.7395,extract
p_ext_001193,tag_0040,竞赛,0.5259,extract
p_ext_001194,tag_0015,课程资料,0.6658,extract
p_ext_001194,tag_0002,校园卡,0.6153,extract
p_ext_001195,tag_0046,优惠,0.9124,extract
p_ext_001195,tag_0011,食堂,0.6446,extract
p_ext_001195,tag_0012,校园生活,0.5092,extract
p_ext_001195,tag_0028,拼饭,0.9508,extract
p_ext_001196,tag_0006,租房,0.77,extract
p_ext_001196,tag_0005,闲置,0.8031,extract
p_ext_001197,tag_0001,求问,0.7513,extract
p_ext_001197,tag_0009,宿舍,0.9514,extract
p_ext_001197,tag_0015,课程资料,0.6233,extract
p_ext_001198,tag_0032,学习经验,0.8371,extract
p_ext_001198,tag_0052,复习资料,0.9895,extract
p_ext_001198,tag_0053,考试,0.5593,extract
p_ext_001199,tag_0018,考研,0.7092,extract
p_ext_001199,tag_0017,408,0.5816,extract
p_ext_001200,tag_0016,打印店,0.615,extract
p_ext_001200,tag_0002,校园卡,0.8296,extract
p_ext_001200,tag_0015,课程资料,0.5021,extract
p_ext_001200,tag_0001,求问,0.8606,extract
p_ext_001201,tag_0002,校园卡,0.8874,extract
p_ext_001201,tag_0009,宿舍,0.7089,extract
p_ext_001201,tag_0001,求问,0.7004,extract
p_ext_001201,tag_0015,课程资料,0.7475,extract
p_ext_001201,tag_0016,打印店,0.5659,extract
p_ext_001202,tag_0015,课程资料,0.501,extract
p_ext_001202,tag_0001,求问,0.5809,extract
p_ext_001202,tag_0009,宿舍,0.5177,extract
p_ext_001203,tag_0010,交友,0.761,extract
p_ext_001203,tag_0037,拍照,0.8364,extract
p_ext_001203,tag_0008,搭子,0.9468,extract
p_ext_001204,tag_0009,宿舍,0.7007,extract
p_ext_001204,tag_0015,课程资料,0.9769,extract
p_ext_001204,tag_0001,求问,0.5781,extract
p_ext_001204,tag_0002,校园卡,0.5688,extract
p_ext_001205,tag_0021,电动车,0.9304,extract
p_ext_001205,tag_0004,二手交易,0.6098,extract
p_ext_001205,tag_0005,闲置,0.8623,extract
p_ext_001205,tag_0022,教材,0.9656,extract
p_ext_001205,tag_0006,租房,0.5051,extract
p_ext_001206,tag_0016,打印店,0.8362,extract
p_ext_001206,tag_0001,求问,0.7606,extract
p_ext_001207,tag_0010,交友,0.8303,extract
p_ext_001207,tag_0024,志愿服务,0.8145,extract
p_ext_001207,tag_0036,活动,0.728,extract
p_ext_001207,tag_0023,招新,0.8741,extract
p_ext_001207,tag_0054,社团,0.9176,extract
p_ext_001208,tag_0035,羽毛球,0.5588,extract
p_ext_001208,tag_0036,活动,0.8778,extract
p_ext_001209,tag_0009,宿舍,0.5349,extract
p_ext_001209,tag_0001,求问,0.8893,extract
p_ext_001209,tag_0002,校园卡,0.844,extract
p_ext_001209,tag_0015,课程资料,0.7969,extract
p_ext_001209,tag_0016,打印店,0.7625,extract
p_ext_001210,tag_0005,闲置,0.6519,extract
p_ext_001210,tag_0021,电动车,0.8107,extract
p_ext_001210,tag_0006,租房,0.6847,extract
p_ext_001211,tag_0016,打印店,0.8789,extract
p_ext_001211,tag_0001,求问,0.7452,extract
p_ext_001211,tag_0015,课程资料,0.7856,extract
p_ext_001212,tag_0009,宿舍,0.8557,extract
p_ext_001212,tag_0001,求问,0.996,extract
p_ext_001212,tag_0015,课程资料,0.9181,extract
p_ext_001212,tag_0002,校园卡,0.5329,extract
p_ext_001213,tag_0002,校园卡,0.5688,extract
p_ext_001213,tag_0015,课程资料,0.7958,extract
p_ext_001213,tag_0016,打印店,0.7786,extract
p_ext_001213,tag_0001,求问,0.5231,extract
p_ext_001213,tag_0009,宿舍,0.6237,extract
p_ext_001214,tag_0015,课程资料,0.8868,extract
p_ext_001214,tag_0001,求问,0.9864,extract
p_ext_001214,tag_0009,宿舍,0.6783,extract
p_ext_001214,tag_0016,打印店,0.5928,extract
p_ext_001214,tag_0002,校园卡,0.7046,extract
p_ext_001215,tag_0032,学习经验,0.9016,extract
p_ext_001215,tag_0017,408,0.7898,extract
p_ext_001215,tag_0033,复试,0.7869,extract
p_ext_001215,tag_0034,保研,0.6334,extract
p_ext_001216,tag_0033,复试,0.82,extract
p_ext_001216,tag_0034,保研,0.5022,extract
p_ext_001216,tag_0017,408,0.5183,extract
p_ext_001216,tag_0018,考研,0.8902,extract
p_ext_001216,tag_0032,学习经验,0.8289,extract
p_ext_001217,tag_0015,课程资料,0.6053,extract
p_ext_001217,tag_0001,求问,0.644,extract
p_ext_001217,tag_0002,校园卡,0.5917,extract
p_ext_001217,tag_0009,宿舍,0.9332,extract
p_ext_001217,tag_0016,打印店,0.5165,extract
p_ext_001218,tag_0014,实习,0.881,extract
p_ext_001218,tag_0048,招聘,0.7484,extract
p_ext_001218,tag_0027,薪资,0.52,extract
p_ext_001218,tag_0025,兼职,0.8768,extract
p_ext_001218,tag_0026,家教,0.5479,extract
p_ext_001219,tag_0006,租房,0.6328,extract
p_ext_001219,tag_0004,二手交易,0.8843,extract
p_ext_001219,tag_0021,电动车,0.8026,extract
p_ext_001220,tag_0010,交友,0.5927,extract
p_ext_001220,tag_0036,活动,0.923,extract
p_ext_001220,tag_0035,羽毛球,0.8773,extract
p_ext_001220,tag_0037,拍照,0.7197,extract
p_ext_001221,tag_0037,拍照,0.604,extract
p_ext_001221,tag_0036,活动,0.6813,extract
p_ext_001221,tag_0008,搭子,0.8637,extract
p_ext_001221,tag_0035,羽毛球,0.8397,extract
p_ext_001221,tag_0010,交友,0.8999,extract
p_ext_001222,tag_0002,校园卡,0.9541,extract
p_ext_001222,tag_0001,求问,0.5552,extract
p_ext_001222,tag_0009,宿舍,0.5483,extract
p_ext_001222,tag_0016,打印店,0.626,extract
p_ext_001222,tag_0015,课程资料,0.58,extract
p_ext_001223,tag_0006,租房,0.7385,extract
p_ext_001223,tag_0005,闲置,0.6987,extract
p_ext_001224,tag_0016,打印店,0.8073,extract
p_ext_001224,tag_0002,校园卡,0.5423,extract
p_ext_001224,tag_0001,求问,0.9309,extract
p_ext_001225,tag_0011,食堂,0.5589,extract
p_ext_001225,tag_0009,宿舍,0.9186,extract
p_ext_001225,tag_0012,校园生活,0.5656,extract
p_ext_001225,tag_0038,校车,0.7484,extract
p_ext_001225,tag_0042,共享厨房,0.6727,extract
p_ext_001226,tag_0020,选课,0.5989,extract
p_ext_001226,tag_0019,期末,0.7998,extract
p_ext_001226,tag_0031,课程评价,0.6326,extract
p_ext_001227,tag_0006,租房,0.9605,extract
p_ext_001227,tag_0021,电动车,0.8363,extract
p_ext_001227,tag_0004,二手交易,0.6456,extract
p_ext_001227,tag_0022,教材,0.6109,extract
p_ext_001227,tag_0005,闲置,0.6915,extract
p_ext_001228,tag_0016,打印店,0.7632,extract
p_ext_001228,tag_0002,校园卡,0.5603,extract
p_ext_001228,tag_0015,课程资料,0.6776,extract
p_ext_001228,tag_0009,宿舍,0.899,extract
p_ext_001229,tag_0009,宿舍,0.7651,extract
p_ext_001229,tag_0001,求问,0.6674,extract
p_ext_001229,tag_0016,打印店,0.7665,extract
p_ext_001229,tag_0015,课程资料,0.9683,extract
p_ext_001229,tag_0002,校园卡,0.5154,extract
p_ext_001230,tag_0009,宿舍,0.6923,extract
p_ext_001230,tag_0001,求问,0.8135,extract
p_ext_001230,tag_0002,校园卡,0.5385,extract
p_ext_001231,tag_0039,组队,0.53,extract
p_ext_001231,tag_0044,论文,0.6324,extract
p_ext_001232,tag_0016,打印店,0.677,extract
p_ext_001232,tag_0009,宿舍,0.6976,extract
p_ext_001233,tag_0016,打印店,0.8556,extract
p_ext_001233,tag_0009,宿舍,0.8416,extract
p_ext_001234,tag_0021,电动车,0.5245,extract
p_ext_001234,tag_0005,闲置,0.8777,extract
p_ext_001235,tag_0015,课程资料,0.6107,extract
p_ext_001235,tag_0002,校园卡,0.6481,extract
p_ext_001235,tag_0016,打印店,0.6297,extract
p_ext_001235,tag_0001,求问,0.984,extract
p_ext_001236,tag_0015,课程资料,0.6582,extract
p_ext_001236,tag_0009,宿舍,0.7243,extract
p_ext_001236,tag_0016,打印店,0.6978,extract
p_ext_001237,tag_0001,求问,0.9712,extract
p_ext_001237,tag_0009,宿舍,0.795,extract
p_ext_001238,tag_0002,校园卡,0.8896,extract
p_ext_001238,tag_0001,求问,0.5743,extract
p_ext_001239,tag_0001,求问,0.952,extract
p_ext_001239,tag_0015,课程资料,0.7009,extract
p_ext_001239,tag_0016,打印店,0.9303,extract
p_ext_001240,tag_0004,二手交易,0.5418,extract
p_ext_001240,tag_0006,租房,0.7469,extract
p_ext_001240,tag_0022,教材,0.6168,extract
p_ext_001240,tag_0005,闲置,0.7107,extract
p_ext_001240,tag_0021,电动车,0.9922,extract
p_ext_001241,tag_0015,课程资料,0.9733,extract
p_ext_001241,tag_0001,求问,0.8374,extract
p_ext_001241,tag_0009,宿舍,0.9819,extract
p_ext_001241,tag_0002,校园卡,0.8449,extract
p_ext_001242,tag_0001,求问,0.8938,extract
p_ext_001242,tag_0009,宿舍,0.6876,extract
p_ext_001242,tag_0016,打印店,0.7436,extract
p_ext_001243,tag_0002,校园卡,0.625,extract
p_ext_001243,tag_0015,课程资料,0.611,extract
p_ext_001244,tag_0015,课程资料,0.7502,extract
p_ext_001244,tag_0001,求问,0.9185,extract
p_ext_001244,tag_0009,宿舍,0.7577,extract
p_ext_001244,tag_0002,校园卡,0.6581,extract
p_ext_001244,tag_0016,打印店,0.6897,extract
p_ext_001245,tag_0002,校园卡,0.9902,extract
p_ext_001245,tag_0009,宿舍,0.6641,extract
p_ext_001246,tag_0002,校园卡,0.5031,extract
p_ext_001246,tag_0015,课程资料,0.922,extract
p_ext_001247,tag_0015,课程资料,0.8456,extract
p_ext_001247,tag_0001,求问,0.7606,extract
p_ext_001247,tag_0009,宿舍,0.7989,extract
p_ext_001248,tag_0016,打印店,0.6893,extract
p_ext_001248,tag_0002,校园卡,0.8138,extract
p_ext_001248,tag_0009,宿舍,0.6831,extract
p_ext_001248,tag_0015,课程资料,0.6299,extract
p_ext_001249,tag_0028,拼饭,0.8983,extract
p_ext_001249,tag_0011,食堂,0.6073,extract
p_ext_001249,tag_0012,校园生活,0.5117,extract
p_ext_001249,tag_0046,优惠,0.6886,extract
p_ext_001249,tag_0045,窗口测评,0.6188,extract
p_ext_001250,tag_0001,求问,0.9191,extract
p_ext_001250,tag_0002,校园卡,0.5343,extract
p_ext_001250,tag_0016,打印店,0.6216,extract
p_ext_001250,tag_0015,课程资料,0.5797,extract
p_ext_001251,tag_0036,活动,0.5532,extract
p_ext_001251,tag_0010,交友,0.5264,extract
p_ext_001251,tag_0035,羽毛球,0.6357,extract
p_ext_001251,tag_0037,拍照,0.6596,extract
p_ext_001251,tag_0008,搭子,0.837,extract
p_ext_001252,tag_0016,打印店,0.6979,extract
p_ext_001252,tag_0002,校园卡,0.7356,extract
p_ext_001252,tag_0015,课程资料,0.9353,extract
p_ext_001252,tag_0001,求问,0.9568,extract
p_ext_001252,tag_0009,宿舍,0.5273,extract
p_ext_001253,tag_0055,证件,0.7061,extract
p_ext_001253,tag_0056,失物招领,0.7783,extract
p_ext_001253,tag_0058,教学楼,0.6564,extract
p_ext_001253,tag_0057,钥匙,0.5966,extract
p_ext_001253,tag_0002,校园卡,0.9959,extract
p_ext_001254,tag_0021,电动车,0.9766,extract
p_ext_001254,tag_0006,租房,0.5895,extract
p_ext_001254,tag_0004,二手交易,0.9761,extract
p_ext_001255,tag_0002,校园卡,0.9646,extract
p_ext_001255,tag_0016,打印店,0.8958,extract
p_ext_001255,tag_0009,宿舍,0.5068,extract
p_ext_001256,tag_0012,校园生活,0.8219,extract
p_ext_001256,tag_0045,窗口测评,0.9012,extract
p_ext_001256,tag_0028,拼饭,0.5493,extract
p_ext_001256,tag_0011,食堂,0.7869,extract
p_ext_001256,tag_0046,优惠,0.8501,extract
p_ext_001257,tag_0008,搭子,0.7214,extract
p_ext_001257,tag_0037,拍照,0.6019,extract
p_ext_001257,tag_0036,活动,0.8286,extract
p_ext_001257,tag_0035,羽毛球,0.7589,extract
p_ext_001258,tag_0021,电动车,0.7705,extract
p_ext_001258,tag_0005,闲置,0.7702,extract
p_ext_001258,tag_0004,二手交易,0.828,extract
p_ext_001258,tag_0006,租房,0.9906,extract
p_ext_001258,tag_0022,教材,0.7638,extract
p_ext_001259,tag_0015,课程资料,0.8745,extract
p_ext_001259,tag_0002,校园卡,0.6619,extract
p_ext_001259,tag_0001,求问,0.8928,extract
p_ext_001259,tag_0009,宿舍,0.5543,extract
p_ext_001260,tag_0004,二手交易,0.8428,extract
p_ext_001260,tag_0006,租房,0.7877,extract
p_ext_001261,tag_0001,求问,0.7755,extract
p_ext_001261,tag_0016,打印店,0.8279,extract
p_ext_001261,tag_0009,宿舍,0.7833,extract
p_ext_001261,tag_0015,课程资料,0.5643,extract
p_ext_001262,tag_0002,校园卡,0.5886,extract
p_ext_001262,tag_0016,打印店,0.721,extract
p_ext_001262,tag_0001,求问,0.6866,extract
p_ext_001262,tag_0015,课程资料,0.9986,extract
p_ext_001263,tag_0002,校园卡,0.7714,extract
p_ext_001263,tag_0001,求问,0.7913,extract
p_ext_001263,tag_0016,打印店,0.9066,extract
p_ext_001263,tag_0009,宿舍,0.646,extract
p_ext_001264,tag_0006,租房,0.5104,extract
p_ext_001264,tag_0021,电动车,0.9491,extract
p_ext_001264,tag_0022,教材,0.6154,extract
p_ext_001264,tag_0005,闲置,0.7188,extract
p_ext_001265,tag_0001,求问,0.6444,extract
p_ext_001265,tag_0002,校园卡,0.6613,extract
p_ext_001266,tag_0015,课程资料,0.9159,extract
p_ext_001266,tag_0002,校园卡,0.8008,extract
p_ext_001267,tag_0015,课程资料,0.6145,extract
p_ext_001267,tag_0016,打印店,0.7062,extract
p_ext_001267,tag_0001,求问,0.5075,extract
p_ext_001267,tag_0009,宿舍,0.5954,extract
p_ext_001268,tag_0032,学习经验,0.6213,extract
p_ext_001268,tag_0052,复习资料,0.8598,extract
p_ext_001268,tag_0053,考试,0.963,extract
p_ext_001268,tag_0015,课程资料,0.7644,extract
p_ext_001269,tag_0045,窗口测评,0.8449,extract
p_ext_001269,tag_0046,优惠,0.7068,extract
p_ext_001270,tag_0036,活动,0.9622,extract
p_ext_001270,tag_0010,交友,0.8688,extract
p_ext_001270,tag_0054,社团,0.9259,extract
p_ext_001271,tag_0053,考试,0.7957,extract
p_ext_001271,tag_0015,课程资料,0.684,extract
p_ext_001271,tag_0032,学习经验,0.9211,extract
p_ext_001271,tag_0052,复习资料,0.5468,extract
p_ext_001272,tag_0009,宿舍,0.8322,extract
p_ext_001272,tag_0015,课程资料,0.737,extract
p_ext_001272,tag_0001,求问,0.5873,extract
p_ext_001272,tag_0016,打印店,0.978,extract
p_ext_001272,tag_0002,校园卡,0.5227,extract
p_ext_001273,tag_0015,课程资料,0.7211,extract
p_ext_001273,tag_0001,求问,0.6261,extract
p_ext_001273,tag_0009,宿舍,0.8143,extract
p_ext_001273,tag_0002,校园卡,0.6408,extract
p_ext_001274,tag_0034,保研,0.9399,extract
p_ext_001274,tag_0018,考研,0.5563,extract
p_ext_001275,tag_0015,课程资料,0.8048,extract
p_ext_001275,tag_0001,求问,0.5495,extract
p_ext_001275,tag_0002,校园卡,0.5454,extract
p_ext_001275,tag_0016,打印店,0.9353,extract
p_ext_001275,tag_0009,宿舍,0.7962,extract
p_ext_001276,tag_0009,宿舍,0.726,extract
p_ext_001276,tag_0016,打印店,0.5068,extract
p_ext_001276,tag_0002,校园卡,0.813,extract
p_ext_001276,tag_0015,课程资料,0.7736,extract
p_ext_001277,tag_0036,活动,0.6492,extract
p_ext_001277,tag_0037,拍照,0.8193,extract
p_ext_001277,tag_0008,搭子,0.6352,extract
p_ext_001277,tag_0035,羽毛球,0.5952,extract
p_ext_001277,tag_0010,交友,0.8326,extract
p_ext_001278,tag_0005,闲置,0.832,extract
p_ext_001278,tag_0022,教材,0.7133,extract
p_ext_001278,tag_0006,租房,0.8599,extract
p_ext_001279,tag_0036,活动,0.7523,extract
p_ext_001279,tag_0037,拍照,0.7332,extract
p_ext_001279,tag_0035,羽毛球,0.7341,extract
p_ext_001279,tag_0008,搭子,0.8035,extract
p_ext_001280,tag_0021,电动车,0.666,extract
p_ext_001280,tag_0005,闲置,0.9406,extract
p_ext_001280,tag_0006,租房,0.8686,extract
p_ext_001280,tag_0004,二手交易,0.7187,extract
p_ext_001280,tag_0022,教材,0.9561,extract
p_ext_001281,tag_0017,408,0.6247,extract
p_ext_001281,tag_0018,考研,0.9652,extract
p_ext_001281,tag_0034,保研,0.9334,extract
p_ext_001281,tag_0033,复试,0.9414,extract
p_ext_001281,tag_0032,学习经验,0.6949,extract
p_ext_001282,tag_0021,电动车,0.6876,extract
p_ext_001282,tag_0004,二手交易,0.8963,extract
p_ext_001282,tag_0005,闲置,0.678,extract
p_ext_001282,tag_0006,租房,0.6042,extract
p_ext_001282,tag_0022,教材,0.718,extract
p_ext_001283,tag_0004,二手交易,0.7099,extract
p_ext_001283,tag_0022,教材,0.9311,extract
p_ext_001284,tag_0014,实习,0.7415,extract
p_ext_001284,tag_0048,招聘,0.7628,extract
p_ext_001284,tag_0050,就业,0.5867,extract
p_ext_001285,tag_0002,校园卡,0.8996,extract
p_ext_001285,tag_0001,求问,0.8963,extract
p_ext_001285,tag_0015,课程资料,0.9507,extract
p_ext_001285,tag_0009,宿舍,0.7166,extract
p_ext_001285,tag_0016,打印店,0.7823,extract
p_ext_001286,tag_0015,课程资料,0.8329,extract
p_ext_001286,tag_0016,打印店,0.6739,extract
p_ext_001286,tag_0009,宿舍,0.5818,extract
p_ext_001287,tag_0001,求问,0.9393,extract
p_ext_001287,tag_0009,宿舍,0.8467,extract
p_ext_001287,tag_0016,打印店,0.5258,extract
p_ext_001288,tag_0001,求问,0.906,extract
p_ext_001288,tag_0015,课程资料,0.7801,extract
p_ext_001289,tag_0021,电动车,0.7328,extract
p_ext_001289,tag_0022,教材,0.8123,extract
p_ext_001289,tag_0004,二手交易,0.654,extract
p_ext_001289,tag_0005,闲置,0.5235,extract
p_ext_001290,tag_0005,闲置,0.9196,extract
p_ext_001290,tag_0004,二手交易,0.6515,extract
p_ext_001290,tag_0022,教材,0.7973,extract
p_ext_001291,tag_0015,课程资料,0.6126,extract
p_ext_001291,tag_0002,校园卡,0.5925,extract
p_ext_001291,tag_0001,求问,0.7691,extract
p_ext_001291,tag_0016,打印店,0.5006,extract
p_ext_001291,tag_0009,宿舍,0.6495,extract
p_ext_001292,tag_0042,共享厨房,0.9759,extract
p_ext_001292,tag_0012,校园生活,0.9979,extract
p_ext_001292,tag_0011,食堂,0.7845,extract
p_ext_001292,tag_0009,宿舍,0.6476,extract
p_ext_001293,tag_0015,课程资料,0.7831,extract
p_ext_001293,tag_0009,宿舍,0.7229,extract
p_ext_001293,tag_0001,求问,0.6725,extract
p_ext_001293,tag_0002,校园卡,0.9243,extract
p_ext_001294,tag_0017,408,0.9029,extract
p_ext_001294,tag_0018,考研,0.5176,extract
p_ext_001294,tag_0032,学习经验,0.9617,extract
p_ext_001294,tag_0033,复试,0.6058,extract
p_ext_001295,tag_0058,教学楼,0.5153,extract
p_ext_001295,tag_0002,校园卡,0.761,extract
p_ext_001295,tag_0057,钥匙,0.839,extract
p_ext_001296,tag_0002,校园卡,0.6733,extract
p_ext_001296,tag_0015,课程资料,0.5081,extract
p_ext_001296,tag_0001,求问,0.7271,extract
p_ext_001296,tag_0009,宿舍,0.632,extract
p_ext_001296,tag_0016,打印店,0.6933,extract
p_ext_001297,tag_0005,闲置,0.9062,extract
p_ext_001297,tag_0004,二手交易,0.5649,extract
p_ext_001298,tag_0032,学习经验,0.7497,extract
p_ext_001298,tag_0017,408,0.5214,extract
p_ext_001298,tag_0018,考研,0.6687,extract
p_ext_001298,tag_0033,复试,0.7851,extract
p_ext_001298,tag_0034,保研,0.697,extract
p_ext_001299,tag_0021,电动车,0.7612,extract
p_ext_001299,tag_0022,教材,0.7631,extract
p_ext_001300,tag_0015,课程资料,0.8911,extract
p_ext_001300,tag_0009,宿舍,0.9777,extract
p_ext_001301,tag_0001,求问,0.846,extract
p_ext_001301,tag_0009,宿舍,0.6353,extract
p_ext_001301,tag_0016,打印店,0.9459,extract
p_ext_001302,tag_0009,宿舍,0.96,extract
p_ext_001302,tag_0011,食堂,0.5888,extract
p_ext_001302,tag_0012,校园生活,0.5273,extract
p_ext_001303,tag_0015,课程资料,0.8198,extract
p_ext_001303,tag_0009,宿舍,0.7813,extract
p_ext_001303,tag_0002,校园卡,0.6227,extract
p_ext_001303,tag_0016,打印店,0.5113,extract
p_ext_001303,tag_0001,求问,0.6629,extract
p_ext_001304,tag_0021,电动车,0.6479,extract
p_ext_001304,tag_0022,教材,0.9219,extract
p_ext_001304,tag_0005,闲置,0.6298,extract
p_ext_001304,tag_0004,二手交易,0.7475,extract
p_ext_001305,tag_0001,求问,0.6963,extract
p_ext_001305,tag_0002,校园卡,0.8952,extract
p_ext_001306,tag_0001,求问,0.519,extract
p_ext_001306,tag_0015,课程资料,0.5887,extract
p_ext_001306,tag_0016,打印店,0.6519,extract
p_ext_001306,tag_0009,宿舍,0.8826,extract
p_ext_001307,tag_0022,教材,0.6492,extract
p_ext_001307,tag_0006,租房,0.8745,extract
p_ext_001307,tag_0021,电动车,0.994,extract
p_ext_001307,tag_0004,二手交易,0.695,extract
p_ext_001307,tag_0005,闲置,0.8442,extract
p_ext_001308,tag_0001,求问,0.5865,extract
p_ext_001308,tag_0016,打印店,0.5673,extract
p_ext_001308,tag_0002,校园卡,0.9778,extract
p_ext_001309,tag_0002,校园卡,0.9069,extract
p_ext_001309,tag_0015,课程资料,0.6832,extract
p_ext_001309,tag_0016,打印店,0.7448,extract
p_ext_001309,tag_0009,宿舍,0.7353,extract
p_ext_001310,tag_0006,租房,0.8217,extract
p_ext_001310,tag_0005,闲置,0.5414,extract
p_ext_001310,tag_0004,二手交易,0.8658,extract
p_ext_001311,tag_0016,打印店,0.7206,extract
p_ext_001311,tag_0001,求问,0.7171,extract
p_ext_001311,tag_0015,课程资料,0.8269,extract
p_ext_001312,tag_0033,复试,0.8969,extract
p_ext_001312,tag_0018,考研,0.8793,extract
p_ext_001313,tag_0030,给分,0.5624,extract
p_ext_001313,tag_0029,老师,0.5254,extract
p_ext_001313,tag_0019,期末,0.761,extract
p_ext_001313,tag_0020,选课,0.8144,extract
p_ext_001314,tag_0015,课程资料,0.7147,extract
p_ext_001314,tag_0002,校园卡,0.9603,extract
p_ext_001314,tag_0016,打印店,0.7306,extract
p_ext_001315,tag_0002,校园卡,0.925,extract
p_ext_001315,tag_0015,课程资料,0.8729,extract
p_ext_001315,tag_0009,宿舍,0.8394,extract
p_ext_001315,tag_0001,求问,0.8106,extract
p_ext_001316,tag_0020,选课,0.738,extract
p_ext_001316,tag_0029,老师,0.8571,extract
p_ext_001316,tag_0031,课程评价,0.8622,extract
p_ext_001317,tag_0001,求问,0.6596,extract
p_ext_001317,tag_0009,宿舍,0.9136,extract
p_ext_001318,tag_0035,羽毛球,0.6757,extract
p_ext_001318,tag_0037,拍照,0.8219,extract
p_ext_001319,tag_0016,打印店,0.5597,extract
p_ext_001319,tag_0002,校园卡,0.5906,extract
p_ext_001319,tag_0015,课程资料,0.768,extract
p_ext_001319,tag_0009,宿舍,0.5752,extract
p_ext_001319,tag_0001,求问,0.598,extract
p_ext_001320,tag_0022,教材,0.9103,extract
p_ext_001320,tag_0006,租房,0.7401,extract
p_ext_001321,tag_0037,拍照,0.8251,extract
p_ext_001321,tag_0010,交友,0.6781,extract
p_ext_001321,tag_0036,活动,0.5451,extract
p_ext_001322,tag_0010,交友,0.9208,extract
p_ext_001322,tag_0054,社团,0.7359,extract
p_ext_001322,tag_0036,活动,0.977,extract
p_ext_001323,tag_0040,竞赛,0.9932,extract
p_ext_001323,tag_0043,科研项目,0.9659,extract
p_ext_001324,tag_0002,校园卡,0.6633,extract
p_ext_001324,tag_0056,失物招领,0.7497,extract
p_ext_001324,tag_0057,钥匙,0.6728,extract
p_ext_001325,tag_0031,课程评价,0.8297,extract
p_ext_001325,tag_0030,给分,0.5848,extract
p_ext_001326,tag_0009,宿舍,0.528,extract
p_ext_001326,tag_0038,校车,0.5535,extract
p_ext_001327,tag_0018,考研,0.9167,extract
p_ext_001327,tag_0032,学习经验,0.577,extract
p_ext_001327,tag_0034,保研,0.8056,extract
p_ext_001327,tag_0017,408,0.5183,extract
p_ext_001328,tag_0009,宿舍,0.9475,extract
p_ext_001328,tag_0002,校园卡,0.9805,extract
p_ext_001328,tag_0016,打印店,0.8874,extract
p_ext_001329,tag_0016,打印店,0.6423,extract
p_ext_001329,tag_0002,校园卡,0.8025,extract
p_ext_001329,tag_0015,课程资料,0.9888,extract
p_ext_001329,tag_0009,宿舍,0.8919,extract
p_ext_001330,tag_0027,薪资,0.8731,extract
p_ext_001330,tag_0026,家教,0.5134,extract
p_ext_001330,tag_0025,兼职,0.7374,extract
p_ext_001330,tag_0048,招聘,0.523,extract
p_ext_001331,tag_0037,拍照,0.5241,extract
p_ext_001331,tag_0035,羽毛球,0.5052,extract
p_ext_001332,tag_0015,课程资料,0.8194,extract
p_ext_001332,tag_0016,打印店,0.8068,extract
p_ext_001333,tag_0035,羽毛球,0.9973,extract
p_ext_001333,tag_0010,交友,0.5856,extract
p_ext_001333,tag_0036,活动,0.9006,extract
p_ext_001333,tag_0037,拍照,0.8264,extract
p_ext_001333,tag_0008,搭子,0.8831,extract
p_ext_001334,tag_0009,宿舍,0.8245,extract
p_ext_001334,tag_0016,打印店,0.7678,extract
p_ext_001334,tag_0002,校园卡,0.6616,extract
p_ext_001335,tag_0016,打印店,0.5888,extract
p_ext_001335,tag_0001,求问,0.7092,extract
p_ext_001335,tag_0015,课程资料,0.9291,extract
p_ext_001335,tag_0009,宿舍,0.5834,extract
p_ext_001335,tag_0002,校园卡,0.8555,extract
p_ext_001336,tag_0004,二手交易,0.8192,extract
p_ext_001336,tag_0021,电动车,0.951,extract
p_ext_001336,tag_0006,租房,0.5534,extract
p_ext_001336,tag_0005,闲置,0.937,extract
p_ext_001336,tag_0022,教材,0.7796,extract
p_ext_001337,tag_0049,简历,0.528,extract
p_ext_001337,tag_0050,就业,0.9558,extract
p_ext_001338,tag_0032,学习经验,0.8456,extract
p_ext_001338,tag_0034,保研,0.772,extract
p_ext_001339,tag_0009,宿舍,0.9826,extract
p_ext_001339,tag_0001,求问,0.7898,extract
p_ext_001339,tag_0015,课程资料,0.9879,extract
p_ext_001340,tag_0008,搭子,0.7231,extract
p_ext_001340,tag_0035,羽毛球,0.5612,extract
p_ext_001340,tag_0037,拍照,0.7409,extract
p_ext_001340,tag_0036,活动,0.9784,extract
p_ext_001341,tag_0006,租房,0.7219,extract
p_ext_001341,tag_0022,教材,0.8039,extract
p_ext_001341,tag_0021,电动车,0.5427,extract
p_ext_001341,tag_0005,闲置,0.9887,extract
p_ext_001342,tag_0022,教材,0.8168,extract
p_ext_001342,tag_0006,租房,0.5686,extract
p_ext_001342,tag_0005,闲置,0.5007,extract
p_ext_001343,tag_0030,给分,0.5648,extract
p_ext_001343,tag_0020,选课,0.5558,extract
p_ext_001343,tag_0019,期末,0.9901,extract
p_ext_001344,tag_0050,就业,0.9322,extract
p_ext_001344,tag_0049,简历,0.6595,extract
p_ext_001344,tag_0048,招聘,0.7151,extract
p_ext_001344,tag_0047,面试,0.5475,extract
p_ext_001344,tag_0014,实习,0.5569,extract
p_ext_001345,tag_0002,校园卡,0.7849,extract
p_ext_001345,tag_0001,求问,0.9126,extract
p_ext_001345,tag_0009,宿舍,0.8333,extract
p_ext_001345,tag_0015,课程资料,0.9522,extract
p_ext_001346,tag_0021,电动车,0.5125,extract
p_ext_001346,tag_0022,教材,0.7945,extract
p_ext_001346,tag_0005,闲置,0.8046,extract
p_ext_001346,tag_0006,租房,0.9817,extract
p_ext_001347,tag_0028,拼饭,0.5826,extract
p_ext_001347,tag_0011,食堂,0.8901,extract
p_ext_001348,tag_0015,课程资料,0.816,extract
p_ext_001348,tag_0016,打印店,0.5891,extract
p_ext_001348,tag_0009,宿舍,0.6598,extract
p_ext_001348,tag_0001,求问,0.7004,extract
p_ext_001348,tag_0002,校园卡,0.8156,extract
p_ext_001349,tag_0009,宿舍,0.773,extract
p_ext_001349,tag_0016,打印店,0.5766,extract
p_ext_001349,tag_0002,校园卡,0.8476,extract
p_ext_001350,tag_0006,租房,0.9301,extract
p_ext_001350,tag_0021,电动车,0.7501,extract
p_ext_001351,tag_0021,电动车,0.6139,extract
p_ext_001351,tag_0004,二手交易,0.7736,extract
p_ext_001351,tag_0005,闲置,0.8268,extract
p_ext_001351,tag_0006,租房,0.8707,extract
p_ext_001351,tag_0022,教材,0.7973,extract
p_ext_001352,tag_0009,宿舍,0.8123,extract
p_ext_001352,tag_0001,求问,0.7342,extract
p_ext_001352,tag_0015,课程资料,0.7172,extract
p_ext_001352,tag_0016,打印店,0.9024,extract
p_ext_001353,tag_0015,课程资料,0.9468,extract
p_ext_001353,tag_0001,求问,0.9847,extract
p_ext_001354,tag_0010,交友,0.6397,extract
p_ext_001354,tag_0008,搭子,0.6833,extract
p_ext_001354,tag_0035,羽毛球,0.8729,extract
p_ext_001355,tag_0006,租房,0.7809,extract
p_ext_001355,tag_0004,二手交易,0.6181,extract
p_ext_001356,tag_0015,课程资料,0.908,extract
p_ext_001356,tag_0002,校园卡,0.6258,extract
p_ext_001356,tag_0009,宿舍,0.6167,extract
p_ext_001356,tag_0016,打印店,0.5866,extract
p_ext_001356,tag_0001,求问,0.5305,extract
p_ext_001357,tag_0016,打印店,0.984,extract
p_ext_001357,tag_0015,课程资料,0.765,extract
p_ext_001357,tag_0009,宿舍,0.7838,extract
p_ext_001358,tag_0015,课程资料,0.5074,extract
p_ext_001358,tag_0001,求问,0.6439,extract
p_ext_001359,tag_0016,打印店,0.8046,extract
p_ext_001359,tag_0009,宿舍,0.6301,extract
p_ext_001359,tag_0015,课程资料,0.7536,extract
p_ext_001360,tag_0001,求问,0.7233,extract
p_ext_001360,tag_0016,打印店,0.613,extract
p_ext_001361,tag_0037,拍照,0.5878,extract
p_ext_001361,tag_0008,搭子,0.6456,extract
p_ext_001361,tag_0035,羽毛球,0.8518,extract
p_ext_001362,tag_0006,租房,0.7544,extract
p_ext_001362,tag_0004,二手交易,0.5189,extract
p_ext_001362,tag_0022,教材,0.6532,extract
p_ext_001363,tag_0002,校园卡,0.7142,extract
p_ext_001363,tag_0016,打印店,0.8447,extract
p_ext_001363,tag_0015,课程资料,0.7864,extract
p_ext_001364,tag_0042,共享厨房,0.7412,extract
p_ext_001364,tag_0038,校车,0.919,extract
p_ext_001364,tag_0009,宿舍,0.6704,extract
p_ext_001364,tag_0012,校园生活,0.8271,extract
p_ext_001365,tag_0035,羽毛球,0.5101,extract
p_ext_001365,tag_0010,交友,0.7969,extract
p_ext_001365,tag_0008,搭子,0.6044,extract
p_ext_001365,tag_0036,活动,0.8662,extract
p_ext_001365,tag_0037,拍照,0.7488,extract
p_ext_001366,tag_0004,二手交易,0.6538,extract
p_ext_001366,tag_0005,闲置,0.9362,extract
p_ext_001366,tag_0006,租房,0.6275,extract
p_ext_001366,tag_0022,教材,0.5378,extract
p_ext_001366,tag_0021,电动车,0.9671,extract
p_ext_001367,tag_0009,宿舍,0.737,extract
p_ext_001367,tag_0002,校园卡,0.5481,extract
p_ext_001368,tag_0037,拍照,0.7681,extract
p_ext_001368,tag_0008,搭子,0.7882,extract
p_ext_001368,tag_0035,羽毛球,0.7761,extract
p_ext_001369,tag_0015,课程资料,0.7666,extract
p_ext_001369,tag_0001,求问,0.9693,extract
p_ext_001369,tag_0016,打印店,0.6675,extract
p_ext_001370,tag_0043,科研项目,0.8908,extract
p_ext_001370,tag_0044,论文,0.9454,extract
p_ext_001370,tag_0039,组队,0.6733,extract
p_ext_001370,tag_0041,创新项目,0.903,extract
p_ext_001370,tag_0040,竞赛,0.9976,extract
p_ext_001371,tag_0001,求问,0.7544,extract
p_ext_001371,tag_0015,课程资料,0.9434,extract
p_ext_001371,tag_0002,校园卡,0.5728,extract
p_ext_001371,tag_0016,打印店,0.6871,extract
p_ext_001372,tag_0001,求问,0.5008,extract
p_ext_001372,tag_0009,宿舍,0.7603,extract
p_ext_001373,tag_0015,课程资料,0.7383,extract
p_ext_001373,tag_0001,求问,0.718,extract
p_ext_001374,tag_0005,闲置,0.6025,extract
p_ext_001374,tag_0021,电动车,0.5371,extract
p_ext_001374,tag_0004,二手交易,0.5153,extract
p_ext_001374,tag_0022,教材,0.5631,extract
p_ext_001375,tag_0009,宿舍,0.6007,extract
p_ext_001375,tag_0016,打印店,0.8735,extract
p_ext_001376,tag_0006,租房,0.7533,extract
p_ext_001376,tag_0021,电动车,0.5481,extract
p_ext_001376,tag_0022,教材,0.8691,extract
p_ext_001376,tag_0004,二手交易,0.669,extract
p_ext_001377,tag_0006,租房,0.9289,extract
p_ext_001377,tag_0005,闲置,0.5228,extract
p_ext_001377,tag_0021,电动车,0.6306,extract
p_ext_001378,tag_0005,闲置,0.9541,extract
p_ext_001378,tag_0004,二手交易,0.6595,extract
p_ext_001378,tag_0006,租房,0.6446,extract
p_ext_001378,tag_0021,电动车,0.785,extract
p_ext_001379,tag_0058,教学楼,0.6904,extract
p_ext_001379,tag_0056,失物招领,0.8397,extract
p_ext_001380,tag_0004,二手交易,0.5647,extract
p_ext_001380,tag_0021,电动车,0.7912,extract
p_ext_001380,tag_0006,租房,0.9294,extract
p_ext_001381,tag_0002,校园卡,0.866,extract
p_ext_001381,tag_0001,求问,0.6721,extract
p_ext_001381,tag_0015,课程资料,0.7736,extract
p_ext_001381,tag_0009,宿舍,0.5186,extract
p_ext_001381,tag_0016,打印店,0.7194,extract
p_ext_001382,tag_0009,宿舍,0.8333,extract
p_ext_001382,tag_0016,打印店,0.5076,extract
p_ext_001383,tag_0015,课程资料,0.7069,extract
p_ext_001383,tag_0009,宿舍,0.9488,extract
p_ext_001383,tag_0016,打印店,0.7987,extract
p_ext_001383,tag_0002,校园卡,0.9162,extract
p_ext_001384,tag_0001,求问,0.8524,extract
p_ext_001384,tag_0009,宿舍,0.8388,extract
p_ext_001384,tag_0015,课程资料,0.8448,extract
p_ext_001384,tag_0016,打印店,0.9848,extract
p_ext_001385,tag_0036,活动,0.9126,extract
p_ext_001385,tag_0054,社团,0.7197,extract
p_ext_001385,tag_0023,招新,0.8315,extract
p_ext_001385,tag_0010,交友,0.8703,extract
p_ext_001386,tag_0016,打印店,0.911,extract
p_ext_001386,tag_0002,校园卡,0.8624,extract
p_ext_001386,tag_0001,求问,0.8384,extract
p_ext_001386,tag_0015,课程资料,0.5792,extract
p_ext_001386,tag_0009,宿舍,0.6229,extract
p_ext_001387,tag_0034,保研,0.7008,extract
p_ext_001387,tag_0017,408,0.8709,extract
p_ext_001387,tag_0018,考研,0.5835,extract
p_ext_001387,tag_0033,复试,0.707,extract
p_ext_001387,tag_0032,学习经验,0.8216,extract
p_ext_001388,tag_0015,课程资料,0.8698,extract
p_ext_001388,tag_0016,打印店,0.9866,extract
p_ext_001389,tag_0016,打印店,0.6226,extract
p_ext_001389,tag_0009,宿舍,0.531,extract
p_ext_001389,tag_0001,求问,0.6756,extract
p_ext_001389,tag_0015,课程资料,0.5456,extract
p_ext_001390,tag_0001,求问,0.808,extract
p_ext_001390,tag_0002,校园卡,0.8492,extract
p_ext_001390,tag_0016,打印店,0.9294,extract
p_ext_001390,tag_0015,课程资料,0.5603,extract
p_ext_001390,tag_0009,宿舍,0.7549,extract
p_ext_001391,tag_0001,求问,0.5939,extract
p_ext_001391,tag_0002,校园卡,0.8293,extract
p_ext_001391,tag_0009,宿舍,0.5561,extract
p_ext_001391,tag_0015,课程资料,0.7079,extract
p_ext_001391,tag_0016,打印店,0.6337,extract
p_ext_001392,tag_0022,教材,0.6234,extract
p_ext_001392,tag_0005,闲置,0.7555,extract
p_ext_001393,tag_0050,就业,0.7446,extract
p_ext_001393,tag_0047,面试,0.9799,extract
p_ext_001394,tag_0009,宿舍,0.6139,extract
p_ext_001394,tag_0015,课程资料,0.6872,extract
p_ext_001394,tag_0002,校园卡,0.7496,extract
p_ext_001395,tag_0055,证件,0.8568,extract
p_ext_001395,tag_0057,钥匙,0.9345,extract
p_ext_001396,tag_0015,课程资料,0.8998,extract
p_ext_001396,tag_0009,宿舍,0.6875,extract
p_ext_001396,tag_0001,求问,0.5358,extract
p_ext_001396,tag_0016,打印店,0.9318,extract
p_ext_001397,tag_0009,宿舍,0.5127,extract
p_ext_001397,tag_0016,打印店,0.5392,extract
p_ext_001397,tag_0015,课程资料,0.5549,extract
p_ext_001398,tag_0002,校园卡,0.6803,extract
p_ext_001398,tag_0057,钥匙,0.6137,extract
p_ext_001398,tag_0055,证件,0.6115,extract
p_ext_001399,tag_0051,学习交流,0.6488,extract
p_ext_001399,tag_0053,考试,0.8744,extract
p_ext_001399,tag_0032,学习经验,0.6563,extract
p_ext_001399,tag_0052,复习资料,0.5314,extract
p_ext_001399,tag_0015,课程资料,0.521,extract
p_ext_001400,tag_0045,窗口测评,0.7445,extract
p_ext_001400,tag_0028,拼饭,0.74,extract
p_ext_001400,tag_0012,校园生活,0.8192,extract
p_ext_001401,tag_0006,租房,0.8337,extract
p_ext_001401,tag_0005,闲置,0.6667,extract
p_ext_001401,tag_0004,二手交易,0.8244,extract
p_ext_001402,tag_0032,学习经验,0.8951,extract
p_ext_001402,tag_0015,课程资料,0.5655,extract
p_ext_001403,tag_0015,课程资料,0.7791,extract
p_ext_001403,tag_0016,打印店,0.658,extract
p_ext_001403,tag_0001,求问,0.701,extract
p_ext_001404,tag_0001,求问,0.8031,extract
p_ext_001404,tag_0016,打印店,0.9143,extract
p_ext_001404,tag_0009,宿舍,0.526,extract
p_ext_001404,tag_0002,校园卡,0.6216,extract
p_ext_001405,tag_0046,优惠,0.6613,extract
p_ext_001405,tag_0012,校园生活,0.7447,extract
p_ext_001405,tag_0028,拼饭,0.5106,extract
p_ext_001405,tag_0011,食堂,0.8936,extract
p_ext_001406,tag_0041,创新项目,0.6756,extract
p_ext_001406,tag_0040,竞赛,0.5245,extract
p_ext_001406,tag_0039,组队,0.6004,extract
p_ext_001407,tag_0015,课程资料,0.9838,extract
p_ext_001407,tag_0002,校园卡,0.7184,extract
p_ext_001408,tag_0012,校园生活,0.8375,extract
p_ext_001408,tag_0038,校车,0.617,extract
p_ext_001408,tag_0011,食堂,0.6675,extract
p_ext_001408,tag_0009,宿舍,0.8979,extract
p_ext_001408,tag_0042,共享厨房,0.7274,extract
p_ext_001409,tag_0009,宿舍,0.8085,extract
p_ext_001409,tag_0001,求问,0.6412,extract
p_ext_001410,tag_0014,实习,0.6291,extract
p_ext_001410,tag_0049,简历,0.5624,extract
p_ext_001410,tag_0047,面试,0.9067,extract
p_ext_001410,tag_0050,就业,0.8541,extract
p_ext_001410,tag_0048,招聘,0.8935,extract
p_ext_001411,tag_0057,钥匙,0.7512,extract
p_ext_001411,tag_0058,教学楼,0.872,extract
p_ext_001411,tag_0056,失物招领,0.6177,extract
p_ext_001411,tag_0055,证件,0.5345,extract
p_ext_001411,tag_0002,校园卡,0.695,extract
p_ext_001412,tag_0048,招聘,0.8807,extract
p_ext_001412,tag_0025,兼职,0.7229,extract
p_ext_001412,tag_0027,薪资,0.6614,extract
p_ext_001412,tag_0026,家教,0.5682,extract
p_ext_001413,tag_0015,课程资料,0.7896,extract
p_ext_001413,tag_0016,打印店,0.5205,extract
p_ext_001413,tag_0002,校园卡,0.779,extract
p_ext_001413,tag_0001,求问,0.5947,extract
p_ext_001413,tag_0009,宿舍,0.532,extract
p_ext_001414,tag_0001,求问,0.808,extract
p_ext_001414,tag_0002,校园卡,0.5226,extract
p_ext_001415,tag_0009,宿舍,0.6124,extract
p_ext_001415,tag_0011,食堂,0.7234,extract
p_ext_001415,tag_0042,共享厨房,0.5568,extract
p_ext_001416,tag_0021,电动车,0.8581,extract
p_ext_001416,tag_0022,教材,0.7878,extract
p_ext_001416,tag_0005,闲置,0.7825,extract
p_ext_001417,tag_0009,宿舍,0.9039,extract
p_ext_001417,tag_0002,校园卡,0.8584,extract
p_ext_001417,tag_0001,求问,0.8011,extract
p_ext_001417,tag_0015,课程资料,0.8349,extract
p_ext_001417,tag_0016,打印店,0.964,extract
p_ext_001418,tag_0022,教材,0.8885,extract
p_ext_001418,tag_0004,二手交易,0.8938,extract
p_ext_001418,tag_0021,电动车,0.6278,extract
p_ext_001419,tag_0020,选课,0.7172,extract
p_ext_001419,tag_0029,老师,0.6297,extract
p_ext_001419,tag_0019,期末,0.7554,extract
p_ext_001420,tag_0016,打印店,0.826,extract
p_ext_001420,tag_0015,课程资料,0.8961,extract
p_ext_001420,tag_0002,校园卡,0.5442,extract
p_ext_001420,tag_0009,宿舍,0.7097,extract
p_ext_001421,tag_0015,课程资料,0.5409,extract
p_ext_001421,tag_0009,宿舍,0.7939,extract
p_ext_001421,tag_0002,校园卡,0.9265,extract
p_ext_001421,tag_0016,打印店,0.8951,extract
p_ext_001422,tag_0016,打印店,0.6656,extract
p_ext_001422,tag_0015,课程资料,0.7951,extract
p_ext_001422,tag_0002,校园卡,0.6093,extract
p_ext_001422,tag_0001,求问,0.9152,extract
p_ext_001423,tag_0016,打印店,0.5704,extract
p_ext_001423,tag_0002,校园卡,0.5229,extract
p_ext_001423,tag_0001,求问,0.9798,extract
p_ext_001423,tag_0015,课程资料,0.8205,extract
p_ext_001424,tag_0001,求问,0.7188,extract
p_ext_001424,tag_0015,课程资料,0.9879,extract
p_ext_001425,tag_0056,失物招领,0.891,extract
p_ext_001425,tag_0057,钥匙,0.8767,extract
p_ext_001425,tag_0002,校园卡,0.5637,extract
p_ext_001426,tag_0015,课程资料,0.8574,extract
p_ext_001426,tag_0001,求问,0.5247,extract
p_ext_001426,tag_0009,宿舍,0.536,extract
p_ext_001426,tag_0002,校园卡,0.6936,extract
p_ext_001426,tag_0016,打印店,0.9603,extract
p_ext_001427,tag_0021,电动车,0.808,extract
p_ext_001427,tag_0005,闲置,0.9424,extract
p_ext_001428,tag_0018,考研,0.5423,extract
p_ext_001428,tag_0033,复试,0.8889,extract
p_ext_001428,tag_0032,学习经验,0.9289,extract
p_ext_001429,tag_0009,宿舍,0.9034,extract
p_ext_001429,tag_0001,求问,0.5182,extract
p_ext_001429,tag_0002,校园卡,0.5075,extract
p_ext_001430,tag_0001,求问,0.5515,extract
p_ext_001430,tag_0016,打印店,0.9836,extract
p_ext_001430,tag_0009,宿舍,0.6086,extract
p_ext_001430,tag_0002,校园卡,0.7832,extract
p_ext_001431,tag_0009,宿舍,0.8057,extract
p_ext_001431,tag_0042,共享厨房,0.6748,extract
p_ext_001431,tag_0011,食堂,0.71,extract
p_ext_001432,tag_0016,打印店,0.7377,extract
p_ext_001432,tag_0009,宿舍,0.7627,extract
p_ext_001432,tag_0002,校园卡,0.6807,extract
p_ext_001432,tag_0001,求问,0.6339,extract
p_ext_001433,tag_0015,课程资料,0.6394,extract
p_ext_001433,tag_0002,校园卡,0.5068,extract
p_ext_001433,tag_0001,求问,0.7142,extract
p_ext_001434,tag_0002,校园卡,0.6796,extract
p_ext_001434,tag_0015,课程资料,0.6358,extract
p_ext_001434,tag_0009,宿舍,0.9274,extract
p_ext_001435,tag_0009,宿舍,0.7785,extract
p_ext_001435,tag_0001,求问,0.8435,extract
p_ext_001435,tag_0015,课程资料,0.5704,extract
p_ext_001435,tag_0016,打印店,0.9523,extract
p_ext_001435,tag_0002,校园卡,0.5632,extract
p_ext_001436,tag_0045,窗口测评,0.7078,extract
p_ext_001436,tag_0046,优惠,0.8756,extract
p_ext_001436,tag_0011,食堂,0.7853,extract
p_ext_001436,tag_0028,拼饭,0.9875,extract
p_ext_001437,tag_0002,校园卡,0.969,extract
p_ext_001437,tag_0015,课程资料,0.5059,extract
p_ext_001437,tag_0009,宿舍,0.7261,extract
p_ext_001437,tag_0016,打印店,0.8631,extract
p_ext_001438,tag_0021,电动车,0.6162,extract
p_ext_001438,tag_0005,闲置,0.7635,extract
p_ext_001438,tag_0022,教材,0.5569,extract
p_ext_001438,tag_0006,租房,0.6264,extract
p_ext_001439,tag_0016,打印店,0.775,extract
p_ext_001439,tag_0001,求问,0.6283,extract
p_ext_001439,tag_0015,课程资料,0.9358,extract
p_ext_001439,tag_0002,校园卡,0.7422,extract
p_ext_001439,tag_0009,宿舍,0.9741,extract
p_ext_001440,tag_0012,校园生活,0.8014,extract
p_ext_001440,tag_0045,窗口测评,0.7311,extract
p_ext_001440,tag_0028,拼饭,0.8324,extract
p_ext_001440,tag_0011,食堂,0.7348,extract
p_ext_001440,tag_0046,优惠,0.9935,extract
p_ext_001441,tag_0010,交友,0.6978,extract
p_ext_001441,tag_0035,羽毛球,0.7825,extract
p_ext_001441,tag_0036,活动,0.6174,extract
p_ext_001441,tag_0037,拍照,0.5948,extract
p_ext_001441,tag_0008,搭子,0.7122,extract
p_ext_001442,tag_0024,志愿服务,0.9866,extract
p_ext_001442,tag_0010,交友,0.8672,extract
p_ext_001442,tag_0023,招新,0.9917,extract
p_ext_001443,tag_0043,科研项目,0.6764,extract
p_ext_001443,tag_0044,论文,0.6165,extract
p_ext_001443,tag_0040,竞赛,0.5003,extract
p_ext_001443,tag_0041,创新项目,0.6301,extract
p_ext_001444,tag_0048,招聘,0.6789,extract
p_ext_001444,tag_0025,兼职,0.5837,extract
p_ext_001444,tag_0026,家教,0.8836,extract
p_ext_001444,tag_0014,实习,0.8598,extract
p_ext_001445,tag_0016,打印店,0.561,extract
p_ext_001445,tag_0002,校园卡,0.7749,extract
p_ext_001445,tag_0001,求问,0.6115,extract
p_ext_001445,tag_0015,课程资料,0.9972,extract
p_ext_001445,tag_0009,宿舍,0.6426,extract
p_ext_001446,tag_0002,校园卡,0.8659,extract
p_ext_001446,tag_0015,课程资料,0.6766,extract
p_ext_001446,tag_0016,打印店,0.7911,extract
p_ext_001447,tag_0001,求问,0.7214,extract
p_ext_001447,tag_0009,宿舍,0.8059,extract
p_ext_001447,tag_0015,课程资料,0.6256,extract
p_ext_001447,tag_0016,打印店,0.9746,extract
p_ext_001447,tag_0002,校园卡,0.561,extract
p_ext_001448,tag_0009,宿舍,0.9884,extract
p_ext_001448,tag_0002,校园卡,0.6224,extract
p_ext_001448,tag_0016,打印店,0.6312,extract
p_ext_001448,tag_0001,求问,0.6005,extract
p_ext_001448,tag_0015,课程资料,0.7526,extract
p_ext_001449,tag_0001,求问,0.7503,extract
p_ext_001449,tag_0015,课程资料,0.5075,extract
p_ext_001449,tag_0016,打印店,0.8729,extract
p_ext_001450,tag_0005,闲置,0.7474,extract
p_ext_001450,tag_0004,二手交易,0.5437,extract
p_ext_001450,tag_0022,教材,0.8026,extract
p_ext_001450,tag_0021,电动车,0.9382,extract
p_ext_001450,tag_0006,租房,0.6565,extract
p_ext_001451,tag_0016,打印店,0.6205,extract
p_ext_001451,tag_0009,宿舍,0.782,extract
p_ext_001451,tag_0001,求问,0.6458,extract
p_ext_001452,tag_0002,校园卡,0.6365,extract
p_ext_001452,tag_0016,打印店,0.7788,extract
p_ext_001452,tag_0001,求问,0.6606,extract
p_ext_001452,tag_0009,宿舍,0.8757,extract
p_ext_001452,tag_0015,课程资料,0.6487,extract
p_ext_001453,tag_0009,宿舍,0.8935,extract
p_ext_001453,tag_0001,求问,0.7314,extract
p_ext_001453,tag_0016,打印店,0.5738,extract
p_ext_001453,tag_0002,校园卡,0.9764,extract
p_ext_001453,tag_0015,课程资料,0.6146,extract
p_ext_001454,tag_0036,活动,0.5144,extract
p_ext_001454,tag_0054,社团,0.9574,extract
p_ext_001454,tag_0010,交友,0.5649,extract
p_ext_001454,tag_0024,志愿服务,0.8771,extract
p_ext_001454,tag_0023,招新,0.7357,extract
p_ext_001455,tag_0016,打印店,0.7837,extract
p_ext_001455,tag_0002,校园卡,0.5075,extract
p_ext_001455,tag_0009,宿舍,0.9235,extract
p_ext_001455,tag_0001,求问,0.6472,extract
p_ext_001456,tag_0005,闲置,0.6256,extract
p_ext_001456,tag_0004,二手交易,0.7972,extract
p_ext_001457,tag_0001,求问,0.6155,extract
p_ext_001457,tag_0009,宿舍,0.5645,extract
p_ext_001458,tag_0006,租房,0.9479,extract
p_ext_001458,tag_0005,闲置,0.598,extract
p_ext_001458,tag_0021,电动车,0.5424,extract
p_ext_001458,tag_0004,二手交易,0.5136,extract
p_ext_001458,tag_0022,教材,0.8024,extract
p_ext_001459,tag_0009,宿舍,0.602,extract
p_ext_001459,tag_0016,打印店,0.681,extract
p_ext_001459,tag_0015,课程资料,0.9005,extract
p_ext_001459,tag_0002,校园卡,0.7454,extract
p_ext_001459,tag_0001,求问,0.6717,extract
p_ext_001460,tag_0009,宿舍,0.9359,extract
p_ext_001460,tag_0016,打印店,0.9247,extract
p_ext_001460,tag_0002,校园卡,0.6936,extract
p_ext_001460,tag_0001,求问,0.7097,extract
p_ext_001461,tag_0015,课程资料,0.5322,extract
p_ext_001461,tag_0016,打印店,0.6444,extract
p_ext_001461,tag_0009,宿舍,0.6227,extract
p_ext_001461,tag_0002,校园卡,0.885,extract
p_ext_001461,tag_0001,求问,0.5519,extract
p_ext_001462,tag_0037,拍照,0.8052,extract
p_ext_001462,tag_0010,交友,0.8357,extract
p_ext_001462,tag_0036,活动,0.9113,extract
p_ext_001463,tag_0035,羽毛球,0.559,extract
p_ext_001463,tag_0037,拍照,0.5438,extract
p_ext_001463,tag_0036,活动,0.8813,extract
p_ext_001463,tag_0008,搭子,0.9518,extract
p_ext_001464,tag_0009,宿舍,0.7563,extract
p_ext_001464,tag_0001,求问,0.9637,extract
p_ext_001465,tag_0016,打印店,0.8396,extract
p_ext_001465,tag_0001,求问,0.7949,extract
p_ext_001465,tag_0015,课程资料,0.6272,extract
p_ext_001466,tag_0026,家教,0.5509,extract
p_ext_001466,tag_0027,薪资,0.8961,extract
p_ext_001467,tag_0028,拼饭,0.9757,extract
p_ext_001467,tag_0045,窗口测评,0.5339,extract
p_ext_001467,tag_0046,优惠,0.9786,extract
p_ext_001468,tag_0029,老师,0.7907,extract
p_ext_001468,tag_0019,期末,0.6577,extract
p_ext_001468,tag_0020,选课,0.7737,extract
p_ext_001468,tag_0030,给分,0.5772,extract
p_ext_001469,tag_0042,共享厨房,0.7676,extract
p_ext_001469,tag_0012,校园生活,0.7748,extract
p_ext_001470,tag_0011,食堂,0.798,extract
p_ext_001470,tag_0009,宿舍,0.999,extract
p_ext_001470,tag_0012,校园生活,0.8909,extract
p_ext_001470,tag_0038,校车,0.6088,extract
p_ext_001470,tag_0042,共享厨房,0.5517,extract
p_ext_001471,tag_0016,打印店,0.9795,extract
p_ext_001471,tag_0002,校园卡,0.9764,extract
p_ext_001471,tag_0015,课程资料,0.8381,extract
p_ext_001471,tag_0001,求问,0.9079,extract
p_ext_001472,tag_0009,宿舍,0.5486,extract
p_ext_001472,tag_0015,课程资料,0.8277,extract
p_ext_001472,tag_0002,校园卡,0.8567,extract
p_ext_001472,tag_0001,求问,0.8823,extract
p_ext_001472,tag_0016,打印店,0.779,extract
p_ext_001473,tag_0015,课程资料,0.8933,extract
p_ext_001473,tag_0002,校园卡,0.6118,extract
p_ext_001473,tag_0001,求问,0.6722,extract
p_ext_001474,tag_0015,课程资料,0.6331,extract
p_ext_001474,tag_0016,打印店,0.8054,extract
p_ext_001475,tag_0009,宿舍,0.5032,extract
p_ext_001475,tag_0001,求问,0.9246,extract
p_ext_001475,tag_0002,校园卡,0.8243,extract
p_ext_001475,tag_0015,课程资料,0.8853,extract
p_ext_001475,tag_0016,打印店,0.7678,extract
p_ext_001476,tag_0009,宿舍,0.9671,extract
p_ext_001476,tag_0016,打印店,0.6667,extract
p_ext_001476,tag_0002,校园卡,0.9315,extract
p_ext_001476,tag_0015,课程资料,0.6306,extract
p_ext_001477,tag_0015,课程资料,0.6451,extract
p_ext_001477,tag_0001,求问,0.6499,extract
p_ext_001477,tag_0002,校园卡,0.5134,extract
p_ext_001477,tag_0016,打印店,0.9934,extract
p_ext_001478,tag_0010,交友,0.6188,extract
p_ext_001478,tag_0037,拍照,0.8088,extract
p_ext_001478,tag_0036,活动,0.5726,extract
p_ext_001479,tag_0004,二手交易,0.7005,extract
p_ext_001479,tag_0005,闲置,0.8781,extract
p_ext_001479,tag_0021,电动车,0.5042,extract
p_ext_001479,tag_0006,租房,0.9312,extract
p_ext_001480,tag_0001,求问,0.5011,extract
p_ext_001480,tag_0015,课程资料,0.7585,extract
p_ext_001480,tag_0009,宿舍,0.8216,extract
p_ext_001480,tag_0016,打印店,0.6307,extract
p_ext_001481,tag_0009,宿舍,0.5799,extract
p_ext_001481,tag_0002,校园卡,0.8254,extract
p_ext_001482,tag_0005,闲置,0.9888,extract
p_ext_001482,tag_0021,电动车,0.7049,extract
p_ext_001483,tag_0004,二手交易,0.5704,extract
p_ext_001483,tag_0021,电动车,0.5836,extract
p_ext_001483,tag_0022,教材,0.8633,extract
p_ext_001484,tag_0040,竞赛,0.9311,extract
p_ext_001484,tag_0043,科研项目,0.9682,extract
p_ext_001485,tag_0012,校园生活,0.8583,extract
p_ext_001485,tag_0028,拼饭,0.8203,extract
p_ext_001485,tag_0046,优惠,0.9027,extract
p_ext_001486,tag_0005,闲置,0.9047,extract
p_ext_001486,tag_0006,租房,0.8714,extract
p_ext_001486,tag_0022,教材,0.6768,extract
p_ext_001486,tag_0004,二手交易,0.8533,extract
p_ext_001487,tag_0001,求问,0.6023,extract
p_ext_001487,tag_0002,校园卡,0.9456,extract
p_ext_001487,tag_0016,打印店,0.988,extract
p_ext_001487,tag_0015,课程资料,0.7641,extract
p_ext_001487,tag_0009,宿舍,0.7757,extract
p_ext_001488,tag_0005,闲置,0.5335,extract
p_ext_001488,tag_0021,电动车,0.6225,extract
p_ext_001488,tag_0022,教材,0.5256,extract
p_ext_001488,tag_0004,二手交易,0.5971,extract
p_ext_001488,tag_0006,租房,0.643,extract
p_ext_001489,tag_0005,闲置,0.9192,extract
p_ext_001489,tag_0004,二手交易,0.5658,extract
p_ext_001490,tag_0033,复试,0.6273,extract
p_ext_001490,tag_0032,学习经验,0.6473,extract
p_ext_001491,tag_0015,课程资料,0.7862,extract
p_ext_001491,tag_0009,宿舍,0.8021,extract
p_ext_001491,tag_0002,校园卡,0.9804,extract
p_ext_001491,tag_0001,求问,0.8588,extract
p_ext_001491,tag_0016,打印店,0.7907,extract
p_ext_001492,tag_0005,闲置,0.8095,extract
p_ext_001492,tag_0022,教材,0.7108,extract
p_ext_001492,tag_0021,电动车,0.9202,extract
p_ext_001492,tag_0006,租房,0.5012,extract
p_ext_001493,tag_0004,二手交易,0.7973,extract
p_ext_001493,tag_0005,闲置,0.9281,extract
p_ext_001493,tag_0006,租房,0.5996,extract
p_ext_001493,tag_0021,电动车,0.5096,extract
p_ext_001493,tag_0022,教材,0.763,extract
p_ext_001494,tag_0050,就业,0.9527,extract
p_ext_001494,tag_0048,招聘,0.5501,extract
p_ext_001494,tag_0049,简历,0.6846,extract
p_ext_001494,tag_0047,面试,0.6399,extract
p_ext_001494,tag_0014,实习,0.5693,extract
p_ext_001495,tag_0002,校园卡,0.6084,extract
p_ext_001495,tag_0001,求问,0.8988,extract
p_ext_001495,tag_0016,打印店,0.9515,extract
p_ext_001496,tag_0025,兼职,0.7194,extract
p_ext_001496,tag_0048,招聘,0.6305,extract
p_ext_001496,tag_0014,实习,0.9315,extract
p_ext_001496,tag_0027,薪资,0.9976,extract
p_ext_001497,tag_0022,教材,0.9135,extract
p_ext_001497,tag_0004,二手交易,0.621,extract
p_ext_001498,tag_0030,给分,0.875,extract
p_ext_001498,tag_0029,老师,0.9505,extract
p_ext_001498,tag_0020,选课,0.9069,extract
p_ext_001498,tag_0031,课程评价,0.6207,extract
p_ext_001498,tag_0019,期末,0.5006,extract
p_ext_001499,tag_0002,校园卡,0.9732,extract
p_ext_001499,tag_0015,课程资料,0.5628,extract
p_ext_001500,tag_0017,408,0.6612,extract
p_ext_001500,tag_0034,保研,0.6142,extract
p_ext_001501,tag_0006,租房,0.8916,extract
p_ext_001501,tag_0005,闲置,0.9358,extract
p_ext_001502,tag_0015,课程资料,0.6192,extract
p_ext_001502,tag_0009,宿舍,0.9327,extract
p_ext_001503,tag_0021,电动车,0.6891,extract
p_ext_001503,tag_0006,租房,0.6745,extract
p_ext_001504,tag_0021,电动车,0.9871,extract
p_ext_001504,tag_0004,二手交易,0.6847,extract
p_ext_001504,tag_0022,教材,0.7087,extract
p_ext_001504,tag_0005,闲置,0.7552,extract
p_ext_001505,tag_0002,校园卡,0.6227,extract
p_ext_001505,tag_0009,宿舍,0.8844,extract
p_ext_001505,tag_0001,求问,0.803,extract
p_ext_001505,tag_0016,打印店,0.8005,extract
p_ext_001506,tag_0004,二手交易,0.6845,extract
p_ext_001506,tag_0005,闲置,0.7643,extract
p_ext_001506,tag_0006,租房,0.5785,extract
p_ext_001507,tag_0016,打印店,0.5538,extract
p_ext_001507,tag_0002,校园卡,0.7665,extract
p_ext_001507,tag_0009,宿舍,0.5701,extract
p_ext_001508,tag_0055,证件,0.8336,extract
p_ext_001508,tag_0058,教学楼,0.9127,extract
p_ext_001508,tag_0056,失物招领,0.7522,extract
p_ext_001509,tag_0016,打印店,0.8959,extract
p_ext_001509,tag_0001,求问,0.6042,extract
p_ext_001509,tag_0015,课程资料,0.6665,extract
p_ext_001509,tag_0009,宿舍,0.6437,extract
p_ext_001509,tag_0002,校园卡,0.7738,extract
p_ext_001510,tag_0016,打印店,0.7562,extract
p_ext_001510,tag_0001,求问,0.6595,extract
p_ext_001510,tag_0015,课程资料,0.8817,extract
p_ext_001510,tag_0002,校园卡,0.8482,extract
p_ext_001511,tag_0009,宿舍,0.5972,extract
p_ext_001511,tag_0002,校园卡,0.5077,extract
p_ext_001511,tag_0016,打印店,0.5713,extract
p_ext_001511,tag_0001,求问,0.8476,extract
p_ext_001512,tag_0015,课程资料,0.8407,extract
p_ext_001512,tag_0009,宿舍,0.5495,extract
p_ext_001513,tag_0011,食堂,0.6676,extract
p_ext_001513,tag_0045,窗口测评,0.8936,extract
p_ext_001513,tag_0046,优惠,0.7259,extract
p_ext_001513,tag_0028,拼饭,0.7645,extract
p_ext_001514,tag_0035,羽毛球,0.6991,extract
p_ext_001514,tag_0010,交友,0.9669,extract
p_ext_001514,tag_0037,拍照,0.9259,extract
p_ext_001514,tag_0008,搭子,0.796,extract
p_ext_001514,tag_0036,活动,0.8688,extract
p_ext_001515,tag_0002,校园卡,0.6574,extract
p_ext_001515,tag_0001,求问,0.9561,extract
p_ext_001515,tag_0009,宿舍,0.869,extract
p_ext_001516,tag_0016,打印店,0.886,extract
p_ext_001516,tag_0002,校园卡,0.5433,extract
p_ext_001516,tag_0001,求问,0.5779,extract
p_ext_001516,tag_0009,宿舍,0.8909,extract
p_ext_001517,tag_0037,拍照,0.5633,extract
p_ext_001517,tag_0036,活动,0.6371,extract
p_ext_001517,tag_0035,羽毛球,0.8291,extract
p_ext_001517,tag_0010,交友,0.7992,extract
p_ext_001517,tag_0008,搭子,0.7792,extract
p_ext_001518,tag_0016,打印店,0.5555,extract
p_ext_001518,tag_0002,校园卡,0.7364,extract
p_ext_001518,tag_0015,课程资料,0.8761,extract
p_ext_001518,tag_0009,宿舍,0.5578,extract
p_ext_001518,tag_0001,求问,0.5492,extract
p_ext_001519,tag_0005,闲置,0.9106,extract
p_ext_001519,tag_0021,电动车,0.6869,extract
p_ext_001519,tag_0022,教材,0.8211,extract
p_ext_001519,tag_0006,租房,0.8289,extract
p_ext_001519,tag_0004,二手交易,0.8761,extract
p_ext_001520,tag_0015,课程资料,0.9613,extract
p_ext_001520,tag_0009,宿舍,0.9567,extract
p_ext_001520,tag_0002,校园卡,0.7698,extract
p_ext_001521,tag_0005,闲置,0.6075,extract
p_ext_001521,tag_0006,租房,0.8112,extract
p_ext_001521,tag_0021,电动车,0.5316,extract
p_ext_001521,tag_0022,教材,0.7389,extract
p_ext_001521,tag_0004,二手交易,0.5416,extract
p_ext_001522,tag_0011,食堂,0.8248,extract
p_ext_001522,tag_0038,校车,0.9543,extract
p_ext_001522,tag_0012,校园生活,0.7025,extract
p_ext_001523,tag_0010,交友,0.987,extract
p_ext_001523,tag_0037,拍照,0.7353,extract
p_ext_001523,tag_0036,活动,0.8725,extract
p_ext_001523,tag_0035,羽毛球,0.5527,extract
p_ext_001523,tag_0008,搭子,0.6817,extract
p_ext_001524,tag_0002,校园卡,0.7344,extract
p_ext_001524,tag_0009,宿舍,0.9374,extract
p_ext_001525,tag_0001,求问,0.5317,extract
p_ext_001525,tag_0009,宿舍,0.7812,extract
p_ext_001525,tag_0015,课程资料,0.6502,extract
p_ext_001525,tag_0002,校园卡,0.798,extract
p_ext_001525,tag_0016,打印店,0.5645,extract
p_ext_001526,tag_0009,宿舍,0.632,extract
p_ext_001526,tag_0015,课程资料,0.75,extract
p_ext_001527,tag_0005,闲置,0.5114,extract
p_ext_001527,tag_0022,教材,0.9275,extract
p_ext_001527,tag_0006,租房,0.6079,extract
p_ext_001527,tag_0004,二手交易,0.7987,extract
p_ext_001528,tag_0011,食堂,0.6185,extract
p_ext_001528,tag_0046,优惠,0.941,extract
p_ext_001529,tag_0032,学习经验,0.7275,extract
p_ext_001529,tag_0053,考试,0.7593,extract
p_ext_001529,tag_0052,复习资料,0.8539,extract
p_ext_001529,tag_0015,课程资料,0.9638,extract
p_ext_001529,tag_0051,学习交流,0.5311,extract
p_ext_001530,tag_0009,宿舍,0.8871,extract
p_ext_001530,tag_0015,课程资料,0.8036,extract
p_ext_001530,tag_0016,打印店,0.9854,extract
p_ext_001530,tag_0001,求问,0.8783,extract
p_ext_001530,tag_0002,校园卡,0.827,extract
p_ext_001531,tag_0032,学习经验,0.7967,extract
p_ext_001531,tag_0033,复试,0.6009,extract
p_ext_001531,tag_0034,保研,0.7965,extract
p_ext_001531,tag_0017,408,0.8974,extract
p_ext_001532,tag_0015,课程资料,0.8678,extract
p_ext_001532,tag_0001,求问,0.6533,extract
p_ext_001532,tag_0009,宿舍,0.9438,extract
p_ext_001532,tag_0016,打印店,0.5523,extract
p_ext_001532,tag_0002,校园卡,0.7412,extract
p_ext_001533,tag_0002,校园卡,0.7927,extract
p_ext_001533,tag_0015,课程资料,0.621,extract
p_ext_001533,tag_0001,求问,0.5487,extract
p_ext_001534,tag_0011,食堂,0.8282,extract
p_ext_001534,tag_0038,校车,0.5127,extract
p_ext_001534,tag_0042,共享厨房,0.7433,extract
p_ext_001534,tag_0009,宿舍,0.8345,extract
p_ext_001534,tag_0012,校园生活,0.8796,extract
p_ext_001535,tag_0053,考试,0.8329,extract
p_ext_001535,tag_0052,复习资料,0.8284,extract
p_ext_001535,tag_0015,课程资料,0.7326,extract
p_ext_001535,tag_0032,学习经验,0.8213,extract
p_ext_001535,tag_0051,学习交流,0.6248,extract
p_ext_001536,tag_0015,课程资料,0.7065,extract
p_ext_001536,tag_0009,宿舍,0.7182,extract
p_ext_001536,tag_0016,打印店,0.5503,extract
p_ext_001537,tag_0009,宿舍,0.8676,extract
p_ext_001537,tag_0015,课程资料,0.8514,extract
p_ext_001537,tag_0002,校园卡,0.884,extract
p_ext_001537,tag_0016,打印店,0.6042,extract
p_ext_001537,tag_0001,求问,0.9773,extract
p_ext_001538,tag_0005,闲置,0.5008,extract
p_ext_001538,tag_0006,租房,0.8961,extract
p_ext_001538,tag_0022,教材,0.8552,extract
p_ext_001539,tag_0001,求问,0.6938,extract
p_ext_001539,tag_0015,课程资料,0.651,extract
p_ext_001539,tag_0009,宿舍,0.9206,extract
p_ext_001540,tag_0015,课程资料,0.6901,extract
p_ext_001540,tag_0016,打印店,0.6561,extract
p_ext_001540,tag_0009,宿舍,0.6207,extract
p_ext_001540,tag_0002,校园卡,0.5473,extract
p_ext_001540,tag_0001,求问,0.5082,extract
p_ext_001541,tag_0009,宿舍,0.6553,extract
p_ext_001541,tag_0015,课程资料,0.8122,extract
p_ext_001541,tag_0002,校园卡,0.518,extract
p_ext_001541,tag_0016,打印店,0.877,extract
p_ext_001542,tag_0016,打印店,0.6945,extract
p_ext_001542,tag_0015,课程资料,0.9687,extract
p_ext_001542,tag_0002,校园卡,0.5486,extract
p_ext_001542,tag_0009,宿舍,0.9691,extract
p_ext_001543,tag_0015,课程资料,0.6024,extract
p_ext_001543,tag_0016,打印店,0.7084,extract
p_ext_001543,tag_0002,校园卡,0.7673,extract
p_ext_001543,tag_0009,宿舍,0.9751,extract
p_ext_001543,tag_0001,求问,0.7724,extract
p_ext_001544,tag_0038,校车,0.8796,extract
p_ext_001544,tag_0042,共享厨房,0.8182,extract
p_ext_001544,tag_0012,校园生活,0.9206,extract
p_ext_001544,tag_0011,食堂,0.5018,extract
p_ext_001545,tag_0042,共享厨房,0.7732,extract
p_ext_001545,tag_0009,宿舍,0.5922,extract
p_ext_001545,tag_0038,校车,0.8989,extract
p_ext_001546,tag_0002,校园卡,0.6113,extract
p_ext_001546,tag_0001,求问,0.9075,extract
p_ext_001547,tag_0006,租房,0.9291,extract
p_ext_001547,tag_0004,二手交易,0.5444,extract
p_ext_001547,tag_0005,闲置,0.7817,extract
p_ext_001547,tag_0022,教材,0.5054,extract
p_ext_001548,tag_0016,打印店,0.8424,extract
p_ext_001548,tag_0001,求问,0.8115,extract
p_ext_001548,tag_0009,宿舍,0.8511,extract
p_ext_001549,tag_0002,校园卡,0.7117,extract
p_ext_001549,tag_0001,求问,0.8047,extract
p_ext_001549,tag_0015,课程资料,0.7493,extract
p_ext_001549,tag_0009,宿舍,0.7334,extract
p_ext_001549,tag_0016,打印店,0.8253,extract
p_ext_001550,tag_0009,宿舍,0.736,extract
p_ext_001550,tag_0001,求问,0.9794,extract
p_ext_001551,tag_0015,课程资料,0.6656,extract
p_ext_001551,tag_0002,校园卡,0.8991,extract
p_ext_001552,tag_0002,校园卡,0.6135,extract
p_ext_001552,tag_0001,求问,0.926,extract
p_ext_001553,tag_0008,搭子,0.7856,extract
p_ext_001553,tag_0036,活动,0.792,extract
p_ext_001553,tag_0035,羽毛球,0.7222,extract
p_ext_001553,tag_0010,交友,0.5057,extract
p_ext_001554,tag_0010,交友,0.819,extract
p_ext_001554,tag_0037,拍照,0.9562,extract
p_ext_001554,tag_0035,羽毛球,0.5292,extract
p_ext_001554,tag_0036,活动,0.7067,extract
p_ext_001554,tag_0008,搭子,0.6735,extract
p_ext_001555,tag_0049,简历,0.5413,extract
p_ext_001555,tag_0014,实习,0.6169,extract
p_ext_001555,tag_0048,招聘,0.9364,extract
p_ext_001555,tag_0050,就业,0.6821,extract
p_ext_001555,tag_0047,面试,0.993,extract
p_ext_001556,tag_0001,求问,0.7029,extract
p_ext_001556,tag_0009,宿舍,0.8336,extract
p_ext_001556,tag_0015,课程资料,0.7365,extract
p_ext_001556,tag_0002,校园卡,0.5345,extract
p_ext_001556,tag_0016,打印店,0.5176,extract
p_ext_001557,tag_0016,打印店,0.7785,extract
p_ext_001557,tag_0015,课程资料,0.9777,extract
p_ext_001557,tag_0009,宿舍,0.6585,extract
p_ext_001557,tag_0001,求问,0.8444,extract
p_ext_001558,tag_0012,校园生活,0.8354,extract
p_ext_001558,tag_0042,共享厨房,0.8238,extract
p_ext_001558,tag_0011,食堂,0.7892,extract
p_ext_001558,tag_0038,校车,0.8081,extract
p_ext_001558,tag_0009,宿舍,0.8609,extract
p_ext_001559,tag_0016,打印店,0.8078,extract
p_ext_001559,tag_0015,课程资料,0.712,extract
p_ext_001559,tag_0001,求问,0.6766,extract
p_ext_001559,tag_0002,校园卡,0.6187,extract
p_ext_001559,tag_0009,宿舍,0.9182,extract
p_ext_001560,tag_0016,打印店,0.6962,extract
p_ext_001560,tag_0015,课程资料,0.7156,extract
p_ext_001561,tag_0006,租房,0.8477,extract
p_ext_001561,tag_0004,二手交易,0.873,extract
p_ext_001561,tag_0005,闲置,0.767,extract
p_ext_001561,tag_0022,教材,0.5198,extract
p_ext_001562,tag_0001,求问,0.6141,extract
p_ext_001562,tag_0009,宿舍,0.6066,extract
p_ext_001563,tag_0006,租房,0.6378,extract
p_ext_001563,tag_0021,电动车,0.6829,extract
p_ext_001563,tag_0022,教材,0.5572,extract
p_ext_001563,tag_0004,二手交易,0.9396,extract
p_ext_001563,tag_0005,闲置,0.804,extract
p_ext_001564,tag_0009,宿舍,0.7375,extract
p_ext_001564,tag_0001,求问,0.5965,extract
p_ext_001565,tag_0016,打印店,0.9286,extract
p_ext_001565,tag_0009,宿舍,0.9541,extract
p_ext_001565,tag_0015,课程资料,0.947,extract
p_ext_001566,tag_0011,食堂,0.935,extract
p_ext_001566,tag_0012,校园生活,0.9245,extract
p_ext_001567,tag_0017,408,0.8935,extract
p_ext_001567,tag_0033,复试,0.7665,extract
p_ext_001567,tag_0034,保研,0.5418,extract
p_ext_001567,tag_0018,考研,0.8273,extract
p_ext_001568,tag_0016,打印店,0.5023,extract
p_ext_001568,tag_0001,求问,0.9074,extract
p_ext_001568,tag_0002,校园卡,0.6325,extract
p_ext_001568,tag_0015,课程资料,0.73,extract
p_ext_001568,tag_0009,宿舍,0.59,extract
p_ext_001569,tag_0016,打印店,0.5448,extract
p_ext_001569,tag_0002,校园卡,0.6503,extract
p_ext_001569,tag_0009,宿舍,0.9979,extract
p_ext_001569,tag_0001,求问,0.709,extract
p_ext_001569,tag_0015,课程资料,0.9528,extract
p_ext_001570,tag_0002,校园卡,0.7619,extract
p_ext_001570,tag_0009,宿舍,0.576,extract
p_ext_001570,tag_0016,打印店,0.6836,extract
p_ext_001570,tag_0001,求问,0.9535,extract
p_ext_001571,tag_0016,打印店,0.8139,extract
p_ext_001571,tag_0015,课程资料,0.5558,extract
p_ext_001571,tag_0009,宿舍,0.5792,extract
p_ext_001571,tag_0001,求问,0.9888,extract
p_ext_001571,tag_0002,校园卡,0.6573,extract
p_ext_001572,tag_0041,创新项目,0.5076,extract
p_ext_001572,tag_0043,科研项目,0.8839,extract
p_ext_001572,tag_0044,论文,0.7013,extract
p_ext_001572,tag_0040,竞赛,0.7089,extract
p_ext_001572,tag_0039,组队,0.8391,extract
p_ext_001573,tag_0004,二手交易,0.7216,extract
p_ext_001573,tag_0006,租房,0.8199,extract
p_ext_001573,tag_0022,教材,0.5833,extract
p_ext_001573,tag_0005,闲置,0.6947,extract
p_ext_001573,tag_0021,电动车,0.6685,extract
p_ext_001574,tag_0022,教材,0.8131,extract
p_ext_001574,tag_0005,闲置,0.649,extract
p_ext_001574,tag_0006,租房,0.7774,extract
p_ext_001574,tag_0004,二手交易,0.654,extract
p_ext_001574,tag_0021,电动车,0.8721,extract
p_ext_001575,tag_0009,宿舍,0.8763,extract
p_ext_001575,tag_0002,校园卡,0.9321,extract
p_ext_001576,tag_0016,打印店,0.6394,extract
p_ext_001576,tag_0015,课程资料,0.6033,extract
p_ext_001576,tag_0001,求问,0.968,extract
p_ext_001576,tag_0009,宿舍,0.7336,extract
p_ext_001576,tag_0002,校园卡,0.5874,extract
p_ext_001577,tag_0015,课程资料,0.999,extract
p_ext_001577,tag_0009,宿舍,0.9281,extract
p_ext_001577,tag_0002,校园卡,0.6505,extract
p_ext_001577,tag_0001,求问,0.9562,extract
p_ext_001577,tag_0016,打印店,0.7975,extract
p_ext_001578,tag_0016,打印店,0.73,extract
p_ext_001578,tag_0015,课程资料,0.7299,extract
p_ext_001579,tag_0023,招新,0.704,extract
p_ext_001579,tag_0036,活动,0.8468,extract
p_ext_001579,tag_0024,志愿服务,0.6217,extract
p_ext_001580,tag_0021,电动车,0.737,extract
p_ext_001580,tag_0022,教材,0.583,extract
p_ext_001580,tag_0004,二手交易,0.5803,extract
p_ext_001580,tag_0006,租房,0.5324,extract
p_ext_001581,tag_0014,实习,0.7785,extract
p_ext_001581,tag_0048,招聘,0.9603,extract
p_ext_001581,tag_0049,简历,0.574,extract
p_ext_001581,tag_0050,就业,0.9035,extract
p_ext_001581,tag_0047,面试,0.6538,extract
p_ext_001582,tag_0001,求问,0.5397,extract
p_ext_001582,tag_0002,校园卡,0.509,extract
p_ext_001583,tag_0006,租房,0.6404,extract
p_ext_001583,tag_0004,二手交易,0.8897,extract
p_ext_001583,tag_0005,闲置,0.9873,extract
p_ext_001583,tag_0021,电动车,0.8802,extract
p_ext_001584,tag_0015,课程资料,0.8852,extract
p_ext_001584,tag_0016,打印店,0.7718,extract
p_ext_001584,tag_0002,校园卡,0.9641,extract
p_ext_001585,tag_0016,打印店,0.6667,extract
p_ext_001585,tag_0002,校园卡,0.6849,extract
p_ext_001585,tag_0001,求问,0.8568,extract
p_ext_001586,tag_0009,宿舍,0.6402,extract
p_ext_001586,tag_0002,校园卡,0.7406,extract
p_ext_001586,tag_0001,求问,0.854,extract
p_ext_001587,tag_0014,实习,0.7743,extract
p_ext_001587,tag_0027,薪资,0.5722,extract
p_ext_001587,tag_0025,兼职,0.8911,extract
p_ext_001587,tag_0048,招聘,0.8608,extract
p_ext_001587,tag_0026,家教,0.7831,extract
p_ext_001588,tag_0010,交友,0.8982,extract
p_ext_001588,tag_0036,活动,0.7835,extract
p_ext_001588,tag_0035,羽毛球,0.7689,extract
p_ext_001588,tag_0037,拍照,0.7511,extract
p_ext_001588,tag_0008,搭子,0.6721,extract
p_ext_001589,tag_0049,简历,0.8952,extract
p_ext_001589,tag_0047,面试,0.6281,extract
p_ext_001590,tag_0024,志愿服务,0.7714,extract
p_ext_001590,tag_0023,招新,0.7475,extract
p_ext_001591,tag_0005,闲置,0.8628,extract
p_ext_001591,tag_0021,电动车,0.5457,extract
p_ext_001591,tag_0006,租房,0.8257,extract
p_ext_001591,tag_0004,二手交易,0.664,extract
p_ext_001591,tag_0022,教材,0.5924,extract
p_ext_001592,tag_0001,求问,0.5903,extract
p_ext_001592,tag_0016,打印店,0.908,extract
p_ext_001593,tag_0021,电动车,0.7875,extract
p_ext_001593,tag_0005,闲置,0.7783,extract
p_ext_001593,tag_0022,教材,0.9055,extract
p_ext_001593,tag_0004,二手交易,0.5927,extract
p_ext_001594,tag_0010,交友,0.852,extract
p_ext_001594,tag_0035,羽毛球,0.7658,extract
p_ext_001594,tag_0037,拍照,0.6149,extract
p_ext_001595,tag_0001,求问,0.8337,extract
p_ext_001595,tag_0015,课程资料,0.6245,extract
p_ext_001595,tag_0002,校园卡,0.9328,extract
p_ext_001595,tag_0016,打印店,0.6839,extract
p_ext_001595,tag_0009,宿舍,0.6298,extract
p_ext_001596,tag_0015,课程资料,0.8421,extract
p_ext_001596,tag_0002,校园卡,0.7798,extract
p_ext_001596,tag_0016,打印店,0.9847,extract
p_ext_001596,tag_0009,宿舍,0.9512,extract
p_ext_001597,tag_0014,实习,0.876,extract
p_ext_001597,tag_0026,家教,0.9205,extract
p_ext_001598,tag_0015,课程资料,0.9177,extract
p_ext_001598,tag_0016,打印店,0.6471,extract
p_ext_001598,tag_0001,求问,0.8936,extract
p_ext_001598,tag_0002,校园卡,0.9604,extract
p_ext_001599,tag_0015,课程资料,0.8444,extract
p_ext_001599,tag_0016,打印店,0.7195,extract
p_ext_001599,tag_0009,宿舍,0.757,extract
p_ext_001600,tag_0016,打印店,0.54,extract
p_ext_001600,tag_0015,课程资料,0.7691,extract
p_ext_001601,tag_0004,二手交易,0.9749,extract
p_ext_001601,tag_0022,教材,0.9476,extract
p_ext_001601,tag_0005,闲置,0.8672,extract
p_ext_001602,tag_0009,宿舍,0.6537,extract
p_ext_001602,tag_0002,校园卡,0.938,extract
p_ext_001603,tag_0009,宿舍,0.5853,extract
p_ext_001603,tag_0016,打印店,0.7433,extract
p_ext_001603,tag_0002,校园卡,0.9433,extract
p_ext_001603,tag_0015,课程资料,0.5319,extract
p_ext_001603,tag_0001,求问,0.839,extract
p_ext_001604,tag_0004,二手交易,0.9216,extract
p_ext_001604,tag_0022,教材,0.9428,extract
p_ext_001605,tag_0001,求问,0.7135,extract
p_ext_001605,tag_0002,校园卡,0.8575,extract
p_ext_001605,tag_0016,打印店,0.7018,extract
p_ext_001606,tag_0021,电动车,0.9222,extract
p_ext_001606,tag_0022,教材,0.9732,extract
p_ext_001606,tag_0004,二手交易,0.9445,extract
p_ext_001607,tag_0045,窗口测评,0.8458,extract
p_ext_001607,tag_0028,拼饭,0.8487,extract
p_ext_001607,tag_0012,校园生活,0.6599,extract
p_ext_001607,tag_0011,食堂,0.9342,extract
p_ext_001608,tag_0044,论文,0.8195,extract
p_ext_001608,tag_0041,创新项目,0.6786,extract
p_ext_001608,tag_0039,组队,0.5407,extract
p_ext_001608,tag_0043,科研项目,0.9403,extract
p_ext_001608,tag_0040,竞赛,0.8267,extract
p_ext_001609,tag_0015,课程资料,0.5095,extract
p_ext_001609,tag_0016,打印店,0.7522,extract
p_ext_001610,tag_0009,宿舍,0.8934,extract
p_ext_001610,tag_0016,打印店,0.8146,extract
p_ext_001611,tag_0041,创新项目,0.9629,extract
p_ext_001611,tag_0043,科研项目,0.7762,extract
p_ext_001611,tag_0044,论文,0.5664,extract
p_ext_001611,tag_0039,组队,0.5928,extract
p_ext_001612,tag_0002,校园卡,0.9131,extract
p_ext_001612,tag_0001,求问,0.707,extract
p_ext_001612,tag_0009,宿舍,0.8049,extract
p_ext_001612,tag_0015,课程资料,0.5893,extract
p_ext_001612,tag_0016,打印店,0.6164,extract
p_ext_001613,tag_0002,校园卡,0.6133,extract
p_ext_001613,tag_0016,打印店,0.9248,extract
p_ext_001613,tag_0009,宿舍,0.9748,extract
p_ext_001613,tag_0001,求问,0.7005,extract
p_ext_001614,tag_0009,宿舍,0.6758,extract
p_ext_001614,tag_0015,课程资料,0.7311,extract
p_ext_001614,tag_0002,校园卡,0.7043,extract
p_ext_001615,tag_0024,志愿服务,0.9075,extract
p_ext_001615,tag_0010,交友,0.6297,extract
p_ext_001615,tag_0023,招新,0.7029,extract
p_ext_001615,tag_0036,活动,0.9898,extract
p_ext_001615,tag_0054,社团,0.6363,extract
p_ext_001616,tag_0010,交友,0.7423,extract
p_ext_001616,tag_0008,搭子,0.7464,extract
p_ext_001616,tag_0035,羽毛球,0.5076,extract
p_ext_001617,tag_0037,拍照,0.9955,extract
p_ext_001617,tag_0008,搭子,0.9186,extract
p_ext_001617,tag_0035,羽毛球,0.807,extract
p_ext_001617,tag_0036,活动,0.8742,extract
p_ext_001617,tag_0010,交友,0.8652,extract
p_ext_001618,tag_0009,宿舍,0.9585,extract
p_ext_001618,tag_0015,课程资料,0.5639,extract
p_ext_001619,tag_0009,宿舍,0.968,extract
p_ext_001619,tag_0016,打印店,0.9437,extract
p_ext_001619,tag_0002,校园卡,0.8805,extract
p_ext_001619,tag_0015,课程资料,0.712,extract
p_ext_001619,tag_0001,求问,0.5856,extract
p_ext_001620,tag_0016,打印店,0.5176,extract
p_ext_001620,tag_0002,校园卡,0.563,extract
p_ext_001620,tag_0015,课程资料,0.821,extract
p_ext_001620,tag_0009,宿舍,0.8196,extract
p_ext_001620,tag_0001,求问,0.5673,extract
p_ext_001621,tag_0022,教材,0.9542,extract
p_ext_001621,tag_0021,电动车,0.8192,extract
p_ext_001621,tag_0004,二手交易,0.6518,extract
p_ext_001622,tag_0015,课程资料,0.653,extract
p_ext_001622,tag_0001,求问,0.8281,extract
p_ext_001622,tag_0016,打印店,0.7852,extract
p_ext_001622,tag_0002,校园卡,0.9494,extract
p_ext_001622,tag_0009,宿舍,0.9966,extract
p_ext_001623,tag_0009,宿舍,0.7813,extract
p_ext_001623,tag_0002,校园卡,0.8088,extract
p_ext_001623,tag_0016,打印店,0.5199,extract
p_ext_001624,tag_0005,闲置,0.9586,extract
p_ext_001624,tag_0021,电动车,0.5116,extract
p_ext_001624,tag_0006,租房,0.9933,extract
p_ext_001624,tag_0004,二手交易,0.9744,extract
p_ext_001624,tag_0022,教材,0.5835,extract
p_ext_001625,tag_0017,408,0.878,extract
p_ext_001625,tag_0032,学习经验,0.5735,extract
p_ext_001625,tag_0033,复试,0.7122,extract
p_ext_001625,tag_0018,考研,0.9679,extract
p_ext_001626,tag_0021,电动车,0.8321,extract
p_ext_001626,tag_0022,教材,0.6796,extract
p_ext_001626,tag_0005,闲置,0.799,extract
p_ext_001626,tag_0006,租房,0.8504,extract
p_ext_001627,tag_0016,打印店,0.9848,extract
p_ext_001627,tag_0002,校园卡,0.8768,extract
p_ext_001628,tag_0010,交友,0.7086,extract
p_ext_001628,tag_0036,活动,0.6584,extract
p_ext_001629,tag_0016,打印店,0.5879,extract
p_ext_001629,tag_0009,宿舍,0.8877,extract
p_ext_001630,tag_0054,社团,0.5403,extract
p_ext_001630,tag_0010,交友,0.6512,extract
p_ext_001630,tag_0024,志愿服务,0.5413,extract
p_ext_001630,tag_0023,招新,0.9132,extract
p_ext_001631,tag_0010,交友,0.6509,extract
p_ext_001631,tag_0036,活动,0.6372,extract
p_ext_001631,tag_0008,搭子,0.6646,extract
p_ext_001631,tag_0037,拍照,0.8774,extract
p_ext_001632,tag_0009,宿舍,0.6242,extract
p_ext_001632,tag_0015,课程资料,0.7327,extract
p_ext_001632,tag_0001,求问,0.5726,extract
p_ext_001633,tag_0038,校车,0.63,extract
p_ext_001633,tag_0011,食堂,0.9142,extract
p_ext_001633,tag_0009,宿舍,0.5628,extract
p_ext_001633,tag_0012,校园生活,0.8607,extract
p_ext_001633,tag_0042,共享厨房,0.921,extract
p_ext_001634,tag_0016,打印店,0.6205,extract
p_ext_001634,tag_0015,课程资料,0.8317,extract
p_ext_001635,tag_0021,电动车,0.6323,extract
p_ext_001635,tag_0005,闲置,0.5162,extract
p_ext_001635,tag_0006,租房,0.5866,extract
p_ext_001635,tag_0004,二手交易,0.6755,extract
p_ext_001636,tag_0001,求问,0.7418,extract
p_ext_001636,tag_0002,校园卡,0.7675,extract
p_ext_001636,tag_0016,打印店,0.8027,extract
p_ext_001636,tag_0015,课程资料,0.904,extract
p_ext_001636,tag_0009,宿舍,0.8527,extract
p_ext_001637,tag_0042,共享厨房,0.5989,extract
p_ext_001637,tag_0009,宿舍,0.9448,extract
p_ext_001637,tag_0012,校园生活,0.8254,extract
p_ext_001638,tag_0052,复习资料,0.8641,extract
p_ext_001638,tag_0032,学习经验,0.8127,extract
p_ext_001639,tag_0009,宿舍,0.8358,extract
p_ext_001639,tag_0042,共享厨房,0.7012,extract
p_ext_001639,tag_0011,食堂,0.6009,extract
p_ext_001640,tag_0001,求问,0.6306,extract
p_ext_001640,tag_0016,打印店,0.8745,extract
p_ext_001640,tag_0015,课程资料,0.5389,extract
p_ext_001640,tag_0009,宿舍,0.5724,extract
p_ext_001640,tag_0002,校园卡,0.6932,extract
p_ext_001641,tag_0015,课程资料,0.9266,extract
p_ext_001641,tag_0009,宿舍,0.548,extract
p_ext_001642,tag_0024,志愿服务,0.6197,extract
p_ext_001642,tag_0036,活动,0.9927,extract
p_ext_001643,tag_0009,宿舍,0.9007,extract
p_ext_001643,tag_0015,课程资料,0.8262,extract
p_ext_001643,tag_0001,求问,0.8306,extract
p_ext_001643,tag_0016,打印店,0.9129,extract
p_ext_001644,tag_0016,打印店,0.8841,extract
p_ext_001644,tag_0002,校园卡,0.9414,extract
p_ext_001644,tag_0009,宿舍,0.9137,extract
p_ext_001644,tag_0001,求问,0.5454,extract
p_ext_001644,tag_0015,课程资料,0.9555,extract
p_ext_001645,tag_0004,二手交易,0.6816,extract
p_ext_001645,tag_0021,电动车,0.9921,extract
p_ext_001645,tag_0022,教材,0.942,extract
p_ext_001645,tag_0006,租房,0.5215,extract
p_ext_001645,tag_0005,闲置,0.7358,extract
p_ext_001646,tag_0009,宿舍,0.5009,extract
p_ext_001646,tag_0016,打印店,0.7581,extract
p_ext_001646,tag_0001,求问,0.6111,extract
p_ext_001646,tag_0015,课程资料,0.9164,extract
p_ext_001647,tag_0009,宿舍,0.5535,extract
p_ext_001647,tag_0002,校园卡,0.6104,extract
p_ext_001647,tag_0015,课程资料,0.7839,extract
p_ext_001648,tag_0015,课程资料,0.872,extract
p_ext_001648,tag_0016,打印店,0.7597,extract
p_ext_001648,tag_0001,求问,0.7506,extract
p_ext_001648,tag_0002,校园卡,0.8478,extract
p_ext_001649,tag_0016,打印店,0.8631,extract
p_ext_001649,tag_0009,宿舍,0.7408,extract
p_ext_001650,tag_0002,校园卡,0.5896,extract
p_ext_001650,tag_0016,打印店,0.6351,extract
p_ext_001650,tag_0015,课程资料,0.5434,extract
p_ext_001650,tag_0001,求问,0.6962,extract
p_ext_001650,tag_0009,宿舍,0.9099,extract
p_ext_001651,tag_0035,羽毛球,0.6501,extract
p_ext_001651,tag_0008,搭子,0.798,extract
p_ext_001651,tag_0036,活动,0.9335,extract
p_ext_001652,tag_0016,打印店,0.9732,extract
p_ext_001652,tag_0009,宿舍,0.8434,extract
p_ext_001653,tag_0021,电动车,0.8982,extract
p_ext_001653,tag_0005,闲置,0.9727,extract
p_ext_001653,tag_0004,二手交易,0.7476,extract
p_ext_001653,tag_0022,教材,0.8771,extract
p_ext_001654,tag_0036,活动,0.8652,extract
p_ext_001654,tag_0023,招新,0.939,extract
p_ext_001654,tag_0024,志愿服务,0.5529,extract
p_ext_001654,tag_0010,交友,0.7155,extract
p_ext_001654,tag_0054,社团,0.7895,extract
p_ext_001655,tag_0035,羽毛球,0.6341,extract
p_ext_001655,tag_0037,拍照,0.794,extract
p_ext_001655,tag_0010,交友,0.5186,extract
p_ext_001656,tag_0015,课程资料,0.6489,extract
p_ext_001656,tag_0009,宿舍,0.6468,extract
p_ext_001656,tag_0002,校园卡,0.7953,extract
p_ext_001656,tag_0001,求问,0.7361,extract
p_ext_001657,tag_0002,校园卡,0.8734,extract
p_ext_001657,tag_0015,课程资料,0.845,extract
p_ext_001657,tag_0001,求问,0.8179,extract
p_ext_001657,tag_0016,打印店,0.9885,extract
p_ext_001657,tag_0009,宿舍,0.6417,extract
p_ext_001658,tag_0010,交友,0.8287,extract
p_ext_001658,tag_0024,志愿服务,0.6516,extract
p_ext_001658,tag_0023,招新,0.532,extract
p_ext_001659,tag_0009,宿舍,0.8176,extract
p_ext_001659,tag_0002,校园卡,0.9513,extract
p_ext_001660,tag_0015,课程资料,0.6903,extract
p_ext_001660,tag_0051,学习交流,0.7469,extract
p_ext_001661,tag_0050,就业,0.5691,extract
p_ext_001661,tag_0047,面试,0.5411,extract
p_ext_001661,tag_0014,实习,0.9122,extract
p_ext_001661,tag_0049,简历,0.6411,extract
p_ext_001662,tag_0006,租房,0.9164,extract
p_ext_001662,tag_0004,二手交易,0.5149,extract
p_ext_001662,tag_0005,闲置,0.7877,extract
p_ext_001662,tag_0021,电动车,0.5341,extract
p_ext_001662,tag_0022,教材,0.873,extract
p_ext_001663,tag_0036,活动,0.6381,extract
p_ext_001663,tag_0008,搭子,0.6953,extract
p_ext_001664,tag_0001,求问,0.7566,extract
p_ext_001664,tag_0015,课程资料,0.514,extract
p_ext_001665,tag_0002,校园卡,0.8939,extract
p_ext_001665,tag_0001,求问,0.7472,extract
p_ext_001665,tag_0015,课程资料,0.55,extract
p_ext_001665,tag_0016,打印店,0.598,extract
p_ext_001666,tag_0015,课程资料,0.9963,extract
p_ext_001666,tag_0009,宿舍,0.6823,extract
p_ext_001666,tag_0002,校园卡,0.6903,extract
p_ext_001666,tag_0001,求问,0.5814,extract
p_ext_001666,tag_0016,打印店,0.5824,extract
p_ext_001667,tag_0009,宿舍,0.5002,extract
p_ext_001667,tag_0001,求问,0.9097,extract
p_ext_001667,tag_0015,课程资料,0.8253,extract
p_ext_001667,tag_0002,校园卡,0.5197,extract
p_ext_001668,tag_0016,打印店,0.7707,extract
p_ext_001668,tag_0001,求问,0.8602,extract
p_ext_001668,tag_0009,宿舍,0.6545,extract
p_ext_001668,tag_0002,校园卡,0.908,extract
p_ext_001669,tag_0006,租房,0.6036,extract
p_ext_001669,tag_0021,电动车,0.9323,extract
p_ext_001670,tag_0015,课程资料,0.9366,extract
p_ext_001670,tag_0002,校园卡,0.5682,extract
p_ext_001670,tag_0001,求问,0.5551,extract
p_ext_001671,tag_0009,宿舍,0.9036,extract
p_ext_001671,tag_0001,求问,0.8719,extract
p_ext_001671,tag_0016,打印店,0.835,extract
p_ext_001671,tag_0015,课程资料,0.5231,extract
p_ext_001672,tag_0002,校园卡,0.502,extract
p_ext_001672,tag_0009,宿舍,0.7763,extract
p_ext_001672,tag_0015,课程资料,0.7002,extract
p_ext_001672,tag_0001,求问,0.605,extract
p_ext_001673,tag_0001,求问,0.6819,extract
p_ext_001673,tag_0002,校园卡,0.9854,extract
p_ext_001673,tag_0015,课程资料,0.8758,extract
p_ext_001673,tag_0009,宿舍,0.8861,extract
p_ext_001674,tag_0012,校园生活,0.6248,extract
p_ext_001674,tag_0011,食堂,0.9531,extract
p_ext_001674,tag_0009,宿舍,0.6633,extract
p_ext_001674,tag_0038,校车,0.8582,extract
p_ext_001674,tag_0042,共享厨房,0.8769,extract
p_ext_001675,tag_0014,实习,0.5056,extract
p_ext_001675,tag_0050,就业,0.9047,extract
p_ext_001675,tag_0049,简历,0.8198,extract
p_ext_001676,tag_0009,宿舍,0.9143,extract
p_ext_001676,tag_0002,校园卡,0.8051,extract
p_ext_001676,tag_0015,课程资料,0.5836,extract
p_ext_001677,tag_0035,羽毛球,0.9387,extract
p_ext_001677,tag_0036,活动,0.5287,extract
p_ext_001677,tag_0010,交友,0.9743,extract
p_ext_001677,tag_0008,搭子,0.9225,extract
p_ext_001678,tag_0001,求问,0.6012,extract
p_ext_001678,tag_0002,校园卡,0.5083,extract
p_ext_001678,tag_0009,宿舍,0.6804,extract
p_ext_001679,tag_0001,求问,0.993,extract
p_ext_001679,tag_0009,宿舍,0.8909,extract
p_ext_001679,tag_0016,打印店,0.5767,extract
p_ext_001680,tag_0001,求问,0.5754,extract
p_ext_001680,tag_0009,宿舍,0.6933,extract
p_ext_001680,tag_0016,打印店,0.7265,extract
p_ext_001681,tag_0016,打印店,0.5535,extract
p_ext_001681,tag_0002,校园卡,0.5214,extract
p_ext_001681,tag_0015,课程资料,0.8433,extract
p_ext_001681,tag_0001,求问,0.5143,extract
p_ext_001682,tag_0009,宿舍,0.6689,extract
p_ext_001682,tag_0002,校园卡,0.9508,extract
p_ext_001683,tag_0002,校园卡,0.5598,extract
p_ext_001683,tag_0001,求问,0.8621,extract
p_ext_001683,tag_0009,宿舍,0.6981,extract
p_ext_001684,tag_0002,校园卡,0.5034,extract
p_ext_001684,tag_0016,打印店,0.8991,extract
p_ext_001684,tag_0009,宿舍,0.7635,extract
p_ext_001684,tag_0015,课程资料,0.875,extract
p_ext_001684,tag_0001,求问,0.9172,extract
p_ext_001685,tag_0009,宿舍,0.5215,extract
p_ext_001685,tag_0002,校园卡,0.7678,extract
p_ext_001685,tag_0001,求问,0.704,extract
p_ext_001685,tag_0016,打印店,0.5848,extract
p_ext_001685,tag_0015,课程资料,0.8068,extract
p_ext_001686,tag_0014,实习,0.805,extract
p_ext_001686,tag_0049,简历,0.748,extract
p_ext_001687,tag_0009,宿舍,0.944,extract
p_ext_001687,tag_0015,课程资料,0.8607,extract
p_ext_001687,tag_0001,求问,0.5797,extract
p_ext_001688,tag_0008,搭子,0.7273,extract
p_ext_001688,tag_0036,活动,0.8996,extract
p_ext_001688,tag_0035,羽毛球,0.7344,extract
p_ext_001689,tag_0031,课程评价,0.5115,extract
p_ext_001689,tag_0020,选课,0.8524,extract
p_ext_001689,tag_0019,期末,0.6782,extract
p_ext_001689,tag_0030,给分,0.522,extract
p_ext_001690,tag_0041,创新项目,0.7275,extract
p_ext_001690,tag_0040,竞赛,0.54,extract
p_ext_001690,tag_0043,科研项目,0.7694,extract
p_ext_001690,tag_0039,组队,0.732,extract
p_ext_001691,tag_0002,校园卡,0.8449,extract
p_ext_001691,tag_0009,宿舍,0.9893,extract
p_ext_001691,tag_0016,打印店,0.6801,extract
p_ext_001691,tag_0001,求问,0.8083,extract
p_ext_001691,tag_0015,课程资料,0.8486,extract
p_ext_001692,tag_0021,电动车,0.6185,extract
p_ext_001692,tag_0022,教材,0.9546,extract
p_ext_001693,tag_0006,租房,0.6987,extract
p_ext_001693,tag_0022,教材,0.7708,extract
p_ext_001693,tag_0004,二手交易,0.8554,extract
p_ext_001694,tag_0015,课程资料,0.824,extract
p_ext_001694,tag_0009,宿舍,0.8963,extract
p_ext_001694,tag_0001,求问,0.8604,extract
p_ext_001694,tag_0016,打印店,0.6242,extract
p_ext_001695,tag_0028,拼饭,0.6342,extract
p_ext_001695,tag_0012,校园生活,0.8313,extract
p_ext_001696,tag_0002,校园卡,0.857,extract
p_ext_001696,tag_0009,宿舍,0.6113,extract
p_ext_001696,tag_0001,求问,0.8288,extract
p_ext_001696,tag_0016,打印店,0.7781,extract
p_ext_001696,tag_0015,课程资料,0.9913,extract
p_ext_001697,tag_0015,课程资料,0.5015,extract
p_ext_001697,tag_0001,求问,0.8841,extract
p_ext_001697,tag_0016,打印店,0.7106,extract
p_ext_001697,tag_0002,校园卡,0.6974,extract
p_ext_001697,tag_0009,宿舍,0.7487,extract
p_ext_001698,tag_0009,宿舍,0.5324,extract
p_ext_001698,tag_0015,课程资料,0.8174,extract
p_ext_001699,tag_0001,求问,0.7413,extract
p_ext_001699,tag_0015,课程资料,0.7098,extract
p_ext_001700,tag_0022,教材,0.7374,extract
p_ext_001700,tag_0006,租房,0.8916,extract
p_ext_001701,tag_0005,闲置,0.5023,extract
p_ext_001701,tag_0006,租房,0.7214,extract
p_ext_001702,tag_0008,搭子,0.7292,extract
p_ext_001702,tag_0037,拍照,0.7568,extract
p_ext_001702,tag_0035,羽毛球,0.6732,extract
p_ext_001702,tag_0036,活动,0.5801,extract
p_ext_001703,tag_0002,校园卡,0.8915,extract
p_ext_001703,tag_0016,打印店,0.7116,extract
p_ext_001703,tag_0015,课程资料,0.6731,extract
p_ext_001704,tag_0001,求问,0.9521,extract
p_ext_001704,tag_0016,打印店,0.64,extract
p_ext_001705,tag_0002,校园卡,0.7117,extract
p_ext_001705,tag_0009,宿舍,0.9151,extract
p_ext_001705,tag_0016,打印店,0.9001,extract
p_ext_001705,tag_0015,课程资料,0.5784,extract
p_ext_001705,tag_0001,求问,0.6965,extract
p_ext_001706,tag_0009,宿舍,0.6405,extract
p_ext_001706,tag_0015,课程资料,0.6759,extract
p_ext_001707,tag_0036,活动,0.7745,extract
p_ext_001707,tag_0010,交友,0.536,extract
p_ext_001708,tag_0004,二手交易,0.5002,extract
p_ext_001708,tag_0021,电动车,0.5796,extract
p_ext_001708,tag_0005,闲置,0.6243,extract
p_ext_001708,tag_0006,租房,0.6307,extract
p_ext_001708,tag_0022,教材,0.5601,extract
p_ext_001709,tag_0022,教材,0.7883,extract
p_ext_001709,tag_0005,闲置,0.51,extract
p_ext_001709,tag_0006,租房,0.8428,extract
p_ext_001710,tag_0009,宿舍,0.9204,extract
p_ext_001710,tag_0042,共享厨房,0.978,extract
p_ext_001711,tag_0016,打印店,0.7831,extract
p_ext_001711,tag_0001,求问,0.9446,extract
p_ext_001711,tag_0002,校园卡,0.601,extract
p_ext_001711,tag_0015,课程资料,0.6919,extract
p_ext_001711,tag_0009,宿舍,0.744,extract
p_ext_001712,tag_0006,租房,0.5585,extract
p_ext_001712,tag_0021,电动车,0.8977,extract
p_ext_001712,tag_0005,闲置,0.6687,extract
p_ext_001713,tag_0001,求问,0.7208,extract
p_ext_001713,tag_0015,课程资料,0.5624,extract
p_ext_001713,tag_0016,打印店,0.8616,extract
p_ext_001713,tag_0002,校园卡,0.7485,extract
p_ext_001713,tag_0009,宿舍,0.8707,extract
p_ext_001714,tag_0009,宿舍,0.7304,extract
p_ext_001714,tag_0002,校园卡,0.6025,extract
p_ext_001714,tag_0001,求问,0.9446,extract
p_ext_001714,tag_0015,课程资料,0.5563,extract
p_ext_001715,tag_0001,求问,0.9068,extract
p_ext_001715,tag_0015,课程资料,0.5649,extract
p_ext_001716,tag_0051,学习交流,0.6792,extract
p_ext_001716,tag_0032,学习经验,0.918,extract
p_ext_001716,tag_0052,复习资料,0.9824,extract
p_ext_001717,tag_0043,科研项目,0.5854,extract
p_ext_001717,tag_0041,创新项目,0.5581,extract
p_ext_001717,tag_0040,竞赛,0.8673,extract
p_ext_001717,tag_0039,组队,0.5895,extract
p_ext_001718,tag_0002,校园卡,0.737,extract
p_ext_001718,tag_0016,打印店,0.5837,extract
p_ext_001718,tag_0009,宿舍,0.9381,extract
p_ext_001719,tag_0032,学习经验,0.6664,extract
p_ext_001719,tag_0018,考研,0.7286,extract
p_ext_001720,tag_0010,交友,0.6316,extract
p_ext_001720,tag_0008,搭子,0.7793,extract
p_ext_001720,tag_0036,活动,0.6256,extract
p_ext_001720,tag_0035,羽毛球,0.9036,extract
p_ext_001720,tag_0037,拍照,0.9696,extract
p_ext_001721,tag_0001,求问,0.5404,extract
p_ext_001721,tag_0009,宿舍,0.6716,extract
p_ext_001722,tag_0057,钥匙,0.9003,extract
p_ext_001722,tag_0056,失物招领,0.7563,extract
p_ext_001722,tag_0058,教学楼,0.5961,extract
p_ext_001723,tag_0016,打印店,0.8956,extract
p_ext_001723,tag_0001,求问,0.5786,extract
p_ext_001723,tag_0015,课程资料,0.6664,extract
p_ext_001724,tag_0028,拼饭,0.9975,extract
p_ext_001724,tag_0012,校园生活,0.9368,extract
p_ext_001725,tag_0001,求问,0.9746,extract
p_ext_001725,tag_0009,宿舍,0.6005,extract
p_ext_001725,tag_0016,打印店,0.965,extract
p_ext_001725,tag_0002,校园卡,0.5514,extract
p_ext_001726,tag_0002,校园卡,0.5488,extract
p_ext_001726,tag_0015,课程资料,0.7968,extract
p_ext_001726,tag_0009,宿舍,0.5475,extract
p_ext_001726,tag_0001,求问,0.5676,extract
p_ext_001726,tag_0016,打印店,0.9432,extract
p_ext_001727,tag_0002,校园卡,0.7908,extract
p_ext_001727,tag_0016,打印店,0.9169,extract
p_ext_001727,tag_0009,宿舍,0.8589,extract
p_ext_001728,tag_0015,课程资料,0.7547,extract
p_ext_001728,tag_0016,打印店,0.8865,extract
p_ext_001729,tag_0011,食堂,0.6809,extract
p_ext_001729,tag_0009,宿舍,0.6655,extract
p_ext_001730,tag_0015,课程资料,0.6327,extract
p_ext_001730,tag_0009,宿舍,0.522,extract
p_ext_001730,tag_0002,校园卡,0.5807,extract
p_ext_001730,tag_0001,求问,0.7436,extract
p_ext_001730,tag_0016,打印店,0.8778,extract
p_ext_001731,tag_0001,求问,0.543,extract
p_ext_001731,tag_0009,宿舍,0.588,extract
p_ext_001731,tag_0002,校园卡,0.8785,extract
p_ext_001731,tag_0015,课程资料,0.8429,extract
p_ext_001731,tag_0016,打印店,0.9114,extract
p_ext_001732,tag_0001,求问,0.5752,extract
p_ext_001732,tag_0016,打印店,0.8296,extract
p_ext_001732,tag_0009,宿舍,0.9668,extract
p_ext_001733,tag_0036,活动,0.6745,extract
p_ext_001733,tag_0010,交友,0.9781,extract
p_ext_001733,tag_0008,搭子,0.898,extract
p_ext_001734,tag_0008,搭子,0.7342,extract
p_ext_001734,tag_0037,拍照,0.9868,extract
p_ext_001734,tag_0035,羽毛球,0.7345,extract
p_ext_001734,tag_0036,活动,0.5707,extract
p_ext_001735,tag_0002,校园卡,0.7663,extract
p_ext_001735,tag_0009,宿舍,0.9792,extract
p_ext_001735,tag_0015,课程资料,0.7984,extract
p_ext_001735,tag_0001,求问,0.8806,extract
p_ext_001736,tag_0034,保研,0.8608,extract
p_ext_001736,tag_0032,学习经验,0.5432,extract
p_ext_001736,tag_0018,考研,0.7004,extract
p_ext_001736,tag_0017,408,0.811,extract
p_ext_001737,tag_0016,打印店,0.7346,extract
p_ext_001737,tag_0015,课程资料,0.5655,extract
p_ext_001737,tag_0001,求问,0.6152,extract
p_ext_001737,tag_0002,校园卡,0.6485,extract
p_ext_001738,tag_0035,羽毛球,0.9964,extract
p_ext_001738,tag_0008,搭子,0.6268,extract
p_ext_001738,tag_0010,交友,0.5776,extract
p_ext_001738,tag_0037,拍照,0.9135,extract
p_ext_001739,tag_0016,打印店,0.8905,extract
p_ext_001739,tag_0001,求问,0.9121,extract
p_ext_001739,tag_0002,校园卡,0.9716,extract
p_ext_001740,tag_0055,证件,0.7556,extract
p_ext_001740,tag_0056,失物招领,0.6497,extract
p_ext_001741,tag_0006,租房,0.6828,extract
p_ext_001741,tag_0004,二手交易,0.5361,extract
p_ext_001741,tag_0022,教材,0.9149,extract
p_ext_001741,tag_0005,闲置,0.7762,extract
p_ext_001741,tag_0021,电动车,0.8461,extract
p_ext_001742,tag_0016,打印店,0.8533,extract
p_ext_001742,tag_0001,求问,0.5593,extract
p_ext_001742,tag_0002,校园卡,0.9636,extract
p_ext_001743,tag_0005,闲置,0.5277,extract
p_ext_001743,tag_0006,租房,0.8899,extract
p_ext_001743,tag_0004,二手交易,0.5637,extract
p_ext_001743,tag_0021,电动车,0.7046,extract
p_ext_001743,tag_0022,教材,0.8598,extract
p_ext_001744,tag_0002,校园卡,0.9553,extract
p_ext_001744,tag_0001,求问,0.7804,extract
p_ext_001745,tag_0004,二手交易,0.7952,extract
p_ext_001745,tag_0022,教材,0.8859,extract
p_ext_001745,tag_0021,电动车,0.9191,extract
p_ext_001745,tag_0006,租房,0.7358,extract
p_ext_001746,tag_0002,校园卡,0.8201,extract
p_ext_001746,tag_0001,求问,0.7513,extract
p_ext_001747,tag_0029,老师,0.7211,extract
p_ext_001747,tag_0031,课程评价,0.8472,extract
p_ext_001747,tag_0020,选课,0.5701,extract
p_ext_001748,tag_0034,保研,0.525,extract
p_ext_001748,tag_0032,学习经验,0.518,extract
p_ext_001748,tag_0018,考研,0.933,extract
p_ext_001749,tag_0020,选课,0.9872,extract
p_ext_001749,tag_0030,给分,0.5131,extract
p_ext_001750,tag_0004,二手交易,0.8014,extract
p_ext_001750,tag_0005,闲置,0.715,extract
p_ext_001750,tag_0006,租房,0.938,extract
p_ext_001750,tag_0021,电动车,0.7257,extract
p_ext_001750,tag_0022,教材,0.6731,extract
p_ext_001751,tag_0010,交友,0.541,extract
p_ext_001751,tag_0036,活动,0.8525,extract
p_ext_001751,tag_0054,社团,0.9572,extract
p_ext_001752,tag_0001,求问,0.8877,extract
p_ext_001752,tag_0002,校园卡,0.6355,extract
p_ext_001752,tag_0015,课程资料,0.7347,extract
p_ext_001752,tag_0016,打印店,0.8257,extract
p_ext_001753,tag_0014,实习,0.8187,extract
p_ext_001753,tag_0026,家教,0.8955,extract
p_ext_001754,tag_0002,校园卡,0.5869,extract
p_ext_001754,tag_0001,求问,0.5354,extract
p_ext_001754,tag_0015,课程资料,0.5651,extract
p_ext_001754,tag_0009,宿舍,0.5043,extract
p_ext_001754,tag_0016,打印店,0.6325,extract
p_ext_001755,tag_0016,打印店,0.6414,extract
p_ext_001755,tag_0002,校园卡,0.9157,extract
p_ext_001755,tag_0015,课程资料,0.6726,extract
p_ext_001755,tag_0001,求问,0.7289,extract
p_ext_001755,tag_0009,宿舍,0.9223,extract
p_ext_001756,tag_0022,教材,0.5552,extract
p_ext_001756,tag_0004,二手交易,0.7414,extract
p_ext_001756,tag_0006,租房,0.8868,extract
p_ext_001756,tag_0021,电动车,0.5938,extract
p_ext_001757,tag_0056,失物招领,0.9456,extract
p_ext_001757,tag_0057,钥匙,0.7888,extract
p_ext_001757,tag_0002,校园卡,0.9788,extract
p_ext_001758,tag_0002,校园卡,0.5265,extract
p_ext_001758,tag_0001,求问,0.7744,extract
p_ext_001758,tag_0015,课程资料,0.878,extract
p_ext_001758,tag_0009,宿舍,0.6137,extract
p_ext_001759,tag_0009,宿舍,0.7607,extract
p_ext_001759,tag_0016,打印店,0.9947,extract
p_ext_001759,tag_0001,求问,0.591,extract
p_ext_001759,tag_0015,课程资料,0.7179,extract
p_ext_001759,tag_0002,校园卡,0.8271,extract
p_ext_001760,tag_0019,期末,0.5299,extract
p_ext_001760,tag_0020,选课,0.5117,extract
p_ext_001760,tag_0029,老师,0.8727,extract
p_ext_001761,tag_0009,宿舍,0.6157,extract
p_ext_001761,tag_0016,打印店,0.8113,extract
p_ext_001761,tag_0002,校园卡,0.9469,extract
p_ext_001761,tag_0015,课程资料,0.6217,extract
p_ext_001761,tag_0001,求问,0.5205,extract
p_ext_001762,tag_0010,交友,0.5208,extract
p_ext_001762,tag_0036,活动,0.8042,extract
p_ext_001762,tag_0054,社团,0.5433,extract
p_ext_001763,tag_0004,二手交易,0.6577,extract
p_ext_001763,tag_0005,闲置,0.5746,extract
p_ext_001763,tag_0021,电动车,0.6373,extract
p_ext_001763,tag_0022,教材,0.9173,extract
p_ext_001764,tag_0038,校车,0.8414,extract
p_ext_001764,tag_0042,共享厨房,0.7714,extract
p_ext_001764,tag_0011,食堂,0.746,extract
p_ext_001764,tag_0009,宿舍,0.8175,extract
p_ext_001764,tag_0012,校园生活,0.8648,extract
p_ext_001765,tag_0006,租房,0.6686,extract
p_ext_001765,tag_0021,电动车,0.743,extract
p_ext_001765,tag_0005,闲置,0.8244,extract
p_ext_001765,tag_0022,教材,0.8327,extract
p_ext_001766,tag_0044,论文,0.7208,extract
p_ext_001766,tag_0043,科研项目,0.5659,extract
p_ext_001766,tag_0041,创新项目,0.6589,extract
p_ext_001766,tag_0040,竞赛,0.7642,extract
p_ext_001767,tag_0022,教材,0.6007,extract
p_ext_001767,tag_0004,二手交易,0.5792,extract
p_ext_001767,tag_0006,租房,0.7718,extract
p_ext_001767,tag_0005,闲置,0.5552,extract
p_ext_001768,tag_0001,求问,0.6009,extract
p_ext_001768,tag_0009,宿舍,0.6133,extract
p_ext_001768,tag_0002,校园卡,0.5879,extract
p_ext_001768,tag_0015,课程资料,0.736,extract
p_ext_001768,tag_0016,打印店,0.8215,extract
p_ext_001769,tag_0032,学习经验,0.5141,extract
p_ext_001769,tag_0034,保研,0.5635,extract
p_ext_001769,tag_0018,考研,0.7379,extract
p_ext_001769,tag_0017,408,0.7618,extract
p_ext_001769,tag_0033,复试,0.5752,extract
p_ext_001770,tag_0031,课程评价,0.8816,extract
p_ext_001770,tag_0020,选课,0.6145,extract
p_ext_001770,tag_0030,给分,0.9932,extract
p_ext_001770,tag_0029,老师,0.9196,extract
p_ext_001771,tag_0016,打印店,0.6216,extract
p_ext_001771,tag_0001,求问,0.9175,extract
p_ext_001771,tag_0015,课程资料,0.8502,extract
p_ext_001772,tag_0022,教材,0.5522,extract
p_ext_001772,tag_0021,电动车,0.9676,extract
p_ext_001772,tag_0006,租房,0.6937,extract
p_ext_001772,tag_0004,二手交易,0.8871,extract
p_ext_001772,tag_0005,闲置,0.5834,extract
p_ext_001773,tag_0021,电动车,0.945,extract
p_ext_001773,tag_0005,闲置,0.8593,extract
p_ext_001773,tag_0004,二手交易,0.7746,extract
p_ext_001774,tag_0022,教材,0.8213,extract
p_ext_001774,tag_0005,闲置,0.8508,extract
p_ext_001775,tag_0022,教材,0.9517,extract
p_ext_001775,tag_0021,电动车,0.5399,extract
p_ext_001775,tag_0006,租房,0.8066,extract
p_ext_001776,tag_0006,租房,0.8226,extract
p_ext_001776,tag_0021,电动车,0.9287,extract
p_ext_001777,tag_0016,打印店,0.786,extract
p_ext_001777,tag_0015,课程资料,0.6172,extract
p_ext_001777,tag_0002,校园卡,0.9497,extract
p_ext_001777,tag_0001,求问,0.9363,extract
p_ext_001777,tag_0009,宿舍,0.6804,extract
p_ext_001778,tag_0008,搭子,0.5506,extract
p_ext_001778,tag_0037,拍照,0.7738,extract
p_ext_001779,tag_0016,打印店,0.7411,extract
p_ext_001779,tag_0009,宿舍,0.7612,extract
p_ext_001779,tag_0001,求问,0.8268,extract
p_ext_001779,tag_0002,校园卡,0.5176,extract
p_ext_001780,tag_0002,校园卡,0.7634,extract
p_ext_001780,tag_0001,求问,0.8226,extract
p_ext_001780,tag_0009,宿舍,0.7219,extract
p_ext_001780,tag_0015,课程资料,0.7439,extract
p_ext_001781,tag_0011,食堂,0.6433,extract
p_ext_001781,tag_0042,共享厨房,0.5879,extract
p_ext_001782,tag_0056,失物招领,0.6018,extract
p_ext_001782,tag_0055,证件,0.7209,extract
p_ext_001783,tag_0002,校园卡,0.6071,extract
p_ext_001783,tag_0016,打印店,0.5088,extract
p_ext_001784,tag_0009,宿舍,0.5412,extract
p_ext_001784,tag_0001,求问,0.949,extract
p_ext_001784,tag_0016,打印店,0.5867,extract
p_ext_001784,tag_0002,校园卡,0.9761,extract
p_ext_001785,tag_0001,求问,0.8347,extract
p_ext_001785,tag_0016,打印店,0.7583,extract
p_ext_001785,tag_0002,校园卡,0.9991,extract
p_ext_001785,tag_0015,课程资料,0.6158,extract
p_ext_001785,tag_0009,宿舍,0.5193,extract
p_ext_001786,tag_0005,闲置,0.5989,extract
p_ext_001786,tag_0021,电动车,0.5525,extract
p_ext_001786,tag_0004,二手交易,0.5767,extract
p_ext_001787,tag_0009,宿舍,0.7471,extract
p_ext_001787,tag_0015,课程资料,0.8463,extract
p_ext_001787,tag_0016,打印店,0.7463,extract
p_ext_001788,tag_0016,打印店,0.6921,extract
p_ext_001788,tag_0009,宿舍,0.5781,extract
p_ext_001788,tag_0001,求问,0.5253,extract
p_ext_001788,tag_0015,课程资料,0.5572,extract
p_ext_001788,tag_0002,校园卡,0.7015,extract
p_ext_001789,tag_0006,租房,0.7289,extract
p_ext_001789,tag_0005,闲置,0.6781,extract
p_ext_001789,tag_0021,电动车,0.7321,extract
p_ext_001789,tag_0022,教材,0.6886,extract
p_ext_001789,tag_0004,二手交易,0.5088,extract
p_ext_001790,tag_0006,租房,0.7612,extract
p_ext_001790,tag_0005,闲置,0.9616,extract
p_ext_001791,tag_0056,失物招领,0.7433,extract
p_ext_001791,tag_0055,证件,0.8405,extract
p_ext_001791,tag_0058,教学楼,0.7762,extract
p_ext_001791,tag_0002,校园卡,0.93,extract
p_ext_001792,tag_0009,宿舍,0.8451,extract
p_ext_001792,tag_0001,求问,0.9873,extract
p_ext_001793,tag_0037,拍照,0.5721,extract
p_ext_001793,tag_0035,羽毛球,0.6819,extract
p_ext_001793,tag_0036,活动,0.6587,extract
p_ext_001793,tag_0010,交友,0.9222,extract
p_ext_001793,tag_0008,搭子,0.6148,extract
p_ext_001794,tag_0002,校园卡,0.9318,extract
p_ext_001794,tag_0016,打印店,0.8398,extract
p_ext_001795,tag_0021,电动车,0.9916,extract
p_ext_001795,tag_0005,闲置,0.9047,extract
p_ext_001795,tag_0006,租房,0.9833,extract
p_ext_001795,tag_0004,二手交易,0.6434,extract
p_ext_001795,tag_0022,教材,0.9475,extract
p_ext_001796,tag_0015,课程资料,0.7226,extract
p_ext_001796,tag_0001,求问,0.818,extract
p_ext_001796,tag_0016,打印店,0.951,extract
p_ext_001797,tag_0001,求问,0.9232,extract
p_ext_001797,tag_0002,校园卡,0.5265,extract
p_ext_001798,tag_0016,打印店,0.6823,extract
p_ext_001798,tag_0001,求问,0.9196,extract
p_ext_001798,tag_0015,课程资料,0.7955,extract
p_ext_001799,tag_0016,打印店,0.5388,extract
p_ext_001799,tag_0001,求问,0.5466,extract
p_ext_001799,tag_0002,校园卡,0.5441,extract
p_ext_001799,tag_0015,课程资料,0.9324,extract
p_ext_001800,tag_0005,闲置,0.9536,extract
p_ext_001800,tag_0022,教材,0.6047,extract
p_ext_001800,tag_0004,二手交易,0.6076,extract
p_ext_001800,tag_0006,租房,0.899,extract
p_ext_001801,tag_0001,求问,0.6705,extract
p_ext_001801,tag_0009,宿舍,0.7473,extract
p_ext_001801,tag_0015,课程资料,0.8095,extract
p_ext_001802,tag_0015,课程资料,0.7125,extract
p_ext_001802,tag_0002,校园卡,0.7651,extract
p_ext_001802,tag_0016,打印店,0.6704,extract
p_ext_001802,tag_0009,宿舍,0.5611,extract
p_ext_001802,tag_0001,求问,0.5317,extract
p_ext_001803,tag_0016,打印店,0.7689,extract
p_ext_001803,tag_0009,宿舍,0.5251,extract
p_ext_001804,tag_0042,共享厨房,0.6897,extract
p_ext_001804,tag_0011,食堂,0.9778,extract
p_ext_001804,tag_0009,宿舍,0.6027,extract
p_ext_001804,tag_0038,校车,0.6475,extract
p_ext_001805,tag_0047,面试,0.5084,extract
p_ext_001805,tag_0049,简历,0.861,extract
p_ext_001805,tag_0014,实习,0.8603,extract
p_ext_001806,tag_0016,打印店,0.5031,extract
p_ext_001806,tag_0002,校园卡,0.5048,extract
p_ext_001806,tag_0001,求问,0.6794,extract
p_ext_001806,tag_0009,宿舍,0.7139,extract
p_ext_001806,tag_0015,课程资料,0.7188,extract
p_ext_001807,tag_0016,打印店,0.8673,extract
p_ext_001807,tag_0002,校园卡,0.9733,extract
p_ext_001807,tag_0009,宿舍,0.588,extract
p_ext_001807,tag_0001,求问,0.5676,extract
p_ext_001807,tag_0015,课程资料,0.9279,extract
p_ext_001808,tag_0001,求问,0.9466,extract
p_ext_001808,tag_0002,校园卡,0.6012,extract
p_ext_001809,tag_0001,求问,0.7224,extract
p_ext_001809,tag_0009,宿舍,0.5997,extract
p_ext_001809,tag_0002,校园卡,0.8603,extract
p_ext_001809,tag_0016,打印店,0.7193,extract
p_ext_001809,tag_0015,课程资料,0.7422,extract
p_ext_001810,tag_0037,拍照,0.8706,extract
p_ext_001810,tag_0010,交友,0.8196,extract
p_ext_001810,tag_0036,活动,0.738,extract
p_ext_001810,tag_0008,搭子,0.5071,extract
p_ext_001810,tag_0035,羽毛球,0.8067,extract
p_ext_001811,tag_0021,电动车,0.5108,extract
p_ext_001811,tag_0022,教材,0.7099,extract
p_ext_001812,tag_0052,复习资料,0.6616,extract
p_ext_001812,tag_0051,学习交流,0.7764,extract
p_ext_001812,tag_0053,考试,0.8489,extract
p_ext_001812,tag_0032,学习经验,0.8119,extract
p_ext_001812,tag_0015,课程资料,0.8241,extract
p_ext_001813,tag_0019,期末,0.5565,extract
p_ext_001813,tag_0031,课程评价,0.6323,extract
p_ext_001813,tag_0030,给分,0.5699,extract
p_ext_001814,tag_0048,招聘,0.7415,extract
p_ext_001814,tag_0047,面试,0.7141,extract
p_ext_001815,tag_0012,校园生活,0.9298,extract
p_ext_001815,tag_0028,拼饭,0.7572,extract
p_ext_001815,tag_0011,食堂,0.91,extract
p_ext_001815,tag_0045,窗口测评,0.6644,extract
p_ext_001816,tag_0022,教材,0.8574,extract
p_ext_001816,tag_0006,租房,0.6918,extract
p_ext_001817,tag_0016,打印店,0.5798,extract
p_ext_001817,tag_0009,宿舍,0.9835,extract
p_ext_001817,tag_0001,求问,0.6415,extract
p_ext_001817,tag_0002,校园卡,0.6348,extract
p_ext_001818,tag_0021,电动车,0.793,extract
p_ext_001818,tag_0005,闲置,0.5267,extract
p_ext_001819,tag_0002,校园卡,0.713,extract
p_ext_001819,tag_0015,课程资料,0.8336,extract
p_ext_001819,tag_0009,宿舍,0.976,extract
p_ext_001820,tag_0016,打印店,0.9239,extract
p_ext_001820,tag_0015,课程资料,0.9988,extract
p_ext_001820,tag_0001,求问,0.7273,extract
p_ext_001820,tag_0002,校园卡,0.5188,extract
p_ext_001820,tag_0009,宿舍,0.6362,extract
p_ext_001821,tag_0009,宿舍,0.7479,extract
p_ext_001821,tag_0016,打印店,0.9828,extract
p_ext_001821,tag_0015,课程资料,0.7609,extract
p_ext_001822,tag_0037,拍照,0.6226,extract
p_ext_001822,tag_0008,搭子,0.6971,extract
p_ext_001822,tag_0035,羽毛球,0.8956,extract
p_ext_001822,tag_0010,交友,0.8032,extract
p_ext_001823,tag_0036,活动,0.503,extract
p_ext_001823,tag_0010,交友,0.8277,extract
p_ext_001823,tag_0054,社团,0.6035,extract
p_ext_001824,tag_0015,课程资料,0.642,extract
p_ext_001824,tag_0016,打印店,0.6451,extract
p_ext_001824,tag_0002,校园卡,0.6099,extract
p_ext_001825,tag_0057,钥匙,0.6665,extract
p_ext_001825,tag_0056,失物招领,0.9624,extract
p_ext_001825,tag_0058,教学楼,0.9013,extract
p_ext_001825,tag_0002,校园卡,0.6112,extract
p_ext_001825,tag_0055,证件,0.7896,extract
p_ext_001826,tag_0001,求问,0.8183,extract
p_ext_001826,tag_0016,打印店,0.6969,extract
p_ext_001826,tag_0002,校园卡,0.6713,extract
p_ext_001827,tag_0036,活动,0.7564,extract
p_ext_001827,tag_0008,搭子,0.782,extract
p_ext_001827,tag_0037,拍照,0.5076,extract
p_ext_001827,tag_0035,羽毛球,0.8278,extract
p_ext_001827,tag_0010,交友,0.5956,extract
p_ext_001828,tag_0012,校园生活,0.6248,extract
p_ext_001828,tag_0028,拼饭,0.6827,extract
p_ext_001828,tag_0046,优惠,0.5502,extract
p_ext_001828,tag_0045,窗口测评,0.7197,extract
p_ext_001829,tag_0009,宿舍,0.57,extract
p_ext_001829,tag_0002,校园卡,0.9309,extract
p_ext_001830,tag_0001,求问,0.9639,extract
p_ext_001830,tag_0009,宿舍,0.6784,extract
p_ext_001830,tag_0016,打印店,0.7175,extract
p_ext_001830,tag_0002,校园卡,0.6856,extract
p_ext_001831,tag_0012,校园生活,0.8695,extract
p_ext_001831,tag_0011,食堂,0.7467,extract
p_ext_001831,tag_0042,共享厨房,0.5024,extract
p_ext_001831,tag_0009,宿舍,0.781,extract
p_ext_001832,tag_0006,租房,0.9751,extract
p_ext_001832,tag_0004,二手交易,0.5688,extract
p_ext_001832,tag_0022,教材,0.5875,extract
p_ext_001832,tag_0021,电动车,0.549,extract
p_ext_001833,tag_0022,教材,0.7402,extract
p_ext_001833,tag_0021,电动车,0.8709,extract
p_ext_001833,tag_0004,二手交易,0.85,extract
p_ext_001834,tag_0016,打印店,0.8883,extract
p_ext_001834,tag_0001,求问,0.6269,extract
p_ext_001834,tag_0009,宿舍,0.5814,extract
p_ext_001835,tag_0014,实习,0.6745,extract
p_ext_001835,tag_0048,招聘,0.8569,extract
p_ext_001835,tag_0049,简历,0.8625,extract
p_ext_001835,tag_0050,就业,0.7045,extract
p_ext_001836,tag_0016,打印店,0.9921,extract
p_ext_001836,tag_0002,校园卡,0.6797,extract
p_ext_001836,tag_0001,求问,0.9978,extract
p_ext_001836,tag_0015,课程资料,0.9277,extract
p_ext_001836,tag_0009,宿舍,0.5956,extract
p_ext_001837,tag_0009,宿舍,0.8503,extract
p_ext_001837,tag_0016,打印店,0.7961,extract
p_ext_001837,tag_0001,求问,0.9746,extract
p_ext_001837,tag_0015,课程资料,0.9348,extract
p_ext_001838,tag_0006,租房,0.8486,extract
p_ext_001838,tag_0004,二手交易,0.7152,extract
p_ext_001838,tag_0021,电动车,0.7731,extract
p_ext_001838,tag_0005,闲置,0.617,extract
p_ext_001838,tag_0022,教材,0.8812,extract
p_ext_001839,tag_0009,宿舍,0.51,extract
p_ext_001839,tag_0015,课程资料,0.8541,extract
p_ext_001840,tag_0001,求问,0.7772,extract
p_ext_001840,tag_0009,宿舍,0.5539,extract
p_ext_001840,tag_0002,校园卡,0.9597,extract
p_ext_001840,tag_0016,打印店,0.6888,extract
p_ext_001840,tag_0015,课程资料,0.5898,extract
p_ext_001841,tag_0026,家教,0.9094,extract
p_ext_001841,tag_0025,兼职,0.642,extract
p_ext_001841,tag_0048,招聘,0.6008,extract
p_ext_001841,tag_0027,薪资,0.6678,extract
p_ext_001841,tag_0014,实习,0.6802,extract
p_ext_001842,tag_0036,活动,0.9052,extract
p_ext_001842,tag_0010,交友,0.8595,extract
p_ext_001842,tag_0008,搭子,0.9476,extract
p_ext_001842,tag_0037,拍照,0.5639,extract
p_ext_001842,tag_0035,羽毛球,0.6192,extract
p_ext_001843,tag_0012,校园生活,0.9527,extract
p_ext_001843,tag_0042,共享厨房,0.6185,extract
p_ext_001843,tag_0038,校车,0.7237,extract
p_ext_001843,tag_0009,宿舍,0.9662,extract
p_ext_001844,tag_0009,宿舍,0.7288,extract
p_ext_001844,tag_0002,校园卡,0.7947,extract
p_ext_001844,tag_0016,打印店,0.8018,extract
p_ext_001844,tag_0001,求问,0.7029,extract
p_ext_001844,tag_0015,课程资料,0.94,extract
p_ext_001845,tag_0016,打印店,0.7741,extract
p_ext_001845,tag_0015,课程资料,0.9847,extract
p_ext_001845,tag_0001,求问,0.5542,extract
p_ext_001845,tag_0009,宿舍,0.5353,extract
p_ext_001845,tag_0002,校园卡,0.821,extract
p_ext_001846,tag_0009,宿舍,0.8762,extract
p_ext_001846,tag_0001,求问,0.6001,extract
p_ext_001846,tag_0016,打印店,0.8704,extract
p_ext_001846,tag_0002,校园卡,0.5615,extract
p_ext_001847,tag_0009,宿舍,0.6065,extract
p_ext_001847,tag_0001,求问,0.8277,extract
p_ext_001847,tag_0002,校园卡,0.9965,extract
p_ext_001848,tag_0002,校园卡,0.7077,extract
p_ext_001848,tag_0001,求问,0.8991,extract
p_ext_001849,tag_0015,课程资料,0.7885,extract
p_ext_001849,tag_0053,考试,0.9235,extract
p_ext_001849,tag_0052,复习资料,0.5968,extract
p_ext_001849,tag_0051,学习交流,0.7686,extract
p_ext_001850,tag_0041,创新项目,0.6102,extract
p_ext_001850,tag_0043,科研项目,0.7598,extract
p_ext_001850,tag_0044,论文,0.5441,extract
p_ext_001850,tag_0039,组队,0.5124,extract
p_ext_001851,tag_0055,证件,0.8547,extract
p_ext_001851,tag_0058,教学楼,0.5721,extract
p_ext_001851,tag_0056,失物招领,0.9611,extract
p_ext_001852,tag_0016,打印店,0.9308,extract
p_ext_001852,tag_0009,宿舍,0.8524,extract
p_ext_001852,tag_0015,课程资料,0.9724,extract
p_ext_001852,tag_0001,求问,0.5422,extract
p_ext_001853,tag_0004,二手交易,0.734,extract
p_ext_001853,tag_0022,教材,0.5372,extract
p_ext_001853,tag_0005,闲置,0.5498,extract
p_ext_001853,tag_0006,租房,0.5049,extract
p_ext_001853,tag_0021,电动车,0.6657,extract
p_ext_001854,tag_0016,打印店,0.6459,extract
p_ext_001854,tag_0009,宿舍,0.9219,extract
p_ext_001854,tag_0002,校园卡,0.7225,extract
p_ext_001854,tag_0015,课程资料,0.721,extract
p_ext_001854,tag_0001,求问,0.9071,extract
p_ext_001855,tag_0001,求问,0.9745,extract
p_ext_001855,tag_0015,课程资料,0.6421,extract
p_ext_001855,tag_0009,宿舍,0.819,extract
p_ext_001855,tag_0002,校园卡,0.6491,extract
p_ext_001855,tag_0016,打印店,0.5212,extract
p_ext_001856,tag_0002,校园卡,0.8699,extract
p_ext_001856,tag_0015,课程资料,0.8314,extract
p_ext_001856,tag_0009,宿舍,0.6649,extract
p_ext_001856,tag_0001,求问,0.8508,extract
p_ext_001857,tag_0015,课程资料,0.7442,extract
p_ext_001857,tag_0009,宿舍,0.5639,extract
p_ext_001857,tag_0016,打印店,0.8657,extract
p_ext_001857,tag_0002,校园卡,0.7134,extract
p_ext_001857,tag_0001,求问,0.6495,extract
p_ext_001858,tag_0009,宿舍,0.9778,extract
p_ext_001858,tag_0016,打印店,0.9995,extract
p_ext_001858,tag_0015,课程资料,0.9146,extract
p_ext_001858,tag_0001,求问,0.6987,extract
p_ext_001859,tag_0010,交友,0.8985,extract
p_ext_001859,tag_0037,拍照,0.9882,extract
p_ext_001859,tag_0035,羽毛球,0.6883,extract
p_ext_001860,tag_0016,打印店,0.6156,extract
p_ext_001860,tag_0015,课程资料,0.8247,extract
p_ext_001861,tag_0001,求问,0.876,extract
p_ext_001861,tag_0002,校园卡,0.8896,extract
p_ext_001861,tag_0009,宿舍,0.5862,extract
p_ext_001862,tag_0015,课程资料,0.5859,extract
p_ext_001862,tag_0009,宿舍,0.7741,extract
p_ext_001862,tag_0016,打印店,0.8847,extract
p_ext_001863,tag_0016,打印店,0.9726,extract
p_ext_001863,tag_0001,求问,0.9498,extract
p_ext_001863,tag_0015,课程资料,0.5273,extract
p_ext_001863,tag_0002,校园卡,0.963,extract
p_ext_001864,tag_0004,二手交易,0.6152,extract
p_ext_001864,tag_0006,租房,0.7479,extract
p_ext_001864,tag_0005,闲置,0.7173,extract
p_ext_001864,tag_0021,电动车,0.959,extract
p_ext_001865,tag_0056,失物招领,0.7877,extract
p_ext_001865,tag_0058,教学楼,0.599,extract
p_ext_001866,tag_0022,教材,0.8407,extract
p_ext_001866,tag_0005,闲置,0.5551,extract
p_ext_001866,tag_0004,二手交易,0.9315,extract
p_ext_001866,tag_0006,租房,0.9701,extract
p_ext_001866,tag_0021,电动车,0.9495,extract
p_ext_001867,tag_0004,二手交易,0.8208,extract
p_ext_001867,tag_0021,电动车,0.8239,extract
p_ext_001867,tag_0006,租房,0.6803,extract
p_ext_001868,tag_0012,校园生活,0.6677,extract
p_ext_001868,tag_0009,宿舍,0.6226,extract
p_ext_001869,tag_0009,宿舍,0.8606,extract
p_ext_001869,tag_0015,课程资料,0.5733,extract
p_ext_001869,tag_0016,打印店,0.6474,extract
p_ext_001870,tag_0001,求问,0.6287,extract
p_ext_001870,tag_0009,宿舍,0.8158,extract
p_ext_001870,tag_0015,课程资料,0.7568,extract
p_ext_001870,tag_0002,校园卡,0.9244,extract
p_ext_001870,tag_0016,打印店,0.8068,extract
p_ext_001871,tag_0016,打印店,0.7657,extract
p_ext_001871,tag_0002,校园卡,0.6738,extract
p_ext_001871,tag_0015,课程资料,0.8924,extract
p_ext_001871,tag_0009,宿舍,0.8716,extract
p_ext_001871,tag_0001,求问,0.5174,extract
p_ext_001872,tag_0056,失物招领,0.6412,extract
p_ext_001872,tag_0002,校园卡,0.7103,extract
p_ext_001872,tag_0057,钥匙,0.7596,extract
p_ext_001872,tag_0055,证件,0.5909,extract
p_ext_001873,tag_0016,打印店,0.8566,extract
p_ext_001873,tag_0015,课程资料,0.9034,extract
p_ext_001873,tag_0002,校园卡,0.7697,extract
p_ext_001874,tag_0043,科研项目,0.9049,extract
p_ext_001874,tag_0044,论文,0.8602,extract
p_ext_001874,tag_0040,竞赛,0.9342,extract
p_ext_001874,tag_0039,组队,0.6914,extract
p_ext_001874,tag_0041,创新项目,0.9815,extract
p_ext_001875,tag_0009,宿舍,0.7582,extract
p_ext_001875,tag_0002,校园卡,0.8653,extract
p_ext_001875,tag_0001,求问,0.7968,extract
p_ext_001875,tag_0015,课程资料,0.653,extract
p_ext_001875,tag_0016,打印店,0.529,extract
p_ext_001876,tag_0034,保研,0.5114,extract
p_ext_001876,tag_0017,408,0.9275,extract
p_ext_001877,tag_0009,宿舍,0.7119,extract
p_ext_001877,tag_0002,校园卡,0.8927,extract
p_ext_001878,tag_0048,招聘,0.9945,extract
p_ext_001878,tag_0025,兼职,0.8117,extract
p_ext_001878,tag_0014,实习,0.9039,extract
p_ext_001878,tag_0027,薪资,0.7377,extract
p_ext_001878,tag_0026,家教,0.9469,extract
p_ext_001879,tag_0001,求问,0.5279,extract
p_ext_001879,tag_0016,打印店,0.7914,extract
p_ext_001879,tag_0015,课程资料,0.5663,extract
p_ext_001879,tag_0009,宿舍,0.8644,extract
p_ext_001880,tag_0012,校园生活,0.6337,extract
p_ext_001880,tag_0009,宿舍,0.767,extract
p_ext_001880,tag_0011,食堂,0.6165,extract
p_ext_001880,tag_0038,校车,0.7862,extract
p_ext_001881,tag_0014,实习,0.9457,extract
p_ext_001881,tag_0049,简历,0.9748,extract
p_ext_001882,tag_0015,课程资料,0.8011,extract
p_ext_001882,tag_0002,校园卡,0.7555,extract
p_ext_001882,tag_0001,求问,0.5944,extract
p_ext_001883,tag_0049,简历,0.8668,extract
p_ext_001883,tag_0047,面试,0.584,extract
p_ext_001883,tag_0050,就业,0.7752,extract
p_ext_001883,tag_0048,招聘,0.8517,extract
p_ext_001884,tag_0004,二手交易,0.6658,extract
p_ext_001884,tag_0005,闲置,0.7846,extract
p_ext_001884,tag_0021,电动车,0.9449,extract
p_ext_001885,tag_0004,二手交易,0.6053,extract
p_ext_001885,tag_0005,闲置,0.7209,extract
p_ext_001885,tag_0022,教材,0.7869,extract
p_ext_001886,tag_0022,教材,0.5326,extract
p_ext_001886,tag_0004,二手交易,0.7101,extract
p_ext_001887,tag_0021,电动车,0.8173,extract
p_ext_001887,tag_0006,租房,0.824,extract
p_ext_001887,tag_0022,教材,0.6581,extract
p_ext_001887,tag_0004,二手交易,0.6441,extract
p_ext_001887,tag_0005,闲置,0.8175,extract
p_ext_001888,tag_0022,教材,0.7825,extract
p_ext_001888,tag_0004,二手交易,0.8039,extract
p_ext_001888,tag_0021,电动车,0.9559,extract
p_ext_001888,tag_0006,租房,0.7285,extract
p_ext_001888,tag_0005,闲置,0.6083,extract
p_ext_001889,tag_0006,租房,0.8585,extract
p_ext_001889,tag_0022,教材,0.8175,extract
p_ext_001889,tag_0005,闲置,0.9164,extract
p_ext_001889,tag_0004,二手交易,0.8715,extract
p_ext_001889,tag_0021,电动车,0.6601,extract
p_ext_001890,tag_0021,电动车,0.7324,extract
p_ext_001890,tag_0006,租房,0.8897,extract
p_ext_001890,tag_0004,二手交易,0.6948,extract
p_ext_001890,tag_0022,教材,0.6528,extract
p_ext_001890,tag_0005,闲置,0.5242,extract
p_ext_001891,tag_0052,复习资料,0.6234,extract
p_ext_001891,tag_0051,学习交流,0.7991,extract
p_ext_001892,tag_0029,老师,0.5545,extract
p_ext_001892,tag_0020,选课,0.8698,extract
p_ext_001892,tag_0030,给分,0.6065,extract
p_ext_001893,tag_0021,电动车,0.6248,extract
p_ext_001893,tag_0005,闲置,0.8987,extract
p_ext_001894,tag_0002,校园卡,0.8999,extract
p_ext_001894,tag_0001,求问,0.738,extract
p_ext_001894,tag_0015,课程资料,0.9009,extract
p_ext_001895,tag_0009,宿舍,0.942,extract
p_ext_001895,tag_0011,食堂,0.7618,extract
p_ext_001895,tag_0012,校园生活,0.6286,extract
p_ext_001896,tag_0005,闲置,0.9146,extract
p_ext_001896,tag_0006,租房,0.6261,extract
p_ext_001896,tag_0021,电动车,0.7287,extract
p_ext_001896,tag_0004,二手交易,0.5296,extract
p_ext_001896,tag_0022,教材,0.8349,extract
p_ext_001897,tag_0001,求问,0.9292,extract
p_ext_001897,tag_0016,打印店,0.5511,extract
p_ext_001897,tag_0015,课程资料,0.516,extract
p_ext_001898,tag_0010,交友,0.5783,extract
p_ext_001898,tag_0037,拍照,0.6432,extract
p_ext_001899,tag_0037,拍照,0.9285,extract
p_ext_001899,tag_0035,羽毛球,0.9414,extract
p_ext_001899,tag_0036,活动,0.9666,extract
p_ext_001900,tag_0011,食堂,0.9943,extract
p_ext_001900,tag_0038,校车,0.5129,extract
p_ext_001901,tag_0005,闲置,0.6253,extract
p_ext_001901,tag_0022,教材,0.6558,extract
p_ext_001901,tag_0004,二手交易,0.5147,extract
p_ext_001902,tag_0022,教材,0.9479,extract
p_ext_001902,tag_0006,租房,0.9093,extract
p_ext_001902,tag_0004,二手交易,0.773,extract
p_ext_001902,tag_0005,闲置,0.9872,extract
p_ext_001902,tag_0021,电动车,0.701,extract
p_ext_001903,tag_0006,租房,0.7073,extract
p_ext_001903,tag_0021,电动车,0.6517,extract
p_ext_001904,tag_0009,宿舍,0.5886,extract
p_ext_001904,tag_0001,求问,0.8053,extract
p_ext_001904,tag_0002,校园卡,0.5224,extract
p_ext_001904,tag_0015,课程资料,0.6824,extract
p_ext_001905,tag_0016,打印店,0.5153,extract
p_ext_001905,tag_0002,校园卡,0.8662,extract
p_ext_001905,tag_0015,课程资料,0.6309,extract
p_ext_001905,tag_0009,宿舍,0.5904,extract
p_ext_001906,tag_0009,宿舍,0.6112,extract
p_ext_001906,tag_0001,求问,0.7635,extract
p_ext_001907,tag_0009,宿舍,0.7952,extract
p_ext_001907,tag_0002,校园卡,0.6197,extract
p_ext_001908,tag_0009,宿舍,0.5932,extract
p_ext_001908,tag_0002,校园卡,0.7612,extract
p_ext_001909,tag_0008,搭子,0.7031,extract
p_ext_001909,tag_0010,交友,0.5207,extract
p_ext_001909,tag_0037,拍照,0.9051,extract
p_ext_001909,tag_0035,羽毛球,0.986,extract
p_ext_001909,tag_0036,活动,0.9728,extract
p_ext_001910,tag_0036,活动,0.9074,extract
p_ext_001910,tag_0035,羽毛球,0.7177,extract
p_ext_001910,tag_0037,拍照,0.8601,extract
p_ext_001910,tag_0008,搭子,0.5249,extract
p_ext_001910,tag_0010,交友,0.8935,extract
p_ext_001911,tag_0012,校园生活,0.9961,extract
p_ext_001911,tag_0009,宿舍,0.5601,extract
p_ext_001911,tag_0011,食堂,0.6156,extract
p_ext_001911,tag_0038,校车,0.5979,extract
p_ext_001912,tag_0016,打印店,0.8479,extract
p_ext_001912,tag_0001,求问,0.91,extract
p_ext_001912,tag_0009,宿舍,0.7496,extract
p_ext_001913,tag_0001,求问,0.5424,extract
p_ext_001913,tag_0009,宿舍,0.5551,extract
p_ext_001913,tag_0002,校园卡,0.7704,extract
p_ext_001913,tag_0015,课程资料,0.9019,extract
p_ext_001913,tag_0016,打印店,0.6147,extract
p_ext_001914,tag_0009,宿舍,0.8565,extract
p_ext_001914,tag_0001,求问,0.6538,extract
p_ext_001914,tag_0015,课程资料,0.6361,extract
p_ext_001915,tag_0005,闲置,0.8239,extract
p_ext_001915,tag_0021,电动车,0.7204,extract
p_ext_001915,tag_0022,教材,0.7443,extract
p_ext_001915,tag_0004,二手交易,0.9688,extract
p_ext_001915,tag_0006,租房,0.7752,extract
p_ext_001916,tag_0016,打印店,0.6863,extract
p_ext_001916,tag_0009,宿舍,0.5251,extract
p_ext_001916,tag_0015,课程资料,0.7894,extract
p_ext_001916,tag_0001,求问,0.5037,extract
p_ext_001916,tag_0002,校园卡,0.9878,extract
p_ext_001917,tag_0001,求问,0.9858,extract
p_ext_001917,tag_0015,课程资料,0.8347,extract
p_ext_001917,tag_0002,校园卡,0.9347,extract
p_ext_001917,tag_0016,打印店,0.6975,extract
p_ext_001918,tag_0036,活动,0.9805,extract
p_ext_001918,tag_0010,交友,0.9351,extract
p_ext_001918,tag_0037,拍照,0.857,extract
p_ext_001919,tag_0058,教学楼,0.7378,extract
p_ext_001919,tag_0055,证件,0.9975,extract
p_ext_001920,tag_0016,打印店,0.9952,extract
p_ext_001920,tag_0001,求问,0.8749,extract
p_ext_001920,tag_0015,课程资料,0.9829,extract
p_ext_001920,tag_0002,校园卡,0.5734,extract
p_ext_001920,tag_0009,宿舍,0.8091,extract
p_ext_001921,tag_0022,教材,0.5144,extract
p_ext_001921,tag_0021,电动车,0.9386,extract
p_ext_001922,tag_0022,教材,0.8191,extract
p_ext_001922,tag_0004,二手交易,0.5613,extract
p_ext_001922,tag_0021,电动车,0.8805,extract
p_ext_001922,tag_0006,租房,0.8644,extract
p_ext_001922,tag_0005,闲置,0.9068,extract
p_ext_001923,tag_0044,论文,0.6209,extract
p_ext_001923,tag_0040,竞赛,0.8126,extract
p_ext_001923,tag_0041,创新项目,0.5906,extract
p_ext_001923,tag_0043,科研项目,0.8393,extract
p_ext_001924,tag_0015,课程资料,0.5675,extract
p_ext_001924,tag_0002,校园卡,0.655,extract
p_ext_001924,tag_0009,宿舍,0.6069,extract
p_ext_001925,tag_0009,宿舍,0.6525,extract
p_ext_001925,tag_0015,课程资料,0.7825,extract
p_ext_001925,tag_0002,校园卡,0.7927,extract
p_ext_001926,tag_0002,校园卡,0.5954,extract
p_ext_001926,tag_0001,求问,0.6935,extract
p_ext_001926,tag_0009,宿舍,0.7258,extract
p_ext_001927,tag_0009,宿舍,0.8383,extract
p_ext_001927,tag_0015,课程资料,0.855,extract
p_ext_001928,tag_0009,宿舍,0.5963,extract
p_ext_001928,tag_0002,校园卡,0.5123,extract
p_ext_001929,tag_0004,二手交易,0.5042,extract
p_ext_001929,tag_0022,教材,0.8784,extract
p_ext_001929,tag_0021,电动车,0.9937,extract
p_ext_001930,tag_0002,校园卡,0.8831,extract
p_ext_001930,tag_0016,打印店,0.8933,extract
p_ext_001930,tag_0015,课程资料,0.6398,extract
p_ext_001931,tag_0001,求问,0.5868,extract
p_ext_001931,tag_0002,校园卡,0.7493,extract
p_ext_001931,tag_0009,宿舍,0.8616,extract
p_ext_001931,tag_0015,课程资料,0.9019,extract
p_ext_001932,tag_0009,宿舍,0.5446,extract
p_ext_001932,tag_0001,求问,0.9399,extract
p_ext_001932,tag_0002,校园卡,0.7885,extract
p_ext_001933,tag_0009,宿舍,0.846,extract
p_ext_001933,tag_0001,求问,0.6375,extract
p_ext_001933,tag_0002,校园卡,0.9328,extract
p_ext_001933,tag_0015,课程资料,0.6729,extract
p_ext_001934,tag_0002,校园卡,0.5876,extract
p_ext_001934,tag_0015,课程资料,0.5723,extract
p_ext_001934,tag_0016,打印店,0.7925,extract
p_ext_001934,tag_0001,求问,0.5303,extract
p_ext_001934,tag_0009,宿舍,0.5567,extract
p_ext_001935,tag_0041,创新项目,0.5437,extract
p_ext_001935,tag_0039,组队,0.6001,extract
p_ext_001935,tag_0040,竞赛,0.5171,extract
p_ext_001935,tag_0043,科研项目,0.9348,extract
p_ext_001935,tag_0044,论文,0.8711,extract
p_ext_001936,tag_0002,校园卡,0.7393,extract
p_ext_001936,tag_0001,求问,0.7553,extract
p_ext_001937,tag_0015,课程资料,0.7784,extract
p_ext_001937,tag_0009,宿舍,0.8257,extract
p_ext_001937,tag_0016,打印店,0.9891,extract
p_ext_001938,tag_0005,闲置,0.9728,extract
p_ext_001938,tag_0006,租房,0.5998,extract
p_ext_001938,tag_0022,教材,0.5868,extract
p_ext_001939,tag_0001,求问,0.9365,extract
p_ext_001939,tag_0016,打印店,0.5155,extract
p_ext_001940,tag_0009,宿舍,0.6796,extract
p_ext_001940,tag_0001,求问,0.695,extract
p_ext_001941,tag_0009,宿舍,0.8297,extract
p_ext_001941,tag_0002,校园卡,0.7585,extract
p_ext_001942,tag_0039,组队,0.6338,extract
p_ext_001942,tag_0040,竞赛,0.812,extract
p_ext_001942,tag_0044,论文,0.6258,extract
p_ext_001943,tag_0027,薪资,0.9852,extract
p_ext_001943,tag_0025,兼职,0.7422,extract
p_ext_001943,tag_0048,招聘,0.9725,extract
p_ext_001943,tag_0026,家教,0.5449,extract
p_ext_001944,tag_0015,课程资料,0.9481,extract
p_ext_001944,tag_0016,打印店,0.5403,extract
p_ext_001944,tag_0009,宿舍,0.8132,extract
p_ext_001944,tag_0002,校园卡,0.876,extract
p_ext_001945,tag_0027,薪资,0.5457,extract
p_ext_001945,tag_0026,家教,0.6177,extract
p_ext_001945,tag_0014,实习,0.7862,extract
p_ext_001946,tag_0009,宿舍,0.5263,extract
p_ext_001946,tag_0015,课程资料,0.704,extract
p_ext_001947,tag_0006,租房,0.8207,extract
p_ext_001947,tag_0022,教材,0.9165,extract
p_ext_001947,tag_0021,电动车,0.5917,extract
p_ext_001947,tag_0004,二手交易,0.8858,extract
p_ext_001947,tag_0005,闲置,0.6897,extract
p_ext_001948,tag_0008,搭子,0.6964,extract
p_ext_001948,tag_0010,交友,0.8438,extract
p_ext_001949,tag_0001,求问,0.6808,extract
p_ext_001949,tag_0002,校园卡,0.5898,extract
p_ext_001949,tag_0016,打印店,0.502,extract
p_ext_001949,tag_0009,宿舍,0.8921,extract
p_ext_001949,tag_0015,课程资料,0.5285,extract
p_ext_001950,tag_0042,共享厨房,0.8908,extract
p_ext_001950,tag_0011,食堂,0.509,extract
p_ext_001950,tag_0038,校车,0.759,extract
p_ext_001950,tag_0009,宿舍,0.7932,extract
p_ext_001950,tag_0012,校园生活,0.9815,extract
p_ext_001951,tag_0001,求问,0.9684,extract
p_ext_001951,tag_0002,校园卡,0.6694,extract
p_ext_001951,tag_0015,课程资料,0.8809,extract
p_ext_001951,tag_0016,打印店,0.8562,extract
p_ext_001951,tag_0009,宿舍,0.6972,extract
p_ext_001952,tag_0015,课程资料,0.7817,extract
p_ext_001952,tag_0001,求问,0.956,extract
p_ext_001952,tag_0016,打印店,0.8146,extract
p_ext_001953,tag_0025,兼职,0.5087,extract
p_ext_001953,tag_0048,招聘,0.6757,extract
p_ext_001953,tag_0027,薪资,0.5148,extract
p_ext_001953,tag_0026,家教,0.5816,extract
p_ext_001953,tag_0014,实习,0.6381,extract
p_ext_001954,tag_0016,打印店,0.6038,extract
p_ext_001954,tag_0009,宿舍,0.7915,extract
p_ext_001954,tag_0002,校园卡,0.8795,extract
p_ext_001954,tag_0015,课程资料,0.9211,extract
p_ext_001955,tag_0004,二手交易,0.9315,extract
p_ext_001955,tag_0006,租房,0.7742,extract
p_ext_001955,tag_0021,电动车,0.5622,extract
p_ext_001955,tag_0022,教材,0.5916,extract
p_ext_001956,tag_0001,求问,0.9216,extract
p_ext_001956,tag_0015,课程资料,0.8885,extract
p_ext_001957,tag_0005,闲置,0.5255,extract
p_ext_001957,tag_0004,二手交易,0.5725,extract
p_ext_001958,tag_0015,课程资料,0.8405,extract
p_ext_001958,tag_0016,打印店,0.7887,extract
p_ext_001958,tag_0002,校园卡,0.5785,extract
p_ext_001959,tag_0049,简历,0.8827,extract
p_ext_001959,tag_0048,招聘,0.6505,extract
p_ext_001959,tag_0014,实习,0.588,extract
p_ext_001959,tag_0047,面试,0.6368,extract
p_ext_001959,tag_0050,就业,0.78,extract
p_ext_001960,tag_0017,408,0.675,extract
p_ext_001960,tag_0018,考研,0.6581,extract
p_ext_001960,tag_0034,保研,0.9071,extract
p_ext_001961,tag_0016,打印店,0.6767,extract
p_ext_001961,tag_0001,求问,0.9364,extract
p_ext_001961,tag_0009,宿舍,0.7893,extract
p_ext_001961,tag_0002,校园卡,0.6731,extract
p_ext_001962,tag_0018,考研,0.7643,extract
p_ext_001962,tag_0033,复试,0.7548,extract
p_ext_001962,tag_0032,学习经验,0.9036,extract
p_ext_001962,tag_0034,保研,0.6864,extract
p_ext_001963,tag_0009,宿舍,0.5757,extract
p_ext_001963,tag_0016,打印店,0.8754,extract
p_ext_001963,tag_0002,校园卡,0.7136,extract
p_ext_001963,tag_0015,课程资料,0.568,extract
p_ext_001963,tag_0001,求问,0.6061,extract
p_ext_001964,tag_0050,就业,0.6909,extract
p_ext_001964,tag_0014,实习,0.5678,extract
p_ext_001964,tag_0048,招聘,0.5542,extract
p_ext_001964,tag_0049,简历,0.7463,extract
p_ext_001965,tag_0027,薪资,0.6183,extract
p_ext_001965,tag_0026,家教,0.8658,extract
p_ext_001965,tag_0048,招聘,0.5331,extract
p_ext_001965,tag_0014,实习,0.9497,extract
p_ext_001965,tag_0025,兼职,0.7993,extract
p_ext_001966,tag_0015,课程资料,0.7367,extract
p_ext_001966,tag_0016,打印店,0.9463,extract
p_ext_001966,tag_0001,求问,0.6635,extract
p_ext_001967,tag_0001,求问,0.556,extract
p_ext_001967,tag_0002,校园卡,0.7239,extract
p_ext_001967,tag_0016,打印店,0.8813,extract
p_ext_001968,tag_0016,打印店,0.8852,extract
p_ext_001968,tag_0002,校园卡,0.7408,extract
p_ext_001969,tag_0016,打印店,0.5582,extract
p_ext_001969,tag_0001,求问,0.6797,extract
p_ext_001969,tag_0002,校园卡,0.9119,extract
p_ext_001969,tag_0009,宿舍,0.8474,extract
p_ext_001970,tag_0009,宿舍,0.693,extract
p_ext_001970,tag_0002,校园卡,0.5496,extract
p_ext_001970,tag_0016,打印店,0.8623,extract
p_ext_001970,tag_0015,课程资料,0.9858,extract
p_ext_001971,tag_0008,搭子,0.7209,extract
p_ext_001971,tag_0037,拍照,0.822,extract
p_ext_001971,tag_0010,交友,0.9915,extract
p_ext_001972,tag_0015,课程资料,0.5691,extract
p_ext_001972,tag_0016,打印店,0.5231,extract
p_ext_001972,tag_0009,宿舍,0.973,extract
p_ext_001973,tag_0002,校园卡,0.9024,extract
p_ext_001973,tag_0009,宿舍,0.886,extract
p_ext_001973,tag_0016,打印店,0.6086,extract
p_ext_001973,tag_0015,课程资料,0.9332,extract
p_ext_001974,tag_0001,求问,0.5482,extract
p_ext_001974,tag_0015,课程资料,0.7584,extract
p_ext_001975,tag_0002,校园卡,0.8458,extract
p_ext_001975,tag_0016,打印店,0.5423,extract
p_ext_001975,tag_0001,求问,0.7966,extract
p_ext_001975,tag_0009,宿舍,0.7606,extract
p_ext_001976,tag_0040,竞赛,0.6071,extract
p_ext_001976,tag_0044,论文,0.8155,extract
p_ext_001976,tag_0041,创新项目,0.5403,extract
p_ext_001976,tag_0039,组队,0.6659,extract
p_ext_001977,tag_0040,竞赛,0.5239,extract
p_ext_001977,tag_0043,科研项目,0.9572,extract
p_ext_001977,tag_0039,组队,0.9552,extract
p_ext_001977,tag_0044,论文,0.5018,extract
p_ext_001978,tag_0030,给分,0.6317,extract
p_ext_001978,tag_0031,课程评价,0.6923,extract
p_ext_001978,tag_0029,老师,0.7334,extract
p_ext_001978,tag_0019,期末,0.6621,extract
p_ext_001979,tag_0002,校园卡,0.7512,extract
p_ext_001979,tag_0015,课程资料,0.631,extract
p_ext_001979,tag_0001,求问,0.5103,extract
p_ext_001979,tag_0016,打印店,0.7367,extract
p_ext_001980,tag_0016,打印店,0.5642,extract
p_ext_001980,tag_0015,课程资料,0.586,extract
p_ext_001980,tag_0001,求问,0.6719,extract
p_ext_001980,tag_0009,宿舍,0.641,extract
p_ext_001981,tag_0016,打印店,0.9365,extract
p_ext_001981,tag_0002,校园卡,0.7985,extract
p_ext_001981,tag_0001,求问,0.5479,extract
p_ext_001982,tag_0002,校园卡,0.9331,extract
p_ext_001982,tag_0001,求问,0.7259,extract
p_ext_001982,tag_0009,宿舍,0.9534,extract
p_ext_001982,tag_0015,课程资料,0.8642,extract
p_ext_001983,tag_0009,宿舍,0.509,extract
p_ext_001983,tag_0016,打印店,0.6398,extract
p_ext_001983,tag_0002,校园卡,0.7152,extract
p_ext_001984,tag_0005,闲置,0.7275,extract
p_ext_001984,tag_0022,教材,0.807,extract
p_ext_001984,tag_0004,二手交易,0.5768,extract
p_ext_001984,tag_0021,电动车,0.7883,extract
p_ext_001984,tag_0006,租房,0.5044,extract
p_ext_001985,tag_0021,电动车,0.6013,extract
p_ext_001985,tag_0022,教材,0.9472,extract
p_ext_001985,tag_0005,闲置,0.9119,extract
p_ext_001986,tag_0016,打印店,0.7387,extract
p_ext_001986,tag_0001,求问,0.8689,extract
p_ext_001986,tag_0015,课程资料,0.8832,extract
p_ext_001986,tag_0009,宿舍,0.7135,extract
p_ext_001987,tag_0015,课程资料,0.7293,extract
p_ext_001987,tag_0009,宿舍,0.9668,extract
p_ext_001987,tag_0001,求问,0.7475,extract
p_ext_001987,tag_0016,打印店,0.979,extract
p_ext_001988,tag_0002,校园卡,0.8496,extract
p_ext_001988,tag_0009,宿舍,0.7361,extract
p_ext_001988,tag_0016,打印店,0.6667,extract
p_ext_001988,tag_0001,求问,0.5138,extract
p_ext_001989,tag_0002,校园卡,0.7765,extract
p_ext_001989,tag_0015,课程资料,0.7188,extract
p_ext_001989,tag_0001,求问,0.512,extract
p_ext_001989,tag_0016,打印店,0.8612,extract
p_ext_001990,tag_0016,打印店,0.6645,extract
p_ext_001990,tag_0009,宿舍,0.8013,extract
p_ext_001990,tag_0001,求问,0.8956,extract
p_ext_001991,tag_0002,校园卡,0.8576,extract
p_ext_001991,tag_0001,求问,0.8325,extract
p_ext_001992,tag_0009,宿舍,0.5982,extract
p_ext_001992,tag_0016,打印店,0.5281,extract
p_ext_001992,tag_0001,求问,0.7652,extract
p_ext_001992,tag_0015,课程资料,0.9393,extract
p_ext_001992,tag_0002,校园卡,0.8305,extract
p_ext_001993,tag_0004,二手交易,0.5013,extract
p_ext_001993,tag_0021,电动车,0.8664,extract
p_ext_001993,tag_0022,教材,0.9886,extract
p_ext_001993,tag_0006,租房,0.5163,extract
p_ext_001993,tag_0005,闲置,0.5963,extract
p_ext_001994,tag_0019,期末,0.9581,extract
p_ext_001994,tag_0020,选课,0.5014,extract
p_ext_001994,tag_0030,给分,0.7184,extract
p_ext_001995,tag_0015,课程资料,0.723,extract
p_ext_001995,tag_0002,校园卡,0.6223,extract
p_ext_001996,tag_0008,搭子,0.9176,extract
p_ext_001996,tag_0037,拍照,0.9622,extract
p_ext_001997,tag_0008,搭子,0.9219,extract
p_ext_001997,tag_0010,交友,0.9162,extract
p_ext_001998,tag_0006,租房,0.8076,extract
p_ext_001998,tag_0004,二手交易,0.5464,extract
p_ext_001998,tag_0022,教材,0.7478,extract
p_ext_001999,tag_0001,求问,0.9365,extract
p_ext_001999,tag_0009,宿舍,0.6269,extract
p_ext_001999,tag_0002,校园卡,0.7245,extract
p_ext_002000,tag_0005,闲置,0.8674,extract
p_ext_002000,tag_0006,租房,0.6208,extract
p_ext_002000,tag_0022,教材,0.986,extract
