post_id,view_count,like_count,comment_count,collect_count,dislike_count,hot_val,hot_rank,hot_score,final_hot_score,quality_score,update_time
p_ext_000408,5795,560,597,458,82,1597.7,1,1597.7,1534.8173,0.0896,2026-06-03 12:51:57
2101110140,6390,25,25,16,0,0.0,2,1296.2,1101.8755,0.0034,2026-06-03 12:51:57
p_ext_000925,3365,528,377,53,48,955.1,3,955.1,768.7772,0.0912,2026-06-03 12:51:57
p_ext_000351,8241,832,252,127,19,1998.8,4,1998.8,693.2254,0.0494,2026-06-03 12:51:57
p_ext_001202,16138,2142,541,1105,5,4253.5,5,4253.5,558.4464,0.0804,2026-06-03 12:51:57
2091185831,3160,11,0,1,0,0.0,6,635.5,449.4794,0.0013,2026-06-03 12:51:57
2101524138,1439,9,11,0,0,0.0,7,293.8,249.4594,0.0045,2026-06-03 12:51:57
p_ext_000605,1343,225,107,31,8,374.4,8,374.4,247.5372,0.0894,2026-06-03 12:51:57
2101508313,1368,12,19,1,0,0.0,9,283.1,192.2984,0.0075,2026-06-03 12:51:57
2101587306,1023,1,10,5,0,0.0,10,208.9,190.0344,0.005,2026-06-03 12:51:57
2101515525,1247,11,3,1,0,0.0,11,253.8,177.0736,0.0041,2026-06-03 12:51:57
p_ext_001442,1038,136,9,44,0,259.9,12,259.9,171.3626,0.0633,2026-06-03 12:51:57
2101612909,765,4,7,4,0,0.0,13,157.1,146.4275,0.0064,2026-06-03 12:51:57
2101504655,1076,1,0,0,0,0.0,14,215.5,145.0802,0.0003,2026-06-03 12:51:57
2101580742,713,4,2,0,0,0.0,15,144.4,130.371,0.0028,2026-06-03 12:51:57
2101513711,823,4,2,0,0,0.0,16,166.4,115.0365,0.0024,2026-06-03 12:51:57
2101544463,612,9,3,1,0,0.0,17,126.2,108.8221,0.0072,2026-06-03 12:51:57
p_ext_001100,756,38,39,27,8,179.7,18,179.7,103.7978,0.0435,2026-06-03 12:51:57
p_ext_000233,9595,1320,1101,322,84,2709.7,19,2709.7,99.4715,0.0926,2026-06-03 12:51:57
p_ext_000114,1767,195,74,30,8,440.1,20,440.1,98.8834,0.0562,2026-06-03 12:51:57
2101552196,507,1,6,1,0,0.0,21,103.7,90.5592,0.0049,2026-06-03 12:51:57
2101584314,475,1,4,0,0,0.0,22,96.5,87.5088,0.0033,2026-06-03 12:51:57
p_ext_000810,508,16,3,38,4,114.9,23,114.9,82.977,0.0374,2026-06-03 12:51:57
p_ext_001101,16089,2218,256,681,121,4096.2,24,4096.2,81.4815,0.0663,2026-06-03 12:51:57
p_ext_000924,1210,159,136,75,4,345.5,25,345.5,78.251,0.1007,2026-06-03 12:51:57
p_ext_000741,11815,1711,923,425,154,3238.2,26,3238.2,77.7544,0.0841,2026-06-03 12:51:57
p_ext_001632,843,105,58,18,3,221.1,27,221.1,76.2049,0.071,2026-06-03 12:51:57
p_ext_000795,11118,1761,778,337,135,3052.7,28,3052.7,74.1697,0.0846,2026-06-03 12:51:57
2101582125,404,0,0,0,0,0.0,29,80.8,73.0875,0.0,2026-06-03 12:51:57
2101589433,381,6,5,0,0,0.0,30,79.5,72.4577,0.0094,2026-06-03 12:51:57
p_ext_000107,421,53,28,22,2,112.9,31,112.9,69.9853,0.0814,2026-06-03 12:51:57
2101540770,399,1,4,0,0,0.0,32,81.3,69.6876,0.0039,2026-06-03 12:51:57
2101527263,411,4,1,0,0,0.0,33,83.7,69.6309,0.0041,2026-06-03 12:51:57
p_ext_000803,2199,78,21,103,16,490.1,34,490.1,65.0335,0.0302,2026-06-03 12:51:57
2101566295,353,2,0,0,0,0.0,35,71.2,63.3297,0.002,2026-06-03 12:51:57
2101506544,445,6,2,0,0,0.0,36,91.4,61.7928,0.0061,2026-06-03 12:51:57
2101506146,435,5,3,0,0,0.0,37,89.4,60.384,0.0061,2026-06-03 12:51:57
2101572727,322,0,2,0,0,0.0,38,65.0,58.2106,0.0019,2026-06-03 12:51:57
p_ext_000411,1258,193,87,48,5,345.2,39,345.2,57.3673,0.087,2026-06-03 12:51:57
2101523397,343,0,0,0,0,0.0,40,68.6,56.1926,0.0,2026-06-03 12:51:57
2101580916,294,5,2,0,0,0.0,41,60.9,55.0179,0.008,2026-06-03 12:51:57
p_ext_001390,2237,65,197,51,16,536.2,42,536.2,55.0106,0.0431,2026-06-03 12:51:57
2101538067,307,0,5,0,0,0.0,43,62.9,53.6284,0.0049,2026-06-03 12:51:57
2101587925,290,0,2,0,0,0.0,44,58.6,53.3416,0.0021,2026-06-03 12:51:57
p_ext_001592,1430,214,133,54,18,400.9,45,400.9,53.261,0.091,2026-06-03 12:51:57
2101556378,281,1,8,2,0,0.0,46,59.3,52.0697,0.0123,2026-06-03 12:51:57
p_ext_000545,1081,107,92,42,5,284.3,47,284.3,51.5997,0.0728,2026-06-03 12:51:57
p_ext_001245,3395,80,260,169,5,814.8,48,814.8,50.7598,0.0484,2026-06-03 12:51:57
2101528808,293,0,0,0,0,0.0,49,58.6,48.9479,0.0,2026-06-03 12:51:57
2101575959,264,0,1,2,0,0.0,50,53.5,48.0912,0.0038,2026-06-03 12:51:57
2101604866,246,3,5,0,0,0.0,51,51.6,47.7546,0.0104,2026-06-03 12:51:57
2101586135,257,0,1,0,0,0.0,52,51.7,46.9421,0.0012,2026-06-03 12:51:57
p_ext_000176,13370,1680,1011,1027,163,3686.7,53,3686.7,46.606,0.0911,2026-06-03 12:51:57
p_ext_001499,4204,55,75,42,72,888.2,54,888.2,46.3476,0.01,2026-06-03 12:51:57
2101562016,243,0,11,0,0,0.0,55,51.9,45.9361,0.0136,2026-06-03 12:51:57
2101523410,261,9,2,0,0,0.0,56,55.5,45.4878,0.0144,2026-06-03 12:51:57
2101560280,246,0,4,0,0,0.0,57,50.4,44.4991,0.0049,2026-06-03 12:51:57
p_ext_000569,8761,787,631,95,61,2196.6,58,2196.6,44.2411,0.0555,2026-06-03 12:51:57
p_ext_001821,2826,348,220,44,15,744.4,59,744.4,43.9246,0.0708,2026-06-03 12:51:57
2101535657,247,2,4,2,0,0.0,60,51.6,43.7609,0.0105,2026-06-03 12:51:57
2101569969,213,3,17,0,0,0.0,61,48.6,43.4156,0.0289,2026-06-03 12:51:57
p_ext_001721,14529,823,658,1071,161,3564.3,62,3564.3,43.0684,0.057,2026-06-03 12:51:57
p_ext_001524,2054,341,242,21,30,589.9,63,589.9,42.2678,0.0941,2026-06-03 12:51:57
2101608154,226,1,0,0,0,0.0,64,45.5,42.2177,0.0015,2026-06-03 12:51:57
p_ext_001352,493,78,31,35,3,138.3,65,138.3,41.8826,0.0979,2026-06-03 12:51:57
p_ext_001103,1165,176,77,90,17,326.9,66,326.9,41.6986,0.0968,2026-06-03 12:51:57
p_ext_000686,4248,143,149,174,21,972.0,67,972.0,41.5323,0.0357,2026-06-03 12:51:57
2101543105,224,4,4,1,0,0.0,68,47.4,40.7753,0.0132,2026-06-03 12:51:57
p_ext_000435,3549,600,176,105,69,963.6,69,963.6,40.6427,0.0805,2026-06-03 12:51:57
p_ext_001121,658,90,24,39,6,173.6,70,173.6,40.3525,0.0777,2026-06-03 12:51:57
2101557408,221,1,3,0,0,0.0,71,45.4,39.9376,0.0057,2026-06-03 12:51:57
2101525731,241,0,0,0,0,0.0,72,48.2,39.9136,0.0,2026-06-03 12:51:57
p_ext_001417,796,77,8,16,12,187.9,73,187.9,39.7847,0.0409,2026-06-03 12:51:57
2101581383,207,3,4,1,0,0.0,74,43.7,39.5039,0.0126,2026-06-03 12:51:57
2101569317,214,0,3,0,0,0.0,75,43.7,39.0141,0.0042,2026-06-03 12:51:57
p_ext_001736,6354,494,498,318,71,1632.0,76,1632.0,38.9415,0.066,2026-06-03 12:51:57
2101610306,201,4,0,1,0,0.0,77,41.6,38.6988,0.0087,2026-06-03 12:51:57
2101589825,209,0,2,0,0,0.0,78,42.4,38.6441,0.0029,2026-06-03 12:51:57
p_ext_001130,734,23,58,29,13,176.9,79,176.9,38.1856,0.045,2026-06-03 12:51:57
2101524050,228,0,2,0,0,0.0,80,46.2,37.9953,0.0026,2026-06-03 12:51:57
p_ext_001243,335,9,8,10,6,74.1,81,74.1,37.9864,0.0234,2026-06-03 12:51:57
p_ext_001429,817,128,13,45,2,214.7,82,214.7,37.9627,0.0784,2026-06-03 12:51:57
2101566293,210,0,0,1,0,0.0,83,42.2,37.5353,0.0017,2026-06-03 12:51:57
p_ext_000851,484,33,45,32,6,126.6,84,126.6,37.0461,0.0724,2026-06-03 12:51:57
p_ext_001571,733,86,78,54,5,206.6,85,206.6,36.0961,0.0974,2026-06-03 12:51:57
2101613371,187,0,1,0,0,0.0,86,37.7,35.1616,0.0016,2026-06-03 12:51:57
p_ext_001451,10778,1217,717,147,159,2765.2,87,2765.2,34.719,0.0613,2026-06-03 12:51:57
2101541641,196,3,0,0,0,0.0,88,40.1,34.4133,0.0054,2026-06-03 12:51:57
p_ext_000751,1547,185,38,23,6,380.9,89,380.9,34.354,0.0537,2026-06-03 12:51:57
p_ext_000584,562,20,40,2,0,130.8,90,130.8,34.1713,0.0351,2026-06-03 12:51:57
p_ext_000232,18763,3297,1495,185,306,5227.2,91,5227.2,34.0174,0.0856,2026-06-03 12:51:57
2101602365,176,1,2,1,0,0.0,92,36.3,33.5087,0.0074,2026-06-03 12:51:57
p_ext_001676,1036,152,50,80,7,283.8,93,283.8,32.442,0.0915,2026-06-03 12:51:57
p_ext_000952,298,27,8,14,3,72.9,94,72.9,32.1618,0.0542,2026-06-03 12:51:57
p_ext_001904,523,44,26,14,0,128.4,95,128.4,31.9116,0.0537,2026-06-03 12:51:57
p_ext_001594,1571,15,141,83,30,377.6,96,377.6,31.4612,0.0449,2026-06-03 12:51:57
2101600478,164,0,2,1,0,0.0,97,33.6,30.9567,0.0058,2026-06-03 12:51:57
p_ext_000903,516,87,59,19,7,150.8,98,150.8,30.4049,0.1035,2026-06-03 12:51:57
2101576983,159,1,5,0,0,0.0,99,33.6,30.2408,0.0116,2026-06-03 12:51:57
p_ext_000493,2159,177,153,108,31,552.4,100,552.4,29.9675,0.0646,2026-06-03 12:51:57
p_ext_000213,533,39,26,3,3,126.7,101,126.7,29.6086,0.0411,2026-06-03 12:51:57
p_ext_000276,17456,2972,886,628,63,4774.2,102,4774.2,29.5205,0.0867,2026-06-03 12:51:57
2101570789,159,0,3,1,0,0.0,103,32.9,29.4086,0.0079,2026-06-03 12:51:57
p_ext_000945,231,37,1,14,3,60.4,104,60.4,29.2258,0.076,2026-06-03 12:51:57
p_ext_001554,241,7,23,16,0,60.4,105,60.4,28.8765,0.062,2026-06-03 12:51:57
p_ext_001374,567,99,47,20,6,161.2,106,161.2,28.7074,0.0962,2026-06-03 12:51:57
p_ext_000108,643,103,45,40,8,181.0,107,181.0,28.4697,0.0963,2026-06-03 12:51:57
p_ext_000969,3392,473,110,90,46,871.3,108,871.3,27.9014,0.0651,2026-06-03 12:51:57
p_ext_000636,15260,2425,624,553,211,4077.3,109,4077.3,27.5699,0.0778,2026-06-03 12:51:57
p_ext_000870,392,66,15,2,2,103.1,110,103.1,27.5035,0.0712,2026-06-03 12:51:57
2101607441,145,0,0,1,0,0.0,111,29.2,27.0761,0.0024,2026-06-03 12:51:57
2101517403,180,2,2,1,0,0.0,112,37.4,26.5176,0.0092,2026-06-03 12:51:57
2101534204,154,0,0,0,0,0.0,113,30.8,26.0441,0.0,2026-06-03 12:51:57
p_ext_000713,12649,2235,282,941,98,3473.1,114,3473.1,25.9285,0.093,2026-06-03 12:51:57
2101572645,137,0,2,0,0,0.0,115,28.0,25.0753,0.0044,2026-06-03 12:51:57
p_ext_001511,2004,57,170,101,20,489.1,116,489.1,25.0232,0.051,2026-06-03 12:51:57
p_ext_000746,6112,870,490,18,33,1634.0,117,1634.0,25.0105,0.0738,2026-06-03 12:51:57
p_ext_000866,1172,153,34,64,2,303.3,118,303.3,24.9558,0.0732,2026-06-03 12:51:57
p_ext_001842,493,9,40,21,5,117.5,119,117.5,24.886,0.0436,2026-06-03 12:51:57
p_ext_001322,1255,153,56,17,0,317.1,120,317.1,24.584,0.0608,2026-06-03 12:51:57
p_ext_001791,5630,694,597,372,73,1587.7,121,1587.7,24.5281,0.0955,2026-06-03 12:51:57
p_ext_000138,730,113,81,11,4,206.4,122,206.4,24.396,0.0916,2026-06-03 12:51:57
2101580743,132,1,1,0,0,0.0,123,27.0,24.3769,0.0049,2026-06-03 12:51:57
p_ext_001186,14125,1918,535,299,53,3620.7,124,3620.7,24.3762,0.0655,2026-06-03 12:51:57
p_ext_000505,6882,863,790,319,86,1936.1,125,1936.1,24.3733,0.0921,2026-06-03 12:51:57
p_ext_000228,329,49,19,11,3,88.4,126,88.4,24.2469,0.0793,2026-06-03 12:51:57
2101597153,129,0,2,0,0,0.0,127,26.4,24.2456,0.0047,2026-06-03 12:51:57
2101531847,142,0,0,0,0,0.0,128,28.4,23.9024,0.0,2026-06-03 12:51:57
p_ext_001272,2459,253,124,65,2,617.9,129,617.9,23.8552,0.0602,2026-06-03 12:51:57
2101556932,134,0,1,0,0,0.0,130,27.1,23.8248,0.0022,2026-06-03 12:51:57
p_ext_000990,2000,301,239,41,19,570.2,131,570.2,23.7391,0.0938,2026-06-03 12:51:57
p_ext_001450,1523,201,15,88,4,387.0,132,387.0,23.5656,0.0688,2026-06-03 12:51:57
p_ext_001549,1012,25,52,40,0,233.5,133,233.5,23.0601,0.0379,2026-06-03 12:51:57
p_ext_000999,13989,400,1454,1107,76,3575.4,134,3575.4,22.926,0.0678,2026-06-03 12:51:57
p_ext_001619,122,20,1,1,1,30.9,135,30.9,22.8889,0.0611,2026-06-03 12:51:57
p_ext_001308,3087,80,186,164,4,730.0,136,730.0,22.8875,0.0455,2026-06-03 12:51:57
2101621570,120,0,1,0,0,0.0,137,24.3,22.8414,0.0025,2026-06-03 12:51:57
p_ext_001354,1840,151,130,120,16,476.3,138,476.3,22.7133,0.071,2026-06-03 12:51:57
2101545311,127,1,1,0,0,0.0,139,26.0,22.4466,0.0051,2026-06-03 12:51:57
p_ext_001912,206,15,12,11,2,51.5,140,51.5,22.4251,0.0597,2026-06-03 12:51:57
p_ext_000678,102,13,4,7,1,26.9,141,26.9,22.4037,0.0784,2026-06-03 12:51:57
p_ext_001805,641,55,3,4,6,146.4,142,146.4,22.3417,0.0317,2026-06-03 12:51:57
2101519051,139,6,1,3,0,0.0,143,30.5,22.3289,0.0248,2026-06-03 12:51:57
2101559833,126,0,0,0,0,0.0,144,25.2,22.2359,0.0,2026-06-03 12:51:57
p_ext_000736,16948,1067,863,194,314,4007.4,145,4007.4,22.1359,0.0376,2026-06-03 12:51:57
p_ext_000591,2669,61,120,181,38,624.3,146,624.3,21.9706,0.0424,2026-06-03 12:51:57
p_ext_001781,1577,102,97,21,13,379.3,147,379.3,21.6117,0.0441,2026-06-03 12:51:57
p_ext_001982,6597,998,284,357,125,1775.4,148,1775.4,21.4059,0.081,2026-06-03 12:51:57
p_ext_001622,9402,225,207,393,36,2088.6,149,2088.6,20.7131,0.0288,2026-06-03 12:51:57
p_ext_001203,685,17,59,52,6,170.2,150,170.2,20.6199,0.0593,2026-06-03 12:51:57
p_ext_000940,848,131,68,26,7,234.5,151,234.5,20.1865,0.0872,2026-06-03 12:51:57
p_ext_001606,4266,197,61,191,26,968.8,152,968.8,20.0231,0.0349,2026-06-03 12:51:57
2101606621,103,0,3,0,0,0.0,153,21.5,19.9234,0.0087,2026-06-03 12:51:57
2101521276,120,0,0,4,0,0.0,154,24.8,19.8515,0.0117,2026-06-03 12:51:57
2101629214,103,0,0,0,0,0.0,155,20.6,19.5164,0.0,2026-06-03 12:51:57
p_ext_000644,213,36,5,15,1,57.9,156,57.9,19.0009,0.0899,2026-06-03 12:51:57
p_ext_000595,575,8,21,4,1,124.5,157,124.5,18.9394,0.0179,2026-06-03 12:51:57
p_ext_000966,3250,503,220,98,38,886.5,158,886.5,18.8283,0.0827,2026-06-03 12:51:57
p_ext_000973,8838,344,681,605,166,2196.1,159,2196.1,18.4326,0.0569,2026-06-03 12:51:57
p_ext_001934,718,90,75,21,2,197.3,160,197.3,18.3725,0.0849,2026-06-03 12:51:57
p_ext_001154,374,10,39,4,6,90.3,161,90.3,17.8199,0.0412,2026-06-03 12:51:57
2101623364,91,0,2,0,0,0.0,162,18.8,17.7062,0.0066,2026-06-03 12:51:57
p_ext_000769,1012,14,81,60,7,242.9,163,242.9,17.6958,0.0482,2026-06-03 12:51:57
p_ext_001634,3954,226,85,197,18,923.5,164,923.5,17.5508,0.043,2026-06-03 12:51:57
2101519846,96,5,7,0,0,0.0,165,22.8,17.2986,0.0401,2026-06-03 12:51:57
p_ext_000790,4154,724,197,147,16,1136.5,166,1136.5,17.1843,0.0868,2026-06-03 12:51:57
2101567503,93,1,1,0,0,0.0,167,19.2,17.0988,0.007,2026-06-03 12:51:57
2101614176,90,0,1,0,0,0.0,168,18.3,17.0789,0.0033,2026-06-03 12:51:57
p_ext_000637,11523,1619,422,429,146,3002.7,169,3002.7,16.9743,0.0707,2026-06-03 12:51:57
p_ext_001393,514,88,42,2,3,142.2,170,142.2,16.87,0.0846,2026-06-03 12:51:57
p_ext_001902,254,21,19,5,3,63.8,171,63.8,16.8233,0.0559,2026-06-03 12:51:57
2101533358,98,0,0,0,0,0.0,172,19.6,16.5444,0.0,2026-06-03 12:51:57
2101536968,95,0,0,1,0,0.0,173,19.2,16.3312,0.0037,2026-06-03 12:51:57
p_ext_001494,1321,98,70,75,22,329.6,174,329.6,16.2231,0.0584,2026-06-03 12:51:57
2101518549,108,2,0,1,0,0.0,175,22.4,16.1607,0.0097,2026-06-03 12:51:57
2101539504,94,0,0,0,0,0.0,176,18.8,16.0764,0.0,2026-06-03 12:51:57
p_ext_000617,1076,165,97,2,13,294.2,177,294.2,15.9692,0.0789,2026-06-03 12:51:57
p_ext_000950,841,125,7,35,16,214.8,178,214.8,15.9316,0.0653,2026-06-03 12:51:57
2101514503,111,0,2,0,0,0.0,179,22.8,15.8078,0.0054,2026-06-03 12:51:57
p_ext_001049,4149,258,71,172,45,962.9,180,962.9,15.5793,0.0392,2026-06-03 12:51:57
2101539189,87,0,2,0,0,0.0,181,18.0,15.3832,0.0069,2026-06-03 12:51:57
p_ext_000297,533,39,55,27,7,140.2,182,140.2,15.3492,0.0717,2026-06-03 12:51:57
2101559269,84,0,1,0,0,0.0,183,17.1,15.0794,0.0036,2026-06-03 12:51:57
p_ext_000653,124,3,0,6,2,26.9,184,26.9,14.6063,0.0222,2026-06-03 12:51:57
p_ext_000660,781,89,33,23,0,197.4,185,197.4,14.572,0.0629,2026-06-03 12:51:57
p_ext_001935,3345,401,92,249,0,866.7,186,866.7,14.4365,0.0763,2026-06-03 12:51:57
2101600938,77,0,0,0,0,0.0,187,15.4,14.1976,0.0,2026-06-03 12:51:57
p_ext_001614,2086,25,73,149,32,476.4,188,476.4,14.0407,0.0366,2026-06-03 12:51:57
p_ext_000160,2777,96,79,185,54,644.9,189,644.9,13.9335,0.0401,2026-06-03 12:51:57
p_ext_001201,524,62,45,22,6,141.3,190,141.3,13.8266,0.0796,2026-06-03 12:51:57
p_ext_001190,344,20,15,16,6,82.5,191,82.5,13.7979,0.0462,2026-06-03 12:51:57
p_ext_000787,2780,103,210,193,5,688.5,192,688.5,13.7798,0.0596,2026-06-03 12:51:57
2101610652,74,0,0,0,0,0.0,193,14.8,13.7678,0.0,2026-06-03 12:51:57
p_ext_000449,250,6,2,7,4,53.8,194,53.8,13.6274,0.0174,2026-06-03 12:51:57
2101519045,83,5,1,1,0,0.0,195,18.6,13.617,0.0289,2026-06-03 12:51:57
2101585112,74,0,0,0,0,0.0,196,14.8,13.4295,0.0,2026-06-03 12:51:57
p_ext_000597,958,111,48,7,11,240.7,197,240.7,13.3913,0.0558,2026-06-03 12:51:57
p_ext_000334,610,99,24,48,4,168.5,198,168.5,13.3092,0.0948,2026-06-03 12:51:57
p_ext_000831,370,44,38,16,6,101.8,199,101.8,13.1638,0.0843,2026-06-03 12:51:57
p_ext_000640,8923,288,532,390,53,2108.6,200,2108.6,13.1451,0.0433,2026-06-03 12:51:57
p_ext_000395,2914,418,21,106,13,735.7,201,735.7,13.1447,0.0642,2026-06-03 12:51:57
p_ext_001616,1847,218,129,140,4,501.5,202,501.5,13.0883,0.0884,2026-06-03 12:51:57
p_ext_001303,900,102,94,68,11,252.4,203,252.4,13.0796,0.095,2026-06-03 12:51:57
p_ext_000141,525,78,41,1,7,140.9,204,140.9,13.0539,0.0734,2026-06-03 12:51:57
p_ext_000551,2866,332,211,226,22,781.3,205,781.3,13.0352,0.0887,2026-06-03 12:51:57
p_ext_000274,5612,728,623,138,73,1555.3,206,1555.3,13.0212,0.0847,2026-06-03 12:51:57
p_ext_000447,844,98,36,38,1,216.6,207,216.6,12.7485,0.069,2026-06-03 12:51:57
p_ext_001304,742,18,58,3,8,171.8,208,171.8,12.7044,0.0312,2026-06-03 12:51:57
2101629901,64,0,2,0,0,0.0,209,13.4,12.7035,0.0094,2026-06-03 12:51:57
2101549384,73,0,0,0,0,0.0,210,14.6,12.6883,0.0,2026-06-03 12:51:57
p_ext_000137,261,21,19,14,4,67.0,211,67.0,12.6415,0.0657,2026-06-03 12:51:57
p_ext_000349,475,11,8,32,6,107.1,212,107.1,12.5121,0.0342,2026-06-03 12:51:57
p_ext_000361,274,39,30,11,4,77.7,213,77.7,12.3633,0.0938,2026-06-03 12:51:57
p_ext_000579,6053,703,384,326,78,1601.9,214,1601.9,12.3216,0.076,2026-06-03 12:51:57
p_ext_001706,5353,253,168,87,31,1214.3,215,1214.3,12.3057,0.0305,2026-06-03 12:51:57
p_ext_000582,3382,77,178,50,44,762.9,216,762.9,12.2426,0.0263,2026-06-03 12:51:57
p_ext_000183,1445,170,159,24,26,392.5,217,392.5,12.1121,0.0764,2026-06-03 12:51:57
p_ext_000947,359,30,24,26,6,93.2,218,93.2,12.0442,0.0713,2026-06-03 12:51:57
p_ext_001106,171,23,11,10,1,46.4,219,46.4,12.0259,0.0857,2026-06-03 12:51:57
2101540021,67,0,2,0,0,0.0,220,14.0,11.9789,0.009,2026-06-03 12:51:57
p_ext_001517,404,11,22,8,4,92.3,221,92.3,11.8418,0.0308,2026-06-03 12:51:57
2101601867,61,2,0,0,0,0.0,222,12.8,11.8082,0.0115,2026-06-03 12:51:57
p_ext_001073,195,12,12,12,1,48.6,223,48.6,11.7997,0.0605,2026-06-03 12:51:57
p_ext_000880,434,12,37,30,2,107.5,224,107.5,11.7961,0.0585,2026-06-03 12:51:57
p_ext_000735,1897,194,184,9,36,494.6,225,494.6,11.6854,0.0628,2026-06-03 12:51:57
p_ext_001747,295,18,25,1,0,72.1,226,72.1,11.6512,0.048,2026-06-03 12:51:57
p_ext_000628,581,71,47,35,5,158.6,227,158.6,11.4587,0.0864,2026-06-03 12:51:57
p_ext_001081,96,5,6,1,0,22.7,228,22.7,11.2912,0.0406,2026-06-03 12:51:57
p_ext_000904,501,52,46,10,1,131.6,229,131.6,11.1211,0.0705,2026-06-03 12:51:57
p_ext_001361,897,79,100,56,11,244.3,230,244.3,11.0007,0.0837,2026-06-03 12:51:57
p_ext_001416,2909,118,193,203,39,715.7,231,715.7,11.0003,0.0558,2026-06-03 12:51:57
p_ext_001685,3177,499,74,155,24,838.3,232,838.3,10.9962,0.0775,2026-06-03 12:51:57
p_ext_001057,1789,168,154,124,25,479.2,233,479.2,10.9807,0.0802,2026-06-03 12:51:57
p_ext_001424,293,45,33,16,0,85.2,234,85.2,10.9798,0.1067,2026-06-03 12:51:57
p_ext_001960,1657,34,147,78,16,401.3,235,401.3,10.9385,0.0483,2026-06-03 12:51:57
p_ext_001532,758,16,58,13,0,176.4,236,176.4,10.9325,0.0363,2026-06-03 12:51:57
p_ext_001681,871,14,54,52,13,205.0,237,205.0,10.8846,0.0421,2026-06-03 12:51:57
p_ext_000935,606,16,64,10,2,147.2,238,147.2,10.8368,0.046,2026-06-03 12:51:57
p_ext_001580,654,117,8,48,8,177.9,239,177.9,10.7605,0.0895,2026-06-03 12:51:57
p_ext_000513,1294,145,98,51,22,341.9,240,341.9,10.72,0.0723,2026-06-03 12:51:57
2101617209,57,0,0,0,0,0.0,241,11.4,10.6739,0.0,2026-06-03 12:51:57
p_ext_001528,2889,406,244,67,44,786.2,242,786.2,10.3308,0.0796,2026-06-03 12:51:57
p_ext_000209,202,6,10,5,2,46.2,243,46.2,10.3128,0.0319,2026-06-03 12:51:57
p_ext_000279,776,45,8,11,0,173.3,244,173.3,10.2271,0.0284,2026-06-03 12:51:57
p_ext_000186,800,129,37,4,15,210.6,245,210.6,10.2171,0.0683,2026-06-03 12:51:57
p_ext_000283,710,41,42,34,5,173.7,246,173.7,10.2106,0.0533,2026-06-03 12:51:57
p_ext_000724,380,49,42,2,1,103.7,247,103.7,10.1075,0.0796,2026-06-03 12:51:57
p_ext_000516,391,30,43,17,6,103.5,248,103.5,10.075,0.072,2026-06-03 12:51:57
2101607896,54,0,0,0,0,0.0,249,10.8,10.0209,0.0,2026-06-03 12:51:57
p_ext_001887,523,83,31,22,0,143.2,250,143.2,9.9767,0.088,2026-06-03 12:51:57
p_ext_001151,467,83,45,22,1,136.2,251,136.2,9.9502,0.1072,2026-06-03 12:51:57
p_ext_000757,2090,64,237,21,23,512.5,252,512.5,9.7896,0.0461,2026-06-03 12:51:57
p_ext_001462,417,43,5,31,1,104.0,253,104.0,9.7844,0.0652,2026-06-03 12:51:57
p_ext_000462,5903,103,565,57,7,1392.4,254,1392.4,9.6925,0.038,2026-06-03 12:51:57
p_ext_000520,2208,201,47,70,21,530.0,255,530.0,9.6825,0.0474,2026-06-03 12:51:57
p_ext_001420,652,69,29,40,1,167.8,256,167.8,9.6707,0.0715,2026-06-03 12:51:57
p_ext_001311,2956,396,276,143,10,821.4,257,821.4,9.6527,0.0912,2026-06-03 12:51:57
p_ext_001858,639,43,34,25,3,155.9,258,155.9,9.6309,0.0523,2026-06-03 12:51:57
p_ext_000658,747,131,76,20,9,215.5,259,215.5,9.5807,0.0989,2026-06-03 12:51:57
p_ext_000734,659,86,57,26,5,179.9,260,179.9,9.4625,0.0839,2026-06-03 12:51:57
2101576190,48,0,3,0,0,0.0,261,10.5,9.4385,0.0187,2026-06-03 12:51:57
p_ext_000849,219,5,17,0,2,50.4,262,50.4,9.3574,0.0295,2026-06-03 12:51:57
p_ext_001678,1387,55,73,55,15,326.8,263,326.8,9.3222,0.0414,2026-06-03 12:51:57
p_ext_000554,709,77,31,23,1,178.8,264,178.8,9.286,0.0622,2026-06-03 12:51:57
p_ext_001159,422,71,6,30,5,113.5,265,113.5,9.2674,0.0857,2026-06-03 12:51:57
p_ext_001864,4022,200,455,224,29,1045.7,266,1045.7,9.1876,0.0694,2026-06-03 12:51:57
p_ext_001939,1163,74,56,54,0,282.4,267,282.4,9.1732,0.053,2026-06-03 12:51:57
2101518525,56,3,2,0,0,0.0,268,12.7,9.1579,0.0295,2026-06-03 12:51:57
p_ext_000944,1930,60,107,104,10,456.9,269,456.9,9.0869,0.0453,2026-06-03 12:51:57
p_ext_001893,1544,96,110,49,16,380.4,270,380.4,9.0712,0.0522,2026-06-03 12:51:57
p_ext_000134,450,29,43,7,3,113.0,271,113.0,9.0185,0.0553,2026-06-03 12:51:57
p_ext_001848,4160,85,221,140,20,951.8,272,951.8,8.9511,0.0339,2026-06-03 12:51:57
p_ext_000474,1847,31,169,101,2,449.6,273,449.6,8.9406,0.0522,2026-06-03 12:51:57
p_ext_001239,4906,711,396,229,80,1359.1,274,1359.1,8.9127,0.088,2026-06-03 12:51:57
p_ext_000775,4401,160,231,113,18,1020.1,275,1020.1,8.8934,0.0366,2026-06-03 12:51:57
p_ext_000771,874,95,75,45,9,234.8,276,234.8,8.8888,0.0797,2026-06-03 12:51:57
p_ext_000650,1313,40,14,24,0,283.6,277,283.6,8.8427,0.0203,2026-06-03 12:51:57
p_ext_001834,1499,126,14,99,2,361.6,278,361.6,8.7863,0.0551,2026-06-03 12:51:57
p_ext_001737,362,12,3,14,0,79.7,279,79.7,8.5444,0.0276,2026-06-03 12:51:57
p_ext_000706,1109,93,24,60,13,268.9,280,268.9,8.4972,0.0524,2026-06-03 12:51:57
p_ext_001981,1472,100,175,26,12,382.1,281,382.1,8.4723,0.064,2026-06-03 12:51:57
p_ext_001916,1057,122,124,31,14,291.4,282,291.4,8.4627,0.0832,2026-06-03 12:51:57
p_ext_000607,1914,150,213,60,35,503.7,283,503.7,8.4611,0.0681,2026-06-03 12:51:57
p_ext_000327,414,17,26,14,7,98.5,284,98.5,8.4509,0.0417,2026-06-03 12:51:57
p_ext_000820,333,43,21,8,2,87.4,285,87.4,8.4467,0.0713,2026-06-03 12:51:57
p_ext_001300,389,31,12,18,7,94.3,286,94.3,8.3038,0.0497,2026-06-03 12:51:57
p_ext_000120,3871,405,334,172,44,1030.3,287,1030.3,8.2474,0.0758,2026-06-03 12:51:57
p_ext_000593,280,40,30,17,3,80.4,288,80.4,8.1803,0.1012,2026-06-03 12:51:57
2101516892,56,1,0,0,0,0.0,289,11.5,8.1099,0.0062,2026-06-03 12:51:57
p_ext_000206,938,160,49,36,8,257.5,290,257.5,8.1078,0.0871,2026-06-03 12:51:57
p_ext_000396,825,116,52,64,5,228.2,291,228.2,8.0514,0.0941,2026-06-03 12:51:57
p_ext_001279,307,31,32,12,3,82.7,292,82.7,8.0356,0.0783,2026-06-03 12:51:57
p_ext_001713,654,112,48,48,12,188.4,293,188.4,7.9725,0.104,2026-06-03 12:51:57
p_ext_000919,331,27,19,15,3,83.0,294,83.0,7.9415,0.0598,2026-06-03 12:51:57
p_ext_000885,1873,171,156,113,16,495.3,295,495.3,7.8795,0.0763,2026-06-03 12:51:57
p_ext_001780,794,64,66,51,5,208.0,296,208.0,7.8767,0.0744,2026-06-03 12:51:57
p_ext_001432,1647,177,47,27,21,402.0,297,402.0,7.8536,0.0494,2026-06-03 12:51:57
p_ext_001345,114,10,12,8,0,31.0,298,31.0,7.6622,0.0868,2026-06-03 12:51:57
p_ext_000437,4020,542,319,59,52,1074.1,299,1074.1,7.6287,0.0735,2026-06-03 12:51:57
p_ext_000419,630,57,30,27,1,157.5,300,157.5,7.5721,0.0606,2026-06-03 12:51:57
p_ext_001849,1296,164,105,64,16,352.7,301,352.7,7.5144,0.0834,2026-06-03 12:51:57
p_ext_000415,2900,80,314,62,29,710.6,302,710.6,7.5111,0.0476,2026-06-03 12:51:57
p_ext_001523,329,36,28,11,1,87.2,303,87.2,7.5091,0.0749,2026-06-03 12:51:57
2101601503,39,1,0,0,0,0.0,304,8.1,7.4723,0.009,2026-06-03 12:51:57
p_ext_000845,390,8,8,28,4,88.4,305,88.4,7.4333,0.0364,2026-06-03 12:51:57
p_ext_000403,812,127,17,39,10,213.4,306,213.4,7.3983,0.0754,2026-06-03 12:51:57
p_ext_001252,429,45,49,11,0,116.2,307,116.2,7.3771,0.08,2026-06-03 12:51:57
p_ext_000797,153,19,2,0,3,36.9,308,36.9,7.3555,0.0435,2026-06-03 12:51:57
p_ext_001034,282,10,14,11,0,65.8,309,65.8,7.2825,0.041,2026-06-03 12:51:57
p_ext_001591,831,121,96,22,11,235.7,310,235.7,7.2517,0.0922,2026-06-03 12:51:57
p_ext_000630,220,17,7,0,0,51.2,311,51.2,7.2439,0.0366,2026-06-03 12:51:57
2101532187,40,0,2,0,0,0.0,312,8.6,7.2423,0.015,2026-06-03 12:51:57
p_ext_001788,266,10,5,13,1,60.3,313,60.3,7.2378,0.0352,2026-06-03 12:51:57
p_ext_000821,1597,191,22,104,2,404.1,314,404.1,7.1903,0.0685,2026-06-03 12:51:57
p_ext_001387,2912,96,14,13,10,618.0,315,618.0,7.1452,0.0139,2026-06-03 12:51:57
p_ext_000783,949,143,24,53,17,250.5,316,250.5,7.1068,0.0763,2026-06-03 12:51:57
p_ext_001120,902,84,89,24,2,237.1,317,237.1,7.104,0.0711,2026-06-03 12:51:57
p_ext_000357,275,48,4,5,0,71.6,318,71.6,7.0915,0.0718,2026-06-03 12:51:57
p_ext_000788,512,64,43,16,2,137.7,319,137.7,7.0666,0.0791,2026-06-03 12:51:57
p_ext_000290,624,51,15,7,11,146.0,320,146.0,7.0517,0.0362,2026-06-03 12:51:57
p_ext_000898,949,105,63,26,17,245.4,321,245.4,7.0265,0.0646,2026-06-03 12:51:57
p_ext_001999,3205,64,377,111,57,795.5,322,795.5,6.9726,0.0508,2026-06-03 12:51:57
p_ext_000768,907,108,96,40,8,250.6,323,250.6,6.9541,0.0871,2026-06-03 12:51:57
p_ext_001266,164,27,19,4,2,47.4,324,47.4,6.9514,0.0985,2026-06-03 12:51:57
p_ext_000902,2152,159,66,10,32,499.9,325,499.9,6.9309,0.0337,2026-06-03 12:51:57
p_ext_000897,1244,173,138,42,11,350.5,326,350.5,6.8412,0.092,2026-06-03 12:51:57
p_ext_000681,3620,292,272,243,63,941.8,327,941.8,6.8375,0.0708,2026-06-03 12:51:57
p_ext_000277,389,68,35,22,5,113.1,328,113.1,6.8361,0.1054,2026-06-03 12:51:57
p_ext_000519,271,26,15,21,2,70.7,329,70.7,6.8346,0.0758,2026-06-03 12:51:57
p_ext_000555,697,118,41,5,3,188.1,330,188.1,6.8036,0.0786,2026-06-03 12:51:57
p_ext_001794,326,17,17,13,5,78.0,331,78.0,6.7663,0.0448,2026-06-03 12:51:57
p_ext_000798,891,130,95,7,0,247.1,332,247.1,6.7546,0.0858,2026-06-03 12:51:57
p_ext_001083,859,99,4,3,11,203.3,333,203.3,6.729,0.0404,2026-06-03 12:51:57
p_ext_000828,677,109,15,41,9,180.8,334,180.8,6.7041,0.0815,2026-06-03 12:51:57
p_ext_001730,3480,511,139,140,12,919.0,335,919.0,6.659,0.0768,2026-06-03 12:51:57
p_ext_000535,57,2,1,0,0,12.3,336,12.3,6.6362,0.0175,2026-06-03 12:51:57
p_ext_001884,1167,63,17,49,2,267.2,337,267.2,6.6275,0.0376,2026-06-03 12:51:57
2101598143,36,0,0,0,0,0.0,338,7.2,6.6167,0.0,2026-06-03 12:51:57
p_ext_001237,1584,52,163,37,26,388.7,339,388.7,6.6123,0.0473,2026-06-03 12:51:57
p_ext_001817,648,55,20,18,2,155.7,340,155.7,6.5843,0.0481,2026-06-03 12:51:57
p_ext_001032,3344,56,195,95,54,763.1,341,763.1,6.582,0.0301,2026-06-03 12:51:57
p_ext_001543,1277,167,29,91,18,332.4,342,332.4,6.5694,0.0747,2026-06-03 12:51:57
p_ext_000169,234,34,6,9,3,60.6,343,60.6,6.5054,0.0694,2026-06-03 12:51:57
2101622130,33,1,0,0,0,0.0,344,6.9,6.4901,0.0106,2026-06-03 12:51:57
p_ext_001449,451,79,13,4,6,118.6,345,118.6,6.4574,0.0704,2026-06-03 12:51:57
p_ext_001583,787,121,39,44,2,214.2,346,214.2,6.4495,0.0877,2026-06-03 12:51:57
p_ext_000688,2299,397,170,124,13,654.7,347,654.7,6.4395,0.1004,2026-06-03 12:51:57
p_ext_001044,2197,206,151,134,1,573.3,348,573.3,6.414,0.0747,2026-06-03 12:51:57
p_ext_000624,1009,14,12,60,12,221.6,349,221.6,6.4116,0.0269,2026-06-03 12:51:57
p_ext_000376,1261,33,72,61,21,295.9,350,295.9,6.4091,0.0399,2026-06-03 12:51:57
p_ext_000413,1366,222,47,44,12,362.7,351,362.7,6.3756,0.0767,2026-06-03 12:51:57
p_ext_000260,1339,31,94,68,17,318.9,352,318.9,6.3701,0.0444,2026-06-03 12:51:57
p_ext_000876,474,75,13,10,1,123.2,353,123.2,6.2562,0.0706,2026-06-03 12:51:57
p_ext_001746,308,17,8,19,1,72.9,354,72.9,6.2043,0.0481,2026-06-03 12:51:57
p_ext_000195,1113,91,14,58,6,265.7,355,265.7,6.2021,0.0496,2026-06-03 12:51:57
p_ext_001810,3131,278,46,79,0,739.2,356,739.2,6.1777,0.0443,2026-06-03 12:51:57
p_ext_001293,552,39,11,43,2,134.0,357,134.0,6.1706,0.0572,2026-06-03 12:51:57
p_ext_000355,299,51,14,1,2,79.5,358,79.5,6.1196,0.0736,2026-06-03 12:51:57
p_ext_001112,340,54,13,9,1,89.9,359,89.9,6.1145,0.0757,2026-06-03 12:51:57
p_ext_001919,3221,358,344,155,14,885.8,360,885.8,6.09,0.0869,2026-06-03 12:51:57
p_ext_001477,572,95,13,24,4,151.6,361,151.6,6.0753,0.0782,2026-06-03 12:51:57
p_ext_001778,505,90,12,20,6,135.6,362,135.6,5.9994,0.081,2026-06-03 12:51:57
p_ext_001085,4192,93,423,26,62,998.4,363,998.4,5.9341,0.0372,2026-06-03 12:51:57
p_ext_000946,895,140,87,53,17,257.7,364,257.7,5.8501,0.1008,2026-06-03 12:51:57
p_ext_000887,1782,71,210,17,28,444.1,365,444.1,5.8249,0.0495,2026-06-03 12:51:57
p_ext_001412,657,96,6,11,1,164.2,366,164.2,5.8231,0.0594,2026-06-03 12:51:57
p_ext_000776,3234,316,240,120,64,837.6,367,837.6,5.8092,0.0655,2026-06-03 12:51:57
p_ext_000691,4287,51,376,158,52,1017.1,368,1017.1,5.8044,0.0409,2026-06-03 12:51:57
p_ext_000747,452,72,21,34,2,125.1,369,125.1,5.8036,0.0951,2026-06-03 12:51:57
p_ext_000175,3047,328,316,195,56,841.6,370,841.6,5.8012,0.0875,2026-06-03 12:51:57
p_ext_000368,227,22,22,16,2,61.8,371,61.8,5.778,0.0859,2026-06-03 12:51:57
p_ext_000375,3020,96,120,10,27,670.8,372,670.8,5.7582,0.0224,2026-06-03 12:51:57
p_ext_001030,1091,90,22,27,20,257.2,373,257.2,5.7467,0.0399,2026-06-03 12:51:57
p_ext_001682,888,143,78,46,1,253.1,374,253.1,5.7329,0.1006,2026-06-03 12:51:57
p_ext_001166,638,95,62,42,12,183.1,375,183.1,5.7205,0.1005,2026-06-03 12:51:57
p_ext_001070,635,58,51,28,8,165.3,376,165.3,5.72,0.069,2026-06-03 12:51:57
p_ext_000655,2957,329,274,144,6,801.1,377,801.1,5.7168,0.0834,2026-06-03 12:51:57
p_ext_000512,2508,65,108,115,10,576.5,378,576.5,5.7148,0.0372,2026-06-03 12:51:57
p_ext_000459,409,22,2,11,4,91.2,379,91.2,5.6886,0.0278,2026-06-03 12:51:57
p_ext_001953,847,94,13,46,14,210.7,380,210.7,5.6432,0.0591,2026-06-03 12:51:57
p_ext_000632,1008,165,49,59,3,277.6,381,277.6,5.6296,0.0918,2026-06-03 12:51:57
p_ext_001876,1072,143,30,48,0,275.9,382,275.9,5.571,0.0708,2026-06-03 12:51:57
p_ext_000330,1873,77,45,36,9,418.4,383,418.4,5.5657,0.0274,2026-06-03 12:51:57
p_ext_001124,246,43,8,15,1,67.5,384,67.5,5.5183,0.0915,2026-06-03 12:51:57
p_ext_000191,2051,208,93,124,15,525.3,385,525.3,5.5011,0.0688,2026-06-03 12:51:57
p_ext_000847,648,10,59,50,7,160.3,386,160.3,5.4853,0.0576,2026-06-03 12:51:57
p_ext_001948,1785,282,99,129,16,497.1,387,497.1,5.4825,0.0954,2026-06-03 12:51:57
p_ext_001577,953,165,70,10,18,263.1,388,263.1,5.482,0.0825,2026-06-03 12:51:57
p_ext_000816,603,75,39,24,5,159.6,389,159.6,5.4704,0.0752,2026-06-03 12:51:57
p_ext_001938,555,62,14,35,8,140.8,390,140.8,5.4411,0.0659,2026-06-03 12:51:57
p_ext_001724,788,25,77,54,7,199.0,391,199.0,5.3977,0.0626,2026-06-03 12:51:57
p_ext_000273,684,12,66,26,12,165.4,392,165.4,5.3772,0.0449,2026-06-03 12:51:57
p_ext_001047,1504,33,31,100,24,340.0,393,340.0,5.3698,0.0339,2026-06-03 12:51:57
p_ext_000531,413,61,14,22,5,109.5,394,109.5,5.3666,0.0781,2026-06-03 12:51:57
p_ext_001809,152,15,14,0,1,39.1,395,39.1,5.3654,0.0609,2026-06-03 12:51:57
p_ext_001426,321,51,23,7,3,87.8,396,87.8,5.3566,0.0829,2026-06-03 12:51:57
p_ext_001516,2140,315,186,31,13,584.5,397,584.5,5.3479,0.0814,2026-06-03 12:51:57
p_ext_001734,623,106,15,36,10,168.1,398,168.1,5.2885,0.0838,2026-06-03 12:51:57
p_ext_000341,808,10,93,48,9,202.1,399,202.1,5.2822,0.0574,2026-06-03 12:51:57
p_ext_001025,254,12,3,6,2,56.5,400,56.5,5.2694,0.0268,2026-06-03 12:51:57
p_ext_000649,2175,375,100,85,40,594.5,401,594.5,5.2149,0.0841,2026-06-03 12:51:57
p_ext_000794,1286,32,68,23,14,291.8,402,291.8,5.172,0.0287,2026-06-03 12:51:57
p_ext_001411,321,32,36,22,0,89.0,403,89.0,5.1679,0.0925,2026-06-03 12:51:57
p_ext_000320,2866,222,307,228,40,777.5,404,777.5,5.1472,0.0843,2026-06-03 12:51:57
p_ext_000998,624,66,36,38,8,163.0,405,163.0,5.136,0.0731,2026-06-03 12:51:57
p_ext_001908,564,44,12,42,0,138.0,406,138.0,5.1348,0.0598,2026-06-03 12:51:57
p_ext_000930,241,14,8,18,4,58.4,407,58.4,5.1334,0.0531,2026-06-03 12:51:57
p_ext_001564,783,8,89,36,3,192.9,408,192.9,5.1252,0.053,2026-06-03 12:51:57
p_ext_000412,395,50,15,6,3,99.7,409,99.7,5.1225,0.0595,2026-06-03 12:51:57
p_ext_001211,2199,111,63,30,3,498.0,410,498.0,5.1169,0.0308,2026-06-03 12:51:57
p_ext_001856,580,16,8,33,5,129.8,411,129.8,5.1153,0.032,2026-06-03 12:51:57
p_ext_000723,232,21,20,6,2,59.9,412,59.9,5.103,0.0649,2026-06-03 12:51:57
p_ext_001035,718,85,32,15,5,181.7,413,181.7,5.0796,0.0607,2026-06-03 12:51:57
p_ext_000715,289,48,2,11,0,75.0,414,75.0,5.0336,0.0735,2026-06-03 12:51:57
p_ext_001653,807,43,67,38,9,202.0,415,202.0,5.022,0.0578,2026-06-03 12:51:57
p_ext_000957,321,22,21,11,0,79.3,416,79.3,5.0177,0.0556,2026-06-03 12:51:57
p_ext_000254,803,35,28,32,7,185.9,417,185.9,4.9134,0.0379,2026-06-03 12:51:57
p_ext_001259,1143,103,50,81,21,290.7,418,290.7,4.8956,0.0658,2026-06-03 12:51:57
p_ext_001716,1191,114,81,20,13,300.7,419,300.7,4.8877,0.0576,2026-06-03 12:51:57
p_ext_001703,260,43,2,5,2,66.5,420,66.5,4.8865,0.0654,2026-06-03 12:51:57
p_ext_001711,317,3,24,14,5,74.3,421,74.3,4.8717,0.0383,2026-06-03 12:51:57
p_ext_001455,933,118,59,9,13,241.5,422,241.5,4.868,0.0638,2026-06-03 12:51:57
p_ext_001425,1007,153,38,77,2,274.1,423,274.1,4.8334,0.0909,2026-06-03 12:51:57
p_ext_000405,3111,388,58,66,9,769.2,424,769.2,4.8199,0.0561,2026-06-03 12:51:57
p_ext_001135,713,117,75,4,6,201.0,425,201.0,4.8097,0.0893,2026-06-03 12:51:57
p_ext_001985,1643,47,80,11,5,368.9,426,368.9,4.7952,0.0264,2026-06-03 12:51:57
p_ext_001662,2468,135,254,146,13,639.5,427,639.5,4.7844,0.0697,2026-06-03 12:51:57
p_ext_000372,582,8,25,42,2,134.7,428,134.7,4.7751,0.0423,2026-06-03 12:51:57
p_ext_001016,137,6,14,9,1,35.2,429,35.2,4.7738,0.0675,2026-06-03 12:51:57
p_ext_000332,645,102,70,1,3,180.8,430,180.8,4.7224,0.0875,2026-06-03 12:51:57
p_ext_001878,665,50,49,30,12,168.7,431,168.7,4.7082,0.0606,2026-06-03 12:51:57
p_ext_001336,2980,212,50,162,17,707.0,432,707.0,4.7048,0.0478,2026-06-03 12:51:57
p_ext_000199,391,16,15,6,2,88.7,433,88.7,4.6794,0.0302,2026-06-03 12:51:57
p_ext_000839,601,97,69,10,3,172.0,434,172.0,4.6513,0.0958,2026-06-03 12:51:57
p_ext_001415,562,88,34,16,8,152.2,435,152.2,4.6347,0.0801,2026-06-03 12:51:57
p_ext_001183,2217,108,238,25,44,552.2,436,552.2,4.6056,0.0492,2026-06-03 12:51:57
p_ext_001074,674,9,77,35,6,167.6,437,167.6,4.5813,0.0553,2026-06-03 12:51:57
p_ext_000244,704,34,67,7,13,172.5,438,172.5,4.5771,0.0452,2026-06-03 12:51:57
p_ext_001522,684,50,76,26,3,179.8,439,179.8,4.5707,0.0713,2026-06-03 12:51:57
p_ext_001058,2631,139,307,92,12,678.4,440,678.4,4.5636,0.0648,2026-06-03 12:51:57
p_ext_001993,1547,162,143,8,23,402.5,441,402.5,4.559,0.0632,2026-06-03 12:51:57
p_ext_001932,543,82,2,7,3,135.2,442,135.2,4.5391,0.0574,2026-06-03 12:51:57
2101519891,28,0,1,0,0,0.0,443,5.9,4.4882,0.0107,2026-06-03 12:51:57
p_ext_001364,392,66,1,15,7,101.5,444,101.5,4.4738,0.0695,2026-06-03 12:51:57
p_ext_000422,681,115,72,26,10,197.5,445,197.5,4.472,0.1012,2026-06-03 12:51:57
p_ext_001832,1043,76,121,3,15,268.3,446,268.3,4.405,0.0584,2026-06-03 12:51:57
p_ext_000802,575,84,65,8,11,161.3,447,161.3,4.4028,0.0861,2026-06-03 12:51:57
p_ext_001753,249,7,26,16,0,62.9,448,62.9,4.3729,0.0637,2026-06-03 12:51:57
p_ext_000540,725,80,84,35,1,201.2,449,201.2,4.3656,0.09,2026-06-03 12:51:57
p_ext_001402,1468,104,36,13,9,338.2,450,338.2,4.3648,0.034,2026-06-03 12:51:57
p_ext_000744,1240,94,142,35,0,325.8,451,325.8,4.3625,0.0708,2026-06-03 12:51:57
p_ext_001273,466,37,43,7,9,118.6,452,118.6,4.3558,0.0569,2026-06-03 12:51:57
p_ext_000557,514,82,56,9,8,146.0,453,146.0,4.325,0.0915,2026-06-03 12:51:57
p_ext_000148,1522,53,82,33,20,351.5,454,351.5,4.3232,0.0333,2026-06-03 12:51:57
p_ext_001699,181,10,20,1,1,45.4,455,45.4,4.2974,0.0533,2026-06-03 12:51:57
p_ext_000861,2115,357,26,116,13,561.1,456,561.1,4.2764,0.0807,2026-06-03 12:51:57
p_ext_000800,486,68,15,30,0,128.1,457,128.1,4.2714,0.0798,2026-06-03 12:51:57
p_ext_001491,1171,28,125,9,4,281.9,458,281.9,4.2702,0.0424,2026-06-03 12:51:57
p_ext_000309,417,34,12,10,5,99.2,459,99.2,4.2681,0.0432,2026-06-03 12:51:57
p_ext_001027,768,91,46,37,0,202.1,460,202.1,4.26,0.0763,2026-06-03 12:51:57
p_ext_001863,2046,72,241,145,20,532.1,461,532.1,4.2587,0.0705,2026-06-03 12:51:57
p_ext_000234,206,31,2,12,0,53.5,462,53.5,4.2309,0.076,2026-06-03 12:51:57
p_ext_001924,623,86,55,36,7,174.1,463,174.1,4.227,0.0928,2026-06-03 12:51:57
p_ext_000910,556,58,32,33,4,144.8,464,144.8,4.1821,0.0731,2026-06-03 12:51:57
p_ext_000588,1426,89,144,6,2,356.3,465,356.3,4.1717,0.0533,2026-06-03 12:51:57
p_ext_001122,1801,322,18,120,26,486.2,466,486.2,4.1589,0.086,2026-06-03 12:51:57
p_ext_001009,2089,276,41,112,5,535.3,467,535.3,4.1439,0.0704,2026-06-03 12:51:57
p_ext_000685,230,31,23,17,3,65.6,468,65.6,4.1287,0.1004,2026-06-03 12:51:57
p_ext_000832,641,12,5,33,6,139.9,469,139.9,4.1116,0.025,2026-06-03 12:51:57
p_ext_001850,2561,81,261,190,10,652.8,470,652.8,4.1113,0.0668,2026-06-03 12:51:57
p_ext_000370,1032,39,69,11,4,241.0,471,241.0,4.1036,0.0362,2026-06-03 12:51:57
p_ext_001327,258,27,7,1,0,62.0,472,62.0,4.0984,0.0461,2026-06-03 12:51:57
p_ext_001115,1728,159,55,18,32,413.4,473,413.4,4.098,0.0417,2026-06-03 12:51:57
p_ext_001553,1600,71,191,76,17,413.8,474,413.8,4.0897,0.0658,2026-06-03 12:51:57
p_ext_000106,228,4,15,4,2,52.1,475,52.1,4.0778,0.0303,2026-06-03 12:51:57
p_ext_001428,925,96,21,72,9,234.5,476,234.5,4.0771,0.0684,2026-06-03 12:51:57
p_ext_001107,439,41,45,20,4,117.6,477,117.6,4.0736,0.0776,2026-06-03 12:51:57
p_ext_001389,1465,211,79,34,19,386.8,478,386.8,4.0707,0.0721,2026-06-03 12:51:57
p_ext_001796,1273,190,73,9,19,335.3,479,335.3,4.0637,0.0689,2026-06-03 12:51:57
p_ext_001020,257,44,14,18,2,72.4,480,72.4,4.0606,0.0992,2026-06-03 12:51:57
p_ext_000484,600,8,35,10,11,134.9,481,134.9,4.0462,0.0243,2026-06-03 12:51:57
p_ext_001827,297,10,16,6,5,68.4,482,68.4,4.0306,0.0316,2026-06-03 12:51:57
p_ext_001098,820,37,60,59,2,204.9,483,204.9,4.0304,0.0624,2026-06-03 12:51:57
p_ext_000156,1525,114,80,72,20,377.6,484,377.6,4.025,0.0558,2026-06-03 12:51:57
p_ext_001343,347,8,35,18,1,85.9,485,85.9,4.0217,0.0559,2026-06-03 12:51:57
p_ext_001479,394,53,27,17,1,106.2,486,106.2,4.0122,0.0822,2026-06-03 12:51:57
p_ext_001230,565,44,42,24,6,143.6,487,143.6,4.0081,0.0623,2026-06-03 12:51:57
p_ext_001839,265,43,16,10,0,72.7,488,72.7,3.9857,0.0881,2026-06-03 12:51:57
p_ext_001998,458,65,17,3,8,116.8,489,116.8,3.9556,0.0596,2026-06-03 12:51:57
p_ext_000285,1104,141,76,16,0,289.1,490,289.1,3.9489,0.0704,2026-06-03 12:51:57
p_ext_001514,391,48,15,16,5,100.3,491,100.3,3.9473,0.0662,2026-06-03 12:51:57
p_ext_000565,2916,132,290,28,37,715.4,492,715.4,3.9392,0.0465,2026-06-03 12:51:57
p_ext_000882,1431,83,120,69,3,360.9,493,360.9,3.9332,0.0619,2026-06-03 12:51:57
p_ext_001952,581,86,53,41,8,166.1,494,166.1,3.9274,0.1011,2026-06-03 12:51:57
p_ext_000381,2702,70,272,26,40,648.2,495,648.2,3.9241,0.0397,2026-06-03 12:51:57
p_ext_001158,431,76,7,5,6,112.1,496,112.1,3.9143,0.0679,2026-06-03 12:51:57
p_ext_001063,396,41,12,18,0,98.7,497,98.7,3.8951,0.0612,2026-06-03 12:51:57
p_ext_001090,1180,190,103,15,23,326.9,498,326.9,3.8902,0.0831,2026-06-03 12:51:57
p_ext_000547,456,69,29,29,6,126.4,499,126.4,3.8852,0.0917,2026-06-03 12:51:57
p_ext_000443,1192,190,92,90,11,341.0,500,341.0,3.8323,0.1035,2026-06-03 12:51:57
p_ext_001222,616,101,18,29,10,164.7,501,164.7,3.8294,0.0794,2026-06-03 12:51:57
p_ext_000761,371,42,3,13,1,90.3,502,90.3,3.8285,0.0538,2026-06-03 12:51:57
p_ext_001391,160,7,6,10,1,37.9,503,37.9,3.8275,0.0472,2026-06-03 12:51:57
p_ext_000296,585,22,44,42,6,145.2,504,145.2,3.7993,0.0588,2026-06-03 12:51:57
p_ext_001665,2136,334,35,72,29,552.3,505,552.3,3.7709,0.0687,2026-06-03 12:51:57
p_ext_000235,1032,101,34,43,7,255.5,506,255.5,3.7552,0.0574,2026-06-03 12:51:57
p_ext_001224,192,14,15,13,2,49.7,507,49.7,3.6986,0.0706,2026-06-03 12:51:57
p_ext_000231,557,50,26,2,0,134.6,508,134.6,3.6915,0.0467,2026-06-03 12:51:57
p_ext_001862,393,45,27,13,3,102.8,509,102.8,3.6631,0.0707,2026-06-03 12:51:57
p_ext_001125,380,23,43,28,1,101.4,510,101.4,3.6572,0.0804,2026-06-03 12:51:57
p_ext_001301,580,70,23,36,8,151.1,511,151.1,3.6504,0.0731,2026-06-03 12:51:57
p_ext_000939,1744,201,71,5,11,431.4,512,431.4,3.6465,0.0523,2026-06-03 12:51:57
p_ext_001520,342,33,2,10,2,80.9,513,80.9,3.6263,0.0446,2026-06-03 12:51:57
p_ext_000407,1654,194,85,108,6,436.1,514,436.1,3.6253,0.0786,2026-06-03 12:51:57
p_ext_000345,800,134,95,35,13,235.7,515,235.7,3.6095,0.1063,2026-06-03 12:51:57
p_ext_000733,990,37,41,20,6,225.4,516,225.4,3.6011,0.0314,2026-06-03 12:51:57
p_ext_001356,427,65,16,11,2,111.9,517,111.9,3.594,0.0726,2026-06-03 12:51:57
p_ext_001236,421,8,21,30,0,98.9,518,98.9,3.5859,0.0466,2026-06-03 12:51:57
p_ext_001298,595,83,35,31,5,160.6,519,160.6,3.5757,0.083,2026-06-03 12:51:57
p_ext_000792,651,65,63,18,10,172.2,520,172.2,3.53,0.0706,2026-06-03 12:51:57
p_ext_000374,733,131,14,55,6,201.1,521,201.1,3.4829,0.0929,2026-06-03 12:51:57
p_ext_000854,250,20,24,19,1,67.0,522,67.0,3.465,0.0826,2026-06-03 12:51:57
p_ext_000766,487,36,2,14,6,111.6,523,111.6,3.4637,0.0347,2026-06-03 12:51:57
p_ext_001169,469,50,21,2,7,115.5,524,115.5,3.4433,0.0493,2026-06-03 12:51:57
p_ext_001903,249,37,6,1,4,62.9,525,62.9,3.4335,0.0574,2026-06-03 12:51:57
p_ext_001843,217,13,19,0,1,53.0,526,53.0,3.4324,0.0463,2026-06-03 12:51:57
p_ext_001992,401,51,6,20,0,101.3,527,101.3,3.4274,0.0665,2026-06-03 12:51:57
p_ext_001500,999,46,106,76,17,260.6,528,260.6,3.4189,0.0712,2026-06-03 12:51:57
p_ext_001380,1728,208,119,109,22,465.5,529,465.5,3.399,0.0823,2026-06-03 12:51:57
p_ext_000471,908,85,31,23,4,221.0,530,221.0,3.3985,0.051,2026-06-03 12:51:57
p_ext_001496,793,53,55,18,10,194.6,531,194.6,3.3976,0.0496,2026-06-03 12:51:57
p_ext_000461,632,71,4,40,1,156.9,532,156.9,3.3955,0.0631,2026-06-03 12:51:57
p_ext_000394,1091,64,66,57,6,268.6,533,268.6,3.3906,0.0559,2026-06-03 12:51:57
p_ext_000388,1016,79,79,28,8,256.2,534,256.2,3.3857,0.0586,2026-06-03 12:51:57
p_ext_001305,837,140,83,66,11,247.5,535,247.5,3.3536,0.1133,2026-06-03 12:51:57
p_ext_001367,779,24,17,32,6,174.5,536,174.5,3.3522,0.0302,2026-06-03 12:51:57
p_ext_001840,1109,165,30,17,10,283.7,537,283.7,3.3396,0.0638,2026-06-03 12:51:57
p_ext_001155,1218,93,43,33,17,291.0,538,291.0,3.3216,0.044,2026-06-03 12:51:57
p_ext_000578,1488,59,90,63,18,354.9,539,354.9,3.3203,0.0444,2026-06-03 12:51:57
p_ext_000596,2082,350,231,30,10,596.7,540,596.7,3.3161,0.0962,2026-06-03 12:51:57
p_ext_001275,637,70,63,30,3,173.3,541,173.3,3.2972,0.0837,2026-06-03 12:51:57
p_ext_000758,412,44,7,20,5,101.7,542,101.7,3.2967,0.057,2026-06-03 12:51:57
p_ext_000705,1348,83,43,51,18,317.6,543,317.6,3.2853,0.0417,2026-06-03 12:51:57
p_ext_001995,635,25,37,49,2,155.4,544,155.4,3.2612,0.0576,2026-06-03 12:51:57
p_ext_000397,560,34,57,36,9,146.5,545,146.5,3.254,0.0711,2026-06-03 12:51:57
p_ext_001386,842,66,20,53,13,204.8,546,204.8,3.2484,0.0535,2026-06-03 12:51:57
p_ext_000860,941,148,44,65,13,258.8,547,258.8,3.2364,0.0905,2026-06-03 12:51:57
p_ext_000621,1601,267,52,93,29,434.5,548,434.5,3.2236,0.0848,2026-06-03 12:51:57
p_ext_001489,351,15,11,20,5,82.0,549,82.0,3.2234,0.0415,2026-06-03 12:51:57
p_ext_001227,497,44,54,8,1,130.4,550,130.4,3.2211,0.0688,2026-06-03 12:51:57
p_ext_000410,694,78,36,23,10,177.6,551,177.6,3.2129,0.0636,2026-06-03 12:51:57
p_ext_000146,386,41,2,12,4,92.5,552,92.5,3.2046,0.0475,2026-06-03 12:51:57
p_ext_000126,344,48,8,2,1,86.0,553,86.0,3.2024,0.0573,2026-06-03 12:51:57
p_ext_000765,795,25,46,51,15,190.5,554,190.5,3.2017,0.047,2026-06-03 12:51:57
p_ext_000877,616,38,59,7,8,153.7,555,153.7,3.1967,0.0517,2026-06-03 12:51:57
p_ext_001978,507,74,37,29,4,140.5,556,140.5,3.1853,0.0914,2026-06-03 12:51:57
p_ext_001217,697,106,6,50,13,183.0,557,183.0,3.1838,0.0772,2026-06-03 12:51:57
p_ext_000157,552,27,60,33,2,143.1,558,143.1,3.1795,0.0699,2026-06-03 12:51:57
p_ext_000714,392,32,17,11,6,95.3,559,95.3,3.1777,0.0483,2026-06-03 12:51:57
p_ext_000409,1063,18,87,41,4,252.3,560,252.3,3.1743,0.0432,2026-06-03 12:51:57
p_ext_001599,1643,102,58,60,27,388.6,561,388.6,3.1725,0.0418,2026-06-03 12:51:57
p_ext_001360,161,16,3,8,3,39.5,562,39.5,3.1547,0.054,2026-06-03 12:51:57
p_ext_001771,1952,133,233,66,5,513.4,563,513.4,3.152,0.071,2026-06-03 12:51:57
p_ext_000286,383,22,10,9,4,88.0,564,88.0,3.1486,0.0341,2026-06-03 12:51:57
p_ext_001337,2465,27,58,8,21,520.1,565,520.1,3.1434,0.0103,2026-06-03 12:51:57
p_ext_001213,476,15,16,23,4,109.1,566,109.1,3.0964,0.0363,2026-06-03 12:51:57
p_ext_000442,1945,174,45,120,25,478.7,567,478.7,3.0909,0.0573,2026-06-03 12:51:57
p_ext_000959,892,74,95,15,5,232.1,568,232.1,3.0828,0.0658,2026-06-03 12:51:57
p_ext_001667,645,101,60,26,4,182.5,569,182.5,3.0772,0.0956,2026-06-03 12:51:57
p_ext_000511,474,62,42,9,0,127.8,570,127.8,3.0737,0.079,2026-06-03 12:51:57
p_ext_001648,1699,295,28,79,4,452.5,571,452.5,3.0682,0.0815,2026-06-03 12:51:57
p_ext_000732,905,36,63,10,15,212.7,572,212.7,3.0617,0.0354,2026-06-03 12:51:57
p_ext_000181,737,103,43,50,14,201.2,573,201.2,3.056,0.0864,2026-06-03 12:51:57
p_ext_001274,435,15,48,21,8,110.1,574,110.1,3.0538,0.0584,2026-06-03 12:51:57
p_ext_000755,768,113,70,22,6,212.9,575,212.9,3.053,0.0873,2026-06-03 12:51:57
p_ext_001206,592,58,45,45,9,158.3,576,158.3,3.0338,0.0807,2026-06-03 12:51:57
p_ext_000152,734,122,9,29,0,191.9,577,191.9,3.03,0.0757,2026-06-03 12:51:57
p_ext_001017,818,31,64,12,5,194.5,578,194.5,3.0215,0.0406,2026-06-03 12:51:57
p_ext_001696,231,29,22,2,3,61.9,579,61.9,3.0058,0.0729,2026-06-03 12:51:57
p_ext_000124,210,13,20,1,0,52.1,580,52.1,3.001,0.0519,2026-06-03 12:51:57
p_ext_001958,1023,107,56,49,15,263.3,581,263.3,2.9918,0.0669,2026-06-03 12:51:57
p_ext_000446,422,62,3,25,6,108.9,582,108.9,2.9844,0.0714,2026-06-03 12:51:57
p_ext_000241,737,88,42,37,14,193.8,583,193.8,2.9833,0.0727,2026-06-03 12:51:57
p_ext_001244,435,56,13,5,1,108.7,584,108.7,2.9656,0.0576,2026-06-03 12:51:57
p_ext_001638,1190,173,134,79,11,345.9,585,345.9,2.9649,0.1061,2026-06-03 12:51:57
p_ext_001003,1210,21,6,66,4,263.3,586,263.3,2.9649,0.026,2026-06-03 12:51:57
p_ext_000958,376,18,37,3,6,92.3,587,92.3,2.9563,0.0459,2026-06-03 12:51:57
p_ext_000507,1258,60,141,71,3,326.1,588,326.1,2.9552,0.0696,2026-06-03 12:51:57
p_ext_001447,408,52,44,5,4,111.4,589,111.4,2.9438,0.0793,2026-06-03 12:51:57
p_ext_001868,873,99,33,3,16,214.8,590,214.8,2.9434,0.0486,2026-06-03 12:51:57
p_ext_000916,590,7,3,37,6,128.4,591,128.4,2.9427,0.0256,2026-06-03 12:51:57
p_ext_000248,348,47,36,0,0,94.5,592,94.5,2.9383,0.0783,2026-06-03 12:51:57
p_ext_001269,316,21,14,1,5,73.9,593,73.9,2.9206,0.0345,2026-06-03 12:51:57
p_ext_001093,1945,106,109,8,0,455.1,594,455.1,2.9198,0.0373,2026-06-03 12:51:57
p_ext_001604,879,14,78,44,13,212.2,595,212.2,2.9159,0.0468,2026-06-03 12:51:57
p_ext_000656,163,17,18,8,0,44.7,596,44.7,2.9106,0.0868,2026-06-03 12:51:57
p_ext_001773,249,37,27,8,2,70.6,597,70.6,2.9101,0.0942,2026-06-03 12:51:57
p_ext_001325,639,104,20,16,8,168.2,598,168.2,2.8958,0.0726,2026-06-03 12:51:57
p_ext_000131,950,166,54,30,2,262.0,599,262.0,2.8892,0.0888,2026-06-03 12:51:57
p_ext_001890,1432,60,120,22,5,344.8,600,344.8,2.8794,0.0445,2026-06-03 12:51:57
p_ext_001192,675,10,51,26,9,158.5,601,158.5,2.8794,0.0387,2026-06-03 12:51:57
p_ext_001233,660,101,34,20,0,176.5,602,176.5,2.87,0.0796,2026-06-03 12:51:57
p_ext_000536,191,16,10,14,2,48.8,603,48.8,2.8685,0.0686,2026-06-03 12:51:57
p_ext_001052,475,33,37,32,6,122.4,604,122.4,2.8652,0.0687,2026-06-03 12:51:57
p_ext_001464,398,9,9,29,2,90.8,605,90.8,2.8512,0.0392,2026-06-03 12:51:57
p_ext_001991,912,139,107,31,4,262.4,606,262.4,2.851,0.0996,2026-06-03 12:51:57
p_ext_001340,679,74,56,8,10,176.4,607,176.4,2.8456,0.0641,2026-06-03 12:51:57
p_ext_001503,897,106,33,38,14,228.7,608,228.7,2.8341,0.0641,2026-06-03 12:51:57
p_ext_001852,886,133,87,69,15,257.0,609,257.0,2.8182,0.1059,2026-06-03 12:51:57
p_ext_001729,1351,16,53,14,23,293.7,610,293.7,2.8037,0.0161,2026-06-03 12:51:57
p_ext_000387,730,92,14,47,5,187.2,611,187.2,2.8002,0.071,2026-06-03 12:51:57
p_ext_000149,189,32,0,12,0,49.8,612,49.8,2.7992,0.0815,2026-06-03 12:51:57
p_ext_001568,181,15,2,1,0,41.5,613,41.5,2.7978,0.0343,2026-06-03 12:51:57
p_ext_001783,1230,54,15,89,1,284.5,614,284.5,2.7945,0.0442,2026-06-03 12:51:57
p_ext_000515,1682,260,113,40,1,456.3,615,456.3,2.7896,0.0825,2026-06-03 12:51:57
p_ext_000487,678,63,24,11,4,163.9,616,163.9,2.786,0.0476,2026-06-03 12:51:57
p_ext_000827,426,38,33,18,1,110.1,617,110.1,2.7836,0.0688,2026-06-03 12:51:57
p_ext_001000,283,5,16,15,4,65.9,618,65.9,2.7803,0.0389,2026-06-03 12:51:57
p_ext_001772,257,36,6,3,4,64.6,619,64.6,2.7759,0.057,2026-06-03 12:51:57
p_ext_001937,611,28,42,21,4,147.4,620,147.4,2.7699,0.0474,2026-06-03 12:51:57
p_ext_000517,726,30,14,39,9,166.2,621,166.2,2.7693,0.0366,2026-06-03 12:51:57
p_ext_000121,460,9,19,16,0,103.6,622,103.6,2.7652,0.0314,2026-06-03 12:51:57
p_ext_000703,589,33,28,25,0,141.1,623,141.1,2.7636,0.0487,2026-06-03 12:51:57
p_ext_000620,1622,289,177,117,25,487.6,624,487.6,2.7623,0.1173,2026-06-03 12:51:57
p_ext_001598,207,35,3,7,1,54.2,625,54.2,2.7569,0.0744,2026-06-03 12:51:57
p_ext_001566,362,17,30,7,1,87.9,626,87.9,2.7566,0.0475,2026-06-03 12:51:57
p_ext_001941,670,91,18,37,2,174.1,627,174.1,2.7515,0.0743,2026-06-03 12:51:57
p_ext_001670,536,38,14,7,4,124.2,628,124.2,2.7476,0.0357,2026-06-03 12:51:57
p_ext_001673,515,79,19,27,0,137.8,629,137.8,2.7449,0.0831,2026-06-03 12:51:57
p_ext_001541,1222,131,102,83,23,330.9,630,330.9,2.7348,0.0826,2026-06-03 12:51:57
p_ext_001725,775,48,66,39,1,197.0,631,197.0,2.7311,0.0646,2026-06-03 12:51:57
p_ext_000581,1557,157,59,67,26,389.6,632,389.6,2.7298,0.0584,2026-06-03 12:51:57
p_ext_001409,201,28,11,14,2,54.7,633,54.7,2.709,0.0876,2026-06-03 12:51:57
p_ext_001270,311,52,27,7,4,87.3,634,87.3,2.707,0.0899,2026-06-03 12:51:57
p_ext_001546,300,28,16,10,5,75.2,635,75.2,2.6972,0.057,2026-06-03 12:51:57
p_ext_000220,608,41,42,1,6,146.7,636,146.7,2.6718,0.0429,2026-06-03 12:51:57
p_ext_000229,174,15,5,12,3,43.2,637,43.2,2.6678,0.0595,2026-06-03 12:51:57
p_ext_000477,365,36,23,26,5,95.9,638,95.9,2.6617,0.0756,2026-06-03 12:51:57
p_ext_001220,392,26,45,21,1,103.9,639,103.9,2.6452,0.0759,2026-06-03 12:51:57
p_ext_001064,1511,160,133,4,23,390.9,640,390.9,2.6357,0.0614,2026-06-03 12:51:57
p_ext_001785,674,57,7,42,2,162.4,641,162.4,2.6354,0.0539,2026-06-03 12:51:57
p_ext_001167,557,85,26,21,7,148.9,642,148.9,2.6306,0.0781,2026-06-03 12:51:57
p_ext_000514,886,155,89,13,12,253.0,643,253.0,2.6234,0.0938,2026-06-03 12:51:57
p_ext_001099,810,8,10,29,11,173.2,644,173.2,2.6195,0.017,2026-06-03 12:51:57
p_ext_001136,1253,15,136,41,23,304.1,645,304.1,2.6169,0.0445,2026-06-03 12:51:57
p_ext_000626,1138,65,100,8,11,278.7,646,278.7,2.6093,0.0469,2026-06-03 12:51:57
p_ext_001973,210,13,12,2,1,49.9,647,49.9,2.6065,0.0412,2026-06-03 12:51:57
p_ext_001582,694,28,62,51,4,176.0,648,176.0,2.5962,0.0655,2026-06-03 12:51:57
p_ext_001561,1083,85,17,36,12,254.4,649,254.4,2.5928,0.0416,2026-06-03 12:51:57
p_ext_001979,675,95,43,8,10,178.0,650,178.0,2.5863,0.0696,2026-06-03 12:51:57
p_ext_000346,434,31,30,12,2,107.5,651,107.5,2.5857,0.0545,2026-06-03 12:51:57
p_ext_000846,95,9,8,3,0,24.7,652,24.7,2.5819,0.0695,2026-06-03 12:51:57
p_ext_000777,496,66,27,18,4,130.7,653,130.7,2.5755,0.074,2026-06-03 12:51:57
p_ext_000204,536,76,63,26,10,154.1,654,154.1,2.5557,0.0981,2026-06-03 12:51:57
p_ext_001082,477,57,56,32,5,135.7,655,135.7,2.551,0.0984,2026-06-03 12:51:57
p_ext_000613,430,41,31,28,0,113.2,656,113.2,2.5469,0.0778,2026-06-03 12:51:57
p_ext_000265,1773,272,34,14,22,449.2,657,449.2,2.5329,0.0597,2026-06-03 12:51:57
p_ext_001309,1136,109,47,44,6,282.8,658,282.8,2.5296,0.0585,2026-06-03 12:51:57
p_ext_001162,517,80,13,1,6,131.5,659,131.5,2.5265,0.0601,2026-06-03 12:51:57
p_ext_000166,255,8,28,6,1,63.0,660,63.0,2.5052,0.0514,2026-06-03 12:51:57
p_ext_000423,474,32,49,20,7,123.1,661,123.1,2.5034,0.0665,2026-06-03 12:51:57
p_ext_000384,385,61,1,23,2,100.2,662,100.2,2.5013,0.0761,2026-06-03 12:51:57
p_ext_000429,84,15,9,4,1,24.8,663,24.8,2.4982,0.1089,2026-06-03 12:51:57
p_ext_001911,1735,92,95,27,19,408.5,664,408.5,2.496,0.0382,2026-06-03 12:51:57
p_ext_000281,450,65,18,32,0,121.3,665,121.3,2.4942,0.0874,2026-06-03 12:51:57
p_ext_000506,497,44,28,36,4,128.2,666,128.2,2.4917,0.0716,2026-06-03 12:51:57
p_ext_001458,209,26,22,12,1,58.6,667,58.6,2.4682,0.0943,2026-06-03 12:51:57
p_ext_000125,858,67,42,63,1,216.9,668,216.9,2.4655,0.0675,2026-06-03 12:51:57
p_ext_000123,1288,96,111,89,1,337.5,669,337.5,2.4643,0.076,2026-06-03 12:51:57
p_ext_000801,287,16,6,7,1,65.4,670,65.4,2.4444,0.0336,2026-06-03 12:51:57
p_ext_001039,1430,52,17,20,14,310.7,671,310.7,2.4363,0.0192,2026-06-03 12:51:57
p_ext_001930,849,20,80,50,1,209.8,672,209.8,2.4333,0.0569,2026-06-03 12:51:57
p_ext_001838,276,28,12,8,1,68.8,673,68.8,2.4301,0.058,2026-06-03 12:51:57
p_ext_000464,701,88,51,23,3,186.5,674,186.5,2.4291,0.0764,2026-06-03 12:51:57
p_ext_000198,373,41,14,26,1,96.3,675,96.3,2.4245,0.0736,2026-06-03 12:51:57
p_ext_001656,1342,46,69,6,11,304.1,676,304.1,2.4211,0.0273,2026-06-03 12:51:57
p_ext_000218,1492,20,100,55,9,345.4,677,345.4,2.4153,0.0365,2026-06-03 12:51:57
p_ext_001358,722,99,79,39,8,205.6,678,205.6,2.4112,0.0975,2026-06-03 12:51:57
p_ext_001576,368,22,32,16,0,93.0,679,93.0,2.4102,0.0622,2026-06-03 12:51:57
p_ext_000178,853,52,42,59,6,210.6,680,210.6,2.4062,0.0589,2026-06-03 12:51:57
p_ext_001690,346,46,41,4,3,96.1,681,96.1,2.4055,0.0844,2026-06-03 12:51:57
p_ext_001210,640,112,3,4,2,163.3,682,163.3,2.3988,0.0642,2026-06-03 12:51:57
p_ext_001029,520,64,19,20,7,132.9,683,132.9,2.3943,0.0648,2026-06-03 12:51:57
p_ext_001675,500,41,32,27,3,127.3,684,127.3,2.3916,0.0656,2026-06-03 12:51:57
p_ext_000778,525,90,28,27,6,145.8,685,145.8,2.3907,0.0917,2026-06-03 12:51:57
p_ext_000133,347,10,11,14,0,78.5,686,78.5,2.3906,0.0337,2026-06-03 12:51:57
p_ext_001601,1455,22,97,57,28,338.1,687,338.1,2.3905,0.0352,2026-06-03 12:51:57
p_ext_001168,1221,152,115,12,16,326.7,688,326.7,2.3902,0.0726,2026-06-03 12:51:57
p_ext_001504,702,69,34,38,13,178.9,689,178.9,2.3837,0.0642,2026-06-03 12:51:57
p_ext_000416,210,15,22,13,1,55.7,690,55.7,2.3819,0.0771,2026-06-03 12:51:57
p_ext_001751,695,9,14,47,3,155.3,691,155.3,2.3774,0.0334,2026-06-03 12:51:57
p_ext_000432,1238,221,56,52,16,341.1,692,341.1,2.3647,0.0882,2026-06-03 12:51:57
p_ext_001655,356,21,12,9,5,82.9,693,82.9,2.3624,0.0368,2026-06-03 12:51:57
p_ext_000268,896,149,105,8,14,257.0,694,257.0,2.3507,0.0934,2026-06-03 12:51:57
p_ext_000867,320,17,5,14,0,73.4,695,73.4,2.3497,0.0386,2026-06-03 12:51:57
p_ext_001262,576,97,46,31,6,164.3,696,164.3,2.3486,0.0997,2026-06-03 12:51:57
p_ext_001287,734,47,34,37,12,178.5,697,178.5,2.3306,0.0507,2026-06-03 12:51:57
p_ext_000841,124,17,4,9,0,32.9,698,32.9,2.3211,0.0831,2026-06-03 12:51:57
p_ext_000871,449,72,10,19,0,118.2,699,118.2,2.3141,0.0776,2026-06-03 12:51:57
p_ext_001060,534,19,33,3,7,123.0,700,123.0,2.3089,0.0303,2026-06-03 12:51:57
p_ext_001209,594,98,13,2,10,152.5,701,152.5,2.306,0.0621,2026-06-03 12:51:57
p_ext_000583,298,50,6,4,4,77.2,702,77.2,2.3052,0.0668,2026-06-03 12:51:57
p_ext_000562,302,41,7,5,5,75.8,703,75.8,2.304,0.057,2026-06-03 12:51:57
p_ext_001570,654,95,20,32,12,171.7,704,171.7,2.3026,0.0735,2026-06-03 12:51:57
p_ext_001707,1558,218,54,38,29,400.8,705,400.8,2.2882,0.0642,2026-06-03 12:51:57
p_ext_000454,697,103,78,36,9,200.9,706,200.9,2.2865,0.1008,2026-06-03 12:51:57
p_ext_000303,1185,179,31,72,12,314.4,707,314.4,2.2848,0.08,2026-06-03 12:51:57
p_ext_001615,282,27,27,21,0,76.8,708,76.8,2.2831,0.0883,2026-06-03 12:51:57
p_ext_000250,495,74,43,39,3,141.9,709,141.9,2.2793,0.1047,2026-06-03 12:51:57
p_ext_001826,295,42,7,17,3,77.1,710,77.1,2.275,0.0751,2026-06-03 12:51:57
p_ext_001264,551,13,46,7,5,129.3,711,129.3,2.2745,0.0359,2026-06-03 12:51:57
p_ext_001226,245,25,19,18,4,65.8,712,65.8,2.269,0.0814,2026-06-03 12:51:57
p_ext_000975,420,40,33,30,7,111.9,713,111.9,2.2546,0.0786,2026-06-03 12:51:57
p_ext_000627,460,10,30,34,6,110.8,714,110.8,2.2535,0.0504,2026-06-03 12:51:57
p_ext_000698,396,33,23,28,0,101.6,715,101.6,2.2532,0.0713,2026-06-03 12:51:57
p_ext_001427,237,35,28,16,2,69.5,716,69.5,2.2415,0.1091,2026-06-03 12:51:57
p_ext_000316,694,119,56,17,2,194.7,717,194.7,2.2302,0.0922,2026-06-03 12:51:57
p_ext_001872,230,32,9,0,2,58.3,718,58.3,2.2272,0.0587,2026-06-03 12:51:57
p_ext_001874,284,5,23,13,4,67.8,719,67.8,2.2261,0.0437,2026-06-03 12:51:57
p_ext_000711,1062,96,63,22,17,264.5,720,264.5,2.2254,0.0535,2026-06-03 12:51:57
p_ext_000295,271,36,13,9,4,70.7,721,70.7,2.222,0.0696,2026-06-03 12:51:57
p_ext_000196,758,130,69,29,10,217.1,722,217.1,2.2204,0.0981,2026-06-03 12:51:57
p_ext_001944,668,103,38,25,4,180.9,723,180.9,2.2203,0.0829,2026-06-03 12:51:57
p_ext_001163,1620,157,58,38,26,396.1,724,396.1,2.2186,0.0497,2026-06-03 12:51:57
p_ext_000216,714,12,69,35,9,174.1,725,174.1,2.2184,0.0495,2026-06-03 12:51:57
p_ext_001970,1257,100,148,98,24,345.4,726,345.4,2.2171,0.0866,2026-06-03 12:51:57
p_ext_000872,767,136,82,8,1,220.4,727,220.4,2.2157,0.0975,2026-06-03 12:51:57
p_ext_000202,407,19,15,27,6,97.0,728,97.0,2.215,0.0477,2026-06-03 12:51:57
p_ext_001964,1127,90,91,46,20,288.9,729,288.9,2.2147,0.0629,2026-06-03 12:51:57
p_ext_001605,352,32,41,2,2,92.7,730,92.7,2.2103,0.0676,2026-06-03 12:51:57
p_ext_001943,864,89,67,33,9,226.2,731,226.2,2.21,0.0706,2026-06-03 12:51:57
p_ext_000720,737,98,72,51,6,208.6,732,208.6,2.2093,0.0984,2026-06-03 12:51:57
p_ext_001465,807,66,42,55,1,204.8,733,204.8,2.2084,0.0678,2026-06-03 12:51:57
p_ext_000763,189,22,19,6,1,51.3,734,51.3,2.208,0.081,2026-06-03 12:51:57
p_ext_001172,869,142,4,61,2,229.8,735,229.8,2.1876,0.0827,2026-06-03 12:51:57
p_ext_000896,773,46,25,36,5,183.1,736,183.1,2.1844,0.0455,2026-06-03 12:51:57
p_ext_001811,842,38,91,25,15,212.1,737,212.1,2.1836,0.055,2026-06-03 12:51:57
p_ext_000639,544,32,34,16,7,131.8,738,131.8,2.1793,0.0471,2026-06-03 12:51:57
p_ext_000324,345,20,39,13,6,89.3,739,89.3,2.1785,0.0639,2026-06-03 12:51:57
p_ext_001702,1036,127,69,28,12,271.6,740,271.6,2.1783,0.07,2026-06-03 12:51:57
p_ext_000937,540,22,28,2,5,123.4,741,123.4,2.1768,0.0293,2026-06-03 12:51:57
p_ext_000262,798,87,7,21,10,192.0,742,192.0,2.174,0.0475,2026-06-03 12:51:57
p_ext_001362,827,110,71,41,5,227.9,743,227.9,2.1604,0.0885,2026-06-03 12:51:57
p_ext_000917,344,61,14,14,3,94.1,744,94.1,2.1507,0.0868,2026-06-03 12:51:57
p_ext_001369,254,7,14,20,4,61.1,745,61.1,2.149,0.0506,2026-06-03 12:51:57
p_ext_001942,1450,104,167,76,26,386.5,746,386.5,2.1453,0.0744,2026-06-03 12:51:57
p_ext_001181,465,66,15,8,7,118.9,747,118.9,2.1351,0.0624,2026-06-03 12:51:57
p_ext_001131,879,67,26,8,6,205.3,748,205.3,2.132,0.0374,2026-06-03 12:51:57
p_ext_000128,453,4,23,18,6,102.3,749,102.3,2.1308,0.0296,2026-06-03 12:51:57
p_ext_001459,1418,33,43,111,15,328.6,750,328.6,2.1286,0.0425,2026-06-03 12:51:57
p_ext_000263,263,14,4,13,2,60.6,751,60.6,2.1227,0.039,2026-06-03 12:51:57
p_ext_000700,233,22,9,12,0,58.3,752,58.3,2.1122,0.0627,2026-06-03 12:51:57
p_ext_000190,441,22,16,2,1,100.0,753,100.0,2.1084,0.0295,2026-06-03 12:51:57
p_ext_001940,754,75,53,50,12,199.2,754,199.2,2.1061,0.0759,2026-06-03 12:51:57
p_ext_001215,175,9,12,9,1,43.1,755,43.1,2.1003,0.0554,2026-06-03 12:51:57
p_ext_000745,98,14,10,5,0,27.8,756,27.8,2.0858,0.0985,2026-06-03 12:51:57
p_ext_001307,842,26,71,63,1,210.1,757,210.1,2.083,0.0621,2026-06-03 12:51:57
p_ext_001971,661,114,46,52,8,190.6,758,190.6,2.0827,0.1064,2026-06-03 12:51:57
p_ext_001915,713,86,79,55,11,203.1,759,203.1,2.078,0.0994,2026-06-03 12:51:57
p_ext_001091,377,9,30,1,5,87.3,760,87.3,2.0763,0.0305,2026-06-03 12:51:57
p_ext_001816,265,23,25,18,3,71.0,761,71.0,2.0743,0.0802,2026-06-03 12:51:57
p_ext_001335,1109,77,47,44,6,267.8,762,267.8,2.0716,0.0498,2026-06-03 12:51:57
p_ext_000158,1214,47,129,43,21,304.2,763,304.2,2.0682,0.0544,2026-06-03 12:51:57
p_ext_001933,1489,33,155,44,13,363.0,764,363.0,2.0635,0.0476,2026-06-03 12:51:57
p_ext_001552,278,15,30,3,4,69.7,765,69.7,2.0565,0.0522,2026-06-03 12:51:57
p_ext_000987,111,4,9,7,1,27.5,766,27.5,2.0533,0.0572,2026-06-03 12:51:57
p_ext_000863,565,83,47,24,7,156.8,767,156.8,2.0522,0.0888,2026-06-03 12:51:57
p_ext_000670,625,25,5,9,2,135.8,768,135.8,2.0454,0.0208,2026-06-03 12:51:57
p_ext_001538,944,50,39,39,14,223.3,769,223.3,2.0449,0.0424,2026-06-03 12:51:57
p_ext_000472,925,152,77,49,1,263.5,770,263.5,2.0352,0.1008,2026-06-03 12:51:57
p_ext_001889,263,33,26,12,2,72.7,771,72.7,2.0314,0.088,2026-06-03 12:51:57
p_ext_001921,695,86,66,12,2,187.0,772,187.0,2.03,0.0773,2026-06-03 12:51:57
p_ext_000321,238,11,22,11,3,59.7,773,59.7,2.0281,0.0576,2026-06-03 12:51:57
p_ext_001962,359,38,36,11,5,96.2,774,96.2,2.0256,0.0751,2026-06-03 12:51:57
p_ext_001920,136,22,14,3,0,38.6,775,38.6,2.0223,0.0952,2026-06-03 12:51:57
p_ext_001768,489,36,15,1,0,113.3,776,113.3,2.0172,0.0357,2026-06-03 12:51:57
p_ext_000130,779,55,58,40,3,197.7,777,197.7,2.0172,0.0642,2026-06-03 12:51:57
p_ext_000288,530,93,3,20,9,138.8,778,138.8,2.0144,0.0729,2026-06-03 12:51:57
p_ext_001922,555,83,54,34,3,158.9,779,158.9,2.0143,0.1019,2026-06-03 12:51:57
p_ext_001697,225,14,8,5,3,52.6,780,52.6,2.0014,0.0376,2026-06-03 12:51:57
p_ext_000918,341,5,26,7,2,78.9,781,78.9,1.9999,0.034,2026-06-03 12:51:57
p_ext_001033,450,7,16,3,4,97.5,782,97.5,1.9966,0.0167,2026-06-03 12:51:57
p_ext_001297,121,19,12,5,0,34.5,783,34.5,1.9964,0.0992,2026-06-03 12:51:57
p_ext_001023,351,34,3,23,1,85.9,784,85.9,1.9907,0.0588,2026-06-03 12:51:57
p_ext_000835,227,3,17,15,2,54.4,785,54.4,1.9896,0.0485,2026-06-03 12:51:57
p_ext_000651,792,129,88,57,13,234.9,786,234.9,1.9888,0.1122,2026-06-03 12:51:57
p_ext_001689,1270,215,25,42,23,334.4,787,334.4,1.9878,0.0731,2026-06-03 12:51:57
p_ext_001741,899,17,64,16,3,207.3,788,207.3,1.9675,0.0335,2026-06-03 12:51:57
p_ext_000212,878,68,87,17,3,225.5,789,225.5,1.9607,0.0629,2026-06-03 12:51:57
p_ext_000982,295,23,6,10,1,69.7,790,69.7,1.9589,0.0446,2026-06-03 12:51:57
p_ext_001042,1207,106,125,7,7,312.1,791,312.1,1.9562,0.0627,2026-06-03 12:51:57
p_ext_001726,453,42,38,19,7,118.4,792,118.4,1.9528,0.0692,2026-06-03 12:51:57
p_ext_000280,727,61,49,24,7,183.2,793,183.2,1.9518,0.0592,2026-06-03 12:51:57
p_ext_001621,1157,147,12,85,1,296.1,794,296.1,1.9496,0.0731,2026-06-03 12:51:57
p_ext_001804,699,110,41,36,0,192.3,795,192.3,1.9484,0.0907,2026-06-03 12:51:57
p_ext_001813,975,10,106,24,0,234.6,796,234.6,1.9455,0.0448,2026-06-03 12:51:57
p_ext_001071,400,58,37,26,6,113.7,797,113.7,1.9435,0.0982,2026-06-03 12:51:57
p_ext_000402,395,58,12,23,0,104.6,798,104.6,1.9299,0.0809,2026-06-03 12:51:57
p_ext_001431,327,38,16,12,4,84.0,799,84.0,1.9299,0.0657,2026-06-03 12:51:57
p_ext_001618,931,24,35,7,17,205.3,800,205.3,1.9295,0.0193,2026-06-03 12:51:57
p_ext_000855,665,79,76,25,9,184.5,801,184.5,1.9289,0.0863,2026-06-03 12:51:57
p_ext_001312,821,111,83,26,9,227.6,802,227.6,1.9222,0.0865,2026-06-03 12:51:57
p_ext_001448,547,60,63,28,1,151.9,803,151.9,1.9196,0.0905,2026-06-03 12:51:57
p_ext_001061,987,73,16,26,2,229.3,804,229.3,1.9166,0.0396,2026-06-03 12:51:57
p_ext_000560,522,62,60,33,3,147.6,805,147.6,1.9049,0.097,2026-06-03 12:51:57
p_ext_000561,710,29,74,47,5,182.3,806,182.3,1.9038,0.0673,2026-06-03 12:51:57
p_ext_000469,741,78,82,50,6,206.2,807,206.2,1.8989,0.092,2026-06-03 12:51:57
p_ext_000215,506,63,15,23,1,129.2,808,129.2,1.897,0.068,2026-06-03 12:51:57
p_ext_001837,994,71,106,23,8,256.5,809,256.5,1.895,0.0635,2026-06-03 12:51:57
p_ext_000979,448,40,32,1,4,111.4,810,111.4,1.8901,0.0517,2026-06-03 12:51:57
p_ext_000807,510,72,7,25,0,130.7,811,130.7,1.8867,0.0707,2026-06-03 12:51:57
p_ext_001765,237,8,26,14,3,60.4,812,60.4,1.8865,0.0629,2026-06-03 12:51:57
p_ext_001232,301,12,11,23,5,71.7,813,71.7,1.8865,0.0483,2026-06-03 12:51:57
p_ext_000475,798,63,63,24,8,202.2,814,202.2,1.885,0.0598,2026-06-03 12:51:57
p_ext_000299,354,43,25,21,1,95.4,815,95.4,1.8832,0.0839,2026-06-03 12:51:57
p_ext_000252,461,16,23,28,0,109.5,816,109.5,1.8826,0.0484,2026-06-03 12:51:57
p_ext_000378,368,11,33,24,5,91.6,817,91.6,1.8801,0.0575,2026-06-03 12:51:57
p_ext_000695,1281,180,70,17,18,334.6,818,334.6,1.8777,0.0674,2026-06-03 12:51:57
p_ext_000539,245,26,3,11,3,59.9,819,59.9,1.8768,0.0541,2026-06-03 12:51:57
p_ext_000773,749,9,43,29,13,171.2,820,171.2,1.8732,0.0315,2026-06-03 12:51:57
p_ext_001177,1321,108,66,91,10,334.6,821,334.6,1.8653,0.0662,2026-06-03 12:51:57
p_ext_001268,1323,124,20,102,8,328.2,822,328.2,1.8582,0.0631,2026-06-03 12:51:57
p_ext_001351,288,47,10,15,0,77.7,823,77.7,1.8572,0.0858,2026-06-03 12:51:57
p_ext_001434,1004,38,111,63,15,258.1,824,258.1,1.8523,0.0654,2026-06-03 12:51:57
p_ext_000573,294,24,32,11,0,77.8,825,77.8,1.8414,0.0743,2026-06-03 12:51:57
p_ext_001643,226,28,9,4,0,57.1,826,57.1,1.8398,0.0615,2026-06-03 12:51:57
p_ext_001344,399,50,43,17,5,111.1,827,111.1,1.8353,0.0886,2026-06-03 12:51:57
p_ext_000298,1129,122,70,49,21,293.2,828,293.2,1.828,0.0679,2026-06-03 12:51:57
p_ext_001146,621,17,43,36,2,149.4,829,149.4,1.827,0.05,2026-06-03 12:51:57
p_ext_000470,378,26,16,20,4,92.2,830,92.2,1.8118,0.0532,2026-06-03 12:51:57
p_ext_001955,1098,176,32,38,9,289.6,831,289.6,1.8047,0.0753,2026-06-03 12:51:57
p_ext_001744,393,54,37,21,0,110.1,832,110.1,1.8033,0.095,2026-06-03 12:51:57
p_ext_000115,618,75,37,28,11,162.8,833,162.8,1.8009,0.0727,2026-06-03 12:51:57
p_ext_001720,889,62,42,20,13,213.0,834,213.0,1.8006,0.0435,2026-06-03 12:51:57
p_ext_001945,375,24,6,8,5,85.6,835,85.6,1.7971,0.032,2026-06-03 12:51:57
p_ext_000962,561,44,49,36,11,147.3,836,147.3,1.797,0.0722,2026-06-03 12:51:57
p_ext_001759,226,15,24,11,2,59.1,837,59.1,1.7945,0.0704,2026-06-03 12:51:57
p_ext_001473,671,29,34,32,2,159.5,838,159.5,1.7904,0.0464,2026-06-03 12:51:57
p_ext_001535,615,9,59,29,0,149.2,839,149.2,1.7903,0.0504,2026-06-03 12:51:57
p_ext_001281,277,41,14,21,1,76.1,840,76.1,1.7878,0.0928,2026-06-03 12:51:57
p_ext_001286,424,60,33,28,5,118.3,841,118.3,1.7857,0.0936,2026-06-03 12:51:57
p_ext_000672,340,10,30,19,3,83.8,842,83.8,1.7824,0.0546,2026-06-03 12:51:57
p_ext_000344,311,4,11,0,4,66.7,843,66.7,1.7823,0.0125,2026-06-03 12:51:57
p_ext_001752,715,20,47,37,3,170.5,844,170.5,1.7712,0.0468,2026-06-03 12:51:57
p_ext_000694,294,6,32,4,4,71.0,845,71.0,1.7677,0.0418,2026-06-03 12:51:57
p_ext_000634,395,12,39,19,2,98.1,846,98.1,1.7657,0.0561,2026-06-03 12:51:57
p_ext_001313,768,109,78,59,13,221.5,847,221.5,1.7644,0.1036,2026-06-03 12:51:57
p_ext_001704,259,35,3,7,2,64.6,848,64.6,1.7641,0.0587,2026-06-03 12:51:57
p_ext_000151,982,159,62,39,17,270.5,849,270.5,1.7624,0.086,2026-06-03 12:51:57
p_ext_000890,350,40,7,23,0,88.7,850,88.7,1.7579,0.069,2026-06-03 12:51:57
p_ext_000255,1111,102,101,79,15,298.9,851,298.9,1.7557,0.0816,2026-06-03 12:51:57
p_ext_001014,241,28,3,13,3,60.1,852,60.1,1.7511,0.0608,2026-06-03 12:51:57
p_ext_000269,672,69,9,27,2,163.2,853,163.2,1.7471,0.0534,2026-06-03 12:51:57
p_ext_001045,183,19,14,14,2,49.3,854,49.3,1.7425,0.0839,2026-06-03 12:51:57
p_ext_000760,551,80,9,23,5,141.5,855,141.5,1.741,0.0685,2026-06-03 12:51:57
p_ext_001132,518,28,19,23,0,122.3,856,122.3,1.7407,0.0455,2026-06-03 12:51:57
p_ext_000921,849,79,51,44,2,217.6,857,217.6,1.7383,0.0683,2026-06-03 12:51:57
p_ext_000759,554,36,3,21,4,126.7,858,126.7,1.7377,0.0362,2026-06-03 12:51:57
p_ext_000325,245,34,11,14,0,65.3,859,65.3,1.737,0.082,2026-06-03 12:51:57
p_ext_001263,477,48,54,18,2,129.6,860,129.6,1.7295,0.0816,2026-06-03 12:51:57
p_ext_000822,235,26,8,11,0,59.4,861,59.4,1.7281,0.0653,2026-06-03 12:51:57
p_ext_001144,644,96,24,34,2,171.6,862,171.6,1.7246,0.0812,2026-06-03 12:51:57
p_ext_000682,511,7,33,28,3,119.8,863,119.8,1.7233,0.0422,2026-06-03 12:51:57
p_ext_000430,282,31,5,3,4,67.8,864,67.8,1.7174,0.0447,2026-06-03 12:51:57
p_ext_000122,651,69,22,3,1,158.1,865,158.1,1.7136,0.0485,2026-06-03 12:51:57
p_ext_001956,261,26,18,2,1,65.8,866,65.8,1.7095,0.0575,2026-06-03 12:51:57
p_ext_000270,187,4,22,12,0,47.6,867,47.6,1.7092,0.0652,2026-06-03 12:51:57
p_ext_001185,500,5,44,11,0,116.9,868,116.9,1.705,0.0376,2026-06-03 12:51:57
p_ext_000460,201,19,19,13,0,54.2,869,54.2,1.7044,0.0841,2026-06-03 12:51:57
p_ext_000211,423,11,31,30,7,103.2,870,103.2,1.7015,0.0526,2026-06-03 12:51:57
p_ext_001321,751,50,29,54,9,184.7,871,184.7,1.6994,0.0577,2026-06-03 12:51:57
p_ext_001365,476,25,34,7,2,114.3,872,114.3,1.6992,0.0441,2026-06-03 12:51:57
p_ext_001609,243,12,1,12,0,54.9,873,54.9,1.6951,0.0358,2026-06-03 12:51:57
p_ext_001334,1051,67,30,73,0,253.9,874,253.9,1.6933,0.0552,2026-06-03 12:51:57
p_ext_000808,203,10,22,13,2,52.8,875,52.8,1.6885,0.0702,2026-06-03 12:51:57
p_ext_001119,242,19,6,6,4,57.1,876,57.1,1.6874,0.0403,2026-06-03 12:51:57
p_ext_001987,432,28,4,10,6,98.0,877,98.0,1.674,0.0308,2026-06-03 12:51:57
p_ext_001430,819,108,6,13,1,200.6,878,200.6,1.6707,0.0537,2026-06-03 12:51:57
p_ext_000339,600,33,51,24,0,150.0,879,150.0,1.67,0.0587,2026-06-03 12:51:57
p_ext_000981,555,53,9,28,0,135.2,880,135.2,1.67,0.0559,2026-06-03 12:51:57
p_ext_000201,608,95,11,20,0,157.4,881,157.4,1.6674,0.0716,2026-06-03 12:51:57
p_ext_001815,420,21,11,18,4,97.2,882,97.2,1.6648,0.0385,2026-06-03 12:51:57
p_ext_000631,377,44,37,18,2,103.3,883,103.3,1.6635,0.0859,2026-06-03 12:51:57
p_ext_001110,634,97,25,36,5,170.6,884,170.6,1.6596,0.0837,2026-06-03 12:51:57
p_ext_000500,759,61,52,28,13,191.3,885,191.3,1.659,0.0582,2026-06-03 12:51:57
p_ext_000587,330,58,35,13,1,96.5,886,96.5,1.6589,0.1065,2026-06-03 12:51:57
p_ext_001540,340,54,36,5,4,96.0,887,96.0,1.6524,0.0901,2026-06-03 12:51:57
p_ext_000844,361,42,4,7,0,87.4,888,87.4,1.6494,0.0508,2026-06-03 12:51:57
p_ext_001078,696,104,49,20,10,189.1,889,189.1,1.6483,0.0806,2026-06-03 12:51:57
p_ext_000485,299,43,30,23,1,86.3,890,86.3,1.6473,0.1067,2026-06-03 12:51:57
p_ext_000879,636,57,11,25,0,152.6,891,152.6,1.6459,0.0503,2026-06-03 12:51:57
p_ext_001332,1109,125,87,62,15,297.8,892,297.8,1.6418,0.0798,2026-06-03 12:51:57
p_ext_000326,180,27,20,3,2,50.7,893,50.7,1.6415,0.0894,2026-06-03 12:51:57
p_ext_001024,1040,27,62,48,4,244.3,894,244.3,1.6401,0.0424,2026-06-03 12:51:57
p_ext_001470,671,41,54,19,2,166.5,895,166.5,1.6342,0.0548,2026-06-03 12:51:57
p_ext_000961,121,11,7,2,0,30.0,896,30.0,1.6277,0.055,2026-06-03 12:51:57
p_ext_000340,736,73,9,4,13,172.6,897,172.6,1.627,0.0368,2026-06-03 12:51:57
p_ext_001871,209,19,20,4,1,54.3,898,54.3,1.6171,0.0663,2026-06-03 12:51:57
p_ext_001548,1227,67,40,29,19,283.3,899,283.3,1.6105,0.0341,2026-06-03 12:51:57
p_ext_000756,293,47,30,10,5,83.7,900,83.7,1.6067,0.0954,2026-06-03 12:51:57
p_ext_000399,367,13,18,10,5,84.7,901,84.7,1.6004,0.0339,2026-06-03 12:51:57
p_ext_001329,471,66,35,15,9,127.5,902,127.5,1.5997,0.0787,2026-06-03 12:51:57
p_ext_001701,409,63,19,3,2,107.0,903,107.0,1.5895,0.0694,2026-06-03 12:51:57
p_ext_000385,774,32,46,54,5,189.0,904,189.0,1.5889,0.0554,2026-06-03 12:51:57
p_ext_001660,352,21,38,22,1,92.5,905,92.5,1.5882,0.0746,2026-06-03 12:51:57
p_ext_001892,716,69,57,20,10,185.0,906,185.0,1.5863,0.0646,2026-06-03 12:51:57
p_ext_001526,843,49,61,34,14,208.4,907,208.4,1.5818,0.0528,2026-06-03 12:51:57
p_ext_001199,523,35,37,20,6,130.2,908,130.2,1.581,0.0557,2026-06-03 12:51:57
p_ext_001105,939,44,50,34,13,222.8,909,222.8,1.5771,0.0423,2026-06-03 12:51:57
p_ext_001086,550,68,11,22,4,138.1,910,138.1,1.5739,0.0618,2026-06-03 12:51:57
p_ext_000365,237,28,20,14,4,64.6,911,64.6,1.5737,0.084,2026-06-03 12:51:57
p_ext_000366,278,5,18,6,1,63.7,912,63.7,1.5696,0.0326,2026-06-03 12:51:57
p_ext_001324,1132,39,93,33,0,272.6,913,272.6,1.5692,0.0469,2026-06-03 12:51:57
p_ext_000793,136,22,12,7,0,38.8,914,38.8,1.565,0.1011,2026-06-03 12:51:57
p_ext_001012,921,46,106,12,12,232.2,915,232.2,1.5644,0.054,2026-06-03 12:51:57
p_ext_001900,1081,16,56,75,4,252.8,916,252.8,1.5607,0.0443,2026-06-03 12:51:57
p_ext_001584,977,155,39,26,15,258.8,917,258.8,1.5581,0.0737,2026-06-03 12:51:57
p_ext_000256,300,27,3,2,3,69.4,918,69.4,1.5575,0.0348,2026-06-03 12:51:57
p_ext_000742,920,56,94,48,0,238.6,919,238.6,1.555,0.0702,2026-06-03 12:51:57
p_ext_001076,461,33,45,14,3,118.4,920,118.4,1.5537,0.0637,2026-06-03 12:51:57
p_ext_001530,221,29,7,3,1,55.6,921,55.6,1.5533,0.0593,2026-06-03 12:51:57
p_ext_001261,354,14,8,4,0,78.2,922,78.2,1.5457,0.0246,2026-06-03 12:51:57
p_ext_001597,347,35,6,6,6,82.9,923,82.9,1.5451,0.0431,2026-06-03 12:51:57
p_ext_001748,594,33,10,44,0,140.5,924,140.5,1.5438,0.0504,2026-06-03 12:51:57
p_ext_001782,499,32,33,29,4,125.1,925,125.1,1.5414,0.061,2026-06-03 12:51:57
p_ext_001542,504,58,53,11,6,136.3,926,136.3,1.5406,0.0771,2026-06-03 12:51:57
p_ext_000645,635,43,68,24,3,165.1,927,165.1,1.5379,0.0681,2026-06-03 12:51:57
p_ext_000753,929,102,16,40,16,229.2,928,229.2,1.5374,0.0552,2026-06-03 12:51:57
p_ext_000862,704,71,19,25,10,172.8,929,172.8,1.52,0.053,2026-06-03 12:51:57
p_ext_000782,213,9,5,2,0,47.2,930,47.2,1.5187,0.0251,2026-06-03 12:51:57
p_ext_000574,868,48,53,36,6,211.1,931,211.1,1.5174,0.0508,2026-06-03 12:51:57
p_ext_001779,298,48,14,17,0,81.6,932,81.6,1.516,0.0904,2026-06-03 12:51:57
p_ext_001216,900,154,28,12,7,237.0,933,237.0,1.513,0.0723,2026-06-03 12:51:57
p_ext_001733,766,92,79,39,10,212.3,934,212.3,1.5113,0.0882,2026-06-03 12:51:57
p_ext_000852,729,129,21,46,1,200.0,935,200.0,1.5098,0.0924,2026-06-03 12:51:57
p_ext_000188,748,37,84,21,10,190.1,936,190.1,1.5091,0.0582,2026-06-03 12:51:57
p_ext_000654,195,1,3,7,3,41.6,937,41.6,1.5083,0.0159,2026-06-03 12:51:57
p_ext_001974,211,5,2,4,3,45.1,938,45.1,1.5063,0.0149,2026-06-03 12:51:57
p_ext_001182,724,108,55,27,12,199.1,939,199.1,1.502,0.0847,2026-06-03 12:51:57
p_ext_000929,370,57,31,8,2,102.0,940,102.0,1.5016,0.0855,2026-06-03 12:51:57
p_ext_001560,766,122,25,13,12,199.9,941,199.9,1.5009,0.0683,2026-06-03 12:51:57
p_ext_000489,523,28,6,24,2,119.6,942,119.6,1.498,0.0375,2026-06-03 12:51:57
p_ext_000960,579,7,48,27,0,137.7,943,137.7,1.4975,0.0454,2026-06-03 12:51:57
p_ext_001620,534,6,25,39,3,123.9,944,123.9,1.4923,0.0424,2026-06-03 12:51:57
p_ext_000619,511,53,42,31,8,136.9,945,136.9,1.4911,0.0791,2026-06-03 12:51:57
p_ext_001231,248,12,17,18,0,61.9,946,61.9,1.4868,0.0629,2026-06-03 12:51:57
p_ext_001640,282,9,4,16,4,63.5,947,63.5,1.484,0.0324,2026-06-03 12:51:57
p_ext_000362,879,33,89,64,1,225.2,948,225.2,1.4821,0.0688,2026-06-03 12:51:57
p_ext_001475,143,17,3,10,2,36.6,949,36.6,1.4804,0.0696,2026-06-03 12:51:57
p_ext_001652,801,36,29,21,0,183.9,950,183.9,1.4802,0.0358,2026-06-03 12:51:57
p_ext_000187,240,37,22,9,2,67.5,951,67.5,1.4682,0.0929,2026-06-03 12:51:57
p_ext_000383,150,14,5,8,1,37.3,952,37.3,1.467,0.06,2026-06-03 12:51:57
p_ext_000881,369,17,20,23,2,89.5,953,89.5,1.4657,0.0531,2026-06-03 12:51:57
p_ext_000224,796,61,37,59,6,200.4,954,200.4,1.465,0.0652,2026-06-03 12:51:57
p_ext_000809,749,100,64,47,3,208.4,955,208.4,1.4628,0.0935,2026-06-03 12:51:57
p_ext_000696,447,59,36,16,0,121.1,956,121.1,1.4591,0.0829,2026-06-03 12:51:57
p_ext_001854,864,22,90,66,10,219.6,957,219.6,1.4565,0.0646,2026-06-03 12:51:57
p_ext_001709,792,27,13,29,9,176.2,958,176.2,1.4555,0.0274,2026-06-03 12:51:57
p_ext_000764,550,36,20,12,1,129.2,959,129.2,1.4518,0.0411,2026-06-03 12:51:57
p_ext_000315,310,30,13,19,3,78.7,960,78.7,1.4501,0.066,2026-06-03 12:51:57
p_ext_000873,968,123,20,61,14,248.7,961,248.7,1.449,0.0698,2026-06-03 12:51:57
p_ext_001710,142,17,3,10,2,36.4,962,36.4,1.444,0.0701,2026-06-03 12:51:57
p_ext_001936,419,23,25,17,1,101.6,963,101.6,1.4438,0.0508,2026-06-03 12:51:57
p_ext_001015,686,39,45,15,8,165.4,964,165.4,1.4407,0.0449,2026-06-03 12:51:57
p_ext_000118,583,26,13,9,5,130.1,965,130.1,1.4399,0.026,2026-06-03 12:51:57
p_ext_001977,566,38,57,20,6,145.7,966,145.7,1.4372,0.064,2026-06-03 12:51:57
p_ext_001596,568,46,51,30,2,148.7,967,148.7,1.4363,0.0731,2026-06-03 12:51:57
p_ext_000692,573,12,13,21,3,126.3,968,126.3,1.4361,0.0259,2026-06-03 12:51:57
p_ext_001021,466,38,31,22,3,118.3,969,118.3,1.435,0.0637,2026-06-03 12:51:57
p_ext_001610,822,134,80,5,8,229.6,970,229.6,1.4336,0.0864,2026-06-03 12:51:57
p_ext_000604,757,117,12,29,2,195.9,971,195.9,1.4327,0.0717,2026-06-03 12:51:57
p_ext_000144,410,51,48,31,5,117.9,972,117.9,1.4307,0.1027,2026-06-03 12:51:57
p_ext_001204,592,82,11,13,3,148.9,973,148.9,1.4263,0.0607,2026-06-03 12:51:57
p_ext_001894,428,4,41,1,8,99.3,974,99.3,1.4251,0.0291,2026-06-03 12:51:57
p_ext_001407,919,80,66,60,10,239.6,975,239.6,1.4109,0.0727,2026-06-03 12:51:57
p_ext_000558,571,96,29,19,7,155.5,976,155.5,1.4077,0.0833,2026-06-03 12:51:57
p_ext_001562,325,6,12,12,4,72.8,977,72.8,1.4068,0.028,2026-06-03 12:51:57
p_ext_000528,178,1,15,5,0,41.4,978,41.4,1.4067,0.0371,2026-06-03 12:51:57
p_ext_001819,628,102,28,6,4,165.8,979,165.8,1.4056,0.0723,2026-06-03 12:51:57
p_ext_001797,458,34,24,4,5,109.8,980,109.8,1.4024,0.0426,2026-06-03 12:51:57
p_ext_000490,117,6,13,3,2,29.7,981,29.7,1.3991,0.0568,2026-06-03 12:51:57
p_ext_001898,760,14,5,5,13,158.7,982,158.7,1.3975,0.0073,2026-06-03 12:51:57
p_ext_001593,469,73,41,4,2,128.8,983,128.8,1.3971,0.0828,2026-06-03 12:51:57
p_ext_000404,541,66,21,31,4,140.5,984,140.5,1.3861,0.0729,2026-06-03 12:51:57
p_ext_000825,290,11,23,5,1,69.2,985,69.2,1.386,0.0424,2026-06-03 12:51:57
p_ext_000666,633,101,35,30,1,173.4,986,173.4,1.385,0.0887,2026-06-03 12:51:57
p_ext_000219,443,77,7,24,6,118.6,987,118.6,1.3843,0.0818,2026-06-03 12:51:57
p_ext_001418,731,18,27,56,13,170.9,988,170.9,1.3823,0.043,2026-06-03 12:51:57
p_ext_000257,976,27,59,64,3,233.8,989,233.8,1.382,0.0502,2026-06-03 12:51:57
p_ext_000838,493,7,8,27,5,108.5,990,108.5,1.3779,0.027,2026-06-03 12:51:57
p_ext_000197,332,24,25,5,0,82.1,991,82.1,1.3756,0.0532,2026-06-03 12:51:57
p_ext_001403,474,57,21,25,6,123.2,992,123.2,1.3709,0.0713,2026-06-03 12:51:57
p_ext_000837,182,30,15,11,0,52.1,993,52.1,1.3689,0.1036,2026-06-03 12:51:57
p_ext_001996,474,38,26,10,1,116.0,994,116.0,1.3673,0.0515,2026-06-03 12:51:57
p_ext_000210,626,17,30,12,2,141.7,995,141.7,1.3652,0.03,2026-06-03 12:51:57
p_ext_000704,412,14,42,1,5,99.4,996,99.4,1.3649,0.0409,2026-06-03 12:51:57
p_ext_001173,217,4,11,9,3,49.7,997,49.7,1.3596,0.0334,2026-06-03 12:51:57
p_ext_000754,746,65,47,22,7,187.2,998,187.2,1.3535,0.0578,2026-06-03 12:51:57
p_ext_001123,590,32,41,29,3,145.7,999,145.7,1.3535,0.056,2026-06-03 12:51:57
p_ext_000225,513,59,57,31,8,143.6,1000,143.6,1.3523,0.0916,2026-06-03 12:51:57
p_ext_001719,663,54,68,44,2,178.0,1001,178.0,1.3389,0.0819,2026-06-03 12:51:57
p_ext_000993,580,17,62,25,8,144.7,1002,144.7,1.3373,0.0547,2026-06-03 12:51:57
p_ext_001495,482,22,43,11,9,118.1,1003,118.1,1.3328,0.047,2026-06-03 12:51:57
p_ext_000143,459,59,46,31,7,129.5,1004,129.5,1.3282,0.0956,2026-06-03 12:51:57
p_ext_000249,536,22,51,2,5,129.5,1005,129.5,1.3281,0.0424,2026-06-03 12:51:57
p_ext_001950,494,29,43,16,0,123.6,1006,123.6,1.3277,0.058,2026-06-03 12:51:57
p_ext_000912,890,28,73,9,11,210.1,1007,210.1,1.3246,0.0367,2026-06-03 12:51:57
p_ext_001574,628,46,52,29,10,160.8,1008,160.8,1.3245,0.0635,2026-06-03 12:51:57
p_ext_000546,212,18,23,1,3,54.9,1009,54.9,1.3214,0.0611,2026-06-03 12:51:57
p_ext_001072,202,19,5,15,1,50.6,1010,50.6,1.3202,0.0653,2026-06-03 12:51:57
p_ext_001723,522,39,20,6,6,123.3,1011,123.3,1.3191,0.0394,2026-06-03 12:51:57
p_ext_001486,731,93,36,16,4,188.1,1012,188.1,1.3178,0.0659,2026-06-03 12:51:57
p_ext_001419,688,35,46,17,6,165.3,1013,165.3,1.3175,0.0448,2026-06-03 12:51:57
p_ext_001905,527,87,41,23,8,148.4,1014,148.4,1.3174,0.0934,2026-06-03 12:51:57
p_ext_000214,638,113,64,29,7,186.5,1015,186.5,1.3125,0.1058,2026-06-03 12:51:57
p_ext_000938,202,5,19,12,2,50.0,1016,50.0,1.3124,0.0557,2026-06-03 12:51:57
p_ext_000986,457,60,31,26,6,123.9,1017,123.9,1.3098,0.0836,2026-06-03 12:51:57
p_ext_001296,763,46,45,22,9,184.3,1018,184.3,1.3069,0.0465,2026-06-03 12:51:57
p_ext_001986,628,91,50,7,8,169.3,1019,169.3,1.3062,0.076,2026-06-03 12:51:57
p_ext_000501,277,47,19,13,0,77.8,1020,77.8,1.3042,0.0964,2026-06-03 12:51:57
p_ext_001663,747,47,35,19,0,177.8,1021,177.8,1.3018,0.045,2026-06-03 12:51:57
p_ext_000304,816,76,51,62,4,213.7,1022,213.7,1.3011,0.077,2026-06-03 12:51:57
p_ext_000684,249,30,7,18,3,64.5,1023,64.5,1.2981,0.0735,2026-06-03 12:51:57
p_ext_000727,662,20,77,2,11,161.9,1024,161.9,1.2956,0.0432,2026-06-03 12:51:57
p_ext_001926,190,28,7,3,2,49.1,1025,49.1,1.2926,0.0661,2026-06-03 12:51:57
p_ext_001738,855,77,85,22,9,224.0,1026,224.0,1.2907,0.0682,2026-06-03 12:51:57
p_ext_001092,747,26,89,21,13,188.1,1027,188.1,1.2901,0.0543,2026-06-03 12:51:57
p_ext_001117,463,58,49,18,5,128.3,1028,128.3,1.2896,0.087,2026-06-03 12:51:57
p_ext_001966,418,34,19,12,4,101.9,1029,101.9,1.2847,0.0502,2026-06-03 12:51:57
p_ext_000728,814,8,28,37,6,181.0,1030,181.0,1.2802,0.0282,2026-06-03 12:51:57
p_ext_000717,147,4,7,7,0,34.1,1031,34.1,1.2784,0.0405,2026-06-03 12:51:57
p_ext_001506,533,80,41,1,0,143.1,1032,143.1,1.2769,0.0763,2026-06-03 12:51:57
p_ext_000439,437,22,24,26,5,106.4,1033,106.4,1.2758,0.0526,2026-06-03 12:51:57
p_ext_000693,311,20,10,24,2,76.0,1034,76.0,1.2743,0.0579,2026-06-03 12:51:57
p_ext_000603,273,11,30,7,5,68.3,1035,68.3,1.274,0.0524,2026-06-03 12:51:57
p_ext_000690,213,28,14,12,1,57.6,1036,57.6,1.2695,0.0845,2026-06-03 12:51:57
p_ext_001359,526,92,49,37,2,154.9,1037,154.9,1.2652,0.113,2026-06-03 12:51:57
p_ext_000223,206,25,14,11,2,55.1,1038,55.1,1.2645,0.0796,2026-06-03 12:51:57
p_ext_001184,881,18,99,69,13,225.1,1039,225.1,1.2634,0.0653,2026-06-03 12:51:57
p_ext_001818,795,29,17,15,5,175.8,1040,175.8,1.2623,0.0245,2026-06-03 12:51:57
p_ext_001769,686,81,43,41,11,182.6,1041,182.6,1.2618,0.0778,2026-06-03 12:51:57
p_ext_001534,371,20,41,16,1,95.7,1042,95.7,1.2616,0.0666,2026-06-03 12:51:57
p_ext_000168,202,4,9,11,1,46.5,1043,46.5,1.2613,0.0384,2026-06-03 12:51:57
p_ext_001006,394,4,35,12,4,92.9,1044,92.9,1.2573,0.0388,2026-06-03 12:51:57
p_ext_001740,304,28,9,20,5,75.9,1045,75.9,1.257,0.0609,2026-06-03 12:51:57
p_ext_001195,294,44,5,18,3,77.1,1046,77.1,1.257,0.0769,2026-06-03 12:51:57
p_ext_000310,822,63,18,25,12,193.7,1047,193.7,1.2556,0.0411,2026-06-03 12:51:57
p_ext_000676,206,35,7,11,0,56.0,1048,56.0,1.2552,0.0883,2026-06-03 12:51:57
p_ext_001742,641,12,37,39,3,150.7,1049,150.7,1.253,0.0442,2026-06-03 12:51:57
p_ext_000328,358,16,25,4,1,84.7,1050,84.7,1.2494,0.0399,2026-06-03 12:51:57
p_ext_001910,767,122,79,38,3,221.3,1051,221.3,1.2484,0.1031,2026-06-03 12:51:57
p_ext_001331,320,11,17,14,4,75.2,1052,75.2,1.2463,0.0408,2026-06-03 12:51:57
p_ext_000985,319,26,28,6,2,81.2,1053,81.2,1.2428,0.0602,2026-06-03 12:51:57
p_ext_000522,363,21,19,9,5,86.4,1054,86.4,1.2409,0.0419,2026-06-03 12:51:57
p_ext_001257,352,60,14,25,0,97.6,1055,97.6,1.2395,0.0964,2026-06-03 12:51:57
p_ext_001745,214,31,7,10,1,56.2,1056,56.2,1.2377,0.0759,2026-06-03 12:51:57
p_ext_000642,809,67,50,3,12,197.5,1057,197.5,1.2361,0.0459,2026-06-03 12:51:57
p_ext_000575,639,94,32,39,4,173.4,1058,173.4,1.2332,0.0866,2026-06-03 12:51:57
p_ext_000161,560,95,60,28,9,164.1,1059,164.1,1.2319,0.1058,2026-06-03 12:51:57
p_ext_000834,606,99,64,32,4,176.5,1060,176.5,1.2316,0.106,2026-06-03 12:51:57
p_ext_000406,848,44,38,60,10,206.2,1061,206.2,1.2294,0.054,2026-06-03 12:51:57
p_ext_000951,521,36,45,1,8,128.7,1062,128.7,1.2229,0.0477,2026-06-03 12:51:57
p_ext_000662,776,81,76,57,6,213.7,1063,213.7,1.2194,0.0901,2026-06-03 12:51:57
p_ext_000348,190,17,10,8,1,47.7,1064,47.7,1.2188,0.0608,2026-06-03 12:51:57
p_ext_000246,531,81,34,8,2,142.3,1065,142.3,1.2183,0.0771,2026-06-03 12:51:57
p_ext_001133,467,51,44,4,6,122.7,1066,122.7,1.2178,0.0669,2026-06-03 12:51:57
p_ext_001283,133,7,14,5,2,33.9,1067,33.9,1.2151,0.0602,2026-06-03 12:51:57
p_ext_001600,430,57,49,33,0,124.4,1068,124.4,1.2121,0.1074,2026-06-03 12:51:57
p_ext_001661,416,15,16,20,6,96.5,1069,96.5,1.2113,0.0381,2026-06-03 12:51:57
p_ext_000563,469,9,11,11,7,102.0,1070,102.0,1.2089,0.019,2026-06-03 12:51:57
p_ext_001525,389,66,14,10,0,103.8,1071,103.8,1.2038,0.0792,2026-06-03 12:51:57
p_ext_001423,423,51,2,26,4,105.7,1072,105.7,1.2038,0.0632,2026-06-03 12:51:57
p_ext_000799,308,27,16,2,4,74.9,1073,74.9,1.2023,0.0459,2026-06-03 12:51:57
p_ext_000275,481,22,22,18,3,113.0,1074,113.0,1.2022,0.0416,2026-06-03 12:51:57
p_ext_001018,347,3,29,7,5,80.4,1075,80.4,1.1988,0.0323,2026-06-03 12:51:57
p_ext_001844,254,25,24,4,4,66.3,1076,66.3,1.1969,0.0652,2026-06-03 12:51:57
p_ext_001946,445,65,29,5,3,118.2,1077,118.2,1.1966,0.0733,2026-06-03 12:51:57
p_ext_001457,642,62,18,4,12,153.2,1078,153.2,1.1963,0.0407,2026-06-03 12:51:57
p_ext_001055,167,16,8,9,0,42.4,1079,42.4,1.1954,0.0668,2026-06-03 12:51:57
p_ext_001444,544,83,43,39,7,154.4,1080,154.4,1.1938,0.0996,2026-06-03 12:51:57
p_ext_000192,664,99,33,23,1,177.0,1081,177.0,1.1928,0.0789,2026-06-03 12:51:57
p_ext_000379,585,87,69,23,1,168.4,1082,168.4,1.1926,0.1009,2026-06-03 12:51:57
p_ext_001776,800,18,33,57,4,186.7,1083,186.7,1.1905,0.0442,2026-06-03 12:51:57
p_ext_001814,491,39,56,13,4,129.3,1084,129.3,1.1869,0.0697,2026-06-03 12:51:57
p_ext_000611,442,64,14,20,0,115.8,1085,115.8,1.1853,0.076,2026-06-03 12:51:57
p_ext_000661,463,24,48,10,4,116.2,1086,116.2,1.1845,0.0551,2026-06-03 12:51:57
p_ext_000441,627,54,16,30,5,152.4,1087,152.4,1.1844,0.053,2026-06-03 12:51:57
p_ext_001521,544,43,63,12,5,143.0,1088,143.0,1.1841,0.0683,2026-06-03 12:51:57
p_ext_001446,737,125,52,46,13,209.7,1089,209.7,1.1824,0.0988,2026-06-03 12:51:57
p_ext_001830,219,6,10,17,2,52.0,1090,52.0,1.1808,0.0486,2026-06-03 12:51:57
p_ext_001137,666,57,29,37,2,166.4,1091,166.4,1.1806,0.0619,2026-06-03 12:51:57
p_ext_001750,499,80,48,20,4,142.2,1092,142.2,1.179,0.0974,2026-06-03 12:51:57
p_ext_000718,681,12,45,22,11,157.7,1093,157.7,1.1788,0.0341,2026-06-03 12:51:57
p_ext_001405,276,5,4,6,4,59.1,1094,59.1,1.1776,0.0154,2026-06-03 12:51:57
p_ext_001280,428,45,32,8,6,110.3,1095,110.3,1.1774,0.063,2026-06-03 12:51:57
p_ext_001174,809,48,40,12,1,190.6,1096,190.6,1.1763,0.0405,2026-06-03 12:51:57
p_ext_000162,388,68,18,12,2,105.8,1097,105.8,1.176,0.0851,2026-06-03 12:51:57
p_ext_001265,281,8,17,19,0,67.5,1098,67.5,1.1755,0.0518,2026-06-03 12:51:57
p_ext_001377,284,33,11,20,1,74.0,1099,74.0,1.1696,0.0762,2026-06-03 12:51:57
p_ext_001965,232,14,3,8,0,53.1,1100,53.1,1.1693,0.0371,2026-06-03 12:51:57
p_ext_001857,672,23,15,50,4,155.8,1101,155.8,1.1689,0.0435,2026-06-03 12:51:57
p_ext_000932,517,83,43,37,7,148.6,1102,148.6,1.1681,0.1035,2026-06-03 12:51:57
p_ext_001010,478,75,28,15,0,129.5,1103,129.5,1.1641,0.0835,2026-06-03 12:51:57
p_ext_000599,571,25,15,19,2,130.0,1104,130.0,1.1618,0.0342,2026-06-03 12:51:57
p_ext_000830,678,73,57,26,11,179.8,1105,179.8,1.1603,0.0731,2026-06-03 12:51:57
p_ext_000697,437,41,2,13,3,102.9,1106,102.9,1.1568,0.0432,2026-06-03 12:51:57
p_ext_000200,307,44,22,21,1,85.4,1107,85.4,1.155,0.095,2026-06-03 12:51:57
p_ext_000853,612,89,43,6,0,163.2,1108,163.2,1.1538,0.0754,2026-06-03 12:51:57
p_ext_000878,458,64,47,13,6,127.5,1109,127.5,1.1518,0.087,2026-06-03 12:51:57
p_ext_000481,331,47,22,16,0,90.1,1110,90.1,1.1511,0.0866,2026-06-03 12:51:57
p_ext_001102,88,12,3,3,0,22.7,1111,22.7,1.1503,0.0699,2026-06-03 12:51:57
p_ext_001492,48,6,3,2,0,12.7,1112,12.7,1.1488,0.0771,2026-06-03 12:51:57
p_ext_000665,534,16,19,9,3,119.1,1113,119.1,1.1486,0.0259,2026-06-03 12:51:57
p_ext_001140,342,32,33,19,2,91.7,1114,91.7,1.1414,0.08,2026-06-03 12:51:57
p_ext_001478,325,21,31,3,3,81.2,1115,81.2,1.1412,0.0526,2026-06-03 12:51:57
p_ext_001624,559,36,62,15,10,144.2,1116,144.2,1.1409,0.0616,2026-06-03 12:51:57
p_ext_000251,540,62,10,1,4,129.8,1117,129.8,1.1399,0.0449,2026-06-03 12:51:57
p_ext_000179,710,20,53,17,8,167.3,1118,167.3,1.1378,0.0384,2026-06-03 12:51:57
p_ext_000308,195,29,4,3,0,49.5,1119,49.5,1.136,0.0636,2026-06-03 12:51:57
p_ext_001800,414,49,20,15,7,106.5,1120,106.5,1.1326,0.0652,2026-06-03 12:51:57
p_ext_000892,742,102,42,44,7,200.4,1121,200.4,1.1312,0.084,2026-06-03 12:51:57
p_ext_000504,217,19,22,17,3,59.1,1122,59.1,1.1307,0.0857,2026-06-03 12:51:57
p_ext_000976,166,8,18,9,2,42.8,1123,42.8,1.1304,0.066,2026-06-03 12:51:57
p_ext_000398,477,71,26,30,0,130.5,1124,130.5,1.1302,0.0905,2026-06-03 12:51:57
p_ext_000537,342,28,34,10,4,89.0,1125,89.0,1.1263,0.0664,2026-06-03 12:51:57
p_ext_001607,559,77,43,34,9,154.6,1126,154.6,1.1251,0.0894,2026-06-03 12:51:57
p_ext_000380,373,47,12,14,1,95.1,1127,95.1,1.1229,0.0664,2026-06-03 12:51:57
p_ext_001482,425,56,27,5,0,110.9,1128,110.9,1.1202,0.0693,2026-06-03 12:51:57
p_ext_000730,417,5,5,29,0,92.2,1129,92.2,1.1192,0.0321,2026-06-03 12:51:57
p_ext_000453,226,6,23,15,2,56.9,1130,56.9,1.1181,0.0613,2026-06-03 12:51:57
p_ext_001483,750,86,54,39,14,199.8,1131,199.8,1.1168,0.0762,2026-06-03 12:51:57
p_ext_001089,236,42,10,8,0,64.4,1132,64.4,1.1142,0.0869,2026-06-03 12:51:57
p_ext_001792,681,118,75,28,4,199.7,1133,199.7,1.1133,0.1069,2026-06-03 12:51:57
p_ext_001357,169,28,11,0,1,45.5,1134,45.5,1.111,0.0763,2026-06-03 12:51:57
p_ext_000781,322,43,16,1,0,82.3,1135,82.3,1.1103,0.0627,2026-06-03 12:51:57
p_ext_001116,341,5,4,22,4,75.3,1136,75.3,1.1099,0.0289,2026-06-03 12:51:57
p_ext_001002,354,39,3,16,4,86.6,1137,86.6,1.1069,0.0547,2026-06-03 12:51:57
p_ext_001824,261,22,1,12,1,61.5,1138,61.5,1.1044,0.046,2026-06-03 12:51:57
p_ext_001129,374,48,31,3,7,99.1,1139,99.1,1.1035,0.0689,2026-06-03 12:51:57
p_ext_001214,272,29,30,8,0,73.7,1140,73.7,1.1031,0.0807,2026-06-03 12:51:57
p_ext_000707,506,70,52,18,5,141.4,1141,141.4,1.1027,0.0897,2026-06-03 12:51:57
p_ext_000240,412,43,26,4,1,103.9,1142,103.9,1.098,0.0584,2026-06-03 12:51:57
p_ext_001925,562,87,54,39,4,162.5,1143,162.5,1.0963,0.1059,2026-06-03 12:51:57
p_ext_000359,659,83,60,1,4,174.9,1144,174.9,1.0961,0.0707,2026-06-03 12:51:57
p_ext_001001,314,23,8,15,1,75.1,1145,75.1,1.0954,0.0494,2026-06-03 12:51:57
p_ext_000997,683,101,60,51,7,195.1,1146,195.1,1.0931,0.1022,2026-06-03 12:51:57
p_ext_000566,248,30,15,13,4,65.7,1147,65.7,1.0927,0.0756,2026-06-03 12:51:57
p_ext_001056,286,12,9,17,2,66.9,1148,66.9,1.0925,0.0435,2026-06-03 12:51:57
p_ext_001260,398,37,19,10,1,98.4,1149,98.4,1.0912,0.0552,2026-06-03 12:51:57
p_ext_001410,570,79,5,12,6,141.6,1150,141.6,1.0858,0.0564,2026-06-03 12:51:57
p_ext_001234,291,47,8,20,0,78.7,1151,78.7,1.0831,0.0888,2026-06-03 12:51:57
p_ext_001175,290,13,7,15,5,67.0,1152,67.0,1.077,0.0376,2026-06-03 12:51:57
p_ext_001476,594,86,10,8,4,149.2,1153,149.2,1.0763,0.0591,2026-06-03 12:51:57
p_ext_001657,327,20,3,5,5,73.3,1154,73.3,1.0748,0.0265,2026-06-03 12:51:57
p_ext_000259,637,54,35,40,10,162.1,1155,162.1,1.0727,0.065,2026-06-03 12:51:57
p_ext_000452,565,78,62,29,2,160.8,1156,160.8,1.0712,0.0985,2026-06-03 12:51:57
p_ext_001310,496,51,24,24,9,126.5,1157,126.5,1.0701,0.0638,2026-06-03 12:51:57
p_ext_001212,354,37,18,16,4,90.5,1158,90.5,1.069,0.0654,2026-06-03 12:51:57
p_ext_001471,616,65,20,10,3,150.7,1159,150.7,1.0689,0.0514,2026-06-03 12:51:57
p_ext_001223,672,10,24,19,9,148.4,1160,148.4,1.0644,0.0231,2026-06-03 12:51:57
p_ext_000421,263,14,26,20,2,68.6,1161,68.6,1.0643,0.0734,2026-06-03 12:51:57
p_ext_001219,579,47,42,10,0,144.5,1162,144.5,1.0638,0.0562,2026-06-03 12:51:57
p_ext_001229,601,106,39,21,10,167.9,1163,167.9,1.0592,0.0901,2026-06-03 12:51:57
p_ext_001669,266,14,12,11,2,63.2,1164,63.2,1.0554,0.0449,2026-06-03 12:51:57
p_ext_001545,451,59,46,26,5,126.9,1165,126.9,1.0534,0.0943,2026-06-03 12:51:57
p_ext_000465,257,19,28,6,1,66.7,1166,66.7,1.0516,0.066,2026-06-03 12:51:57
p_ext_000185,646,115,33,22,9,178.0,1167,178.0,1.0515,0.0868,2026-06-03 12:51:57
p_ext_001705,286,15,33,21,5,75.8,1168,75.8,1.0471,0.0752,2026-06-03 12:51:57
p_ext_000494,313,43,5,12,0,79.4,1169,79.4,1.0464,0.0663,2026-06-03 12:51:57
p_ext_001644,373,42,9,27,7,95.3,1170,95.3,1.0457,0.0682,2026-06-03 12:51:57
p_ext_001128,529,87,53,19,5,151.6,1171,151.6,1.0452,0.0983,2026-06-03 12:51:57
p_ext_000659,678,75,34,34,9,175.1,1172,175.1,1.0419,0.0687,2026-06-03 12:51:57
p_ext_001547,648,26,26,29,10,151.0,1173,151.0,1.0405,0.0387,2026-06-03 12:51:57
p_ext_001757,525,62,7,3,4,126.3,1174,126.3,1.0395,0.0458,2026-06-03 12:51:57
p_ext_001436,311,24,20,15,1,78.4,1175,78.4,1.0373,0.0625,2026-06-03 12:51:57
p_ext_000102,187,23,10,14,1,50.1,1176,50.1,1.0373,0.0842,2026-06-03 12:51:57
p_ext_000217,295,31,11,12,1,74.0,1177,74.0,1.0367,0.0615,2026-06-03 12:51:57
p_ext_000534,312,13,26,5,4,75.1,1178,75.1,1.0323,0.0426,2026-06-03 12:51:57
p_ext_000677,374,50,14,28,2,99.6,1179,99.6,1.0311,0.0832,2026-06-03 12:51:57
p_ext_001731,189,29,7,1,3,48.8,1180,48.8,1.0302,0.0635,2026-06-03 12:51:57
p_ext_000963,374,54,24,26,3,103.4,1181,103.4,1.03,0.0925,2026-06-03 12:51:57
p_ext_001292,659,80,69,13,12,179.1,1182,179.1,1.0265,0.0772,2026-06-03 12:51:57
p_ext_001320,326,52,36,19,5,95.4,1183,95.4,1.0239,0.1063,2026-06-03 12:51:57
p_ext_000377,467,54,25,13,1,119.7,1184,119.7,1.019,0.0658,2026-06-03 12:51:57
p_ext_000864,337,13,32,23,5,85.5,1185,85.5,1.0164,0.0629,2026-06-03 12:51:57
p_ext_001763,212,17,16,8,2,53.9,1186,53.9,1.0156,0.062,2026-06-03 12:51:57
p_ext_000648,654,50,26,37,4,161.0,1187,161.0,1.0148,0.0573,2026-06-03 12:51:57
p_ext_001880,415,70,20,18,2,113.6,1188,113.6,1.0147,0.0877,2026-06-03 12:51:57
p_ext_000804,287,14,15,15,4,69.1,1189,69.1,1.0144,0.0483,2026-06-03 12:51:57
p_ext_001875,301,5,15,15,3,69.2,1190,69.2,1.0137,0.0362,2026-06-03 12:51:57
p_ext_001493,456,74,16,4,2,119.0,1191,119.0,1.012,0.0695,2026-06-03 12:51:57
p_ext_001241,360,40,5,26,5,90.7,1192,90.7,1.0113,0.0656,2026-06-03 12:51:57
p_ext_001285,223,35,2,10,1,57.7,1193,57.7,1.0106,0.0724,2026-06-03 12:51:57
p_ext_001054,631,72,62,44,11,175.2,1194,175.2,1.0094,0.0903,2026-06-03 12:51:57
p_ext_000796,598,31,50,43,5,152.5,1195,152.5,1.0088,0.0667,2026-06-03 12:51:57
p_ext_000679,465,23,34,14,1,112.9,1196,112.9,1.0064,0.0494,2026-06-03 12:51:57
p_ext_000431,684,22,15,31,6,154.1,1197,154.1,1.0051,0.0319,2026-06-03 12:51:57
p_ext_001508,131,9,13,1,0,33.0,1198,33.0,1.0048,0.0565,2026-06-03 12:51:57
p_ext_001917,298,23,12,6,5,71.3,1199,71.3,1.004,0.0428,2026-06-03 12:51:57
p_ext_000972,370,57,17,2,1,96.6,1200,96.6,1.004,0.0691,2026-06-03 12:51:57
p_ext_001984,642,32,27,22,12,150.5,1201,150.5,1.0038,0.0383,2026-06-03 12:51:57
p_ext_000905,515,15,58,8,9,126.5,1202,126.5,1.0024,0.0459,2026-06-03 12:51:57
p_ext_000726,627,87,5,27,0,158.4,1203,158.4,1.0019,0.066,2026-06-03 12:51:57
p_ext_001959,608,108,30,28,11,168.6,1204,168.6,1.0014,0.0895,2026-06-03 12:51:57
p_ext_001617,517,27,15,17,1,119.4,1205,119.4,1.0014,0.0381,2026-06-03 12:51:57
p_ext_001651,362,49,29,12,6,98.2,1206,98.2,0.9978,0.0797,2026-06-03 12:51:57
p_ext_000222,369,14,41,17,0,93.7,1207,93.7,0.9975,0.0627,2026-06-03 12:51:57
p_ext_001026,481,76,15,35,8,130.5,1208,130.5,0.9956,0.0868,2026-06-03 12:51:57
p_ext_001770,420,30,33,19,3,106.7,1209,106.7,0.9948,0.063,2026-06-03 12:51:57
p_ext_000189,430,61,37,21,0,119.6,1210,119.6,0.9947,0.0926,2026-06-03 12:51:57
p_ext_001143,468,67,28,22,7,126.5,1211,126.5,0.9919,0.0815,2026-06-03 12:51:57
p_ext_000129,237,17,11,14,4,58.6,1212,58.6,0.9917,0.0563,2026-06-03 12:51:57
p_ext_001323,547,25,24,16,8,127.3,1213,127.3,0.9888,0.0365,2026-06-03 12:51:57
p_ext_000638,491,6,54,38,9,123.8,1214,123.8,0.9888,0.0607,2026-06-03 12:51:57
p_ext_000889,655,91,3,35,6,166.2,1215,166.2,0.9874,0.0669,2026-06-03 12:51:57
p_ext_001885,248,9,15,6,4,58.0,1216,58.0,0.9862,0.0361,2026-06-03 12:51:57
p_ext_000888,242,38,5,3,0,61.9,1217,61.9,0.986,0.0655,2026-06-03 12:51:57
p_ext_001629,247,5,4,12,1,54.5,1218,54.5,0.9857,0.0281,2026-06-03 12:51:57
p_ext_000968,544,50,4,14,1,127.8,1219,127.8,0.9829,0.043,2026-06-03 12:51:57
p_ext_000544,207,25,24,15,3,59.1,1220,59.1,0.9824,0.0995,2026-06-03 12:51:57
p_ext_001777,480,51,45,16,6,128.0,1221,128.0,0.9816,0.0745,2026-06-03 12:51:57
p_ext_001084,346,37,19,18,3,89.6,1222,89.6,0.9791,0.0704,2026-06-03 12:51:57
p_ext_001586,239,23,12,11,3,60.5,1223,60.5,0.9764,0.0623,2026-06-03 12:51:57
p_ext_001901,648,12,50,5,9,149.2,1224,149.2,0.9763,0.0296,2026-06-03 12:51:57
p_ext_001865,289,24,18,11,1,72.6,1225,72.6,0.9733,0.0604,2026-06-03 12:51:57
p_ext_001573,376,20,8,21,0,87.8,1226,87.8,0.9731,0.0445,2026-06-03 12:51:57
p_ext_001148,179,9,9,1,2,41.4,1227,41.4,0.973,0.0324,2026-06-03 12:51:57
p_ext_001625,701,27,31,12,5,160.0,1228,160.0,0.9729,0.0313,2026-06-03 12:51:57
p_ext_000526,264,21,22,12,5,68.1,1229,68.1,0.9686,0.065,2026-06-03 12:51:57
p_ext_001859,397,4,12,2,1,84.6,1230,84.6,0.9671,0.0139,2026-06-03 12:51:57
p_ext_001399,199,8,14,11,3,48.6,1231,48.6,0.9664,0.0515,2026-06-03 12:51:57
p_ext_000530,373,22,10,19,6,88.0,1232,88.0,0.9647,0.0433,2026-06-03 12:51:57
p_ext_000180,99,8,2,4,1,23.6,1233,23.6,0.9605,0.0465,2026-06-03 12:51:57
p_ext_001467,338,46,18,5,1,87.8,1234,87.8,0.9588,0.0682,2026-06-03 12:51:57
p_ext_000977,527,72,54,38,1,150.8,1235,150.8,0.9577,0.1034,2026-06-03 12:51:57
p_ext_000589,206,20,10,1,1,50.4,1236,50.4,0.9573,0.0493,2026-06-03 12:51:57
p_ext_001928,171,7,14,3,2,41.1,1237,41.1,0.9566,0.0427,2026-06-03 12:51:57
p_ext_001068,113,19,10,1,1,31.5,1238,31.5,0.9551,0.0867,2026-06-03 12:51:57
p_ext_001870,406,69,48,13,2,118.9,1239,118.9,0.9543,0.1052,2026-06-03 12:51:57
p_ext_001454,679,40,66,29,11,173.4,1240,173.4,0.9537,0.0615,2026-06-03 12:51:57
p_ext_000815,529,20,23,4,3,119.5,1241,119.5,0.9523,0.0278,2026-06-03 12:51:57
p_ext_001368,173,3,15,2,0,40.4,1242,40.4,0.9515,0.0361,2026-06-03 12:51:57
p_ext_001013,654,52,18,13,3,154.4,1243,154.4,0.9474,0.0421,2026-06-03 12:51:57
p_ext_001954,651,54,17,43,4,160.1,1244,160.1,0.9472,0.0588,2026-06-03 12:51:57
p_ext_000369,453,13,14,28,1,104.3,1245,104.3,0.9467,0.0405,2026-06-03 12:51:57
p_ext_000805,655,18,19,50,8,152.1,1246,152.1,0.9446,0.0426,2026-06-03 12:51:57
p_ext_000333,234,15,19,9,1,58.8,1247,58.8,0.9435,0.0594,2026-06-03 12:51:57
p_ext_000343,566,17,49,37,1,140.4,1248,140.4,0.943,0.059,2026-06-03 12:51:57
p_ext_001559,267,28,9,20,4,68.5,1249,68.5,0.9426,0.07,2026-06-03 12:51:57
p_ext_000282,585,101,12,40,10,158.9,1250,158.9,0.9406,0.0871,2026-06-03 12:51:57
p_ext_001271,515,52,12,12,2,124.6,1251,124.6,0.9392,0.0497,2026-06-03 12:51:57
p_ext_001822,280,35,9,9,0,71.0,1252,71.0,0.9375,0.0646,2026-06-03 12:51:57
p_ext_000716,470,45,23,11,3,116.6,1253,116.6,0.9374,0.0551,2026-06-03 12:51:57
p_ext_001366,302,12,31,17,4,76.7,1254,76.7,0.9366,0.0618,2026-06-03 12:51:57
p_ext_000238,132,3,4,5,0,29.5,1255,29.5,0.9335,0.0303,2026-06-03 12:51:57
p_ext_000633,71,10,4,3,1,19.0,1256,19.0,0.9334,0.0782,2026-06-03 12:51:57
p_ext_001218,556,65,25,31,3,144.4,1257,144.4,0.932,0.0728,2026-06-03 12:51:57
p_ext_000532,669,48,13,6,3,153.3,1258,153.3,0.9294,0.0332,2026-06-03 12:51:57
p_ext_001972,441,57,42,18,5,121.5,1259,121.5,0.929,0.0858,2026-06-03 12:51:57
p_ext_001453,509,35,48,9,4,128.5,1260,128.5,0.9263,0.057,2026-06-03 12:51:57
p_ext_001569,395,15,19,0,3,89.2,1261,89.2,0.9261,0.0262,2026-06-03 12:51:57
p_ext_000302,232,40,17,17,4,66.9,1262,66.9,0.9242,0.1045,2026-06-03 12:51:57
p_ext_001088,480,52,17,32,7,123.1,1263,123.1,0.9226,0.069,2026-06-03 12:51:57
p_ext_000598,585,51,67,23,11,157.0,1264,157.0,0.9221,0.0749,2026-06-03 12:51:57
p_ext_001276,664,18,9,20,6,144.9,1265,144.9,0.9219,0.0223,2026-06-03 12:51:57
p_ext_000956,162,22,3,7,2,41.3,1266,41.3,0.9215,0.0657,2026-06-03 12:51:57
p_ext_000663,488,64,47,21,5,135.1,1267,135.1,0.9149,0.0878,2026-06-03 12:51:57
p_ext_000242,405,54,32,21,3,111.0,1268,111.0,0.9133,0.087,2026-06-03 12:51:57
p_ext_000594,334,58,12,6,5,89.0,1269,89.0,0.9124,0.0749,2026-06-03 12:51:57
p_ext_000392,458,71,50,14,8,130.7,1270,130.7,0.9103,0.0942,2026-06-03 12:51:57
p_ext_001684,219,36,2,10,1,57.2,1271,57.2,0.9098,0.0753,2026-06-03 12:51:57
p_ext_001290,298,25,27,12,1,77.6,1272,77.6,0.9085,0.07,2026-06-03 12:51:57
p_ext_001635,223,19,17,15,2,58.4,1273,58.4,0.9056,0.0744,2026-06-03 12:51:57
p_ext_000731,660,11,6,35,0,144.1,1274,144.1,0.9055,0.0271,2026-06-03 12:51:57
p_ext_001515,475,39,44,35,2,126.9,1275,126.9,0.9028,0.0815,2026-06-03 12:51:57
p_ext_001927,442,53,41,13,0,119.2,1276,119.2,0.9025,0.0801,2026-06-03 12:51:57
p_ext_001636,413,33,13,8,3,98.0,1277,98.0,0.8992,0.0427,2026-06-03 12:51:57
p_ext_001200,281,28,30,9,3,75.4,1278,75.4,0.8985,0.076,2026-06-03 12:51:57
p_ext_000549,503,88,30,8,5,137.6,1279,137.6,0.8977,0.0827,2026-06-03 12:51:57
p_ext_000335,387,60,25,22,4,107.3,1280,107.3,0.8948,0.0915,2026-06-03 12:51:57
p_ext_001695,450,10,53,14,6,111.7,1281,111.7,0.8924,0.0513,2026-06-03 12:51:57
p_ext_001242,507,28,55,18,0,129.9,1282,129.9,0.8908,0.0643,2026-06-03 12:51:57
p_ext_001835,308,40,24,18,5,84.4,1283,84.4,0.8893,0.086,2026-06-03 12:51:57
p_ext_000774,499,58,50,4,9,133.0,1284,133.0,0.8884,0.0699,2026-06-03 12:51:57
p_ext_000988,168,5,18,9,3,42.3,1285,42.3,0.8867,0.0577,2026-06-03 12:51:57
p_ext_001860,629,26,56,32,11,156.8,1286,156.8,0.8862,0.0555,2026-06-03 12:51:57
p_ext_001851,280,32,16,18,2,74.0,1287,74.0,0.8859,0.0782,2026-06-03 12:51:57
p_ext_001153,444,28,4,18,6,102.0,1288,102.0,0.8858,0.0363,2026-06-03 12:51:57
p_ext_000360,495,42,34,22,3,126.2,1289,126.2,0.8833,0.0646,2026-06-03 12:51:57
p_ext_000386,521,10,17,22,5,116.7,1290,116.7,0.8833,0.0294,2026-06-03 12:51:57
p_ext_000602,388,10,38,13,0,94.6,1291,94.6,0.8806,0.0501,2026-06-03 12:51:57
p_ext_000322,311,34,3,19,1,77.1,1292,77.1,0.8773,0.0619,2026-06-03 12:51:57
p_ext_001855,444,45,29,7,3,112.4,1293,112.4,0.8769,0.0592,2026-06-03 12:51:57
p_ext_001145,464,22,22,19,6,109.8,1294,109.8,0.8725,0.0426,2026-06-03 12:51:57
p_ext_000869,543,84,30,4,3,143.6,1295,143.6,0.872,0.0722,2026-06-03 12:51:57
p_ext_000433,681,31,9,6,10,149.4,1296,149.4,0.8704,0.02,2026-06-03 12:51:57
p_ext_001161,165,4,14,11,1,40.6,1297,40.6,0.87,0.0561,2026-06-03 12:51:57
p_ext_000172,445,70,49,11,8,126.9,1298,126.9,0.8699,0.0931,2026-06-03 12:51:57
p_ext_001318,332,18,35,2,1,82.7,1299,82.7,0.8656,0.0521,2026-06-03 12:51:57
p_ext_001931,607,35,21,38,9,145.8,1300,145.8,0.8627,0.0495,2026-06-03 12:51:57
p_ext_000353,498,7,52,15,1,120.3,1301,120.3,0.8619,0.0464,2026-06-03 12:51:57
p_ext_001846,533,90,5,7,1,136.5,1302,136.5,0.8612,0.0661,2026-06-03 12:51:57
p_ext_001291,276,31,24,0,3,71.7,1303,71.7,0.8611,0.0632,2026-06-03 12:51:57
p_ext_000101,376,42,30,1,0,97.0,1304,97.0,0.8571,0.064,2026-06-03 12:51:57
p_ext_001295,170,30,1,11,1,45.5,1305,45.5,0.8561,0.085,2026-06-03 12:51:57
p_ext_001051,560,93,12,22,1,147.9,1306,147.9,0.8538,0.0779,2026-06-03 12:51:57
p_ext_001866,445,80,8,32,7,121.8,1307,121.8,0.8518,0.0903,2026-06-03 12:51:57
p_ext_000103,163,18,12,1,2,41.8,1308,41.8,0.8484,0.0604,2026-06-03 12:51:57
p_ext_001861,404,58,37,20,1,113.3,1309,113.3,0.848,0.0946,2026-06-03 12:51:57
p_ext_001671,563,76,8,4,7,138.6,1310,138.6,0.846,0.0515,2026-06-03 12:51:57
p_ext_000236,342,38,29,3,2,89.1,1311,89.1,0.8424,0.0662,2026-06-03 12:51:57
p_ext_001251,639,13,41,31,12,150.2,1312,150.2,0.8414,0.0396,2026-06-03 12:51:57
p_ext_000139,503,8,7,16,8,108.3,1313,108.3,0.8397,0.0177,2026-06-03 12:51:57
p_ext_001518,450,42,15,21,1,111.3,1314,111.3,0.8361,0.0586,2026-06-03 12:51:57
p_ext_001686,373,34,40,24,5,101.6,1315,101.6,0.8342,0.0839,2026-06-03 12:51:57
p_ext_000967,366,53,2,6,5,90.9,1316,90.9,0.8339,0.0553,2026-06-03 12:51:57
p_ext_000652,355,50,28,18,5,98.0,1317,98.0,0.8335,0.0879,2026-06-03 12:51:57
p_ext_001700,268,44,2,8,4,69.0,1318,69.0,0.8321,0.0672,2026-06-03 12:51:57
p_ext_001188,85,2,8,6,1,21.2,1319,21.2,0.8307,0.0588,2026-06-03 12:51:57
p_ext_000891,437,36,39,28,4,115.5,1320,115.5,0.8297,0.0762,2026-06-03 12:51:57
p_ext_001764,551,24,4,10,4,120.6,1321,120.6,0.8294,0.0223,2026-06-03 12:51:57
p_ext_000612,519,13,15,16,8,115.4,1322,115.4,0.8279,0.0251,2026-06-03 12:51:57
p_ext_000886,265,17,30,7,2,68.5,1323,68.5,0.8258,0.0642,2026-06-03 12:51:57
p_ext_000301,143,15,16,4,1,38.7,1324,38.7,0.824,0.0787,2026-06-03 12:51:57
p_ext_000780,334,41,34,16,0,92.5,1325,92.5,0.8236,0.0903,2026-06-03 12:51:57
p_ext_001299,188,25,22,13,1,54.3,1326,54.3,0.8217,0.1048,2026-06-03 12:51:57
p_ext_001126,305,5,27,22,3,75.0,1327,75.0,0.8217,0.0556,2026-06-03 12:51:57
p_ext_000458,395,38,44,11,4,105.8,1328,105.8,0.8205,0.0748,2026-06-03 12:51:57
p_ext_001883,283,10,20,6,3,66.8,1329,66.8,0.8181,0.0389,2026-06-03 12:51:57
p_ext_000915,307,19,17,11,2,74.4,1330,74.4,0.8176,0.0495,2026-06-03 12:51:57
p_ext_001841,669,36,9,3,6,147.9,1331,147.9,0.8173,0.0226,2026-06-03 12:51:57
p_ext_000184,313,46,9,10,5,81.1,1332,81.1,0.8153,0.0681,2026-06-03 12:51:57
p_ext_000674,451,37,4,10,4,104.5,1333,104.5,0.8146,0.0374,2026-06-03 12:51:57
p_ext_000779,494,43,30,8,4,122.3,1334,122.3,0.8128,0.0527,2026-06-03 12:51:57
p_ext_001408,156,13,8,11,1,39.7,1335,39.7,0.8127,0.0679,2026-06-03 12:51:57
p_ext_000914,304,33,3,7,0,73.0,1336,73.0,0.8111,0.049,2026-06-03 12:51:57
p_ext_001113,375,39,40,8,4,100.3,1337,100.3,0.8108,0.0737,2026-06-03 12:51:57
p_ext_000491,238,39,5,10,3,62.8,1338,62.8,0.8086,0.0758,2026-06-03 12:51:57
p_ext_001612,312,25,5,9,5,73.2,1339,73.2,0.8083,0.0397,2026-06-03 12:51:57
p_ext_000390,414,64,42,27,1,120.0,1340,120.0,0.8076,0.1069,2026-06-03 12:51:57
p_ext_001761,381,26,11,19,6,91.1,1341,91.1,0.8071,0.0469,2026-06-03 12:51:57
p_ext_001456,352,19,30,15,2,88.1,1342,88.1,0.8069,0.0582,2026-06-03 12:51:57
p_ext_000358,257,41,9,10,2,68.4,1343,68.4,0.8064,0.0784,2026-06-03 12:51:57
p_ext_001488,100,15,4,2,1,26.1,1344,26.1,0.8028,0.0695,2026-06-03 12:51:57
p_ext_001114,253,44,11,19,1,70.9,1345,70.9,0.8009,0.0994,2026-06-03 12:51:57
p_ext_000767,200,26,16,13,1,55.2,1346,55.2,0.7985,0.0912,2026-06-03 12:51:57
p_ext_000943,355,4,39,5,4,84.9,1347,84.9,0.7976,0.0396,2026-06-03 12:51:57
p_ext_000363,351,54,27,21,2,98.7,1348,98.7,0.7962,0.0967,2026-06-03 12:51:57
p_ext_000964,357,19,10,12,5,82.5,1349,82.5,0.7953,0.036,2026-06-03 12:51:57
p_ext_000468,489,59,11,11,9,121.0,1350,121.0,0.7951,0.0532,2026-06-03 12:51:57
p_ext_001469,182,15,4,1,2,42.3,1351,42.3,0.7951,0.0352,2026-06-03 12:51:57
p_ext_000920,566,72,20,18,8,144.4,1352,144.4,0.7949,0.0634,2026-06-03 12:51:57
p_ext_000389,163,26,19,3,1,46.7,1353,46.7,0.7938,0.096,2026-06-03 12:51:57
p_ext_000580,201,32,6,5,1,52.6,1354,52.6,0.7937,0.0724,2026-06-03 12:51:57
p_ext_000420,176,28,18,12,2,51.4,1355,51.4,0.7915,0.108,2026-06-03 12:51:57
p_ext_001507,275,28,15,13,4,70.5,1356,70.5,0.7871,0.0656,2026-06-03 12:51:57
p_ext_000492,160,9,4,5,2,36.9,1357,36.9,0.786,0.0356,2026-06-03 12:51:57
p_ext_001867,385,59,7,8,3,98.4,1358,98.4,0.7825,0.0648,2026-06-03 12:51:57
p_ext_001698,494,26,6,31,8,114.6,1359,114.6,0.7789,0.0408,2026-06-03 12:51:57
p_ext_001529,350,42,32,21,1,96.4,1360,96.4,0.7781,0.0899,2026-06-03 12:51:57
p_ext_000592,350,51,39,22,4,101.4,1361,101.4,0.7777,0.1041,2026-06-03 12:51:57
p_ext_001512,431,67,47,16,0,123.6,1362,123.6,0.7752,0.1001,2026-06-03 12:51:57
p_ext_000708,480,54,2,38,3,120.4,1363,120.4,0.774,0.0671,2026-06-03 12:51:57
p_ext_000289,111,7,3,4,1,26.0,1364,26.0,0.7738,0.041,2026-06-03 12:51:57
p_ext_000127,557,7,62,18,0,135.7,1365,135.7,0.7695,0.0491,2026-06-03 12:51:57
p_ext_001823,351,56,11,24,6,95.1,1366,95.1,0.7636,0.0858,2026-06-03 12:51:57
p_ext_000743,274,28,10,20,0,70.2,1367,70.2,0.7626,0.0723,2026-06-03 12:51:57
p_ext_001178,176,11,6,1,3,40.5,1368,40.5,0.7596,0.0307,2026-06-03 12:51:57
p_ext_001717,489,4,51,5,5,115.3,1369,115.3,0.7571,0.0357,2026-06-03 12:51:57
p_ext_000608,182,26,12,4,1,48.6,1370,48.6,0.757,0.0764,2026-06-03 12:51:57
p_ext_001463,406,13,36,18,4,99.5,1371,99.5,0.757,0.0514,2026-06-03 12:51:57
p_ext_001328,142,23,12,1,0,39.1,1372,39.1,0.7563,0.0845,2026-06-03 12:51:57
p_ext_001756,198,6,20,2,1,47.8,1373,47.8,0.7562,0.0434,2026-06-03 12:51:57
p_ext_000675,252,23,13,12,3,63.6,1374,63.6,0.7561,0.0617,2026-06-03 12:51:57
p_ext_000989,350,25,9,19,0,84.0,1375,84.0,0.7549,0.0517,2026-06-03 12:51:57
p_ext_000142,526,47,3,11,0,122.4,1376,122.4,0.7533,0.0403,2026-06-03 12:51:57
p_ext_000521,389,59,11,7,7,100.2,1377,100.2,0.7518,0.0643,2026-06-03 12:51:57
p_ext_000194,298,20,13,21,4,73.7,1378,73.7,0.7512,0.0586,2026-06-03 12:51:57
p_ext_000552,411,62,45,16,4,117.5,1379,117.5,0.751,0.0973,2026-06-03 12:51:57
p_ext_001997,307,6,16,9,4,69.8,1380,69.8,0.7499,0.0301,2026-06-03 12:51:57
p_ext_000646,254,2,3,2,1,52.7,1381,52.7,0.7497,0.0083,2026-06-03 12:51:57
p_ext_000428,341,43,9,3,4,84.4,1382,84.4,0.7486,0.0528,2026-06-03 12:51:57
p_ext_000466,296,19,16,4,0,70.5,1383,70.5,0.7485,0.0434,2026-06-03 12:51:57
p_ext_001692,307,15,23,21,0,77.0,1384,77.0,0.7473,0.0635,2026-06-03 12:51:57
p_ext_001983,446,42,16,5,6,107.6,1385,107.6,0.7465,0.045,2026-06-03 12:51:57
p_ext_001829,438,35,14,22,5,106.7,1386,106.7,0.7464,0.0529,2026-06-03 12:51:57
p_ext_000762,248,20,18,9,0,62.8,1387,62.8,0.7457,0.0627,2026-06-03 12:51:57
p_ext_001441,509,54,34,33,3,134.8,1388,134.8,0.7451,0.0787,2026-06-03 12:51:57
p_ext_001589,121,15,4,7,0,31.3,1389,31.3,0.7443,0.0736,2026-06-03 12:51:57
p_ext_000911,150,9,7,5,1,35.8,1390,35.8,0.7433,0.0453,2026-06-03 12:51:57
p_ext_001812,549,35,20,33,3,132.9,1391,132.9,0.7423,0.0532,2026-06-03 12:51:57
p_ext_001314,226,34,22,16,1,65.2,1392,65.2,0.7422,0.1058,2026-06-03 12:51:57
p_ext_001674,321,10,2,19,1,71.6,1393,71.6,0.7412,0.0329,2026-06-03 12:51:57
p_ext_001316,511,47,21,28,2,128.2,1394,128.2,0.741,0.0629,2026-06-03 12:51:57
p_ext_000434,266,23,8,15,2,65.5,1395,65.5,0.741,0.0575,2026-06-03 12:51:57
p_ext_000576,389,54,22,24,1,105.4,1396,105.4,0.7409,0.0866,2026-06-03 12:51:57
p_ext_001179,337,55,22,10,2,92.5,1397,92.5,0.74,0.0859,2026-06-03 12:51:57
p_ext_000499,358,39,10,5,5,87.3,1398,87.3,0.739,0.0486,2026-06-03 12:51:57
p_ext_001249,325,30,3,9,1,76.7,1399,76.7,0.7355,0.0442,2026-06-03 12:51:57
p_ext_001413,211,17,20,5,0,54.3,1400,54.3,0.7316,0.0649,2026-06-03 12:51:57
p_ext_001396,222,36,11,5,4,59.5,1401,59.5,0.7307,0.0759,2026-06-03 12:51:57
p_ext_001802,430,9,4,19,8,93.7,1402,93.7,0.7305,0.0219,2026-06-03 12:51:57
p_ext_000463,365,31,13,2,3,86.6,1403,86.6,0.7301,0.0407,2026-06-03 12:51:57
p_ext_000208,269,18,20,16,1,68.4,1404,68.4,0.728,0.0658,2026-06-03 12:51:57
p_ext_000230,140,14,6,0,0,34.0,1405,34.0,0.7277,0.0479,2026-06-03 12:51:57
p_ext_001480,280,3,2,6,3,58.7,1406,58.7,0.7273,0.0112,2026-06-03 12:51:57
p_ext_000622,233,9,20,9,0,57.1,1407,57.1,0.7256,0.0528,2026-06-03 12:51:57
p_ext_000400,164,12,13,7,0,41.7,1408,41.7,0.7251,0.0643,2026-06-03 12:51:57
p_ext_000712,395,34,46,16,0,106.2,1409,106.2,0.7247,0.0792,2026-06-03 12:51:57
p_ext_001714,212,18,14,14,1,54.8,1410,54.8,0.7242,0.0717,2026-06-03 12:51:57
p_ext_001708,393,60,30,29,5,111.4,1411,111.4,0.724,0.0996,2026-06-03 12:51:57
p_ext_000848,456,36,7,31,8,110.3,1412,110.3,0.7236,0.0525,2026-06-03 12:51:57
p_ext_001319,430,22,32,12,0,104.6,1413,104.6,0.7232,0.05,2026-06-03 12:51:57
p_ext_001392,468,61,50,9,3,128.7,1414,128.7,0.722,0.0831,2026-06-03 12:51:57
p_ext_000170,407,61,43,8,3,114.2,1415,114.2,0.7219,0.0896,2026-06-03 12:51:57
p_ext_000934,355,14,40,17,0,90.6,1416,90.6,0.7209,0.0644,2026-06-03 12:51:57
p_ext_000287,327,22,4,8,3,74.8,1417,74.8,0.7199,0.0339,2026-06-03 12:51:57
p_ext_001053,370,42,14,9,0,92.6,1418,92.6,0.7197,0.0596,2026-06-03 12:51:57
p_ext_001433,327,33,3,20,1,80.2,1419,80.2,0.7186,0.0589,2026-06-03 12:51:57
p_ext_000245,424,27,36,3,4,104.3,1420,104.3,0.7171,0.0483,2026-06-03 12:51:57
p_ext_001170,505,47,23,33,2,128.6,1421,128.6,0.7125,0.0683,2026-06-03 12:51:57
p_ext_001288,424,41,49,18,4,115.4,1422,115.4,0.7108,0.0815,2026-06-03 12:51:57
p_ext_001395,461,67,10,32,7,121.7,1423,121.7,0.7099,0.0786,2026-06-03 12:51:57
p_ext_000174,368,58,25,28,6,104.1,1424,104.1,0.7096,0.0989,2026-06-03 12:51:57
p_ext_000342,425,29,48,27,8,113.5,1425,113.5,0.7088,0.0762,2026-06-03 12:51:57
p_ext_001394,434,39,11,3,3,102.4,1426,102.4,0.7073,0.0401,2026-06-03 12:51:57
p_ext_000907,440,43,13,10,3,106.8,1427,106.8,0.707,0.0497,2026-06-03 12:51:57
p_ext_001485,242,27,24,15,3,66.7,1428,66.7,0.706,0.088,2026-06-03 12:51:57
p_ext_001527,248,37,8,14,2,65.9,1429,65.9,0.7045,0.08,2026-06-03 12:51:57
p_ext_000664,168,8,18,9,2,43.2,1430,43.2,0.7041,0.0652,2026-06-03 12:51:57
p_ext_000436,437,47,29,6,5,111.4,1431,111.4,0.7037,0.0601,2026-06-03 12:51:57
p_ext_001828,295,49,25,12,5,83.6,1432,83.6,0.7023,0.0944,2026-06-03 12:51:57
p_ext_000874,428,60,32,26,0,118.4,1433,118.4,0.7015,0.0928,2026-06-03 12:51:57
p_ext_000623,179,19,18,1,2,47.1,1434,47.1,0.7007,0.067,2026-06-03 12:51:57
p_ext_001363,440,15,47,15,5,109.6,1435,109.6,0.7002,0.0536,2026-06-03 12:51:57
p_ext_000669,481,73,8,6,6,121.7,1436,121.7,0.6995,0.06,2026-06-03 12:51:57
p_ext_000267,447,56,5,9,4,109.5,1437,109.5,0.6992,0.0525,2026-06-03 12:51:57
p_ext_001831,323,47,23,6,4,86.8,1438,86.8,0.6983,0.0763,2026-06-03 12:51:57
p_ext_001164,241,6,8,17,2,55.8,1439,55.8,0.6981,0.0417,2026-06-03 12:51:57
p_ext_001139,328,37,35,3,3,87.8,1440,87.8,0.6969,0.0729,2026-06-03 12:51:57
p_ext_000479,290,12,18,23,2,71.6,1441,71.6,0.6961,0.0595,2026-06-03 12:51:57
p_ext_000908,443,76,5,13,3,115.5,1442,115.5,0.6918,0.0723,2026-06-03 12:51:57
p_ext_000140,346,47,27,18,1,95.0,1443,95.0,0.6894,0.0886,2026-06-03 12:51:57
p_ext_000739,333,15,7,16,0,76.4,1444,76.4,0.6877,0.0389,2026-06-03 12:51:57
p_ext_000329,449,20,24,19,7,106.8,1445,106.8,0.6862,0.0433,2026-06-03 12:51:57
p_ext_001289,370,23,36,28,1,97.3,1446,97.3,0.6849,0.0769,2026-06-03 12:51:57
p_ext_000508,369,37,5,6,2,87.6,1447,87.6,0.6845,0.0438,2026-06-03 12:51:57
p_ext_000203,220,19,25,5,4,58.2,1448,58.2,0.6831,0.0686,2026-06-03 12:51:57
p_ext_000641,311,23,31,5,0,79.4,1449,79.4,0.6817,0.0614,2026-06-03 12:51:57
p_ext_001595,458,22,21,36,3,111.7,1450,111.7,0.6803,0.0568,2026-06-03 12:51:57
p_ext_000893,177,29,1,11,2,46.6,1451,46.6,0.6794,0.0785,2026-06-03 12:51:57
p_ext_001666,353,19,34,15,3,89.5,1452,89.5,0.6751,0.0609,2026-06-03 12:51:57
p_ext_001142,380,49,14,27,0,100.3,1453,100.3,0.6737,0.0811,2026-06-03 12:51:57
p_ext_001497,457,21,51,30,2,119.0,1454,119.0,0.6734,0.0717,2026-06-03 12:51:57
p_ext_001197,198,28,17,10,0,55.1,1455,55.1,0.6724,0.0929,2026-06-03 12:51:57
p_ext_001011,210,21,5,9,2,51.6,1456,51.6,0.6715,0.0552,2026-06-03 12:51:57
p_ext_000307,265,43,23,11,1,75.0,1457,75.0,0.6713,0.0966,2026-06-03 12:51:57
p_ext_001353,395,57,23,1,4,103.2,1458,103.2,0.6712,0.0668,2026-06-03 12:51:57
p_ext_000533,195,11,1,3,3,43.2,1459,43.2,0.6704,0.0236,2026-06-03 12:51:57
p_ext_000748,177,2,3,12,0,39.3,1460,39.3,0.6702,0.0328,2026-06-03 12:51:57
p_ext_001579,238,15,23,15,1,62.0,1461,62.0,0.6701,0.0723,2026-06-03 12:51:57
p_ext_000818,223,23,3,13,4,55.0,1462,55.0,0.6695,0.057,2026-06-03 12:51:57
p_ext_000926,394,66,39,29,1,116.1,1463,116.1,0.6694,0.1136,2026-06-03 12:51:57
p_ext_001466,240,28,27,7,0,65.9,1464,65.9,0.6685,0.0848,2026-06-03 12:51:57
p_ext_000826,367,39,27,25,6,98.2,1465,98.2,0.6671,0.0798,2026-06-03 12:51:57
p_ext_000559,449,51,6,29,1,112.7,1466,112.7,0.6666,0.0659,2026-06-03 12:51:57
p_ext_000749,307,13,10,8,0,69.9,1467,69.9,0.6662,0.0337,2026-06-03 12:51:57
p_ext_001414,462,28,31,12,4,112.5,1468,112.5,0.6656,0.0487,2026-06-03 12:51:57
p_ext_000673,190,16,2,12,1,45.8,1469,45.8,0.6656,0.0537,2026-06-03 12:51:57
p_ext_000824,150,24,16,7,1,43.4,1470,43.4,0.6655,0.103,2026-06-03 12:51:57
p_ext_001079,324,4,20,6,5,73.2,1471,73.2,0.6649,0.0262,2026-06-03 12:51:57
p_ext_000689,479,47,13,9,6,115.6,1472,115.6,0.6648,0.0466,2026-06-03 12:51:57
p_ext_000373,180,18,16,5,2,47.2,1473,47.2,0.6647,0.0692,2026-06-03 12:51:57
p_ext_000313,409,60,44,30,7,119.0,1474,119.0,0.6629,0.1059,2026-06-03 12:51:57
p_ext_000337,238,13,22,6,1,59.3,1475,59.3,0.662,0.0548,2026-06-03 12:51:57
p_ext_001347,307,15,16,21,2,74.9,1476,74.9,0.6617,0.0554,2026-06-03 12:51:57
p_ext_000414,111,17,0,1,1,27.5,1477,27.5,0.6615,0.055,2026-06-03 12:51:57
p_ext_000444,401,54,27,30,1,110.5,1478,110.5,0.6609,0.093,2026-06-03 12:51:57
p_ext_000721,317,10,26,23,1,78.8,1479,78.8,0.6605,0.0604,2026-06-03 12:51:57
p_ext_000615,244,15,2,6,2,55.1,1480,55.1,0.6595,0.0309,2026-06-03 12:51:57
p_ext_001379,284,14,32,1,4,70.8,1481,70.8,0.6579,0.0495,2026-06-03 12:51:57
p_ext_001171,464,18,45,6,4,112.9,1482,112.9,0.6563,0.0455,2026-06-03 12:51:57
p_ext_001247,378,47,40,28,0,107.3,1483,107.3,0.6559,0.1012,2026-06-03 12:51:57
p_ext_001050,427,27,34,7,4,105.1,1484,105.1,0.655,0.0499,2026-06-03 12:51:57
p_ext_001658,258,44,19,14,0,73.3,1485,73.3,0.6547,0.1008,2026-06-03 12:51:57
p_ext_000923,33,5,3,2,0,9.4,1486,9.4,0.6523,0.1015,2026-06-03 12:51:57
p_ext_001679,345,55,26,20,6,97.3,1487,97.3,0.6508,0.0952,2026-06-03 12:51:57
p_ext_000483,485,8,22,38,4,113.6,1488,113.6,0.6504,0.0452,2026-06-03 12:51:57
p_ext_000305,369,23,34,5,3,91.9,1489,91.9,0.6491,0.0526,2026-06-03 12:51:57
p_ext_001774,281,28,26,17,2,75.8,1490,75.8,0.6489,0.0824,2026-06-03 12:51:57
p_ext_000480,494,38,13,14,8,116.9,1491,116.9,0.648,0.0415,2026-06-03 12:51:57
p_ext_001156,236,23,5,2,0,56.0,1492,56.0,0.647,0.0434,2026-06-03 12:51:57
p_ext_001649,247,7,26,9,4,61.1,1493,61.1,0.6464,0.051,2026-06-03 12:51:57
p_ext_001626,435,59,7,9,2,108.6,1494,108.6,0.6462,0.0586,2026-06-03 12:51:57
p_ext_000524,321,21,17,20,0,79.6,1495,79.6,0.6454,0.0606,2026-06-03 12:51:57
p_ext_001028,105,3,6,5,0,24.7,1496,24.7,0.6426,0.0438,2026-06-03 12:51:57
p_ext_000812,271,37,16,1,4,70.3,1497,70.3,0.6424,0.0638,2026-06-03 12:51:57
p_ext_000364,447,31,15,26,3,108.4,1498,108.4,0.6421,0.0534,2026-06-03 12:51:57
p_ext_000913,377,55,23,15,1,101.8,1499,101.8,0.642,0.0828,2026-06-03 12:51:57
p_ext_001786,240,2,12,11,1,54.4,1500,54.4,0.64,0.0331,2026-06-03 12:51:57
p_ext_001118,305,18,29,17,2,78.5,1501,78.5,0.6395,0.0674,2026-06-03 12:51:57
p_ext_001732,254,13,17,7,4,61.2,1502,61.2,0.639,0.0445,2026-06-03 12:51:57
p_ext_001989,407,43,38,23,5,110.3,1503,110.3,0.6381,0.0823,2026-06-03 12:51:57
p_ext_001294,259,9,3,10,0,57.4,1504,57.4,0.6369,0.0292,2026-06-03 12:51:57
p_ext_000247,195,19,17,9,1,51.6,1505,51.6,0.6365,0.0754,2026-06-03 12:51:57
p_ext_000850,488,11,28,21,5,113.5,1506,113.5,0.6348,0.0381,2026-06-03 12:51:57
p_ext_000163,384,43,25,7,1,98.6,1507,98.6,0.6324,0.0646,2026-06-03 12:51:57
p_ext_001563,280,11,8,19,0,65.5,1508,65.5,0.629,0.0461,2026-06-03 12:51:57
p_ext_001795,302,14,12,12,0,70.6,1509,70.6,0.6257,0.0421,2026-06-03 12:51:57
p_ext_001967,425,30,6,27,7,101.2,1510,101.2,0.6245,0.0479,2026-06-03 12:51:57
p_ext_001551,361,53,40,12,2,102.5,1511,102.5,0.6239,0.0952,2026-06-03 12:51:57
p_ext_001743,263,41,23,9,2,73.6,1512,73.6,0.6234,0.0913,2026-06-03 12:51:57
p_ext_001439,297,28,25,1,2,75.5,1513,75.5,0.6227,0.0581,2026-06-03 12:51:57
p_ext_000701,212,10,22,9,1,53.8,1514,53.8,0.6225,0.0616,2026-06-03 12:51:57
p_ext_000312,90,2,7,1,0,20.9,1515,20.9,0.622,0.035,2026-06-03 12:51:57
p_ext_000367,378,50,35,25,2,106.1,1516,106.1,0.6195,0.0962,2026-06-03 12:51:57
p_ext_001650,385,39,20,22,5,99.1,1517,99.1,0.619,0.0684,2026-06-03 12:51:57
p_ext_001302,294,44,6,17,5,77.2,1518,77.2,0.6176,0.0753,2026-06-03 12:51:57
p_ext_000543,278,8,9,15,4,63.7,1519,63.7,0.6171,0.0358,2026-06-03 12:51:57
p_ext_000109,249,25,6,1,3,59.3,1520,59.3,0.613,0.0414,2026-06-03 12:51:57
p_ext_000278,117,13,4,6,0,29.7,1521,29.7,0.6126,0.0671,2026-06-03 12:51:57
p_ext_000814,297,14,15,5,1,69.1,1522,69.1,0.6098,0.0369,2026-06-03 12:51:57
p_ext_000119,316,38,9,14,2,80.1,1523,80.1,0.6095,0.0649,2026-06-03 12:51:57
p_ext_001253,402,29,9,20,4,95.8,1524,95.8,0.6079,0.0474,2026-06-03 12:51:57
p_ext_001205,149,25,8,2,0,40.1,1525,40.1,0.6049,0.0795,2026-06-03 12:51:57
p_ext_000865,311,34,16,21,1,81.4,1526,81.4,0.6047,0.0767,2026-06-03 12:51:57
p_ext_001240,177,20,2,7,0,43.4,1527,43.4,0.6036,0.0568,2026-06-03 12:51:57
p_ext_000264,361,56,36,4,4,100.6,1528,100.6,0.6035,0.0859,2026-06-03 12:51:57
p_ext_001019,379,36,3,4,1,88.3,1529,88.3,0.6021,0.0388,2026-06-03 12:51:57
p_ext_001005,350,33,23,10,6,88.8,1530,88.8,0.6019,0.0593,2026-06-03 12:51:57
p_ext_001108,421,39,18,25,0,106.3,1531,106.3,0.6019,0.066,2026-06-03 12:51:57
p_ext_000823,423,17,36,2,4,100.9,1532,100.9,0.6017,0.0394,2026-06-03 12:51:57
p_ext_001248,454,29,4,26,3,105.9,1533,105.9,0.6008,0.0437,2026-06-03 12:51:57
p_ext_000614,325,22,27,17,5,83.1,1534,83.1,0.5984,0.0638,2026-06-03 12:51:57
p_ext_001138,359,10,8,27,6,82.6,1535,82.6,0.597,0.0394,2026-06-03 12:51:57
p_ext_001801,272,38,20,1,0,72.0,1536,72.0,0.5954,0.0722,2026-06-03 12:51:57
p_ext_001664,197,34,5,11,1,53.3,1537,53.3,0.5954,0.0865,2026-06-03 12:51:57
p_ext_001481,306,13,8,3,0,68.1,1538,68.1,0.5945,0.0261,2026-06-03 12:51:57
p_ext_000941,130,6,15,8,1,33.9,1539,33.9,0.5929,0.0708,2026-06-03 12:51:57
p_ext_000253,268,35,6,4,4,66.7,1540,66.7,0.5919,0.0547,2026-06-03 12:51:57
p_ext_001498,153,25,12,4,1,42.5,1541,42.5,0.5917,0.0886,2026-06-03 12:51:57
p_ext_001509,270,11,7,5,0,60.4,1542,60.4,0.5913,0.0285,2026-06-03 12:51:57
p_ext_001031,416,21,24,7,6,98.1,1543,98.1,0.5909,0.038,2026-06-03 12:51:57
p_ext_000445,268,2,28,14,3,65.4,1544,65.4,0.5896,0.05,2026-06-03 12:51:57
p_ext_000145,358,33,28,16,4,93.1,1545,93.1,0.5896,0.0691,2026-06-03 12:51:57
p_ext_000510,321,28,32,12,5,84.6,1546,84.6,0.5894,0.0704,2026-06-03 12:51:57
p_ext_001398,337,5,22,13,5,78.1,1547,78.1,0.5874,0.0353,2026-06-03 12:51:57
p_ext_000478,307,5,4,4,5,64.9,1548,64.9,0.5842,0.0109,2026-06-03 12:51:57
p_ext_000586,238,33,25,11,3,67.2,1549,67.2,0.5841,0.0937,2026-06-03 12:51:57
p_ext_001642,324,36,7,0,6,77.7,1550,77.7,0.5838,0.0417,2026-06-03 12:51:57
p_ext_001836,340,43,2,22,1,85.9,1551,85.9,0.5836,0.0681,2026-06-03 12:51:57
p_ext_001438,327,11,6,7,3,71.9,1552,71.9,0.5832,0.0229,2026-06-03 12:51:57
p_ext_001572,343,15,40,10,4,87.1,1553,87.1,0.5828,0.0582,2026-06-03 12:51:57
p_ext_001193,412,52,9,23,5,105.3,1554,105.3,0.582,0.0678,2026-06-03 12:51:57
p_ext_001907,265,28,22,11,0,70.2,1555,70.2,0.5818,0.0764,2026-06-03 12:51:57
p_ext_001798,241,34,8,11,3,63.0,1556,63.0,0.5804,0.0728,2026-06-03 12:51:57
p_ext_001384,352,39,22,16,0,91.9,1557,91.9,0.5796,0.0734,2026-06-03 12:51:57
p_ext_001007,337,34,30,26,3,91.8,1558,91.8,0.5796,0.0872,2026-06-03 12:51:57
p_ext_001881,311,48,15,21,2,85.3,1559,85.3,0.5789,0.0908,2026-06-03 12:51:57
p_ext_000709,302,40,12,4,3,76.8,1560,76.8,0.5788,0.0609,2026-06-03 12:51:57
p_ext_001372,250,33,21,18,3,69.8,1561,69.8,0.578,0.0942,2026-06-03 12:51:57
p_ext_001909,378,18,39,6,2,93.9,1562,93.9,0.576,0.0521,2026-06-03 12:51:57
p_ext_001067,156,15,3,3,1,37.2,1563,37.2,0.5759,0.0449,2026-06-03 12:51:57
p_ext_000165,393,18,38,10,6,97.4,1564,97.4,0.5753,0.0509,2026-06-03 12:51:57
p_ext_000699,282,16,9,21,3,68.1,1565,68.1,0.5752,0.0534,2026-06-03 12:51:57
p_ext_001853,135,20,1,3,2,33.9,1566,33.9,0.5749,0.0589,2026-06-03 12:51:57
p_ext_000473,243,35,2,4,1,60.5,1567,60.5,0.5746,0.0578,2026-06-03 12:51:57
p_ext_000965,435,26,3,28,2,101.3,1568,101.3,0.5737,0.0446,2026-06-03 12:51:57
p_ext_000448,332,44,30,18,1,92.2,1569,92.2,0.5731,0.0919,2026-06-03 12:51:57
p_ext_001404,321,10,18,11,1,74.8,1570,74.8,0.5725,0.0391,2026-06-03 12:51:57
p_ext_000150,237,40,3,2,3,60.7,1571,60.7,0.5716,0.0633,2026-06-03 12:51:57
2101633377,3,0,0,0,0,0.0,1572,0.6,0.5711,0.0,2026-06-03 12:51:57
2101633684,3,0,0,0,0,0.0,1573,0.6,0.5711,0.0,2026-06-03 12:51:57
2101632238,3,0,0,0,0,0.0,1574,0.6,0.5703,0.0,2026-06-03 12:51:57
p_ext_000740,133,13,2,2,1,31.5,1575,31.5,0.5696,0.0425,2026-06-03 12:51:57
p_ext_000338,213,35,3,1,4,54.2,1576,54.2,0.5682,0.0596,2026-06-03 12:51:57
p_ext_001437,155,5,14,2,0,37.1,1577,37.1,0.5681,0.0429,2026-06-03 12:51:57
p_ext_000393,291,24,13,17,0,72.7,1578,72.7,0.5673,0.0627,2026-06-03 12:51:57
p_ext_001976,385,8,15,15,6,86.9,1579,86.9,0.5669,0.0295,2026-06-03 12:51:57
p_ext_000503,238,41,22,4,2,67.3,1580,67.3,0.566,0.0922,2026-06-03 12:51:57
p_ext_001628,169,5,17,3,1,41.0,1581,41.0,0.5633,0.0456,2026-06-03 12:51:57
p_ext_001968,305,19,9,8,0,71.0,1582,71.0,0.5618,0.0398,2026-06-03 12:51:57
p_ext_001339,221,18,10,11,4,54.8,1583,54.8,0.5614,0.0559,2026-06-03 12:51:57
p_ext_001758,361,30,39,19,5,96.7,1584,96.7,0.5604,0.0771,2026-06-03 12:51:57
p_ext_000371,403,40,19,8,2,99.9,1585,99.9,0.5603,0.0548,2026-06-03 12:51:57
p_ext_000738,176,11,15,4,0,43.8,1586,43.8,0.5586,0.0554,2026-06-03 12:51:57
p_ext_000791,347,37,33,9,5,92.2,1587,92.2,0.5583,0.072,2026-06-03 12:51:57
p_ext_001149,319,42,24,17,3,87.0,1588,87.0,0.5581,0.0854,2026-06-03 12:51:57
p_ext_001349,357,32,2,21,0,85.8,1589,85.8,0.5579,0.0536,2026-06-03 12:51:57
p_ext_001104,445,27,7,2,1,99.6,1590,99.6,0.5578,0.0271,2026-06-03 12:51:57
p_ext_000789,308,21,22,23,4,79.1,1591,79.1,0.5576,0.0688,2026-06-03 12:51:57
p_ext_001487,407,22,9,21,3,94.9,1592,94.9,0.5575,0.0421,2026-06-03 12:51:57
p_ext_000538,395,6,20,18,1,90.4,1593,90.4,0.556,0.0359,2026-06-03 12:51:57
p_ext_000258,210,20,12,7,3,53.0,1594,53.0,0.555,0.0593,2026-06-03 12:51:57
p_ext_000894,397,14,25,13,1,93.7,1595,93.7,0.5548,0.0422,2026-06-03 12:51:57
p_ext_001376,363,52,19,2,1,94.3,1596,94.3,0.5518,0.0672,2026-06-03 12:51:57
p_ext_000548,322,54,21,7,4,88.3,1597,88.3,0.5515,0.0834,2026-06-03 12:51:57
p_ext_001225,389,9,39,26,2,97.4,1598,97.4,0.5508,0.0605,2026-06-03 12:51:57
p_ext_001712,301,3,7,24,2,68.0,1599,68.0,0.5504,0.037,2026-06-03 12:51:57
p_ext_001718,371,5,19,1,3,81.6,1600,81.6,0.5503,0.0194,2026-06-03 12:51:57
p_ext_001127,264,29,24,7,2,70.1,1601,70.1,0.5489,0.0735,2026-06-03 12:51:57
p_ext_000525,319,9,37,22,2,82.0,1602,82.0,0.5478,0.0676,2026-06-03 12:51:57
p_ext_001825,265,28,21,6,2,68.9,1603,68.9,0.547,0.0672,2026-06-03 12:51:57
p_ext_001990,338,25,36,23,2,90.5,1604,90.5,0.5469,0.0805,2026-06-03 12:51:57
p_ext_001760,186,17,15,7,2,48.2,1605,48.2,0.546,0.0672,2026-06-03 12:51:57
p_ext_000291,344,58,17,4,0,92.1,1606,92.1,0.5458,0.0779,2026-06-03 12:51:57
p_ext_000983,275,35,12,1,3,69.3,1607,69.3,0.5456,0.0567,2026-06-03 12:51:57
p_ext_000293,159,25,15,7,2,45.2,1608,45.2,0.5448,0.0962,2026-06-03 12:51:57
p_ext_001567,272,6,12,1,0,60.0,1609,60.0,0.5448,0.0222,2026-06-03 12:51:57
p_ext_001680,195,28,3,12,2,50.7,1610,50.7,0.5445,0.0744,2026-06-03 12:51:57
p_ext_001373,106,2,9,5,0,25.5,1611,25.5,0.5442,0.0486,2026-06-03 12:51:57
p_ext_001899,238,25,10,5,2,59.1,1612,59.1,0.5435,0.055,2026-06-03 12:51:57
p_ext_000567,254,24,13,3,0,62.5,1613,62.5,0.5426,0.0526,2026-06-03 12:51:57
p_ext_001693,316,31,29,12,0,83.6,1614,83.6,0.5424,0.0752,2026-06-03 12:51:57
p_ext_000842,101,7,4,5,0,24.5,1615,24.5,0.542,0.0535,2026-06-03 12:51:57
p_ext_001256,214,34,23,12,1,62.3,1616,62.3,0.5403,0.1065,2026-06-03 12:51:57
p_ext_001348,336,18,23,3,0,80.1,1617,80.1,0.5402,0.0424,2026-06-03 12:51:57
p_ext_001207,186,20,21,4,1,50.3,1618,50.3,0.5388,0.078,2026-06-03 12:51:57
p_ext_001754,342,10,37,15,2,85.5,1619,85.5,0.5386,0.0569,2026-06-03 12:51:57
p_ext_000900,331,16,2,8,4,73.2,1620,73.2,0.5385,0.0248,2026-06-03 12:51:57
p_ext_001767,304,29,31,6,3,80.0,1621,80.0,0.5384,0.0689,2026-06-03 12:51:57
p_ext_000909,87,12,7,3,0,23.7,1622,23.7,0.5352,0.0845,2026-06-03 12:51:57
p_ext_000829,195,30,16,13,2,55.4,1623,55.4,0.5338,0.0997,2026-06-03 12:51:57
p_ext_001385,300,39,34,21,0,86.1,1624,86.1,0.5338,0.104,2026-06-03 12:51:57
p_ext_000457,267,7,24,4,2,63.5,1625,63.5,0.5335,0.0399,2026-06-03 12:51:57
p_ext_000550,306,51,14,13,5,83.3,1626,83.3,0.5319,0.0837,2026-06-03 12:51:57
p_ext_001766,257,31,24,2,3,68.3,1627,68.3,0.5316,0.0706,2026-06-03 12:51:57
p_ext_000948,202,26,5,4,2,50.5,1628,50.5,0.5306,0.0574,2026-06-03 12:51:57
p_ext_000354,179,23,11,9,2,47.8,1629,47.8,0.5287,0.0788,2026-06-03 12:51:57
p_ext_001165,206,6,9,12,4,48.1,1630,48.1,0.528,0.0398,2026-06-03 12:51:57
p_ext_000527,206,18,14,10,0,52.8,1631,52.8,0.5276,0.068,2026-06-03 12:51:57
p_ext_001728,147,7,9,5,2,35.2,1632,35.2,0.5269,0.0442,2026-06-03 12:51:57
p_ext_000971,192,26,12,0,2,49.8,1633,49.8,0.5222,0.0641,2026-06-03 12:51:57
p_ext_001094,237,34,19,7,3,64.7,1634,64.7,0.5221,0.0821,2026-06-03 12:51:57
p_ext_001980,279,20,14,8,5,67.6,1635,67.6,0.518,0.0466,2026-06-03 12:51:57
p_ext_000226,315,49,28,21,4,90.3,1636,90.3,0.5174,0.1019,2026-06-03 12:51:57
p_ext_001749,380,37,19,6,3,94.0,1637,94.0,0.5171,0.053,2026-06-03 12:51:57
p_ext_001258,318,50,35,22,3,93.5,1638,93.5,0.5169,0.1104,2026-06-03 12:51:57
p_ext_000936,218,9,2,14,3,49.7,1639,49.7,0.5168,0.0369,2026-06-03 12:51:57
p_ext_001267,218,11,14,10,2,53.1,1640,53.1,0.5166,0.0511,2026-06-03 12:51:57
p_ext_001461,212,37,21,0,3,59.8,1641,59.8,0.5165,0.088,2026-06-03 12:51:57
p_ext_000440,344,10,17,14,1,79.7,1642,79.7,0.5151,0.0387,2026-06-03 12:51:57
p_ext_001672,288,47,10,11,0,76.9,1643,76.9,0.514,0.0809,2026-06-03 12:51:57
p_ext_000105,270,28,23,16,3,72.5,1644,72.5,0.5138,0.0804,2026-06-03 12:51:57
p_ext_001513,336,41,18,11,0,87.1,1645,87.1,0.5131,0.0702,2026-06-03 12:51:57
p_ext_000110,316,38,16,11,3,81.6,1646,81.6,0.5124,0.0676,2026-06-03 12:51:57
p_ext_001134,271,39,1,3,2,66.8,1647,66.8,0.5124,0.0539,2026-06-03 12:51:57
p_ext_000292,360,47,16,5,4,91.9,1648,91.9,0.512,0.0617,2026-06-03 12:51:57
p_ext_001037,221,3,16,5,1,50.9,1649,50.9,0.5104,0.0335,2026-06-03 12:51:57
p_ext_000323,331,10,22,24,5,80.6,1650,80.6,0.51,0.0529,2026-06-03 12:51:57
p_ext_000750,318,33,10,16,5,79.7,1651,79.7,0.5086,0.0602,2026-06-03 12:51:57
p_ext_000147,82,11,6,3,0,22.1,1652,22.1,0.5085,0.0817,2026-06-03 12:51:57
p_ext_000667,245,7,19,14,4,59.6,1653,59.6,0.508,0.05,2026-06-03 12:51:57
p_ext_001558,365,7,34,14,3,88.1,1654,88.1,0.5079,0.0464,2026-06-03 12:51:57
p_ext_001587,259,27,21,2,2,66.6,1655,66.6,0.5052,0.062,2026-06-03 12:51:57
p_ext_000498,356,44,10,20,5,91.4,1656,91.4,0.5036,0.0685,2026-06-03 12:51:57
p_ext_001440,143,10,12,7,2,36.6,1657,36.6,0.5032,0.064,2026-06-03 12:51:57
p_ext_000895,388,8,6,14,2,84.6,1658,84.6,0.5024,0.0235,2026-06-03 12:51:57
p_ext_000643,228,35,2,12,3,59.1,1659,59.1,0.5011,0.0721,2026-06-03 12:51:57
p_ext_001975,239,30,3,17,2,61.1,1660,61.1,0.5001,0.0709,2026-06-03 12:51:57
p_ext_001238,224,12,7,1,0,50.7,1661,50.7,0.4971,0.0297,2026-06-03 12:51:57
p_ext_000933,226,7,15,16,1,55.0,1662,55.0,0.4971,0.0546,2026-06-03 12:51:57
p_ext_001452,255,18,4,10,2,59.6,1663,59.6,0.4966,0.0416,2026-06-03 12:51:57
p_ext_000300,248,25,5,0,1,58.6,1664,58.6,0.4957,0.0405,2026-06-03 12:51:57
p_ext_000931,341,34,14,11,0,84.8,1665,84.8,0.4939,0.0585,2026-06-03 12:51:57
p_ext_000482,267,18,17,3,4,64.5,1666,64.5,0.492,0.0436,2026-06-03 12:51:57
p_ext_001460,287,8,5,15,4,64.3,1667,64.3,0.492,0.0305,2026-06-03 12:51:57
p_ext_001194,233,37,19,16,0,66.6,1668,66.6,0.4908,0.1041,2026-06-03 12:51:57
p_ext_001914,296,34,20,16,2,78.6,1669,78.6,0.4896,0.078,2026-06-03 12:51:57
p_ext_000647,225,18,22,8,0,58.6,1670,58.6,0.4883,0.0698,2026-06-03 12:51:57
p_ext_000906,250,27,13,19,2,65.8,1671,65.8,0.4851,0.0784,2026-06-03 12:51:57
p_ext_000922,275,33,1,1,2,65.4,1672,65.4,0.4846,0.0429,2026-06-03 12:51:57
p_ext_000311,216,23,4,10,1,53.3,1673,53.3,0.4831,0.0581,2026-06-03 12:51:57
p_ext_001963,212,9,9,14,1,50.6,1674,50.6,0.4822,0.0498,2026-06-03 12:51:57
p_ext_001537,252,28,4,5,2,61.0,1675,61.0,0.4818,0.049,2026-06-03 12:51:57
p_ext_000883,272,41,30,11,1,77.9,1676,77.9,0.4815,0.0993,2026-06-03 12:51:57
p_ext_001095,265,24,19,19,2,69.7,1677,69.7,0.4814,0.0768,2026-06-03 12:51:57
p_ext_001157,224,21,16,14,1,58.7,1678,58.7,0.4807,0.0752,2026-06-03 12:51:57
p_ext_001555,176,13,2,11,3,41.9,1679,41.9,0.4797,0.0477,2026-06-03 12:51:57
p_ext_000331,132,5,8,1,0,30.5,1680,30.5,0.4789,0.0341,2026-06-03 12:51:57
p_ext_001246,352,8,14,11,4,79.2,1681,79.2,0.4775,0.0286,2026-06-03 12:51:57
p_ext_001613,211,23,19,7,4,56.2,1682,56.2,0.4772,0.073,2026-06-03 12:51:57
p_ext_000577,152,27,10,6,0,42.7,1683,42.7,0.4768,0.0957,2026-06-03 12:51:57
p_ext_001059,220,13,2,15,0,51.5,1684,51.5,0.4731,0.0473,2026-06-03 12:51:57
p_ext_000207,262,40,12,11,2,70.2,1685,70.2,0.4718,0.0803,2026-06-03 12:51:57
p_ext_000901,313,7,21,16,4,74.2,1686,74.2,0.4717,0.0433,2026-06-03 12:51:57
p_ext_001041,220,9,20,8,2,54.3,1687,54.3,0.4714,0.0525,2026-06-03 12:51:57
p_ext_000994,162,26,15,9,2,46.5,1688,46.5,0.4713,0.1009,2026-06-03 12:51:57
p_ext_001350,265,6,23,1,3,61.9,1689,61.9,0.471,0.033,2026-06-03 12:51:57
p_ext_000314,243,28,18,12,3,64.8,1690,64.8,0.4693,0.0774,2026-06-03 12:51:57
p_ext_001191,173,17,13,7,2,45.0,1691,45.0,0.4686,0.0688,2026-06-03 12:51:57
p_ext_000425,205,26,1,8,0,50.7,1692,50.7,0.4682,0.0595,2026-06-03 12:51:57
p_ext_001808,160,10,11,9,0,40.1,1693,40.1,0.468,0.0622,2026-06-03 12:51:57
p_ext_001833,194,14,8,8,3,47.0,1694,47.0,0.467,0.049,2026-06-03 12:51:57
p_ext_001255,203,10,15,7,4,49.5,1695,49.5,0.4667,0.0475,2026-06-03 12:51:57
p_ext_001896,216,22,22,2,1,56.8,1696,56.8,0.4654,0.0685,2026-06-03 12:51:57
p_ext_000261,237,19,16,12,0,60.3,1697,60.3,0.4642,0.066,2026-06-03 12:51:57
p_ext_001043,219,38,3,3,3,56.7,1698,56.7,0.4622,0.0669,2026-06-03 12:51:57
p_ext_000974,253,25,11,18,0,65.0,1699,65.0,0.4618,0.0725,2026-06-03 12:51:57
p_ext_000271,292,40,1,2,0,71.1,1700,71.1,0.4616,0.0514,2026-06-03 12:51:57
p_ext_000132,303,43,19,7,1,80.6,1701,80.6,0.4599,0.0759,2026-06-03 12:51:57
p_ext_000518,194,4,6,15,2,44.8,1702,44.8,0.4597,0.0415,2026-06-03 12:51:57
p_ext_000729,169,13,15,12,2,44.6,1703,44.6,0.459,0.076,2026-06-03 12:51:57
p_ext_001799,218,14,17,13,0,55.5,1704,55.5,0.4584,0.0667,2026-06-03 12:51:57
p_ext_000806,315,21,5,3,6,71.4,1705,71.4,0.4582,0.0276,2026-06-03 12:51:57
p_ext_000629,250,38,7,4,2,64.3,1706,64.3,0.4565,0.0656,2026-06-03 12:51:57
p_ext_001918,210,24,12,3,0,53.4,1707,53.4,0.4553,0.0621,2026-06-03 12:51:57
p_ext_000542,196,24,20,2,2,52.8,1708,52.8,0.4539,0.075,2026-06-03 12:51:57
p_ext_000671,195,2,9,11,0,44.5,1709,44.5,0.4536,0.0372,2026-06-03 12:51:57
p_ext_001077,251,10,16,9,1,59.8,1710,59.8,0.4519,0.0448,2026-06-03 12:51:57
p_ext_001278,145,23,11,8,2,40.8,1711,40.8,0.4511,0.0948,2026-06-03 12:51:57
p_ext_000173,219,38,21,10,2,63.5,1712,63.5,0.4505,0.1037,2026-06-03 12:51:57
p_ext_001639,209,4,18,6,0,49.6,1713,49.6,0.4504,0.0426,2026-06-03 12:51:57
p_ext_000618,144,21,11,9,0,40.2,1714,40.2,0.4491,0.0958,2026-06-03 12:51:57
p_ext_000509,320,38,14,9,2,81.4,1715,81.4,0.4485,0.0633,2026-06-03 12:51:57
p_ext_000590,255,21,15,1,2,62.0,1716,62.0,0.4477,0.0463,2026-06-03 12:51:57
p_ext_001096,194,5,20,5,0,47.3,1717,47.3,0.4471,0.049,2026-06-03 12:51:57
p_ext_000488,302,19,15,18,1,74.2,1718,74.2,0.4463,0.0571,2026-06-03 12:51:57
p_ext_001160,313,42,11,6,2,79.7,1719,79.7,0.4451,0.0629,2026-06-03 12:51:57
p_ext_000996,135,17,8,2,2,34.9,1720,34.9,0.4444,0.0641,2026-06-03 12:51:57
p_ext_000167,206,31,6,11,3,54.5,1721,54.5,0.4442,0.0772,2026-06-03 12:51:57
p_ext_000770,312,29,23,6,6,79.2,1722,79.2,0.4437,0.0575,2026-06-03 12:51:57
p_ext_000451,332,4,12,7,3,72.6,1723,72.6,0.4436,0.0206,2026-06-03 12:51:57
p_ext_001691,296,22,22,9,2,74.2,1724,74.2,0.443,0.0576,2026-06-03 12:51:57
p_ext_000239,232,26,24,17,1,64.8,1725,64.8,0.4422,0.095,2026-06-03 12:51:57
p_ext_001346,280,5,12,1,1,61.3,1726,61.3,0.4405,0.0196,2026-06-03 12:51:57
p_ext_001762,286,16,9,9,2,66.5,1727,66.5,0.4403,0.0386,2026-06-03 12:51:57
p_ext_001474,194,31,10,10,1,53.1,1728,53.1,0.44,0.0884,2026-06-03 12:51:57
p_ext_001472,281,43,21,4,4,76.2,1729,76.2,0.4397,0.0781,2026-06-03 12:51:57
p_ext_000450,81,12,6,2,1,22.0,1730,22.0,0.437,0.0802,2026-06-03 12:51:57
p_ext_000319,272,26,30,2,0,71.6,1731,71.6,0.4339,0.0691,2026-06-03 12:51:57
p_ext_001891,257,11,13,5,1,59.6,1732,59.6,0.4339,0.0362,2026-06-03 12:51:57
p_ext_001228,262,18,7,18,0,63.5,1733,63.5,0.4337,0.0561,2026-06-03 12:51:57
p_ext_001659,298,31,24,0,1,76.1,1734,76.1,0.432,0.0599,2026-06-03 12:51:57
p_ext_001533,199,3,19,1,2,46.6,1735,46.6,0.4317,0.0337,2026-06-03 12:51:57
p_ext_000352,173,5,18,1,0,41.7,1736,41.7,0.4316,0.0434,2026-06-03 12:51:57
p_ext_001906,123,8,1,1,0,27.5,1737,27.5,0.4315,0.028,2026-06-03 12:51:57
p_ext_000117,263,17,5,20,5,63.2,1738,63.2,0.4305,0.0511,2026-06-03 12:51:57
p_ext_001038,111,12,9,7,1,29.9,1739,29.9,0.43,0.0824,2026-06-03 12:51:57
p_ext_000995,292,29,5,16,3,71.8,1740,71.8,0.4299,0.057,2026-06-03 12:51:57
p_ext_000954,232,9,10,18,1,55.7,1741,55.7,0.429,0.0528,2026-06-03 12:51:57
p_ext_000687,312,24,10,23,1,77.2,1742,77.2,0.4281,0.0617,2026-06-03 12:51:57
p_ext_001994,146,9,13,11,2,38.0,1743,38.0,0.426,0.0719,2026-06-03 12:51:57
p_ext_001046,192,4,18,3,2,45.6,1744,45.6,0.4259,0.0388,2026-06-03 12:51:57
p_ext_001688,203,27,19,15,1,57.4,1745,57.4,0.4249,0.0995,2026-06-03 12:51:57
p_ext_001988,176,20,14,7,2,46.8,1746,46.8,0.4243,0.0753,2026-06-03 12:51:57
p_ext_000668,305,13,13,15,4,71.8,1747,71.8,0.4229,0.0423,2026-06-03 12:51:57
p_ext_001715,169,7,15,12,0,42.8,1748,42.8,0.4226,0.066,2026-06-03 12:51:57
p_ext_001370,246,29,14,2,2,62.5,1749,62.5,0.422,0.0596,2026-06-03 12:51:57
p_ext_000424,218,31,6,10,1,56.7,1750,56.7,0.4203,0.0732,2026-06-03 12:51:57
p_ext_000497,287,11,29,2,4,69.8,1751,69.8,0.4202,0.0434,2026-06-03 12:51:57
p_ext_001806,277,35,19,12,1,74.0,1752,74.0,0.419,0.0792,2026-06-03 12:51:57
p_ext_001735,301,8,19,6,0,69.5,1753,69.5,0.4179,0.0352,2026-06-03 12:51:57
p_ext_001590,273,8,13,13,3,63.5,1754,63.5,0.4179,0.039,2026-06-03 12:51:57
p_ext_000227,135,16,1,5,0,33.1,1755,33.1,0.4176,0.0567,2026-06-03 12:51:57
p_ext_001406,266,39,20,6,4,72.1,1756,72.1,0.4174,0.0788,2026-06-03 12:51:57
p_ext_000164,277,8,3,9,0,60.5,1757,60.5,0.416,0.0247,2026-06-03 12:51:57
p_ext_000811,121,5,5,3,1,27.8,1758,27.8,0.4154,0.0339,2026-06-03 12:51:57
p_ext_000710,221,25,21,7,1,59.4,1759,59.4,0.4144,0.0783,2026-06-03 12:51:57
p_ext_000154,260,41,15,1,2,69.0,1760,69.0,0.4142,0.0723,2026-06-03 12:51:57
p_ext_001873,237,25,21,4,1,62.0,1761,62.0,0.4133,0.0686,2026-06-03 12:51:57
p_ext_000104,135,8,13,10,2,35.3,1762,35.3,0.4127,0.0726,2026-06-03 12:51:57
p_ext_000418,164,28,8,2,2,44.0,1763,44.0,0.4101,0.0762,2026-06-03 12:51:57
p_ext_001397,207,12,4,4,1,47.0,1764,47.0,0.4085,0.0319,2026-06-03 12:51:57
p_ext_001180,104,16,2,2,1,26.6,1765,26.6,0.4078,0.0644,2026-06-03 12:51:57
p_ext_000318,298,25,20,4,3,73.9,1766,73.9,0.4065,0.0522,2026-06-03 12:51:57
p_ext_001630,222,39,19,1,3,62.0,1767,62.0,0.4064,0.086,2026-06-03 12:51:57
p_ext_001066,250,26,27,17,4,69.3,1768,69.3,0.4062,0.0894,2026-06-03 12:51:57
p_ext_000266,302,15,15,4,3,70.2,1769,70.2,0.4061,0.0349,2026-06-03 12:51:57
p_ext_001342,236,10,9,18,0,56.5,1770,56.5,0.4057,0.053,2026-06-03 12:51:57
p_ext_001683,140,20,2,7,1,36.0,1771,36.0,0.4045,0.0704,2026-06-03 12:51:57
p_ext_001317,275,10,24,2,2,65.6,1772,65.6,0.4043,0.04,2026-06-03 12:51:57
p_ext_001502,199,9,14,9,2,48.5,1773,48.5,0.4014,0.0508,2026-06-03 12:51:57
p_ext_001623,261,3,21,7,0,60.8,1774,60.8,0.4002,0.0375,2026-06-03 12:51:57
p_ext_001198,184,26,9,14,1,50.1,1775,50.1,0.3998,0.0897,2026-06-03 12:51:57
p_ext_001869,182,10,8,12,0,44.2,1776,44.2,0.3994,0.0555,2026-06-03 12:51:57
p_ext_000135,260,18,13,16,3,64.5,1777,64.5,0.3987,0.0585,2026-06-03 12:51:57
p_ext_000856,116,1,10,4,0,27.3,1778,27.3,0.3975,0.0409,2026-06-03 12:51:57
p_ext_000737,194,18,7,6,0,47.5,1779,47.5,0.3973,0.0541,2026-06-03 12:51:57
p_ext_000772,147,16,3,10,2,37.1,1780,37.1,0.3966,0.0653,2026-06-03 12:51:57
p_ext_001401,294,3,4,20,4,64.9,1781,64.9,0.3964,0.0287,2026-06-03 12:51:57
p_ext_000417,193,7,16,4,2,46.3,1782,46.3,0.3955,0.0427,2026-06-03 12:51:57
p_ext_001739,279,19,5,22,1,67.4,1783,67.4,0.3951,0.0561,2026-06-03 12:51:57
p_ext_001807,243,29,20,1,4,63.5,1784,63.5,0.3948,0.0646,2026-06-03 12:51:57
p_ext_001637,269,26,15,3,5,66.7,1785,66.7,0.3947,0.0507,2026-06-03 12:51:57
p_ext_000857,243,40,1,0,4,60.9,1786,60.9,0.3946,0.0556,2026-06-03 12:51:57
p_ext_001929,229,6,14,11,0,54.0,1787,54.0,0.3944,0.0443,2026-06-03 12:51:57
p_ext_001284,286,32,10,1,2,70.0,1788,70.0,0.392,0.0495,2026-06-03 12:51:57
p_ext_000568,163,25,6,5,2,42.9,1789,42.9,0.3898,0.073,2026-06-03 12:51:57
p_ext_001947,258,31,9,7,4,65.0,1790,65.0,0.3894,0.0589,2026-06-03 12:51:57
p_ext_001338,264,7,21,4,0,62.0,1791,62.0,0.3893,0.0384,2026-06-03 12:51:57
p_ext_000476,213,19,7,5,2,51.4,1792,51.4,0.389,0.0474,2026-06-03 12:51:57
p_ext_001556,295,14,10,3,4,66.8,1793,66.8,0.3879,0.0276,2026-06-03 12:51:57
p_ext_000833,233,40,27,3,1,67.3,1794,67.3,0.387,0.0985,2026-06-03 12:51:57
p_ext_000955,108,8,0,5,1,25.0,1795,25.0,0.3862,0.0403,2026-06-03 12:51:57
p_ext_001435,198,19,21,9,0,53.4,1796,53.4,0.385,0.0813,2026-06-03 12:51:57
p_ext_000570,214,34,18,1,0,58.6,1797,58.6,0.3843,0.0825,2026-06-03 12:51:57
p_ext_000616,129,12,5,9,0,32.7,1798,32.7,0.3833,0.0686,2026-06-03 12:51:57
p_ext_000657,236,14,17,15,2,59.5,1799,59.5,0.3814,0.0629,2026-06-03 12:51:57
p_ext_000683,223,30,7,1,2,55.9,1800,55.9,0.3805,0.0563,2026-06-03 12:51:57
p_ext_001775,270,3,26,7,1,64.1,1801,64.1,0.3795,0.0411,2026-06-03 12:51:57
p_ext_001888,169,17,4,3,0,40.7,1802,40.7,0.3787,0.0485,2026-06-03 12:51:57
p_ext_000113,273,6,29,13,2,67.7,1803,67.7,0.3785,0.0548,2026-06-03 12:51:57
p_ext_001645,110,6,4,3,0,25.6,1804,25.6,0.3773,0.0395,2026-06-03 12:51:57
p_ext_001694,179,12,8,7,2,43.2,1805,43.2,0.3767,0.0483,2026-06-03 12:51:57
p_ext_000553,215,5,10,6,0,48.7,1806,48.7,0.3762,0.0319,2026-06-03 12:51:57
p_ext_000978,196,23,17,10,2,53.2,1807,53.2,0.3759,0.0829,2026-06-03 12:51:57
p_ext_001048,200,6,7,5,1,44.9,1808,44.9,0.3755,0.0287,2026-06-03 12:51:57
p_ext_001879,187,11,18,0,3,46.1,1809,46.1,0.3747,0.0463,2026-06-03 12:51:57
p_ext_000556,165,13,1,3,0,37.8,1810,37.8,0.3736,0.0358,2026-06-03 12:51:57
p_ext_000843,160,22,8,8,1,42.6,1811,42.6,0.3714,0.0794,2026-06-03 12:51:57
p_ext_000980,225,6,21,10,0,55.1,1812,55.1,0.3709,0.0529,2026-06-03 12:51:57
p_ext_001845,154,14,2,11,1,37.8,1813,37.8,0.3693,0.0594,2026-06-03 12:51:57
p_ext_000427,254,14,16,4,4,60.6,1814,60.6,0.3681,0.0406,2026-06-03 12:51:57
p_ext_000813,239,11,12,12,2,57.1,1815,57.1,0.3677,0.0471,2026-06-03 12:51:57
p_ext_001646,228,14,12,3,1,54.0,1816,54.0,0.3652,0.041,2026-06-03 12:51:57
p_ext_001585,223,37,14,16,1,63.1,1817,63.1,0.3646,0.1011,2026-06-03 12:51:57
p_ext_000336,113,7,8,3,0,27.7,1818,27.7,0.3642,0.0522,2026-06-03 12:51:57
p_ext_001581,251,11,22,11,0,62.3,1819,62.3,0.3631,0.057,2026-06-03 12:51:57
p_ext_000928,77,8,5,4,1,20.1,1820,20.1,0.3623,0.0714,2026-06-03 12:51:57
p_ext_000572,251,12,2,1,0,54.6,1821,54.6,0.3597,0.0205,2026-06-03 12:51:57
p_ext_000153,186,24,18,5,0,50.8,1822,50.8,0.3562,0.0836,2026-06-03 12:51:57
p_ext_001383,229,27,22,6,0,61.7,1823,61.7,0.3552,0.0793,2026-06-03 12:51:57
p_ext_000571,221,12,16,6,0,53.8,1824,53.8,0.3538,0.0502,2026-06-03 12:51:57
p_ext_000725,258,4,16,15,1,60.6,1825,60.6,0.3535,0.0436,2026-06-03 12:51:57
p_ext_000155,207,10,23,15,0,54.3,1826,54.3,0.3526,0.0756,2026-06-03 12:51:57
p_ext_000884,236,15,5,14,1,56.0,1827,56.0,0.3523,0.0485,2026-06-03 12:51:57
p_ext_000221,255,25,4,3,1,60.3,1828,60.3,0.3519,0.0424,2026-06-03 12:51:57
p_ext_000391,137,8,11,7,0,34.5,1829,34.5,0.3513,0.0624,2026-06-03 12:51:57
p_ext_000182,91,2,2,1,0,19.6,1830,19.6,0.3498,0.0181,2026-06-03 12:51:57
p_ext_000356,229,20,17,6,1,58.1,1831,58.1,0.3487,0.0611,2026-06-03 12:51:57
p_ext_001326,149,5,17,9,0,38.2,1832,38.2,0.3476,0.0671,2026-06-03 12:51:57
p_ext_001668,178,10,1,9,2,40.7,1833,40.7,0.3472,0.0368,2026-06-03 12:51:57
p_ext_001484,231,20,7,14,2,57.1,1834,57.1,0.3465,0.0589,2026-06-03 12:51:57
p_ext_001421,174,6,16,1,3,41.6,1835,41.6,0.3457,0.0382,2026-06-03 12:51:57
p_ext_000625,155,17,9,12,0,41.2,1836,41.2,0.3405,0.0829,2026-06-03 12:51:57
p_ext_000868,155,11,15,9,1,40.6,1837,40.6,0.3398,0.0729,2026-06-03 12:51:57
p_ext_001603,138,1,5,4,1,30.2,1838,30.2,0.3377,0.0221,2026-06-03 12:51:57
p_ext_000541,200,12,23,2,2,50.9,1839,50.9,0.3369,0.057,2026-06-03 12:51:57
p_ext_000600,155,2,8,1,0,34.2,1840,34.2,0.3364,0.0223,2026-06-03 12:51:57
p_ext_001969,223,17,14,10,1,55.9,1841,55.9,0.3337,0.0603,2026-06-03 12:51:57
p_ext_001141,134,18,8,6,2,35.8,1842,35.8,0.3328,0.0776,2026-06-03 12:51:57
p_ext_001631,149,24,15,2,1,41.9,1843,41.9,0.3322,0.0899,2026-06-03 12:51:57
p_ext_001040,195,21,15,13,1,52.4,1844,52.4,0.3317,0.0831,2026-06-03 12:51:57
p_ext_000456,121,21,5,5,1,33.0,1845,33.0,0.3316,0.086,2026-06-03 12:51:57
p_ext_000784,158,3,12,3,1,36.7,1846,36.7,0.3303,0.0348,2026-06-03 12:51:57
p_ext_000836,198,25,13,15,0,54.0,1847,54.0,0.3293,0.0904,2026-06-03 12:51:57
p_ext_001539,185,9,6,0,0,41.5,1848,41.5,0.3287,0.0268,2026-06-03 12:51:57
p_ext_001957,203,33,1,12,3,53.2,1849,53.2,0.3282,0.0761,2026-06-03 12:51:57
p_ext_001422,214,31,3,14,3,55.8,1850,55.8,0.3254,0.075,2026-06-03 12:51:57
p_ext_000752,207,23,7,9,2,52.2,1851,52.2,0.3238,0.0623,2026-06-03 12:51:57
p_ext_001886,192,14,21,15,2,51.9,1852,51.9,0.3208,0.0836,2026-06-03 12:51:57
p_ext_000159,201,25,20,8,0,55.3,1853,55.3,0.3182,0.0873,2026-06-03 12:51:57
p_ext_001388,212,12,14,9,1,52.0,1854,52.0,0.317,0.0535,2026-06-03 12:51:57
p_ext_000136,172,17,15,4,3,44.8,1855,44.8,0.3167,0.0654,2026-06-03 12:51:57
p_ext_001306,224,21,6,9,2,54.7,1856,54.7,0.312,0.0531,2026-06-03 12:51:57
p_ext_001254,192,8,4,7,1,43.4,1857,43.4,0.3108,0.0326,2026-06-03 12:51:57
p_ext_000116,123,20,12,7,1,35.6,1858,35.6,0.3105,0.1045,2026-06-03 12:51:57
p_ext_001654,84,13,4,2,1,22.3,1859,22.3,0.3102,0.0744,2026-06-03 12:51:57
p_ext_000610,60,6,5,4,0,16.1,1860,16.1,0.3096,0.0833,2026-06-03 12:51:57
p_ext_000992,227,14,15,6,0,55.3,1861,55.3,0.3087,0.0507,2026-06-03 12:51:57
p_ext_001578,207,9,19,10,2,51.8,1862,51.8,0.3083,0.0577,2026-06-03 12:51:57
p_ext_001109,176,29,9,2,0,47.0,1863,47.0,0.3081,0.077,2026-06-03 12:51:57
p_ext_000606,161,6,1,12,0,36.7,1864,36.7,0.3079,0.041,2026-06-03 12:51:57
p_ext_001378,84,3,3,6,0,19.8,1865,19.8,0.3071,0.0482,2026-06-03 12:51:57
p_ext_000467,229,4,9,8,4,51.3,1866,51.3,0.3057,0.0266,2026-06-03 12:51:57
p_ext_000601,202,17,9,15,2,51.2,1867,51.2,0.3053,0.0668,2026-06-03 12:51:57
p_ext_000306,115,18,13,4,1,33.1,1868,33.1,0.3021,0.0991,2026-06-03 12:51:57
p_ext_000112,55,6,1,3,0,13.7,1869,13.7,0.3021,0.0627,2026-06-03 12:51:57
p_ext_001189,142,1,4,0,2,29.9,1870,29.9,0.2983,0.0081,2026-06-03 12:51:57
p_ext_000953,158,22,3,12,0,41.5,1871,41.5,0.2971,0.081,2026-06-03 12:51:57
p_ext_001208,205,9,17,12,0,51.2,1872,51.2,0.2899,0.0607,2026-06-03 12:51:57
p_ext_001565,188,27,6,1,0,47.7,1873,47.7,0.2881,0.0617,2026-06-03 12:51:57
p_ext_001895,176,23,3,9,2,44.8,1874,44.8,0.2874,0.0665,2026-06-03 12:51:57
p_ext_000502,173,13,6,10,0,42.3,1875,42.3,0.2864,0.0569,2026-06-03 12:51:57
p_ext_001519,136,20,6,4,2,35.8,1876,35.8,0.2863,0.0721,2026-06-03 12:51:57
p_ext_000523,133,5,9,7,0,32.2,1877,32.2,0.2855,0.0519,2026-06-03 12:51:57
p_ext_000785,141,22,12,3,0,39.0,1878,39.0,0.2848,0.0876,2026-06-03 12:51:57
p_ext_000243,114,4,7,3,0,26.7,1879,26.7,0.2844,0.0399,2026-06-03 12:51:57
p_ext_000927,137,9,7,5,0,33.2,1880,33.2,0.2823,0.0511,2026-06-03 12:51:57
p_ext_001355,145,22,4,4,1,37.6,1881,37.6,0.2816,0.0697,2026-06-03 12:51:57
p_ext_000284,197,13,16,11,2,50.3,1882,50.3,0.2813,0.065,2026-06-03 12:51:57
p_ext_000177,96,3,6,5,1,22.9,1883,22.9,0.2777,0.0458,2026-06-03 12:51:57
p_ext_001235,183,17,5,12,1,45.6,1884,45.6,0.2758,0.0626,2026-06-03 12:51:57
p_ext_001949,170,17,9,8,0,43.4,1885,43.4,0.2745,0.0674,2026-06-03 12:51:57
p_ext_001790,197,3,15,5,3,45.8,1886,45.8,0.2737,0.034,2026-06-03 12:51:57
p_ext_001531,152,23,2,3,2,38.5,1887,38.5,0.2736,0.0612,2026-06-03 12:51:57
p_ext_001221,184,19,14,9,1,48.5,1888,48.5,0.2735,0.075,2026-06-03 12:51:57
p_ext_001196,185,4,6,11,1,42.2,1889,42.2,0.2731,0.037,2026-06-03 12:51:57
p_ext_001793,175,28,12,5,0,48.0,1890,48.0,0.2728,0.0866,2026-06-03 12:51:57
p_ext_000205,134,16,4,7,0,34.2,1891,34.2,0.2713,0.069,2026-06-03 12:51:57
p_ext_000111,151,12,15,7,2,39.7,1892,39.7,0.271,0.0712,2026-06-03 12:51:57
p_ext_001080,78,7,3,0,0,18.6,1893,18.6,0.2709,0.0429,2026-06-03 12:51:57
p_ext_000272,123,14,6,3,0,31.2,1894,31.2,0.2666,0.063,2026-06-03 12:51:57
p_ext_001803,36,1,2,2,0,8.5,1895,8.5,0.2652,0.0458,2026-06-03 12:51:57
p_ext_000859,74,2,5,3,0,17.5,1896,17.5,0.2623,0.0439,2026-06-03 12:51:57
p_ext_000438,176,8,9,2,0,40.7,1897,40.7,0.2619,0.0352,2026-06-03 12:51:57
p_ext_000970,168,9,19,4,1,42.8,1898,42.8,0.2615,0.0598,2026-06-03 12:51:57
p_ext_000350,148,17,17,8,1,41.4,1899,41.4,0.2571,0.0922,2026-06-03 12:51:57
p_ext_001176,59,5,0,0,0,13.3,1900,13.3,0.257,0.0297,2026-06-03 12:51:57
p_ext_001022,140,24,2,0,0,35.8,1901,35.8,0.257,0.0643,2026-06-03 12:51:57
p_ext_000294,164,14,18,12,3,44.8,1902,44.8,0.2537,0.0848,2026-06-03 12:51:57
p_ext_000529,166,22,4,11,0,43.2,1903,43.2,0.2523,0.0768,2026-06-03 12:51:57
p_ext_000702,175,24,1,4,0,43.3,1904,43.3,0.2515,0.0577,2026-06-03 12:51:57
p_ext_001923,175,7,16,12,2,44.3,1905,44.3,0.25,0.0631,2026-06-03 12:51:57
p_ext_001330,82,5,9,5,1,21.6,1906,21.6,0.2493,0.0732,2026-06-03 12:51:57
p_ext_000382,133,3,8,6,2,31.1,1907,31.1,0.2476,0.0387,2026-06-03 12:51:57
p_ext_001400,71,7,3,4,0,18.0,1908,18.0,0.2436,0.0669,2026-06-03 12:51:57
p_ext_001150,175,2,14,0,0,39.8,1909,39.8,0.2426,0.028,2026-06-03 12:51:57
p_ext_001687,144,4,8,9,1,34.2,1910,34.2,0.2425,0.0469,2026-06-03 12:51:57
p_ext_000817,110,15,5,2,1,28.4,1911,28.4,0.2349,0.0659,2026-06-03 12:51:57
p_ext_000237,183,9,3,4,1,41.0,1912,41.0,0.2346,0.0287,2026-06-03 12:51:57
p_ext_001282,62,5,2,0,1,14.5,1913,14.5,0.23,0.0347,2026-06-03 12:51:57
p_ext_001187,132,6,14,2,2,32.8,1914,32.8,0.2292,0.05,2026-06-03 12:51:57
p_ext_000858,115,17,10,4,1,31.9,1915,31.9,0.2272,0.0883,2026-06-03 12:51:57
p_ext_001897,105,12,2,8,0,26.8,1916,26.8,0.2238,0.0724,2026-06-03 12:51:57
p_ext_001069,116,6,13,0,0,28.9,1917,28.9,0.2237,0.0517,2026-06-03 12:51:57
p_ext_000984,126,11,2,8,2,30.7,1918,30.7,0.2234,0.0544,2026-06-03 12:51:57
p_ext_000819,131,7,5,9,1,31.6,1919,31.6,0.2228,0.0527,2026-06-03 12:51:57
p_ext_001588,149,13,9,1,1,36.6,1920,36.6,0.2226,0.0497,2026-06-03 12:51:57
p_ext_000496,156,11,9,11,1,39.4,1921,39.4,0.2199,0.0654,2026-06-03 12:51:57
p_ext_001722,142,17,12,9,2,38.9,1922,38.9,0.2195,0.0866,2026-06-03 12:51:57
p_ext_001951,146,13,1,0,2,33.4,1923,33.4,0.2188,0.0305,2026-06-03 12:51:57
p_ext_001277,164,9,4,2,0,37.1,1924,37.1,0.2167,0.0308,2026-06-03 12:51:57
p_ext_001510,96,17,5,6,1,27.0,1925,27.0,0.2159,0.0974,2026-06-03 12:51:57
p_ext_001633,90,8,5,4,1,22.7,1926,22.7,0.2152,0.0611,2026-06-03 12:51:57
p_ext_000171,120,11,3,8,1,29.8,1927,29.8,0.2139,0.0612,2026-06-03 12:51:57
p_ext_001820,29,4,0,1,0,7.2,1928,7.2,0.2136,0.0603,2026-06-03 12:51:57
p_ext_000875,170,4,1,9,2,37.3,1929,37.3,0.2125,0.0262,2026-06-03 12:51:57
p_ext_001111,131,20,13,4,0,36.9,1930,36.9,0.2105,0.0939,2026-06-03 12:51:57
p_ext_001443,115,1,8,3,1,26.3,1931,26.3,0.2101,0.0313,2026-06-03 12:51:57
p_ext_000564,146,8,11,4,1,35.7,1932,35.7,0.2095,0.05,2026-06-03 12:51:57
p_ext_001087,142,21,1,1,1,35.2,1933,35.2,0.2081,0.0549,2026-06-03 12:51:57
p_ext_001147,97,13,11,6,1,27.8,1934,27.8,0.2077,0.1005,2026-06-03 12:51:57
p_ext_001784,76,4,7,1,1,18.7,1935,18.7,0.203,0.048,2026-06-03 12:51:57
p_ext_001789,127,4,7,6,2,29.9,1936,29.9,0.2011,0.0409,2026-06-03 12:51:57
p_ext_001550,129,16,9,7,2,34.7,1937,34.7,0.201,0.0802,2026-06-03 12:51:57
p_ext_001882,143,16,7,2,0,35.9,1938,35.9,0.1997,0.0587,2026-06-03 12:51:57
p_ext_000193,140,11,5,4,1,33.6,1939,33.6,0.1987,0.0468,2026-06-03 12:51:57
p_ext_001333,150,14,1,6,1,35.7,1940,35.7,0.198,0.0473,2026-06-03 12:51:57
p_ext_001787,150,8,1,9,0,34.5,1941,34.5,0.1962,0.0417,2026-06-03 12:51:57
p_ext_001602,113,16,4,6,2,29.8,1942,29.8,0.1935,0.0752,2026-06-03 12:51:57
p_ext_000401,115,16,2,5,0,29.4,1943,29.4,0.1926,0.0691,2026-06-03 12:51:57
p_ext_001877,113,4,9,2,1,26.9,1944,26.9,0.1921,0.0407,2026-06-03 12:51:57
p_ext_001152,142,9,1,9,2,33.2,1945,33.2,0.1908,0.0437,2026-06-03 12:51:57
p_ext_001755,51,8,0,1,0,12.8,1946,12.8,0.1905,0.0618,2026-06-03 12:51:57
p_ext_000495,145,7,5,3,0,33.2,1947,33.2,0.19,0.0345,2026-06-03 12:51:57
p_ext_000949,82,11,1,1,1,20.2,1948,20.2,0.1888,0.0524,2026-06-03 12:51:57
p_ext_001445,97,11,8,5,0,26.1,1949,26.1,0.1886,0.0825,2026-06-03 12:51:57
p_ext_001315,120,13,6,7,1,31.1,1950,31.1,0.1819,0.0717,2026-06-03 12:51:57
p_ext_000719,84,7,3,6,0,21.0,1951,21.0,0.1758,0.0649,2026-06-03 12:51:57
p_ext_001382,113,4,6,6,1,26.8,1952,26.8,0.174,0.0451,2026-06-03 12:51:57
p_ext_000317,93,12,3,4,1,23.9,1953,23.9,0.1738,0.0677,2026-06-03 12:51:57
p_ext_002000,35,1,2,1,0,8.1,1954,8.1,0.1726,0.0371,2026-06-03 12:51:57
p_ext_001075,96,13,4,5,0,25.3,1955,25.3,0.171,0.0781,2026-06-03 12:51:57
p_ext_001008,113,4,5,1,2,25.5,1956,25.5,0.1703,0.0252,2026-06-03 12:51:57
p_ext_001575,86,3,8,1,1,20.7,1957,20.7,0.1644,0.0419,2026-06-03 12:51:57
p_ext_001341,109,15,3,6,0,28.4,1958,28.4,0.1634,0.0757,2026-06-03 12:51:57
p_ext_000347,102,1,2,5,1,22.3,1959,22.3,0.1614,0.0245,2026-06-03 12:51:57
p_ext_000426,36,5,0,0,0,8.7,1960,8.7,0.1612,0.0486,2026-06-03 12:51:57
p_ext_000635,108,8,7,3,0,26.7,1961,26.7,0.1607,0.0551,2026-06-03 12:51:57
p_ext_001627,51,8,6,0,0,14.4,1962,14.4,0.1597,0.0902,2026-06-03 12:51:57
p_ext_000585,96,16,0,5,0,25.0,1963,25.0,0.1587,0.0766,2026-06-03 12:51:57
p_ext_000899,73,5,0,5,0,17.1,1964,17.1,0.1583,0.0479,2026-06-03 12:51:57
p_ext_001677,52,8,2,2,0,13.8,1965,13.8,0.1571,0.0788,2026-06-03 12:51:57
p_ext_001501,96,6,10,2,0,24.4,1966,24.4,0.1506,0.0604,2026-06-03 12:51:57
p_ext_001641,103,10,5,4,1,25.9,1967,25.9,0.147,0.0602,2026-06-03 12:51:57
p_ext_001611,68,1,0,0,0,13.9,1968,13.9,0.1468,0.0051,2026-06-03 12:51:57
p_ext_000609,75,11,6,3,0,20.7,1969,20.7,0.1389,0.0893,2026-06-03 12:51:57
p_ext_001608,102,1,7,7,0,24.2,1970,24.2,0.1343,0.048,2026-06-03 12:51:57
p_ext_001250,67,5,2,2,0,15.9,1971,15.9,0.1334,0.0455,2026-06-03 12:51:57
p_ext_000991,79,11,7,2,0,21.6,1972,21.6,0.1295,0.0842,2026-06-03 12:51:57
p_ext_001065,107,1,1,0,1,22.0,1973,22.0,0.1281,0.0042,2026-06-03 12:51:57
p_ext_001647,82,1,4,1,1,18.1,1974,18.1,0.1238,0.0207,2026-06-03 12:51:57
p_ext_001375,63,4,3,2,0,15.1,1975,15.1,0.1231,0.0476,2026-06-03 12:51:57
p_ext_001062,42,5,2,1,0,10.7,1976,10.7,0.1119,0.0643,2026-06-03 12:51:57
p_ext_001847,51,2,5,2,0,12.7,1977,12.7,0.1048,0.0569,2026-06-03 12:51:57
p_ext_001490,72,2,3,5,0,16.9,1978,16.9,0.1012,0.0465,2026-06-03 12:51:57
p_ext_001536,62,6,5,1,0,15.9,1979,15.9,0.0989,0.0637,2026-06-03 12:51:57
p_ext_001727,68,5,3,2,1,16.4,1980,16.4,0.0963,0.0463,2026-06-03 12:51:57
p_ext_000680,56,8,4,1,0,15.0,1981,15.0,0.0923,0.0777,2026-06-03 12:51:57
p_ext_000786,56,6,6,2,0,15.2,1982,15.2,0.0898,0.0821,2026-06-03 12:51:57
p_ext_001913,33,2,3,1,0,8.3,1983,8.3,0.0803,0.0591,2026-06-03 12:51:57
p_ext_000455,57,1,5,0,0,13.2,1984,13.2,0.0773,0.0325,2026-06-03 12:51:57
p_ext_001371,40,1,3,0,0,9.2,1985,9.2,0.0757,0.0312,2026-06-03 12:51:57
p_ext_001468,40,4,3,2,0,10.5,1986,10.5,0.0693,0.075,2026-06-03 12:51:57
p_ext_001004,18,0,0,0,0,3.6,1987,3.6,0.0693,0.0,2026-06-03 12:51:57
p_ext_000486,13,1,0,0,0,2.9,1988,2.9,0.0642,0.0269,2026-06-03 12:51:57
p_ext_001505,7,0,0,0,0,1.4,1989,1.4,0.0563,0.0,2026-06-03 12:51:57
p_ext_001961,28,0,0,0,0,5.6,1990,5.6,0.0536,0.0,2026-06-03 12:51:57
p_ext_000722,7,0,0,0,0,1.4,1991,1.4,0.0419,0.0,2026-06-03 12:51:57
p_ext_001544,21,2,1,0,0,5.1,1992,5.1,0.0396,0.0476,2026-06-03 12:51:57
p_ext_001036,26,0,0,0,0,5.2,1993,5.2,0.0322,0.0,2026-06-03 12:51:57
p_ext_001381,14,2,0,0,0,3.4,1994,3.4,0.0293,0.05,2026-06-03 12:51:57
p_ext_000942,19,0,1,1,0,4.3,1995,4.3,0.0238,0.0342,2026-06-03 12:51:57
p_ext_001097,11,0,1,0,0,2.5,1996,2.5,0.0155,0.0273,2026-06-03 12:51:57
p_ext_000840,5,0,0,0,0,1.0,1997,1.0,0.0129,0.0,2026-06-03 12:51:57
p_ext_001557,1,0,0,0,0,0.2,1998,0.2,0.0015,0.0,2026-06-03 12:51:57
2101635776,0,0,0,0,0,0.0,1999,0.0,0.0,0.0,2026-06-03 12:51:57
2101634205,0,0,0,0,0,0.0,2000,0.0,0.0,0.0,2026-06-03 12:51:57
